review_id,order_id,review_score,review_comment_title,review_comment_message,review_creation_date,review_answer_timestamp
d21bbc789670eab777d27372ab9094cc,4fc44d78867142c627497b60a7e0228a,5,Ótimo,Loja nota 10,2018-07-10 00:00:00,2018-07-11 14:10:25
bf566b3910c328733baf7fca7d2be041,a59a15e4b6085c752d338431dc68d464,4,,,2017-11-01 00:00:00,2017-11-01 20:25:30
58044bca115705a48fe0e00a21390c54,68e55ca79d04a79f20d4bfc0146f4b66,1,,"Sempre compro pela Internet e a entrega ocorre antes do prazo combinado, que acredito ser o prazo máximo. No stark o prazo máximo já se esgotou e ainda não recebi o produto.",2018-04-08 00:00:00,2018-04-09 12:22:39
6eab2c9b7ea4975a0b0357a4c464b356,55101b36a58251926b6cbfdb540c0461,4,,,2018-05-31 00:00:00,2018-06-04 23:44:16
c45811d9f90e22a81155b3a1e4a5c2e8,491f193fc52075598871cfe6f19976d4,5,RECOMENDO SEMPRE!!,O kit mochila patrulha canina é lindo!! Meu netinho vai amar!! Obrigada!!,2018-06-19 00:00:00,2018-06-19 17:44:05
7df70380ca80dea85f0a7f1f57fa2f87,83177602aad708cea549501386b021c6,5,,,2018-01-30 00:00:00,2018-01-30 18:19:27
ba7e2a294a1c84d89bb8346d5343b74e,2ec63bd84c4e873ee8bf8786f4942673,5,,,2017-07-27 00:00:00,2017-07-27 23:51:14
2685a4800004a12ec09d27264ff1915f,5c973d2b4652e1dec15353b59339f3b4,5,,Recomendo a todos os clientes,2016-10-22 00:00:00,2016-10-26 17:47:19
e2fd85e5df711bd91e6e96e13c741843,c9645496b715730a1a5d07eb97a6bf6b,5,,Produto de qualidade excelente,2017-01-31 00:00:00,2017-02-01 16:56:49
5f938e5f5f2e9a75710b54feeb9ea610,d9ff0185a300435402f043124f530274,1,Médio,A peça não serviu,2018-05-11 00:00:00,2018-05-14 14:08:04
9d0f36ac2ecea44727adaa0e0fe064fe,3aa2600d02e113fa1145a76a2e90185f,4,,,2018-07-13 00:00:00,2018-07-18 13:32:03
785eeef6b986a8606ac04b88a08ba52c,bdb2bc3c571eb25e242b01f591816c7b,4,,,2017-10-06 00:00:00,2017-10-09 13:44:42
ed98a33c2179c13c1f50b045cbc517e1,c52439e463e5cd80125600ab8ee93344,5,,,2018-02-06 00:00:00,2018-02-14 13:31:32
adc4fea911985359440efa7be5bae99a,db29d18874ddbb8ca9f062c7b801a4e6,5,,,2017-07-21 00:00:00,2017-07-22 00:47:50
5cb4c44204ec343a1f49960a6359d29e,b00122d54463704c33f4768470c6db03,5,,,2018-01-16 00:00:00,2018-01-18 21:28:35
505a882ba08a689682a4afc6eb4e5965,1c308eca3f339414a92e518e2a2e5ee9,2,,,2017-12-28 00:00:00,2017-12-31 20:25:02
d3b4d016ccfc708c50866b550f903b9d,1905a6fa69b8fe273cc0ec81f8ec31b5,2,,"Comprei o produto, paguei no boleto e só recebi metade do produto, anunciaram uma coisa é mandaram outra. Muito insatisfeita 😡😡😡",2017-12-31 00:00:00,2018-01-03 20:49:01
1f836d160f50247a394034abd93b7c24,7951fe56cf685dca47524b1986bf56b6,3,,Esperando o instalador,2018-01-17 00:00:00,2018-01-19 22:12:18
4e1405f0b0135537af069f2bf26db067,c117260dea8a83dda05418ae635e57bb,4,,,2018-03-29 00:00:00,2018-04-03 11:50:48
13b95ae5195e069d47c2b585c8e9b4fa,67730eb2f9468b8c6eb20a45dd477bbd,5,,,2017-05-18 00:00:00,2017-05-19 22:33:58
2d0d80576ee9bbab49cc108d9ec7a0fb,475f773f6c0d909e49b758adb2401e3a,1,,"meu produto veio com defeito,devolvi conforme informado.postado no correio conforme indicado.e até hoje não recebi nenhuma notificação da empresa quanto a devolução e análise para ter meuressarcimento",2017-02-21 00:00:00,2017-03-13 22:20:04
3da28ed278dee769dd4d7d6b6d536773,8307cd7e144f9c61c639d115ee673bd3,5,,,2017-06-06 00:00:00,2017-06-07 18:25:39
d1022bc36ae98c11c7479dedc36f837f,5982fca4536769e5024e12eb8b6f473c,5,,,2018-04-04 00:00:00,2018-04-05 12:32:55
3a3ae0e3f4a7d6b4d1cbdf1b1732e424,0fbebd49386dfce3800986434bc990c8,4,,,2017-05-24 00:00:00,2017-05-24 23:56:16
681f83974b36c2f3b2dbb66b31c2d101,03bd6f7b95588e476cdef4abb2cfdd0d,4,,,2018-08-03 00:00:00,2018-08-04 09:52:20
21fe8cbf3cbafbc5018bcd42349c35db,3f62abd470c4d6aecea1ef66a8b2d3f3,5,,,2017-07-20 00:00:00,2017-07-20 23:47:07
8d133cac4bbb82ed43f49f5d32ef5571,bc8015ad7d68e2f870c4b6f319c88f0b,5,,,2017-12-28 00:00:00,2017-12-29 10:03:23
eaeafb542d4447da454cf68e302ae2bf,b8615aa7e6248212cab23e120279acf2,4,Boa,"Ainda não usei em nenhuma viagem, mas parece ser muito boa.",2018-06-16 00:00:00,2018-06-17 14:05:57
803b03abd2372308b85988608e895d3d,f54625bd1c01cb2de21cb256de818cf2,1,,"O produto pode estar com mal funcionamento.
Ou o meu telefone não está conseguindo fazer a leitura.",2018-06-08 00:00:00,2018-06-09 01:03:23
16063192d221c6f14be0b3444c761b92,93fe3d332271d38d6974bec644168f57,5,,"Gostei muito,chegou tudo certinho até antes do prazo de entrega.",2017-10-07 00:00:00,2017-10-09 12:14:18
f5207df17959b63c0f20768e18ad8ec3,61e268eee1d131498001b6121895c5ee,5,,,2018-01-06 00:00:00,2018-01-10 23:49:29
27fbcb5b1968f2a7962a116c864b2c0e,0a2798cd0ba9166659c07e35ef5eb817,5,,,2017-11-25 00:00:00,2017-11-25 22:48:45
f4dae81937bc173b25686e788ca1bb6c,43f32db0dedd975e294e98ce23b24661,5,,atendimento eficaz e entrega dentro do prazo,2018-05-22 00:00:00,2018-05-23 02:40:40
125af5098b160c059cd60bafcc1f6ad1,85f8ad45e067abd694b627859fa57453,5,,,2017-02-08 00:00:00,2017-02-09 10:09:24
08a54d189ccc3cec6cc2352e864d2de5,98468461ec50580f3a212ef742cccbb3,5,,,2018-03-29 00:00:00,2018-03-29 22:51:01
e331fff8d7d33514b80fdfcfb18ddb15,3127891eb38cfdbbe6d5603c658c1509,5,,,2018-02-19 00:00:00,2018-02-22 00:40:08
2fbf86e8c3cadd127773be0cf8a84da3,5685548b79358ab0ae555e21ef9cb4ea,5,,,2017-02-22 00:00:00,2017-02-24 19:41:39
caf2fda142dedd88d1d655453e5a598d,7830b4558355121b3b0703913ad9d100,2,,"O produto veio fora da especificação. A calota vendida tinha o símbolo da Citroën, mas a calota veio sem este símbolo. ",2018-02-08 00:00:00,2018-02-12 11:52:11
6a4dfc5eeb7c30330534e09ee9b26ff3,8bab0782e1f2a9fdc338a883c124f75b,5,ótima,produto chegou antes do prazo estabelecido.,2018-08-03 00:00:00,2018-08-06 11:11:23
b8e4ab342595a5a9de5c33fcd1e86ade,a147b97f47abbdb02f67ea00da442cd8,5,,,2018-08-11 00:00:00,2018-08-13 22:47:16
95aae38ba2d04659e6c2113a76a6252d,cc6adfff0d6a6796585ca1d0901f0ea1,5,,otimi produto entrega excelente,2018-01-20 00:00:00,2018-01-22 18:09:13
0ab7ecbd201f6f66732df6dd71099462,e52c9dfec957c503bed5d050a39c740f,3,,ACHO QUE DEVERIA NOS ENFORMAR MAIS RAPIDO ONDE ESTA O PRODUTO,2018-01-10 00:00:00,2018-01-10 11:35:06
31f71d900826f7392e11368d8d3455fe,0faa73d77b7f91828bd92315a94d6ef4,4,,Produto correto e entregue no prazo conforme acordado. Eu recomendo.,2017-03-07 00:00:00,2017-03-09 14:24:33
73b30f5f8be2eaeaca05bb7a5dd1605a,1df257323bb550a9b9bb150345c42e45,3,,,2017-02-20 00:00:00,2017-02-20 10:48:27
f8177a9118239d4b02cb69f910e27abf,01f74145603bef2ef33949099b48ad28,3,,,2018-01-05 00:00:00,2018-01-10 20:14:06
a06e7c4f5bf7d2e92a196357f4105842,db10e5b34779ebe39e1bc929469eb841,1,Atraso na data de entrega,Já entrei em contato com a lannister pelo telefone e eles me falam q vai mandar o link direto com o parceiro pra eu saber detalhes da entrega da conta e esse link n veio. Péssimo suporte ao cliente,2018-08-16 00:00:00,2018-08-16 17:20:04
1e893aa16cd471b5cb29cd6ea5e5792b,4dda84ad43d105c6d3b73004b4f647ba,3,,,2017-09-01 00:00:00,2017-09-04 17:42:13
20b37cf03df493a53443f4e2d59f4788,364ea3582bbe134bec58a6e192aa6390,5,,,2018-07-01 00:00:00,2018-07-01 14:26:45
08667b6077f24d86950b1642b5ca9632,24040b0114230e6113ea96d0161ff4a9,5,mto bom,"chegou antes do prazo, e o produto mto bom",2018-05-25 00:00:00,2018-05-25 16:12:27
4dd6b44d66e842a742536c1ded9bccdd,ebb5a074406776ad07439bc2049c1fe4,5,,,2017-02-08 00:00:00,2017-02-10 06:18:28
bed172436b538b5a3fc67c493004f046,a9a71d9344772c405bfeb378bc587215,3,,"Produto entregue divergente do adquirido e não deram resposta a solicitação feita no site. Trata-se de presente e não pude entregar, aguardo troca do mesmo.",2018-02-15 00:00:00,2018-02-17 19:20:01
9836cfc0e6dd9785e4bb0fcdcd2af7a2,248f06491b94081a333b97639693e59f,1,,"Comprei duas bonecas baby kiss Sid nil dia 07/12/17 e eles entregaram somente 1 boneca ,não veio junto nota fiscal,caixa amassada e também não consigo contato com a lannister o telefone só da ocupado",2018-01-05 00:00:00,2018-01-09 13:32:54
c45ae2cc19fa8d1ba41e539a48f7da5a,28f079a1f1568fda3a17841d6fe48390,4,BOA LOJA ,"BOA LOJA, CUMPRIU TUDO O QUE ESTAVA NO ANUNCIO! A ENTREGA FOI SUPER-RÁPIDO!",2018-06-24 00:00:00,2018-06-24 21:56:07
dbcd48d3ff3e8bc81c542ba3e20049cf,072e34b42ad90d7472e9a798f19a6bdb,5,,,2017-02-10 00:00:00,2017-02-14 15:03:41
10088ea78751c26d9b0d0ccb6699586b,cb64fe77f78101ce43bdffc7be77c9a4,4,Recomendo,Produto chegou dentro do prazo,2018-05-10 00:00:00,2018-05-14 00:58:35
a32310a66d1d7a6e086bb2f155f0023a,988117e4f714ed70371d15b7063e0add,5,,,2018-08-11 00:00:00,2018-08-11 19:50:43
0ab63ffeb12e341efe783d1728c704e3,052b35671e2bdd45aa889c5fa09e2809,5,,,2017-12-28 00:00:00,2018-01-01 18:22:33
642be66d80f7dc6f5947f84daf557d4b,22df89b611e2a03b4957043cf949e51f,5,,,2018-08-28 00:00:00,2018-08-28 13:07:10
579e133b2fa7ec436ed9e3155d0d9e8a,a5bd353b2ac215ebe5c34f03dcd5361f,4,,,2018-06-07 00:00:00,2018-06-13 19:36:08
bb032af704429f239620a388dbef3e4e,1b00c4d80c81cdbc36487c96c6e92f07,5,,,2017-05-24 00:00:00,2017-06-09 21:58:25
2dd1159bb2de9b46ec7bfa29b215f3a3,c1b3a881aed70415ec2c1cd40d217d5d,5,,Produto de otima qualidade e bem embalado ,2018-03-15 00:00:00,2018-03-17 23:51:21
4d3ff9f8c57cc584747eb184ef4cdebe,c54d822dcfd0f7c672574a607c9403b3,5,Top!!!!,Entre super rápida!,2018-06-05 00:00:00,2018-06-08 21:04:42
e8995c053d3db2d9c07407efe7de52dd,aa04ef5214580b06b10e2a378300db44,5,,,2017-02-08 00:00:00,2017-02-11 12:37:36
86766ee6a8e7769fb6315f94385a5c26,0a14f9fc5324099db2a5418351592675,5,,,2018-03-14 00:00:00,2018-03-15 12:10:29
7e1c9aed5a984e713d373ec31c756f44,fe60bad9c284d296c50b267f32a70da8,5,,,2018-06-23 00:00:00,2018-06-24 23:24:21
ee1f2c3048bba0d9459004c27cb0dc41,6cbddb4b9fd4c71ee2b7a0012dfe2fe3,5,,,2018-08-14 00:00:00,2018-08-16 18:26:14
046ffc00480c2daccea691db51d7cacf,6f275c944d1814eca6bfbb2bcfa3b0ea,5,,,2017-01-25 00:00:00,2017-01-26 10:43:06
27791ea5b05cb701400813ebef8242ab,2e9a694ad185420c2ac7461d41f35ed7,4,,,2017-06-10 00:00:00,2017-06-11 11:06:47
dcfc70bb3e8cebcdb3a96b373db23874,e937de71316fb3186e4113977cb96741,3,,,2018-03-13 00:00:00,2018-03-13 19:34:51
416de2c6a1230e4a5ed1e0b8b3e9c115,b0e9f35ef740c711cb29c8d779388062,5,,,2017-06-13 00:00:00,2017-06-13 23:24:48
a37844700353fad7bc85b2438766a0eb,175a79065991e40569812e90232dc38d,4,,,2018-08-17 00:00:00,2018-08-20 01:08:40
47150a7dd2dc67442ecad4554f603ef5,6f55fe858c5557f14d4b6ee5255d793b,5,,,2017-04-29 00:00:00,2017-05-02 17:56:51
543d970fad3c2cecaaf0eeadffbf78be,5f7363eba95d6b80c0b0d44e53193e0b,5,,,2017-05-30 00:00:00,2017-06-01 22:51:57
72281e01572ea3033177c33df09d8a36,134141b15902a79a3932a6f486de499a,4,bom,bom,2018-06-30 00:00:00,2018-07-02 12:57:44
efaa822d7e92503776f5949db412eab3,143f8e1be12f4d99301cec6f0d7a3834,5,,"CANECA FERA DO TIMÃO, MAIS UMA PRA COLEÇÃO",2017-02-02 00:00:00,2017-02-03 11:52:02
5697ff38c1fe9b443920d3f190dcde39,fda140e135ccab872e95fb03e76ba27a,5,,,2017-10-12 00:00:00,2017-10-12 17:43:14
c51984ab5c2d66cb5fc5485d172e7036,8565434e7b68f273260f208a1d2c2aa2,3,,,2018-08-31 00:00:00,2018-08-31 16:46:48
bc88d3b86fa8443d42894eb7b5f0d73c,36e694cf4cbc2a4803200c35e84abdc4,5,,,2018-02-21 00:00:00,2018-02-26 13:53:18
708506c2a187d9c8b36aa4f5f87054c0,d2c902f172e80f22126d53d9ff7871b2,5,,,2018-07-07 00:00:00,2018-07-07 21:42:25
6f0fb3ef4a80f221b3b12b10dbf9bed6,93e337ab97f3eaafab94e2129d8feae8,1,,"Recebi produto diferente do que comprei.
Abri reclamação tem 05 dias e continuo aguardando solução",2018-01-10 00:00:00,2018-01-17 15:56:42
26cc49cf55cc65eea31170d7f6c0094f,a969ea7670f417da58239666920e9a97,5,,Entrega no prazo produto de qualidade.. minhas filhas amaram... parabéns pra loja.. ,2017-08-24 00:00:00,2017-08-27 11:26:15
755215ffa9405a185237cc7dce6bab49,4e426aca1d549d77439cb4eb115a5d37,3,,Arranhador veio com lascas na base por conta de embalagem inadequada. Sugere-se que os próximos sejam enviados em caixa - não apenas embalados em papel.,2018-05-19 00:00:00,2018-05-20 12:53:07
c6b3b96b5439024bc8a3e8ce5c5572d4,663ccd66895e16bba443625e63a777ff,4,,,2018-03-13 00:00:00,2018-03-13 23:58:46
628f9fc24e25df44ae2c19dddc1e9129,8578000d0000b3bacf28bd31ee906b92,5,,,2018-04-24 00:00:00,2018-04-25 00:00:20
78d51a7a54bbee0d3ff0b1c76fc22f20,efcdad37e7529147a3c3ece422943baf,5,,,2017-11-11 00:00:00,2017-11-11 23:43:29
d831fb6c6ba7c6fd4ceff483d485d381,72e93009f1735bbd1de92c45ec1fe3c5,4,,,2017-10-06 00:00:00,2017-10-08 15:16:07
d2aa0192c8dffa35499830ca50eddf75,24608c1bed92ba4666829514c1a408b3,5,,,2018-05-22 00:00:00,2018-05-25 14:13:39
a1fe6b954c40c320a87d1c2cfbc372f6,61e94ee01643283937897275a00ed8ff,5,,,2017-05-17 00:00:00,2017-05-18 11:24:58
77d21294e71ad4fd290b71452df5f876,3ad68235680db3c8a491e0362402fd96,5,,,2018-02-01 00:00:00,2018-02-01 22:20:24
98b371a25f6c53c0ce93feab839c2bd8,0507a74781354ea643bff372311d2a97,5,,,2018-05-24 00:00:00,2018-05-25 00:52:41
ea88898e75d153da5b7656e8e0d48fb8,aa9f47b4e7c06b6c495bf26fff85bb17,3,,,2017-03-10 00:00:00,2017-03-11 10:54:23
e2af094d930fb1a5e8eee10dd6202e41,1ffb9dc91fdfd3d86671c5dc2a94dab1,5,,"Muito boa a entrega e no tempo certo, valeu a pena!",2017-05-27 00:00:00,2017-05-27 23:01:03
defea73cff6c1e7cdd3c73f5a92e4600,aa63db7f2ec964c78e9099feae5b730e,5,OTIMA,ADOREI O PRODUTO,2018-05-10 00:00:00,2018-05-11 13:17:02
70a73c6937c430057e0e265365b84364,c8bf388d81617b961b598bc9b8b30811,5,,Ótimo produto e chegou bem rápido.,2017-12-14 00:00:00,2018-01-12 00:06:30
f38f3aeec96dbea334f0636621bce815,c0d51e9a78ec5b240836342d1ada7d1c,5,,"Ótimo vendedor, recomendo! ",2018-03-11 00:00:00,2018-03-13 18:21:07
c9f81c5670519b880117f151e7a3d42f,6c5668e3fb9c385112fb6ab07093253e,4,,,2018-03-29 00:00:00,2018-04-03 12:49:59
0c0a8f869926392e57bbf0f49d0bec0c,6031b4a1dbafab99322d682f7d2070fa,5,,,2018-01-16 00:00:00,2018-01-21 14:31:21
3c1beae1f38a6fa9564ea8bfc05575dd,d2a0cfdf8f3b718afce8a4b9d943614a,5,,,2018-04-06 00:00:00,2018-04-09 13:08:39
444001b21e55ff06012c0eef301be4df,4160b6447ad70e6d73f7221dd970bbe9,5,Sk8,Otima,2018-08-30 00:00:00,2018-08-31 02:26:48
85106266c44a3350d73ddab020728900,c36b97b242c0409d5f536b647b56256e,3,,,2018-03-18 00:00:00,2018-03-18 19:38:44
95a9b1af9747f1e76368cc105aeeb7f5,df156891939f37c451dfa81e3e724540,1,,,2018-03-11 00:00:00,2018-03-12 21:50:08
5421f52bbdc627d8b64334c4baca28df,3cb36784c17acb3eca55ded497da243d,5,,,2017-10-29 00:00:00,2017-10-29 19:19:50
56af3571cab4258a7bd3ba5b180036f2,fb8a1aa2a0931ede3ac1d6ae42d4ffdc,5,,,2018-03-29 00:00:00,2018-03-29 20:12:39
fa2449a730e7e4a66f698977f6ab3802,e3071b7624445af6e4f3a1b23718667d,5,,,2017-09-12 00:00:00,2017-09-13 01:39:44
ea72e79c9eef5bdadbaeb63715391413,d64a14f0bda63154a36174c4870ee78c,1,Produto não funciona.,Produto não funciona aparentemente o produto não é original.,2018-06-06 00:00:00,2018-06-09 16:50:21
d7de6c1422128d7fb15bc8b78452e090,fd05016059d759a3d1cd9f1068be4907,5,,Joia,2017-08-09 00:00:00,2017-08-10 12:41:05
bdbd8ae810d851596953e8af92740f36,0d4a43cf7b7994e0a782864d075dc842,5,Muito Bom,Chegou muito antes do prazo estimado,2018-05-04 00:00:00,2018-05-05 05:06:01
87bd17421d99d676ee197e9df00cf727,7743b506a4c2e87e3f5af919334ea71a,5,,,2017-11-18 00:00:00,2017-11-21 18:29:35
7a572365fb07c97a180c5aafa11e59d2,27d4565688530c96555c05e21f6740c1,4,,,2018-07-05 00:00:00,2018-07-06 17:19:25
1e0ebbfb4501be8d0f9a360ee32dd077,8831eaa951f7563404fa3355d0a89f1e,4,,,2017-09-02 00:00:00,2017-09-03 17:21:55
25be06732b67d0cd3e4305f53e26c977,627a881a7d2543a80dc59460ab08eaab,5,,,2018-02-20 00:00:00,2018-02-23 07:09:56
326efe0419aedbf6bedc29dc317a750a,3a1400b5d4dd3082a4bc8a64d66f6d90,5,,muito boa.,2018-04-05 00:00:00,2018-04-06 16:52:47
05d49508e8ef4575a2fde920baafdcf4,070162e1ae6ad420c0766af516a31a5b,1,Quantidade errada,Comprei 2 e só veio 1. Espero uma resposta pois só esse pedido que veio errado. Aguardo o outro ah eu.,2018-06-29 00:00:00,2018-07-03 21:07:03
4d9eb84b9ec4f0479bb51e437bf6af18,12110189ef70d77e946c6a0bd7b945a8,1,Produto não entregue,Produto não entregue,2018-06-09 00:00:00,2018-06-10 16:23:24
0b1c7b3f07e0e6d0dbf2191a1f46d5be,7a36f62bdb082d4acdfb07a8e0c7f0ee,4,,,2018-03-20 00:00:00,2018-03-21 01:12:01
5b6200bd79e822c13e70645d82b60ed2,3f3f8127c7e0537f9f74550f3504f93d,4,,,2018-07-10 00:00:00,2018-07-10 15:19:26
9d3838017d22783aa67ba9c557b8c43b,12aba4fdeb04e5cca1132f86f2bda749,5,,"Previsto para chegar 27/11, mas já está em minhas mãos. Apesar de achar que eles jogam o prazo ""lá pra cima"", foi tudo realmente rápido pois entre o pedido e a entrega foram exatamente 3 dias!",2017-11-11 00:00:00,2017-11-11 20:42:54
26c5466b15845adab76a414f88bd0803,4b4d023762cb66a4517f22ec1497ee17,5,,,2018-03-02 00:00:00,2018-03-05 13:13:16
c6516c06c0d4d740735aa0f108b3a5a7,0dd15079372ce401518ac26321947143,2,Suspeito,"Já tive um Skullcandy do mesmo modelo, a qualidade era inigualável, detalhes de acabamento perfeitos, experiência sonora agradável e potente, principalmente no destaque dos graves....este não é Skull.",2018-07-15 00:00:00,2018-07-23 09:09:35
51809daf94b60a0e22174ac981aa0415,753aaaa715f963740a358c291bc79727,5,,Excelente comprar na lannister. O atendimento é perfeito.,2017-01-18 00:00:00,2017-01-19 19:47:09
2563c15f07ee3f0626b938c8225042b8,c91097c936cb64d71ceee3f0d99927ea,5,,Veio antes do prazo. Informado de todas as etapas da entrega.,2017-03-11 00:00:00,2017-03-13 04:23:14
234116f57bf87e55c026361c267614af,6d480dfe6a776cc015ee944f518a966c,5,,,2018-07-08 00:00:00,2018-07-08 20:56:36
e8fb285b7d6ec85253d828e9b153e7d5,3bd5b53dee9d54938f56208bcc03d855,4,,,2017-01-26 00:00:00,2017-01-27 11:12:24
2c09968c6547b21908c356ba0894d8c3,e6ffcd88cc3d2795303c2fd25cadf74a,5,,,2018-05-29 00:00:00,2018-05-29 23:14:34
17cecd13a99adced0b60f6b44a0ae0e4,0e71d62394f9b03218e1138af6b664e9,5,,,2017-05-14 00:00:00,2017-08-08 15:58:22
fbb87a7142b0a00977ba17d80b448d5b,fb620f3600b241ff5c85e8397eadd62d,5,,,2017-12-22 00:00:00,2018-01-07 18:15:43
f4dfedf4b8e312a368ff090dcbcd53a6,ccce262c4b1775baab94c62c954014c8,1,,"Boa tarde, pedi 3 gorros mas só recebi, é agora que faço?",2018-03-23 00:00:00,2018-03-26 19:41:18
3966266ebbf8fdf8aa103efab64c9423,5dec9bf4b2c859f8de5fee5f1e08d1c6,5,,,2018-02-24 00:00:00,2018-02-27 01:45:55
f9a94718d561c9480cf25a076d934029,736401dfe860545394d24b098b2728eb,3,,,2017-05-14 00:00:00,2017-05-14 17:33:22
72ffc17df0e7e41a17116aac548eaada,cf3953190a955e0f2e4a8552279713b8,1,,Pedido entregue foi diferente do da imagem do produto da venda. Inclusive produto foi removido do site depois da entrega.,2017-12-06 00:00:00,2017-12-06 21:49:02
47b76d4753613e7fc50ad480035d0fe0,b94d24bf7142d13c25cfeb9804843d6f,4,,,2018-03-06 00:00:00,2018-03-08 19:12:12
a89701ddb37339ce9758120cfb51d67f,8ef7f8c19a00b45667841442d36ad903,1,,Produto não corresponde a imagem de venda ,2017-12-22 00:00:00,2017-12-23 15:08:13
99162cb46cd4a6cd86318f908600acde,34d91b022de394cf98320a2109457501,5,,,2018-04-25 00:00:00,2018-04-26 01:16:06
d45965fae57dea667e24fb16b45ba4d4,ecfdcaa1a2dacb4e5297d8251b115002,5,,,2017-01-28 00:00:00,2017-01-29 00:08:51
7be2f36d141f2dce51fff1f717b81008,5f0f8a9ceb96ceb90d49907d4c14ac7e,5,,,2018-02-07 00:00:00,2018-02-07 21:07:03
1655406bc5e18fdf08d13a4488e4c393,a17fd6df400fd04864fc2697bc98cc2d,5,,super recomendo produto entregue antes do pazo previsto,2018-01-10 00:00:00,2018-01-10 15:11:15
e260519b7ad861fb27ded89c0280791f,5938114522194bd566d9f5a5cd9dcb88,4,,,2018-08-11 00:00:00,2018-08-14 11:28:28
ea71621d7d57382bbd9c474f713614b3,42c58d1a5434d2675b7835a9e8a26dda,3,,,2018-05-09 00:00:00,2018-05-14 11:47:03
259c7323a1bb67fac8b797dfe96867b7,ec9a45db197262577280e38de1889f3f,4,,,2017-06-21 00:00:00,2017-06-23 15:38:59
22b4c99f1729b133126d0c9a2de18de0,abbc0add533d31e83195d03eebe028f8,5,,,2018-05-31 00:00:00,2018-06-01 11:19:41
6c3c56231c45f130228a386e4d9b124a,14f6c86b695ea4ddd3dd4386d10388b0,5,,,2017-06-13 00:00:00,2017-06-14 11:47:49
61e4da09f3d99e91873ece0aa51a34e2,0ed6d545d159bc1c0786d83a66c1cd03,5,Otmo vendor,Vou comprar mais melhor daqui eu esperava,2018-06-19 00:00:00,2018-06-19 23:36:08
72a1098d5b410ae50fbc0509d26daeb9,566f53fc7d36fa366f7e221468121877,5,,,2017-02-07 00:00:00,2017-02-10 10:46:09
3be6e9cb569ed3b2123da67400be3641,38eb881851d90ec36b46d10b81792089,4,,,2017-02-08 00:00:00,2017-02-09 10:56:19
792ad4d0c68c584d89db7cc893b779df,545f259d01f0a271186e324228070de7,5,,,2017-06-06 00:00:00,2017-06-07 18:39:22
e586dccf0a1c475123844e563e774c79,bbe9cd550cedc72e9c9ea15fe13bb91b,5,,,2018-03-23 00:00:00,2018-03-26 14:50:57
0ca606b84ee54d5d17d80400516dfb48,a31b7701247f69c640631ad0bcd130ef,4,,,2018-04-26 00:00:00,2018-04-28 18:23:53
81631b6fd853a5cf2da90b724051fa73,4f7801b0527e8669f25d2f5488ea8a58,5,,,2018-04-13 00:00:00,2018-04-13 22:57:51
f2fa4b4ab1dbe6d8a53b9a1e0c4ec8eb,8bef37e0a778afcdf32118f376beb9de,5,,,2017-01-31 00:00:00,2017-02-01 10:20:31
2581247fed3f5208759fb87c282cef23,b49433c6d0ea8ab0fa4d209e44c5831f,3,,"O kit chegou em menos de uma semana. Só tenho uma observação a fazer: o lacre dos produtos estavam soltos, de forma que ao desenroscar a tampa de ambos ,saiu sozinho, o q estranhei. ",2017-08-24 00:00:00,2017-08-27 12:28:43
e840ba5eba142a4b6dc6a1f860c19cec,7f3ad8f12fb1f6bf1858c175fcd4ab79,5,,,2018-08-14 00:00:00,2018-08-14 22:36:50
53e58368e68f4e4816c966505e1680ae,8628cf35f313fe2e46a2168f21860031,5,,,2017-12-13 00:00:00,2017-12-14 12:19:10
ff887974dbce7820f8d8d5977bf011bf,40276598768326cdd5ae39038037434f,5,,,2018-07-31 00:00:00,2018-08-01 02:34:19
f7a0282b411cab23c20fa91ae041037e,aeb280e267d4fcf5e2c8da2cbd0ef890,3,,,2018-01-24 00:00:00,2018-01-24 21:01:20
a267617ff061d41b58e75713a2714d3b,1bf389bed4651ac01500f40b2dbc7f0c,5,,,2018-07-25 00:00:00,2018-07-31 19:24:01
4f2790f2f1ff148d6ed4f4e0abd433fc,1765804f6753bf6a25ba8c9fd45977f9,5,,,2018-07-12 00:00:00,2018-07-14 22:15:59
95452206aa8abd78a57303bc16b736ed,a08d1f4b300c3d7ec52f5f9a74234eca,5,,Excelente...... SÓ faltou o manual do produto. Fora isso gostei muito.,2016-10-27 00:00:00,2016-10-28 10:03:06
cae08f0ec034fdebdae2741dff0788fd,995ecfdb2406d9b579cf84368f42e7a0,5,,,2018-03-01 00:00:00,2018-03-02 10:55:33
a6ccb69431b5bf95ef64045a357e0070,cd5be8f92135682a584bca7d11218aad,4,,"excelente produto
recomendo",2017-12-17 00:00:00,2017-12-17 18:36:52
3571aae119a0402f5088af1ca270cd05,4e61d7c6f86143c04ee80dae4955fd92,5,,,2017-12-28 00:00:00,2018-01-03 11:48:31
80f65ce7717efd1ca8cef1c82d5cb0a2,8c489400ea17eec342e0ca18af584273,5,,Atendeu minhas expectativas e chegou no prazo.,2017-04-29 00:00:00,2017-04-30 13:27:15
cd2be55d5cc78798af3c5e7ee4a89e98,a9f6ce91a31d7e8dc4af0d3c847a5639,4,,,2018-02-16 00:00:00,2018-02-26 14:04:29
46db5b8a9942d1c09014c739124df0b2,b86ddd788f0b18de16cd6562b3a9266c,5,,"O produto foi entregue em dois dias.
Bem antes do prazo determinado.
Excelente prazo de entrega",2017-10-11 00:00:00,2017-10-13 13:43:12
ba57b777fdaeee5c416834b8a9e8fec9,899da82c1aeee8fe315db6826cd9a5ee,5,,Ótimo produto,2017-09-25 00:00:00,2017-09-26 14:37:06
fdec6ed29eed013a8a4cb1842b6b8dac,18fa032cf65a1c5c2820d16276b4741a,4,,,2017-11-09 00:00:00,2017-11-10 07:29:37
ed5c79c4b34fc81698b8118b3d66edcc,fb975e889b11a08705d3b2734b626916,3,,"O produto maravilhoso, só não gostei da demora na entraga.",2017-02-21 00:00:00,2017-02-22 12:34:59
1a7c51f4dc6b1d7bf6a66f8f5cec153e,4384f1e73716020a06569f0802ad8c38,3,,,2017-11-14 00:00:00,2017-11-16 12:42:12
17d9eb4aa6d912b9d21f1ed202b854fe,4b26fbc3d9dab4bb7bed35fbe2746f26,5,,Chegou bem antes do prazo informado,2018-05-05 00:00:00,2018-05-05 21:18:03
948745b689abfe1e67032129e6b480e6,8dbd319d233611ca45b64cc56eac5e34,1,,"Estou muito chateada pois comprei um produto(kit de Pincéis) e veio um outro produto(Bare Lifts).
Enviei um e-mail no mesmo dia que chegou (22/03/2017) e até agora não obtive resposta.",2017-06-23 00:00:00,2017-06-24 22:01:47
62c43fb5a87e4f2a2e1c89d266c3dcf6,2343dbf79839ce221f3e1ec059cbff9f,4,,,2018-07-24 00:00:00,2018-07-25 02:08:29
fd7d77e750bfd5261c9f19b73f1d7109,4feb155d6d4d8b2ba3191d90655f3b99,5,,,2018-03-02 00:00:00,2018-03-05 13:52:07
18c0c8713f7b4675a87fde5face771b9,88aa3c3fb095aabfed68ad9cfe82c151,3,,Houve atraso e tive que ir três vezes no correio para poder retirar o produto que comprei. Não comprei mais quando a entrega for feita pela targaryen. ,2018-04-11 00:00:00,2018-04-14 00:58:04
8514b02c5041655236072085e13fe664,d96d7f559007441c85e5bb679bca0feb,5,,,2018-04-03 00:00:00,2018-04-05 23:49:32
f9890793b6469ea0929b7065b3db4117,dba140d12592fdc150bbeed0f7f1a32e,5,,,2018-01-30 00:00:00,2018-01-31 10:14:02
b5887d1b0d39952de378810dd8c7b0fd,cc7b510ece4b6212269c87aae1a60658,5,,Muito lindo e macio,2018-02-15 00:00:00,2018-02-15 20:57:57
eb4dcffe5ee96e303e790fd47e0a1fef,57a959471d822333138826c2694ea6b6,4,,,2017-03-15 00:00:00,2017-03-16 11:40:30
cad34706195f8de7ac0a8572305251c2,f28cf65c040ec0031234f04085debe30,4,,,2018-03-21 00:00:00,2018-03-22 02:45:00
fab599f217e8ac6d5ef650233af12b5e,453b7a88cd66cd9e4210f05233cbf197,5,,,2017-02-18 00:00:00,2017-02-21 19:39:55
0b15a941e15d276ba124e4532c66be82,ce5a9de9a8a2c2a47c627c3615f90700,5,,,2018-06-06 00:00:00,2018-06-09 13:51:04
c99a4b57e816d8512107ba7e22595cc7,58fc974f8e0ddd9ce549e3272d0140c0,4,,Chegou antes do prazo. O piso é muito prático e de fácil montagem.,2017-02-09 00:00:00,2017-02-13 21:44:59
96efef001da010d592324dd5acc4693d,b094b88a36a6a907eb40730b9382cbb8,5,,,2017-03-23 00:00:00,2017-03-24 10:58:07
2233f1c1372774164ced2caad13cb008,c900c2a8fb7c9834925f3110fd7ed231,5,,,2018-01-27 00:00:00,2018-01-30 00:14:22
2204679c29266edb27deb6d707ed060d,bb6ad5da18745c25ea9a43797598dfb7,4,,"gostei do atendimento , recomendo",2018-01-12 00:00:00,2018-01-13 11:47:17
2c7b443884a4f7b7c212b590578f76fe,4ef685e6dcade551ce14cb3783ca664d,1,,O produto não foi entregue!,2018-02-18 00:00:00,2018-02-18 14:14:40
cffada0021ba90a6c3add8367222619d,7d6ffa9ff53fd7da04eb9025ba231be2,5,,MUITO BOM!,2018-03-07 00:00:00,2018-03-23 01:01:43
82610d599f33eaedafad331dcf91ba13,ceb13edd7ff6e50ff3a9295764a6b3b7,5,,,2018-08-14 00:00:00,2018-08-17 01:51:22
d65d89af7c074cac7691c06e2179da11,b2da70916ed4e4cde3df9e1381154631,5,,,2017-12-28 00:00:00,2017-12-29 04:43:18
14c2278dd2026b3c248dbc056d1c3a52,d8fdddcd258b88c4919c52ce44756a39,4,,"Chegou na data certa,tudo conforme o combinado",2017-10-05 00:00:00,2017-10-05 20:34:04
0512b624f4554972e904fad45b1745e1,70635d01f32a4247c5afa2052215d892,4,Recomendo,Recebi o produto do parceiro dentro do prazo prometido em perfeitas condiçőes. Recomendo-o. Voltaria indicar e comprar dele.,2018-04-27 00:00:00,2018-04-29 15:12:16
aa8ffcfe9840c83ae2ba0b96f2fc17d4,565ccfa6f9e28da74700c42da9deb949,5,,,2017-09-21 00:00:00,2017-09-22 11:28:26
bcf01d622531207bdc6baed7c9d7e734,614c0b4b5169af9eb895bc8aefe5a418,4,,,2018-08-25 00:00:00,2018-08-28 00:48:06
1bbead048a6f6c670811b7fe40a8290e,4caecf79f2dfbc0304ffdc8637ff5900,5,,,2017-06-17 00:00:00,2017-06-19 15:56:39
8503d26fbb7a36b1087bc37ef82106a0,dde57deff5c66be4e59c0da19696ea50,5,,,2018-08-21 00:00:00,2018-08-21 17:46:08
001d005e8f06c039464425cf266248e8,d8711cd641288f4e2e1a84dc3c6ade21,4,,"Inicialmente o pedido veio incompleto, passei uma msg a lannister (sem receber a resposta), recebi o restante do pedido 2 dias depois.",2017-08-01 00:00:00,2017-08-04 11:08:08
c0001b239d903967dd453d3207023875,01f216b447564f9ea791b521db577ccb,5,,"No inicio fiquei com receio.
Adorei,rápido e pratico.
Obrigado.",2017-02-01 00:00:00,2017-02-06 13:01:36
5c55fa3509e174d37c3adde98812b859,ec7ce26488a251a1c6043533e11c1bdc,5,,,2017-12-08 00:00:00,2017-12-09 01:13:06
8a2be1a0a6b43336c591d98cb6455b11,fdb3ef83ea6f7bef7d13bdd9b38da661,3,,Td corrreto,2017-01-27 00:00:00,2017-01-28 05:26:34
de7f623d644c68a8b05e1246a1f477b9,ed7fc7aafd6ebca5daa21eaa5274d536,5,,,2018-02-01 00:00:00,2018-02-01 22:32:12
06a54ecf9f552cf8e9713a68482b05ad,73e675969b9e5495c9d1c8d4b3b21e1e,1,,,2018-03-29 00:00:00,2018-03-29 11:14:38
9c73afcd189a6cbdb56afa7f80aa77e3,7ef3a4439f550deadd7bc3891b2f6242,5,,Gostei entregou o produto certo e até antes do prazo estipulado. muito bom!!,2017-11-15 00:00:00,2017-11-16 16:30:00
5d581e6a9fe18dca8593a890f827fab7,2c9d99ef4b6645ccf36b919ebe2b839c,4,,Só não dei nota máxima pois a tampa de um dos potes veio com um pequeno amassado,2018-03-06 00:00:00,2018-03-07 12:18:19
45dc1fcab0e31c0a3e3fcfe8e84580c6,21c24f8f2452ec20a5184abfb269c35e,4,Muito bom,👍,2018-08-17 00:00:00,2018-08-17 16:17:33
a2eb7bc69578b37c9386e90bac9e19c4,7c83cd570176d1b7e42606920fd81d81,4,,"Loja confiável, entrega no prazo e preço acessível e produto de qualidade",2017-03-14 00:00:00,2017-03-16 23:57:16
8a5d1b6e99d3d1e8e59b1ee7f306cb01,24040647efd179bd506acacbbbabd838,5,,,2017-02-14 00:00:00,2017-02-15 11:19:00
826d24b9fad70081681211a3e0ee5898,3f0d61c44dd01ad249fa7589cbdcb8b3,5,Aprovado,"Produto confere com a descrição, chegou bem antes da data prevista.Indico",2018-06-06 00:00:00,2018-06-07 02:31:35
2718209f577fc801f80834c464577d9a,4a38745716bb4884b76fd3a12ad5cdd2,4,,,2017-06-28 00:00:00,2017-06-30 23:11:05
5d9e7866b83904c52fd65ec45c41254e,a67d6881ec08b5e0258c05357bce8516,2,,,2018-07-14 00:00:00,2018-07-17 19:08:46
8352c56386db63f70e63a6470273ec16,6cd61eadfcf9bee43e7cf8068b937f55,4,,,2017-08-11 00:00:00,2017-08-16 13:31:17
5d0915e582f5c74ae4e0c54ac8df47b4,4d2c3fb1909604d5f9474e4675971ef2,2,,"Comprei 4 kits de saquinhos para sapatos (cada kit contendo 10 unidadess) e no dia 15/02/17 só chegou apenas 1 KIT! Liguei para o correio, eles disseram que não era com eles.E vcs nao resolveram tb",2017-02-16 00:00:00,2017-02-19 12:27:49
a53ff6f163d0244869e24916c34fc157,454c3851ea6ca1eaa09fd44d2502aac0,1,Saia de cama ,Não gostei do produto. Muito ruim o tecido ,2018-08-09 00:00:00,2018-08-10 05:54:39
dffa2d7b5f92a692013097ea85c9a5be,aade48c1fd0adef0f33df25f995d379c,5,,,2018-05-01 00:00:00,2018-05-02 22:22:38
276062320c1536a43149940a802573f7,bd81ffff0f0fbc533b7f763812cecf34,5,,,2018-05-18 00:00:00,2018-05-21 01:37:12
f84adb5fe25bce0c0feb130e07af4678,21f3d0f22004d8bad479ca281e1f00a2,5,,,2018-03-21 00:00:00,2018-03-21 22:04:45
9d07ec439341a730f81cc3a8c35af760,aeb70ca14a984230b34a6cbf48fe6d8a,3,,,2018-07-31 00:00:00,2018-08-01 00:12:47
cc588946716003944b5e99a5660c802a,a738e9e6770c9eac21287cc96d82dc76,1,,"Fia a compra de 4 jogos de lençóis de cetim, e só recebi 2 jogos!! 
Aguardo contato. Faltaram os jogos na cor vermelha e cobre!! 
Urgência pois são para presentear um amigo em data de casamento! ",2017-08-01 00:00:00,2017-08-02 11:35:57
eb56e45e2caf6722ae8eaed41aba29ab,b4b8e8f37818c443dd4c0c48e9a3707d,5,,,2017-10-07 00:00:00,2017-10-08 21:58:43
3d2d44a47981f972c1c79e14a5e6d3d5,6a8400c1ae628fd6e3770950582c8b99,5,,,2018-05-05 00:00:00,2018-05-05 22:53:01
6ce3c2dcddfb6fb2782e6363e80fb103,f179e0782e0180bc2ec9ce167d4cf245,5,,,2017-12-21 00:00:00,2017-12-22 11:12:17
ac027b58be4ff96af3c3bc50bc4d3fe0,27bb59120b021cf6ebad6ea92f289d53,4,,"Tudo ótimo, porém entrega demorada ",2018-07-31 00:00:00,2018-07-31 20:48:34
8bb77b9c669b348ffdb4673de77b9a4e,3d44f7b0d44056fcb488f7d2fd22e820,5,,,2018-01-20 00:00:00,2018-01-22 11:58:38
124473a11fe4db09ce56b99a2fca57f7,0f637da50b3c7da105d5a5c6579110d7,4,,O relógio em si não é tão bonito. É muito grande e o material parece frágil pro preço. Mas a loja entregou antes e vem embalado. ,2017-07-27 00:00:00,2017-07-28 02:18:36
989ed9344f28de9c3afc3be4c852f6bd,f11fa7d0f434a225ec6d229d5337ced4,5,,,2017-08-29 00:00:00,2017-08-30 00:54:27
97b1c66cd7fc0a9e984d1435de5189be,deafd5190946c25dcce1974055abb693,1,,Demora na entrega,2017-07-22 00:00:00,2017-07-22 21:23:08
22708891b169fc439189523cb8a73a42,c5aa608be7773dfa4624ed1c239bae4f,5,,,2018-03-03 00:00:00,2018-03-05 21:01:46
c295fbf7fb7e8e55c646afd062805ec6,39fdb37dae517d0d4185d590337aff82,4,,,2017-03-22 00:00:00,2017-03-24 21:38:08
b8e3b8a4d7baef663f07149d4503092a,a46944cf9b2c78431a4619ef5f308ab8,5,,"Produto corretamente embalado, chegou no prazo e atendeu totalmente as expectativas. ",2017-07-13 00:00:00,2017-07-14 15:03:14
9dd5432323ff83c0d018bd3da109d9d3,eac95d79983b55d39fb2139922bc4c36,5,,Tudo certo perfeito antes da data prevista,2018-02-07 00:00:00,2018-02-08 15:33:05
d58e5eaa0249a85a2717dbde350ecab0,3c32b5ee0d19331febeea91a6fbf37c8,4,recomendo.,,2018-08-15 00:00:00,2018-08-29 12:39:35
e0437e85519a0b359cab6a8a403de5d7,809866afc43dd3f06fc471f5eebe53e6,5,,,2017-08-17 00:00:00,2017-08-19 23:04:32
6358de585ddca379f5320cd6f9a2a608,cef5e3ca97aed8bc63fe5f55a26633a6,5,,,2017-08-24 00:00:00,2017-08-25 00:51:36
e9cf1b5368603de7222e94123cc1ceb5,9afbd107ffa1b363cbdc3e81895dbdbb,5,,,2017-09-23 00:00:00,2017-09-25 13:56:35
a611e78c2ce16efc26a6f8095b91a58e,f036b00e17fcaef60868e806043a66d3,5,,,2018-03-16 00:00:00,2018-03-16 04:46:02
08d7544b65c28f6ec2d0fe463ef5ddaf,897ef7424df8edd3139511b631ae8e94,1,,"comprei 96 unidades (2x48), porém somente recebi 48 unidades (1 caixa de 48) 
preciso URGENTEMENTE do restante da compra, pois faltou metade do meu pedido
estou aguardando contato referente reclamac",2017-09-27 00:00:00,2017-09-29 20:35:59
1a89bd3b574f17f5e32b481c0639e757,49c3293b870ffc5fcd1f11ca77eb841f,5,,Recomendo a todos.,2017-05-16 00:00:00,2017-05-17 01:16:25
b4d69dc65233c0a5da48415187b9b6ea,e00a6c9e0c7028b7284c5082d59ae5f6,5,,,2018-07-24 00:00:00,2018-07-24 22:30:57
038339114df5e73f83b053bc5a11485e,11f0f637c5a38b66abd963cc1926f152,4,,"Produto de qualidade, entregue antes do prazo.",2017-06-27 00:00:00,2017-06-28 04:18:55
8d2faf11c25d442604dc66890d0d59c0,9df65e0ad2cbfa0485262629bb2b6605,3,,,2018-03-21 00:00:00,2018-03-21 22:09:34
602ed10ddd70be725ea979587f7b0114,c2e3ee5ef901092148e19caccfe10ffb,4,,,2018-08-10 00:00:00,2018-08-13 19:28:53
79a99f10707984e307e57182ed308326,271f637085c45e7e58268625604724a9,1,,,2018-06-08 00:00:00,2018-06-08 12:50:48
948654feaf0ba06f55958dc75fe2ac1d,c3ec5c70256966fe8951602e15e63495,3,,,2017-02-25 00:00:00,2017-03-09 00:30:40
dca151fa8a49bfed1659f5d8200d5130,18ed4e5757d8a37fcb75325f41d7165b,5,,,2017-06-29 00:00:00,2017-06-29 23:52:02
ff130b68d99d6cedd7329b13ffbe2f03,25f4376934e13d3508486352e11a5db0,5,,,2018-05-22 00:00:00,2018-05-23 15:47:22
332e6cef1781b2b4cd70ba4471518b1b,ca64208b67f4cb6e1503818a3317485f,5,Muito bom ,"Rápido , fácil e ágil ",2018-07-15 00:00:00,2018-07-21 01:39:40
e232c47dd9e184315038b218f841d3fd,8297b34c026c282fa7c0940d7217b87c,1,,,2017-06-24 00:00:00,2017-06-26 22:23:59
a2e198b00c05a1b32181312452580ac4,c7024b0259d1e73df96b2f98d588b19c,3,,meu pedido foi entregue muito bom,2018-03-29 00:00:00,2018-04-02 11:33:21
8f8b7ce5d15a46bbacc7bd775be47ada,cde3a38426f2025992e76394bfed732c,5,,Recomendo. ,2017-11-01 00:00:00,2017-11-01 19:50:29
ccd19f02563370325666a381d22aab1a,3ffa506c19577dce30f9dbce07028c38,4,,,2018-08-23 00:00:00,2018-08-24 00:59:56
92b34f28a0fc57e93ba89e45123762f7,1e6025fd19451c74352d0bbf6a218bf6,5,,,2017-02-10 00:00:00,2017-02-12 23:37:48
4056b7f9e9c1a158d122a0460f59fedb,95d8c6b4c0b7c33f86f75fa4e0a74594,4,,O que pecou que não foi culpa da stark é que os correios alegou que não havia ninguém em casa em 3 tentativas ao qual minha mãe e outros sempre em casa acompanhávamos pelo app dos correios online,2017-09-28 00:00:00,2017-10-02 05:18:19
3efd5b71137cbbdb21f6f170af367c81,d0e379ef6e0ea864c470893dbd5da4dd,1,,Comprei 02 nichos e só recebi o nicho preto 40x30. Faltou o nicho travertino 60x30. O que aconteceu?,2018-03-17 00:00:00,2018-03-18 10:39:35
a94f8f50d5976acb9d47c1e36119c215,2f184c1f767b1dab8ce9aefda0db5b33,5,,Recomendo chegou rápido recomendo obg.,2018-01-19 00:00:00,2018-01-20 20:59:03
805da96499ef9c9c33f6c4330abdd764,0d4947e726ae3959a6cc28979ab632a2,5,,,2018-01-27 00:00:00,2018-01-28 15:50:42
9db61835b26b2e740f6867408e098b0b,e54493dea108e0cb48f3571e1249d418,5,,"A capa é bem simples, mas pelo preço vale a pena. recebi bem antes do prazo.",2017-02-14 00:00:00,2017-02-15 11:01:17
87caffb1444cc711a97d894129d02095,ca28049cbd8e65a6e26834584bb3d38e,1,,,2018-02-23 00:00:00,2018-02-24 12:06:10
2526309742be01e3e58d83b3575ca2d3,9cf3e6427f5cd12f23c42946aec43412,4,,,2018-02-17 00:00:00,2018-02-19 18:20:41
2ad38cd60f746fecfee791c885372916,d18941a914e7a203e714a20432c05a35,5,,"Á Logística targaryen é ótima, á dificuldade em Itatiba é o serviço PÉSSIMO DOS CORREIOS.",2018-03-08 00:00:00,2018-03-08 13:14:52
9ddfa5f9bf1fdfce13da54297c0e3c77,947ee6ab639791b5711558a7e55cf98e,5,Excelente,Sem comentários... excelente atendimento,2018-07-29 00:00:00,2018-08-01 21:03:41
12630db40dde14860c3acd141d7ff08c,f7535fb641a71ca3e0a6f2657dbfc51d,3,,,2017-07-10 00:00:00,2017-07-13 12:08:43
0efe2d89f8c9ab685b5151f0fc0bca82,2aad3ba5eaa0bcda42cc8fec92d395a3,4,,,2017-06-07 00:00:00,2017-06-12 20:36:51
eb5551151e2cfbf3841f6162e3db2ccc,79847bdf9821dfcc7a036271d0c6044b,5,,,2018-07-07 00:00:00,2018-07-07 22:48:38
075f7507bd78e0d2690ce34e9ce9f7ed,150fb6d066c66925d51a48782deafdfe,5,,,2018-06-14 00:00:00,2018-06-18 13:41:08
c32fd756db55ff07fd24cbb5907ab6cc,4eb3a441cbc81bd1c7d4449e569ae605,5,,,2017-03-17 00:00:00,2017-03-17 16:03:16
0c2305643de9fc4cd3e2a33df86af82d,d33a52afa37dd9de6958cedae3be455e,5,,,2018-06-07 00:00:00,2018-06-08 02:28:00
f12ec97a0a13728871b1052231495d92,3464107c541f0583d599cc7d335cb9c7,4,,otimo vendedor,2017-05-13 00:00:00,2017-05-18 12:48:57
5c56556fb0fa45693c1424560fbe55ae,958159f0dab5b09c3dad9dc3dc352565,5,,,2018-05-16 00:00:00,2018-05-16 21:06:41
9d40d14d15f5a0cae86595ea93313f02,727412faf7aef5ef3c7e0f03350d80c7,5,,O produto atendeu com as minhas espectativas,2017-05-10 00:00:00,2017-05-13 13:55:32
e1a6941901e19b60e4819719df58178c,2e782e419da1d80f6d1b9c7eb67b6dde,3,,,2017-10-07 00:00:00,2017-10-08 00:10:44
5c1a224b870bdbebe24debdf5962b726,b896461e3ed46fe0c2f27a21c5a895aa,4,,,2017-06-09 00:00:00,2017-06-12 11:37:01
935219a671b96f7172618ab5deca2454,04af40a6714e5ab254138fcd4863f0c1,5,,,2018-03-17 00:00:00,2018-03-19 22:37:59
f60e942a213a57b16dee10b28b800468,8a7f0e6d9767d52a05dd48229e24d766,2,,Estou aguardando instalação do produto em loja especializada.,2017-02-04 00:00:00,2017-02-06 15:52:04
d64c90b9d89d9e699315f80a48fdf153,841ff437dd00dac44a738743ae033be0,5,,,2017-12-05 00:00:00,2017-12-07 15:36:30
1a7ef5f5594856d4675526b1563e95be,84a4ebdaf1a5e3706587f226cc804dfa,5,,,2018-05-26 00:00:00,2018-05-28 21:51:17
c3e506fab50a7d415d274dbfef161309,419de35b9f49a3e9822b8f09116cdea2,1,,Não recebi o produto comprado há mais de 20 dias,2018-01-27 00:00:00,2018-01-30 02:53:23
c7bec7656adf4b8c4c1662e18b6e86f6,d7c320185a2f9b32f5e2370ff3f8bd64,5,,"excelente loja
recomendo",2017-08-12 00:00:00,2017-08-12 17:33:47
974d8737076dff0cb68bb10d12eec0f8,37921782093cc3bbeec6354572683718,5,,,2017-11-24 00:00:00,2017-11-26 21:47:29
183808dc516fab3df74b087310299cf0,374a125372cffb30e8e2df55f8448da4,5,,"Ainda não usei o produto, mas em relação à entrega, chegou muito antes do esperado. ",2018-02-07 00:00:00,2018-02-08 01:17:50
cc2b2638ac2654471bb4f652a1a965fa,3d80d12c0beadfcdcf2b4df407112f3f,4,,,2017-05-17 00:00:00,2018-08-31 16:19:53
e79979e9a50fce1cedbf27ddc9799d81,57e34f23ea6f7d6197a2792928bfbb04,5,10,Ótima entrega! E ainda entregou bem antes do prazo!,2018-04-25 00:00:00,2018-04-28 01:56:17
1de5a6511d03fdfb910d7bbcd3e152c2,db70f8a5634ca9a20586be3dec6ad653,2,,Estava marcado um dia para a entrega e não foi cumprido,2018-08-12 00:00:00,2018-08-12 12:36:25
5c4bd938f98283c5d7145a9d25a89c3e,8bc4e989df64f2d8c2381c9718a0f963,5,,,2018-07-24 00:00:00,2018-07-25 00:24:28
8d0c410498cc240f2b4ba9bd92da095c,9bcd65834ef8fc54f03ef36f27bc5645,5,,,2018-03-29 00:00:00,2018-03-30 12:14:49
d935b137a65b24718d38e17d9075f7e3,3784bc92c8ff0ca207ed55629e5df7e9,5,,,2018-07-24 00:00:00,2018-07-29 14:51:30
2806291c9adbd169f9eb09fc76a6ca57,996763a377a7e96ea28f02058d1e1883,1,Quero o dinheiro de volta,"Só chegou uma licença com o selo da Microsoft e a outra veio impressa na nota fiscal, o que achei muito estranho. Além disso a licença não funciona.",2018-08-23 00:00:00,2018-08-24 01:03:34
6c09da3097e834eb20846d6534175ef2,86e15c44520932e049ca96660a60b776,5,Recebido,Produto de qualidade!,2018-06-21 00:00:00,2018-06-22 09:14:46
e6cd89f319b7c69b9b4c6babc632db08,df91fb38017b42722551a94382cb829a,5,,,2018-05-04 00:00:00,2018-05-05 22:45:43
b098c8b3d65ff19f503f8ac3359d7ee8,a11cb431739ce0d512e8a8e96654722f,1,péssimo ,"produto veio errado, fiz todo processo para fazer a troca. me deram 2 dias para me responder e nada. liguei e pediram para esperar. amanhã vence o prazo pra devolver ou trocar. vão me obrigar a ficar",2018-05-15 00:00:00,2018-05-20 17:12:25
f59c080f18cfcd635d62513b48bcf8f8,1475652ad485c6469bd02393c70fdaa9,4,,,2018-01-19 00:00:00,2018-01-20 11:03:53
d17f60def571608b9b788a5d9afea3e1,09b38400b1601bc9dea9de02c710857f,5,,,2017-01-28 00:00:00,2017-01-30 15:53:26
1fc2b5aaaab80677e5d475ac52a62d68,b3d71a2000f053668c1baac73b5fe4d7,3,,,2018-08-04 00:00:00,2018-08-05 13:37:03
6474526e359dd77b5294f7b656bbca8e,cad39f1647e3828163e49718ea495994,5,,100% Eficiente ,2017-11-11 00:00:00,2017-11-12 11:09:30
7a51621785745d48ed2fb9f1d775c4f7,9d5f8787d55cc08d6f9560414f44f491,5,,,2017-08-16 00:00:00,2017-08-16 23:28:05
dcb890312c01a821f94b1aaf55a32bb8,71c04eba03595f13adc87878455ffa92,5,,estao todos de parabens ,2018-03-28 00:00:00,2018-03-31 20:46:45
594c13e9e908f812ee3b049cf7e7386d,a60d308a1328a95a1e34b0c19e1ead05,5,,,2018-04-21 00:00:00,2018-04-24 09:45:00
b93565decd9c553dc0345b2d5d5d6686,621be24850f6edd2e8dbd75a0f19668a,5,,,2018-07-01 00:00:00,2018-07-02 01:45:30
19757fe742ddb9c215be452ed4340f67,6b1391687f84349c62119cb2c95374e0,5,,Entregou antes do prazo,2017-12-30 00:00:00,2018-01-01 23:36:39
e4bdb071895665b0bfeeb9f5c6fbd354,0ad9d4e4f4c9746b59ddb9c18d30d241,4,recomendo,Recebido antes do prazo previsto pela loja e chegou em perfeitas condições,2018-08-15 00:00:00,2018-08-16 11:10:01
8621e4b0ffa49824ca06e0891444c0e2,eed5f84919d668737e50dac75a4ebbd4,1,,,2018-05-05 00:00:00,2018-05-07 12:55:37
286c1ba14601b9b94ff412af9f1fe34c,77ae79f517b55536c4be2d6953ef30af,5,O produto veio bem antes ,,2018-05-11 00:00:00,2018-05-11 22:20:54
10111bab4a154d275790499ef60bab70,2e9a02fad8f4629cc049053cca7a9a1c,5,,,2018-01-30 00:00:00,2018-02-02 08:36:49
67fb20dc9e2c26bf256dd43fedd44687,5f82563eed1525084af012688a78398a,5,,,2017-10-05 00:00:00,2017-10-05 23:09:15
ca50d05af330515f3afdbe1204bbddb3,019edbdfeb6923e55558362c2b84ec37,5,,,2018-04-06 00:00:00,2018-04-06 22:40:37
58a14062f8158244451a2088db4a7457,18bafb91a9e78b83e54eb5aa495a955f,5,,Excelente produto. Atendeu as minhas expectativas.,2017-08-23 00:00:00,2017-08-23 15:31:32
8c548f6be3c7db7c30a42db65148c09b,32f7089f715424548bd5307fded896d3,1,,,2018-03-29 00:00:00,2018-03-29 10:02:41
136dc1af79e13c08e790cfbcdc75f293,fdafcfbadd88c33d4798432d3bcf6004,5,,Recomendados.,2017-09-15 00:00:00,2017-09-16 01:06:23
83fcb6e8612cbd047718462b779eb4db,77ad790bc77b40f61485833a46bb6968,5,,,2017-12-19 00:00:00,2017-12-20 01:45:46
c189f063a2674e9a0de13f4c44e14907,8ee4b4546da4178fb73e677c628a74b9,5,,,2017-06-15 00:00:00,2017-06-16 15:02:13
a0fb06a2dc20d4e070d810fc6fae6fdf,791de4d00367a315bd14eb6ea519adef,5,,,2017-12-25 00:00:00,2017-12-25 17:19:55
1539aec52ab4f0891d387c1ce0b59bf1,11db6666e1dbeee776c8e15fd0792c4b,5,,Muito bom.,2017-02-11 00:00:00,2017-02-14 02:17:58
e94ed46dce34ec6c4a8660a2da23a175,e8ff06be457c1e3e69a8cb51ef9e2806,3,,,2018-04-25 00:00:00,2018-04-26 11:24:23
b7c13157b2612e6941db81b1e8f9d5c5,0da1757dba2fb3d886b5051cb964c524,4,,,2018-02-28 00:00:00,2018-03-01 03:17:55
c0b0b7ef7f1bd2477b75e77e3277ae2d,b882b5c0534fa68c690e739dd788512a,5,,ótimo ,2017-09-12 00:00:00,2017-09-13 00:40:42
91fbfd0b11db72cd299cab8271691c2b,81ba9566702881081845a0cde9767e2e,1,,"HOJE, dia 02/08/2017- quarta feira, Informo que ainda NÃO recebi 02 Lustres Pendente Meia Lua Meia Bola Esfera Alumínio 34cm escovado, O Correios só entregou até agora 4 dos 6 Lustres que comprei....",2017-08-01 00:00:00,2017-08-03 02:00:31
3ed5737a57c30681ed4fe4e178e71dfa,c57fbb30efb2a0170ccc3db897839462,5,,,2018-02-27 00:00:00,2018-02-27 23:33:04
975c4fe6321502f8f2b655ac8a35425f,4d5edcd8dc3dd4c5a02b9a0d0773b621,1,,"Dois técnicos tentaram instalar o produto mas, segundo eles, o aparelho não conecta: ""provavelmente trata-se de um defeito"". Sendo assim, solicito a solução desse problema. Aguardo resposta!",2018-04-10 00:00:00,2018-04-14 19:14:38
e393d91ecbaafb26a4b995e8bc511f22,867711b4834ce56a43da811777ea6ec4,5,,Muito bom,2017-11-11 00:00:00,2017-11-13 23:59:05
e75b1a9792d689b43fc989de8f259047,6fc4efdbd3590258aea33eda644ecb12,4,,,2018-02-07 00:00:00,2018-02-14 11:57:15
c643b42e6dd8e7b5385cea8a23be99c1,5bebe0296b65287e94b489cd279782cc,5,,,2018-08-23 00:00:00,2018-08-24 17:35:39
7d6daa5730f94e9d531495b3678a0509,fe563d119bfc3fde7ce511e31594507c,5,Otimo,,2018-06-06 00:00:00,2018-06-06 15:15:47
fd1b710bdb63fd4f49ddf3dbefcb2748,3ac2f9ede9c2c9be884248c857c75226,5,,Amei a Lousa e chegou bem antes do prazo ,2017-02-14 00:00:00,2017-02-17 02:33:05
d5f364ffc2a1b8f705871011979a5ef3,126da462f642d99483c0691ac474c783,4,,,2017-02-07 00:00:00,2017-02-07 14:43:23
9560ee8cbc9ea0e0d91226d89976c1ee,8293af079b19a6349d758b3c16ecd6dc,1,,Não recebi nem uma notificação de atraso ,2017-12-20 00:00:00,2017-12-20 13:12:47
ae4c3f4cbed615084ed65063fb45ca27,8aa454f4a1257f74aa178aba255e7cf7,3,Boa,,2018-08-14 00:00:00,2018-08-14 18:06:01
3faa9222f134377ccbd50749861560d5,55f48d94df188b3d4f74c9db5396b6db,5,,,2018-04-30 00:00:00,2018-05-01 22:49:31
d0550c2d77db2a40f414b14b5f34049f,ab5f88ecd8bbfe5386a0b5687ee8beba,3,,"Produto de acordo com o anunciado. 
Acabamento do suporte interno não é primoroso.
Aparência do material não é identica ao aço inox acetinado das melhores cubas do mercado (não tem o mesmo brilho).",2017-06-29 00:00:00,2017-06-30 00:01:04
c1a78938d53284ae7e4bbc594e103789,749a31c1093994e39ecb4aef66a7aa3a,5,,A trasação e a entega do produto ocorreram dentro da normalidade,2017-02-07 00:00:00,2017-02-09 23:00:34
3fcdefbf255043b403ca27541506262d,b16a6ea9c85cf3f6644f1529e04982da,5,,,2018-02-27 00:00:00,2018-02-28 14:35:20
31a7bbad81b9217a9304d26abe145db9,54e52b3d64eaadee5422554c2f2a7056,5,,excelente ,2017-07-21 00:00:00,2017-07-22 23:11:14
ce4db7bc68bf7fa8d618d214203b15a3,80b74dde5b336c1f75c610521dedec08,5,,"Sem comentários, prazo, qualidade, eficiência e etc......
Muito obrigado a essa equipe, pelo respeito ao consumidor.",2018-02-01 00:00:00,2018-02-04 09:30:30
10630c7a4385bed89d985a043a7d9349,660e589af9553d75506968867c922d91,1,,"Solicito a troca do produto 
Recebi o produto errado 
Solicito a troca até dia 8/2/17,
Pois o produto é presente de aniversário de meu filho que será dia 9/2/17",2017-02-03 00:00:00,2017-02-06 10:24:07
d9c3eaf81ffcc12a3241c1c1a3617c42,124989cec6f415c879769c699f3134e2,5,,,2018-02-21 00:00:00,2018-02-21 12:07:13
f4191405314eff20ef67e1e2a39ceb7c,8752bda3e45c2207f9dc0f94146cd228,3,,,2018-05-06 00:00:00,2018-05-06 21:51:44
9c914e29b623743b1b8e90212e72b66e,11fd51275a43d1590816139eaca0bf94,5,,Parabéns a loja por ter entregue o produto anunciado e antes do prazo previsto!! Produto muito bom conforme o esperado!!,2018-03-06 00:00:00,2018-03-07 10:41:24
7d0c00030d21d80d833d2325e4242ab3,bd2623f3663c5daa3f89e6b527fd49da,5,,,2017-01-31 00:00:00,2017-01-31 19:44:37
b6c253f363f867256abfc4952ac9c1d2,47deff0f69fd02d0085bd77d6c9c0181,5,Recomendo,Entrega rápida.Recomendo ,2018-07-31 00:00:00,2018-08-03 21:51:28
b3d3621e70d996c33340be32ecf84c25,656a18a8006d264fcc120edf67a4e98c,4,,,2018-08-28 00:00:00,2018-08-31 00:16:13
b862141e62ede6da3cb894b414ec715a,53bf51495103abe64e330f5360456ca0,3,,"Achei que a corda do pescoço fosse mais grossa, pelas imagens, mas ela é bem fina.
Também a ponta da flecha tem um formato côncavo, atrás dela é tipo um buraco. Nas imagens não mostravam isso. ",2017-11-11 00:00:00,2017-11-13 20:47:51
daf8267d6f553e78627e88b2dc240a4b,972744bcdd80014057492bbab6b4e06f,5,,,2018-01-05 00:00:00,2018-01-06 22:08:01
e3bd6c69ad1f4e5f8ccf7931743468c5,e2b405a4cccf1e66eb8d2b73a4bba700,1,Outro modelo/original???,"Recebi um modelo de relógio diferente do que comprei. O modelo Casio que comprei é o A680, porém, para minha surpresa recebi o A168. Fora isso tenho lá minhas dúvidas sobre a originalidade do produto.",2018-07-10 00:00:00,2018-07-10 22:05:46
c0aa60d87dbed83c8e0621d963b1cb41,341fde35809d4cdae709b875a0040b23,4,,Gostei muito do produto ,2017-11-16 00:00:00,2017-11-18 21:51:48
9b5beb2e76be609d370e7178411010b0,1c036a86b23c31b9383c1e6f67a94652,2,,,2018-07-24 00:00:00,2018-07-26 20:47:58
b20e031652d6de0241f5839e049971f4,f09d0203a51785e9ba9279607c38958c,3,,,2017-03-07 00:00:00,2017-03-13 20:16:29
e379479d46030a0328f4e0136d9e43ad,9d23b28df59d72b40012a277ffd9a80a,5,,"Ótimo produto, veio tudo certinho, bem embalado",2017-12-13 00:00:00,2017-12-13 22:41:08
4f9a943a182dbdf872777e647e80b58e,8376f6035204b549b6bae5c4a7aa5a44,5,,,2017-12-07 00:00:00,2017-12-08 00:51:00
633da4eed7dc9d1bab50782537ae3cc4,50d8c54f968d5b38446e26e018dc89c9,4,,,2018-01-19 00:00:00,2018-01-19 21:50:23
0527c11336da30ca092ab16a12be84d8,1f2c730715e25c512d5beee0f697bedb,4,,,2017-08-27 00:00:00,2017-08-29 21:16:53
ee2e913db310e9bc7c52e97c629cecbc,99e3f90c535337b45eace6f8a8a9400f,5,,,2017-01-27 00:00:00,2017-01-30 08:49:08
21f25395dd5d8dec4f2c59440c610fb8,5506aa9cafae9629ef0a21b3ad199219,5,,Estou muito contente com o produto e rapido na entrega.,2018-01-04 00:00:00,2018-01-06 00:26:27
515f9b87972d61cb787cc44fa41eeddb,2e1b58feba35b519cd774e6016c56e19,1,,Não recebi,2018-04-07 00:00:00,2018-04-07 13:18:09
463c93dbad0446a4136db7a84c442938,2f3eedb1154600a40d3529dd83441775,4,,CONFORME ANUNCIO,2017-05-13 00:00:00,2017-05-16 03:58:49
b3c8718bd667f321f24f914c4e24dfed,884e5d3456c8de94634174aa2fa4cb5e,4,,,2018-02-02 00:00:00,2018-02-03 20:27:50
46127a1ac5ce11c55260d79fd9ce5f0e,c8f14c24a3948d96d4022f50b14a0034,4,,,2018-04-20 00:00:00,2018-04-20 15:18:16
e57372ed0d7016e2e11a57ca91653cf4,1a4bf675df415785d3d9b3f3521988a7,4,,Rápido,2017-02-07 00:00:00,2017-02-13 18:37:59
40b01ab71da398267e52bc7cc85b4bbb,fc6fa7fa7977262db8df0b27a56474d8,1,,"Comprei duas malas para viagem e só foi entregue uma mala no dia 19/03. Já mandei um email solicitando o porquê que não foi entregue também a outra mala, mais até agora nenhuma resposta. ",2018-03-20 00:00:00,2018-03-21 12:12:47
8c0e3fd9c27dcf11eba21f1b15ebff99,b6b7ebd3ab897684bb22eaf084f8f299,3,,,2017-12-30 00:00:00,2018-01-02 19:33:00
4932f3ae2618a86a7b88d7c8234350e3,350aad4e4bc8240326121102708f0504,5,,,2017-06-08 00:00:00,2017-06-11 22:26:29
a3fbc0ad6758f05214f560c33d12be2a,31725408e39733c6fbccf9559d25f0e4,5,,"Chegou perfeita, bem antes do prazo.",2017-11-10 00:00:00,2017-11-10 23:43:49
c2d82a1777ad29b0fc3fe603473fe945,c5ef8c0266eff0d27d9d8f279a2e85cc,5,,,2017-11-09 00:00:00,2017-11-17 17:57:41
0a3cb710b3835621f7bf78d6a928f4a8,0135675503322d804abef7ec5ed4824b,5,,,2017-10-31 00:00:00,2017-11-03 01:12:57
43a9fda26bb69dc3f29396ee8d6fc418,f15c4b4b43ba09c074b6eddcf72a902e,5,,,2018-03-15 00:00:00,2018-03-16 11:11:48
9c21503946ec61ecae24e6bc456f8eff,7e54f2e2af1f04c407423998a9812c73,5,,"Muito bom, e por ser dupla face é muito versátil ",2018-03-05 00:00:00,2018-03-05 17:59:54
5577bb0c40142d84004c4e082b522131,b9dcd29b81f45fd68a5489a381a5a3fc,4,,,2017-12-06 00:00:00,2017-12-11 11:50:48
929576fde139c05bf54204331153147d,2b9f8ad9f32e83a7cc84270f04858de6,5,,gostei muito de compra nessa loja.,2017-09-02 00:00:00,2017-09-03 03:29:00
2486fd10a36ee0f0eea462bb959afcf2,b6f7267c5de549e8079e23367dafd3a1,5,,,2018-06-16 00:00:00,2018-06-19 19:24:41
e89550d693dfc3d5b7864c5d98e633f8,f8fb768a4889846eaf601b29827b596a,5,,,2018-08-09 00:00:00,2018-08-12 01:21:12
239fd569e8da19db25053b848f2d24e4,14d9794bbb53614d12cc2df6a045f82b,5,,,2018-01-31 00:00:00,2018-02-04 16:44:30
bed55610852d60bcdb781f573c0ae649,e2e62108a0daf44573986d823484239a,5,,,2017-09-23 00:00:00,2017-09-24 22:04:25
798146c0f2df64cd74d1eaf4657801d0,39c6a14b3b53cb560bade12dfc733d11,5,,"Amei o produto, chegou bem antes do prazo de entrega.",2017-12-23 00:00:00,2017-12-23 23:13:43
e425e4e0d118c606022dbe7f32f0189f,356fd0826eb73e2f62ab842bfe38b4c3,3,,,2017-11-23 00:00:00,2017-11-25 03:00:29
edb5ee7c33c2afed4531051c25cc8603,0b3d8a1bbaa4e340e25adfd640f70308,1,,,2018-05-08 00:00:00,2018-05-10 13:43:37
4d867b2944e5f3135e7bb8e0fd40a97f,cae4fbb29fcef9ac16c59d7e70d167eb,5,,Ótimo foi como esperado,2018-02-21 00:00:00,2018-02-23 23:10:56
41fe0c5703b3416c2ea9f81a42c95557,ec6752845f9c553dcaeb40318b0df3ce,5,,,2018-05-24 00:00:00,2018-05-26 23:48:48
0dabdb1d239298a24de152f6a55e73df,b8297ee8722ce94cc9a2e9263124cd36,5,,Fiquei muito satisfeita pq chegou bem antes do prazo final.,2017-01-31 00:00:00,2017-01-31 22:19:15
c9af888eea944fab620e2dbc20dee553,433069333714082fdb039d4a92682534,5,,,2018-05-19 00:00:00,2018-05-21 13:02:35
f281a47cbe77eeb6bc658024e4406ac9,0872f22df707596feed1639609f6eba7,5,,,2018-02-16 00:00:00,2018-02-20 11:15:23
c557f1f8cc26c5d4acc80a7d850c1305,ab0c90a5da04e0132ea07c113bedec0d,4,,"Ótimo produto
",2017-02-10 00:00:00,2017-02-13 11:59:56
2a5bccee3f53165524ff5cc7fb0adb0c,192162688f179d526243e303ed01abe6,5,super satisfeito.,"produto de qualidade, entrega rápida, recomendo à todos. ",2018-06-09 00:00:00,2018-06-14 20:37:44
d3b00044fdbffe0f428860ee360e42ed,3dc2e037b872ca03f5b91028710abae5,4,,,2018-06-23 00:00:00,2018-06-25 12:28:51
d148e91322399dc2090eb677c2e26e68,7cbc58346dce935abff14a7c5a0488f5,5,,,2017-02-04 00:00:00,2017-02-06 10:25:04
9f7379e27668a62d793631c680f72f18,d1902896db97466b224147cda743f3a8,5,super recomendo,"otimo cobertor, nota 10 !!!!!!!",2018-07-28 00:00:00,2018-07-31 14:43:59
40950f8c8b6810d1053f6b3c1e525988,ad18be9bebe6d2b6b02b38f8da9e08d3,5,Ótimo vendedor,Ótimo vendedor .Recomendo a todos.,2018-08-17 00:00:00,2018-08-19 02:11:31
eb2523128d92ae872c670e06aca881ed,c930f0fb9c6fed6ef015de48ea8dd5ea,4,,,2017-08-03 00:00:00,2017-08-04 11:40:53
63f11a08b39ac2c467bca46f49afcc35,aa1ec064e8eb975121269dee2a451592,5,,,2017-10-04 00:00:00,2017-10-06 09:46:08
f2423b3ab95ce9e2c5d9b2372d442823,0f884853f408247bc673050f33f2c5e5,5,,,2017-08-22 00:00:00,2017-08-25 20:16:30
a5277ca2a38311e24a82c0ca4f595929,71d69f67014a0966287a08bd24bb0324,5,,,2018-01-06 00:00:00,2018-01-06 17:24:11
5599921531c9a66727253ba52529c696,bc69b5e9887af14f06d598b85ab607df,5,,"Excelente produto, muito bem feito. ",2018-01-10 00:00:00,2018-01-10 22:42:55
04233e425dd3f2661edd24bcffe5595f,6c75a0779ee3835fcfd142d8ed8b2535,5,,,2017-05-13 00:00:00,2017-05-14 23:41:50
352e892c2c5c553fe535365e038b4315,89ab5609dfc901cc9824e0a62cbefe59,1,,Ainda não recebi o meu produto o prazo de entrega era até 23/03 e até agora não chegou.,2018-03-25 00:00:00,2018-03-29 15:04:55
10202db84d78ba91020de75fbebb0438,88831d307a23183f48f92b32b07ac070,4,,,2017-12-08 00:00:00,2017-12-11 16:15:52
df80571bc090c3706df6b298146dffd2,c87c029dedce9ae21aa8cd97464af0c3,5,,Tudo funcionou perfeito.,2017-12-28 00:00:00,2017-12-28 21:22:27
905849ad59c599c2e93940291e6b9f67,cea892923b3775abd19f80626d4b5d37,5,,"Recebi o produto em duas etapas, em dias diferenciados, como não tinha sido avisada sobre esta possibilidade, levei um susto, mas ocorreu tudo bem, os produtos chegaram intactos e muito bem embalados.",2017-08-08 00:00:00,2017-08-11 12:52:25
3287e66507637f037baa62fb8ebc9d2f,68eb31d36231dd3fc97baf5cb6f73103,5,,,2018-06-30 00:00:00,2018-06-30 23:33:11
14c804b13febb208b20fbe02af53d806,06544096bb7077c0f701d0d6f660e11f,5,,Ameiiiiiiiii o produto....,2017-04-11 00:00:00,2017-05-12 19:30:09
e22082f45ef8d3e09a4ab849b94c3b5f,e9beb67cf376905f8cd308ef0f02071d,5,,,2017-01-28 00:00:00,2017-01-29 04:00:44
39bc68be8e32bb3831e7f32b60cc60b1,8d785027a8353d2f17d76f05b73f86ef,5,,"Entrega super rápida, a mercadoria chegou muito antes do prazo, e em perfeito estado!! Ótimo produto, super recomendo a todos. Estou muito feliz com minha compra!!!!",2017-03-22 00:00:00,2017-03-22 23:47:18
3701bf79c5202a64f86bc38166169a36,225f91612c9a38c727b64ac3c7d11e7c,2,,Faz mais de 45 dias que comprei omproduto e não chegou .,2018-01-14 00:00:00,2018-01-14 02:43:03
78254ead0e4c27f2b7849553e0fc654d,4f2dc4a949823819bfc75b784fb32686,5,,,2018-07-05 00:00:00,2018-07-06 01:05:26
b764c2314b1745df4f59f3f279888f68,a3d715c13af177125a462b543a9a97f4,5,,,2017-10-20 00:00:00,2017-10-23 15:46:52
af73e2ba5098ca6c02e8079aa82bfa78,c3ad507aba1f6b47354085e7e6bed0cf,2,,Pedi uma colcha 100% algodão e veio 100% poliester.,2017-02-14 00:00:00,2017-02-15 16:47:38
c5a815f89971cd69e828bc8c2d992524,8d47519f5c9c42540b37bd3db0492878,1,,"Demora absurda na entrega do produto, isso é se eu vou recebeR ele né ",2016-11-08 00:00:00,2016-11-08 23:45:47
fe7a7c6193f8a4c9273bfd704ca2f450,a68d55e37069898482bef61866cac7f4,5,,,2017-09-10 00:00:00,2017-09-12 22:06:28
ba08ba25db69f4232fff2f7d159ce675,f6d370f76988ab29f282356a31b6af7c,5,,Chegou antes do previsto e do jeito q pedi muita linda esse kit tenho certeza que meu filho vai amar. Obg,2017-06-08 00:00:00,2017-06-12 14:39:35
91f9139706cbdfe7b60dbb88382ad809,29664dfe32fa36fe220eb8ba86d93445,5,,,2017-04-19 00:00:00,2017-04-20 10:18:32
7ccc16ff4b3600dfec5913c529929242,6a7a8e304ef95be2494384f8d2557845,3,,infelizmente o produto chegou ontem o tecnico instalou e nao funciona em nenhum dos notebboks como faço?vou ate a loja hj ,2017-05-31 00:00:00,2017-05-31 12:01:18
a60f8e8fa5cb3b129cf605054e2e0121,b0a53313f05c1fb7b57eba8c55f35035,3,,,2018-05-24 00:00:00,2018-05-25 02:47:40
0a86727eced5792426720df56416a8e0,99a89fd45903c4a9d6731af6ca4dd5c4,1,Não tem manual de uso ,,2018-07-04 00:00:00,2018-07-04 21:07:37
7608053e00a79069acacfad97ec11d9a,56fdda0cb0aee560cd00b1a571dcb10f,5,,Bom atendimento,2018-07-25 00:00:00,2018-07-26 00:22:18
cd82ebbd3fafc74e5fdc83bc011a890a,ba6db6908932a9ed2a611c82ef295d37,5,,Entregue no prazo Excelente fornecedor ,2017-03-25 00:00:00,2017-03-27 20:51:43
77e0edd9f898d8667be3a63d802c1021,00b4a910f64f24dbcac04fe54088a443,5,,Tudo ok,2017-01-27 00:00:00,2017-01-29 21:31:09
e43619c4794d682d33121adf5b1e7a1f,b3b4094d535004ba0ef19c96ba6dfd11,4,,,2018-04-11 00:00:00,2018-04-11 21:51:25
05525ddf1ceaa6bc041267203a554fef,048fec87f5858e3a91ce55d3a944b457,5,Muito prática e moderna!,"Muito práticas! Não uso nem sacos plásticos, pois levo os recicláveis limpos em cada lixeira p/ os carrinhos coletores de lixo do condomínio. Comprei tb branca e preta, p/ orgânicos e não recicláveis",2018-05-22 00:00:00,2018-05-24 16:39:57
10bc72366c81315c682cc18e1a7e4486,82b0919653c8b121cf8b4beb9eda83fb,4,,,2017-10-20 00:00:00,2017-10-23 00:07:48
aac7299be9a76419c94c62392aa6839d,e2b12d317e3875999cbcfc47a2e5a88f,5,,"Recomendo, chegou na data certa.",2018-03-07 00:00:00,2018-03-08 01:15:28
657911b23b0b96838e7fd4ba4c459475,edad550f8e089f9f83f9826bd21f1095,5,,,2017-08-24 00:00:00,2017-08-25 01:35:38
84937565c3a37efa10e2f856a25ac1d9,e505d250be8a8291d1d8d96adf8c3539,5,,Produtos baratos e chegam bem antes do prazo.,2017-05-10 00:00:00,2017-05-12 00:23:03
d82aa6626c634f4366418d4adaccc59d,b8b331821864531800f736e470ad836b,1,Produto divergente,Comprei o relógio e não veio o que eu pedi e tudo indica que ê falsificado. Não gostei. ,2018-07-28 00:00:00,2018-07-29 00:01:20
1d352a71d2d13bd8d58b83ea0882afe2,eaba8cf4dd6f90ba47035084624f5da0,5,,,2018-02-15 00:00:00,2018-02-15 20:42:07
57615f85611be3ba629f750af103fe8e,9e2d5a5568e945a766c01200f5f3cdc8,5,,"Lindos adesivos e de ótima qualidade, adorei!!",2017-03-29 00:00:00,2017-03-30 11:59:37
47f5ae5984b66f0c8311e2718c58e7a4,c69100676baa7e0edfa0e2ce74d034b7,4,,,2017-09-05 00:00:00,2017-09-21 13:19:09
13671ad4aebfb875569f0c9d3b90a1a6,06851487bfc68744f67fbc8ad1934d43,5,,Muito satisfeito,2017-10-05 00:00:00,2017-10-05 23:36:13
b8455da6039b2dddbb4790b4126b4aa7,5b36d696990ca3b000d4094e51d5b2a1,5,,,2018-05-19 00:00:00,2018-05-20 20:36:27
cee35bb869e988f209b181deaf45d1c9,24f17834d1edff2ec50e2fb099896d80,4,,,2017-09-07 00:00:00,2017-09-08 23:23:31
859f234e4f0f2e0585f3534c56fb5030,9502eac77a6fdde265da489d96557785,4,,,2018-05-15 00:00:00,2018-05-21 02:47:36
e0831c77a17251c727bcbe30fe1dce01,2f61fac6b8c3e6dc71dc0999144e6ffe,5,,,2017-09-12 00:00:00,2017-09-16 21:09:34
fa5a4ebcef3840e5e623b63284ab9ea8,1aaa23146b41cdd25da482e0b2dd0534,5,,,2018-03-16 00:00:00,2018-03-16 08:50:00
23450c351611a2b746b9eb372e128257,17528d72766893a90deabc12ffc91207,3,,,2017-12-15 00:00:00,2017-12-20 12:32:29
b830a2904d8d00e90e9f7450ad72f583,deff260a5916c04657b930c37209499d,5,,,2018-02-16 00:00:00,2018-02-16 22:36:29
bd2c168c1756d3a9a46bb916516a70d5,24d96d6845bf5f0eb587c745f06b871b,4,,,2017-10-12 00:00:00,2017-10-14 15:28:17
7e48aa2d51b708a31ce5fbec896ff1c3,f6b63a36cd2dd4fd184e6da3f911a4de,4,,,2017-01-26 00:00:00,2017-01-27 13:42:10
0402767248821aed521ccf2f6e154fb7,afbc5dc3c3d0255f644df560b79f1b32,5,,super recomendo,2017-08-08 00:00:00,2017-08-11 21:50:56
cb601f01084eada6dd638f7613bcf129,ba81383846b0b6c97b5160f986fa3707,2,,Não recebi meu produto ainda,2017-08-20 00:00:00,2017-08-22 01:18:55
4d64cf40c8e65b3e4ebfa2f76c32326e,ce678bd6591f2487c9b4f5af45b4619f,3,,"Realizei outras compras pela internet em datas posteriores a esta compra e já recebi os produtos.
logística deixa a desejar.",2017-01-24 00:00:00,2017-01-26 10:45:38
f2a78396179cdf767373a15d2aabc043,97fdf3115437c18e71138bdaa80ec60b,5,,,2017-07-29 00:00:00,2017-08-01 20:22:45
f391fd5a40ebf2765fc4b295bfc13631,65d009e49beeedab2b25830b9e69a6ea,5,,Entrega antes do prazo.,2018-07-07 00:00:00,2018-07-08 20:43:24
ab2344eb9ee831f46913b03cd607e1da,259ed824424260153076008ccc088840,4,,Entrega no prazo .,2018-03-08 00:00:00,2018-03-09 00:19:11
4ffd9501fe9c8242d11cfa196fe17e33,ca7adf1201471598788f746ed74c825b,5,,Entregaram bem antes do prazo dois dias úteis após a compra. Recomendo.,2018-02-01 00:00:00,2018-02-02 00:07:05
e47846f0109c4f05340e827c318f1e28,c26761f0a70b2b7e0bb437aef502ffc1,4,,,2018-01-04 00:00:00,2018-01-04 21:01:38
765bffaf3e9e7b0a0983a0725e4cc964,b537ca3494311804a1191ad6a0dddf05,5,Produto bom,,2018-06-06 00:00:00,2018-06-08 20:06:42
ed5c454256c5082cc493e327c9d6dacc,da0571dd2e59b32cca46279a02bfb40e,5,,,2017-01-25 00:00:00,2017-01-26 21:42:05
a4a794239fef567117150ee987ad6973,ba8ebbd4a50913dea058ff7695922d95,5,,,2018-06-05 00:00:00,2018-06-08 11:07:58
e5b7457d636d881b0a8f911d7f36fb32,85f264b7facc04c8e6a719c30eb273bd,5,Recomendo.,cumpriram com o prometido,2018-05-11 00:00:00,2018-05-11 21:49:13
0a56100af9babb97ce7c109b3b9592ec,397c0e626cd53023d629b5053d222ce4,5,Recomendo,,2018-07-06 00:00:00,2018-07-06 21:08:38
0466cf95611dfc1f38a0aa139004f449,3ac5f81cae4e0191f17d05323fb9ce6f,3,,A kunai e bem frágil na ponta ... Mas meu filho ficou bem feliz com esse presente ! ,2018-01-10 00:00:00,2018-01-10 17:49:28
40ab9b56deceb731496a833527cd30b8,6fc77fe0941b9747d5cc3deae6025a4e,4,,,2018-03-17 00:00:00,2018-03-20 10:54:33
b28fdc1c0a9889da3614eadca9397461,41713846ac2af0e189ba1b8ba8288e64,5,,"São muito profissionais, a entrega foi super rápida. Gostamos muito!",2017-06-24 00:00:00,2017-06-26 00:06:11
de5f48f8e9513cd5553120633c38623d,ea28640cffa87eb4e40d8c864fb46aae,5,,,2017-11-24 00:00:00,2017-11-24 22:03:06
3419ea45577d4aad4ceb8598b83cf787,f2c78ae8a51c7fdd3c3f786f6dc49a6c,5,,,2018-04-20 00:00:00,2018-04-23 13:21:11
e4729d191f294a07d82db703cd203aad,1544633fddddf3dd98fd5e9eaeb01b4d,5,Otimooooo,"Recomendo 
Muito bom ",2018-08-15 00:00:00,2018-08-15 13:56:29
a1c66d984df8fb1d65c2e6553bb5dfb9,fb63c6ffdd965418ce463c165f2f0efc,5,,,2017-10-25 00:00:00,2017-10-27 18:42:12
bf2ca9b1aa418e8023e516336a6d1db1,b3f8cce18de7b670b4bf149957000470,5,Top,Produto atende as necessidades ,2018-08-08 00:00:00,2018-08-08 16:37:53
017a08c8eaa49f015f709267a34757a2,f247c7a7f6677c91066b72c033b635f3,4,,Produto bonito. Achei um pouco pequeno para a cama. ,2018-06-27 00:00:00,2018-06-30 02:57:24
6a7796e720ff981f6f3b1dadefce706e,aad4cc3a0a8f37c519c7d72ea429c11d,5,Recomendo,O Produto foi entregue ainda antes do prazo previsto.,2018-05-23 00:00:00,2018-05-23 11:33:46
81b13982511ec0c56fc02924c8dbaace,68987346a4a9df9cbbb2234b956dd59d,5,,A loja sempre de parabéns.,2017-06-17 00:00:00,2017-06-23 02:50:46
490aa9b59205d7ad87df2c1b74c32a61,4973b3b81af1585534c0b3de209acec6,5,,,2018-08-30 00:00:00,2018-09-01 14:59:02
a8886e28d64275e6cb90eca7a708d490,e93910bafae4cbaa0f18ae0d66959cc5,3,Recomendado,"O produto é bom, mas o vendedor precisa ficar atento a qualidade do produto.
O meu produto veio com um furinho, que parece ser de alfinete, mas que para mim, ficou escondido.
No geral, o produto é b",2018-05-05 00:00:00,2018-05-07 21:45:50
2229817b85fc816b9f9a6a0e7f38d7f3,e18b75b8b2ba4ce613d10b2fd820aef9,5,,,2018-08-03 00:00:00,2018-08-06 14:22:08
987016354841e54f7eb08a6cff44ad68,fc85b94eb688b0abb29954cf6354c1bc,1,,"Comprei dois jogos de cama da mesma marca mas com cores diferentes, porém veio o mesmo produto",2018-01-24 00:00:00,2018-01-25 00:34:18
e88c505513661bee786bcced0ddf0b61,f0c53ca3e5e7561fb1ff79116340d113,5,super satisfeito com site,recomendo o produto muito bom,2018-03-22 00:00:00,2018-05-04 00:44:40
561a18e680e9f2e08fac0c1b72fbb1c9,bf48c37aab37d5df8bf6bd53727693d8,3,,,2018-07-26 00:00:00,2018-07-30 14:34:58
0b771d60ec2a53024402650e82d43c3f,b11b5fa23629054214fa15a68c0cfe73,3,Falta um quadro,"Dentre os sete quadros que estavam no pedido, um deles não chegou. Gostaria de resolução e receber o produto. Aguardo retorno.",2018-06-26 00:00:00,2018-06-26 23:12:33
7056fa83425026aebcc953c051893811,e566c1b5be049c45a4e4f83c5101b3fa,5,,,2018-04-14 00:00:00,2018-04-16 15:34:41
0b16bf82b16e7f4013664e6b095a6c91,0179a3003c894f1dd3b1ddda5d1f8a12,5,,Tudo dentro do esperado.,2017-06-08 00:00:00,2017-06-08 23:16:42
5aa6fa305596861d4ddaf9d530372ef1,34c3abee8d77fe0a974fdfa816078235,5,,,2017-08-29 00:00:00,2017-08-30 12:26:38
71fbc1feab3216ba3f837a9dbc36d3db,616b813dbea8acc9de0ca0380cd89b83,1,,produto de pessima qualidade e a loja nao retora pra eu devolver ja pedi no dia 1 depois q chegou ate agora nada,2017-01-31 00:00:00,2017-02-04 00:07:36
708e8da9e722dd35283520043ad4c844,8f82cbff74ca9eba2273adac86c08a2d,5,,,2017-11-25 00:00:00,2017-11-25 22:00:06
f510b7429860d30219d7af0b684d8c36,ec38e40a750810e337a528576f0090e7,2,,,2017-10-07 00:00:00,2017-10-09 09:13:45
76537e00141e846c07d9e462f8aaa4cc,19071fa97256edc89512749be1569e7e,3,,O produto veio na cor diferente.,2018-04-25 00:00:00,2018-04-26 01:13:34
a5a98dc1f94deb84605ffa8b35ceef72,224b8a1097696621e5ab952014690223,4,,"O produto não é original, mas é uma 2° linha boa,por enquanto estou gostando, vamos ver se ela mantém o padrão de qualidade durante os jogos daqui em diante",2018-04-13 00:00:00,2018-04-17 11:38:51
205ae75e600221a58d2da1e031c97e24,98f0aebfebbcb44cfb1e1057ea15099e,1,,,2018-01-30 00:00:00,2018-02-02 16:10:07
77ff32ee0f3abe7ecf09c5ab2ec9d053,47c001ba3d3d57aa11d52c45995d9e11,1,,Ainda nao recebi o produto.,2018-03-22 00:00:00,2018-03-24 04:26:03
47371fa592824115e1e5673ccb527d54,09c06d47b8b58dbabf753646fe5b89ab,1,Entrega,Não recebi a mercadoria e não tive retorno do stark. Péssimo suporte.,2018-05-02 00:00:00,2018-05-05 07:19:07
59ee1a0951a2da893eee3303363a1836,de3353dc4eb5012999074ce70b124fee,5,,"produto bem acabado e de boa qualidade, recomendo",2017-10-27 00:00:00,2017-10-27 06:57:26
7999fc29eeb737df6f0fbd69f0c98642,dfd954e67c5eeaa6432cdc40a6b66d73,5,,,2017-01-31 00:00:00,2017-02-03 09:13:08
66cc728301f6c4b14f947d8549f3dbdc,ed6878f64d1bb00f07e210dfaaf9e4d3,5,,Excelente produto,2017-02-02 00:00:00,2017-02-03 13:16:07
b118cdef6c3c167e2c6b4db66a80c9f6,abef8b5d0f7fa066c7473db7d650c870,5,,,2017-01-26 00:00:00,2017-02-01 15:37:28
a944c25c4d1fca8073d0b43b8c83ab65,421deffec215845f8632fb3543789f86,5,,,2018-08-31 00:00:00,2018-08-31 23:42:48
3cf697e31cb983b683e7e1b475211b0a,ea77eb4f349110679bde0e77541dcb2e,1,,,2018-04-08 00:00:00,2018-04-10 15:12:24
7811086ce39ce059db11bc3549a5ec63,244e91c4c416908e17829094e3eb7aa6,5,,,2017-04-06 00:00:00,2017-04-08 23:34:36
ba6f63b982f013fca4db77476d7b05c0,3170de33866d3923448fa787230ef7d1,5,Muito legal,Meu pequeno amou ! Rendeu horas de brincadeiras a procura de fósseis,2018-06-24 00:00:00,2018-06-25 19:07:45
60f94367afe0dfb43a258543fa81a3f4,9bcfea969358b43046969a17bfa436b9,1,,ao começar a usar o produto o mesmo apresentou defeito.,2018-03-23 00:00:00,2018-04-05 19:27:25
64b23c30e8de8e09d1b18b2225884508,9241b8242fcfa16437e5eb1136ff9d1e,5,,,2018-03-30 00:00:00,2018-03-31 01:29:54
4d6cf326697cc22327cbab8433d135b7,917ca364b9fb9460dee6ea613ee2a5ab,3,,Quero trocar,2017-02-16 00:00:00,2017-02-16 22:47:05
5f30cce57d39804ff528c5f3a5041746,8b2fb881ec8d04ffa5bc7a27833ad984,4,,"Da compra a entrega tudo certo,quanto ao ventilador,ainda não foi instalado.",2017-03-22 00:00:00,2017-03-23 03:35:14
7d573e954333ae0f08efa6d23fc50901,34b1c1b1fca85eecadd97c4612423897,5,,,2018-04-24 00:00:00,2018-04-24 21:04:13
df6f7d0f2d9c6843ed2a36d60ae09b7d,726a67ad063495177a87c3958017c32e,5,,,2018-08-28 00:00:00,2018-08-29 11:41:52
6573885e5a81f41e87e99c41a8a4beb3,8c10b4712b6c450e49bcfb6b1e48449f,4,,,2017-02-08 00:00:00,2017-02-11 06:38:19
991fcba8b650fa3139109cdc7b73cd35,82bfafb84a5843f06b8c3983edb1883b,3,,"o produto parece ser de bom corino, mas suas presilhas de elástico se arrebentam, o velcro mal costurado se solta, não tem furos para os encostos de cabeça tudo tem que fazer, danificando o banco ",2017-02-11 00:00:00,2017-02-12 10:19:38
447bd2f670e3875977d6de194fbd9df8,dc170ecd2fefc21a44d0040b830dfa60,5,,,2017-03-08 00:00:00,2017-03-09 00:50:09
948c1093fc5e0db2081ce9f9b4a1bf82,14f6c86b695ea4ddd3dd4386d10388b0,5,,,2017-06-13 00:00:00,2017-06-14 11:48:09
9126363082ee965a17e8ccbe7d26ce09,ac2a626df847783c310f77108af182ea,5,,cc,2017-12-29 00:00:00,2017-12-29 23:57:25
005a68c1e45d2ef683bbdc7354c9d3d8,db0b12b763f716df3f27218724161479,1,,"Comprei 2 mini bike e só recebi uma, aguardo retorno.",2017-01-26 00:00:00,2017-01-29 13:30:24
8ca3808fc982439794e7c13a00311339,8cab96495293d1bfed0c4f34ae7fb9e9,5,,"A entrega foi rápida, a loja está de parabéns. Produto veio embalado tudo certo. ",2017-05-24 00:00:00,2017-05-27 00:51:31
2a4d88c55cd0227a2608aeae623853c9,4fc7ee0d4813a5443edc4f7348eaad58,1,,"O produto veio faltando,estou aguardando resolver isso ainda,",2018-01-11 00:00:00,2018-01-11 22:18:16
d8949cc65047d1fb816ac8c2500ad4b1,a2ad11ea44d93d936c3189c9975fe062,3,,,2018-01-06 00:00:00,2018-01-07 00:35:10
90e4094406fa166ca3c729a7a387e678,0a1ad2c293c3baacc6b2c2d442c71acd,5,,,2017-02-08 00:00:00,2017-02-10 19:51:13
5c6414a188c13bc738389a75208ecf56,4fd2c689dda2edbc8c11a796959a1d24,5,,,2017-09-05 00:00:00,2017-09-05 21:04:31
829082e05f9fa80c052c8bbd8e68c00f,cb80e3d30577a7af0b3b851f5f4ed92b,5,,,2017-09-27 00:00:00,2017-09-29 22:36:30
76316bd2809f185e0a111cefad46df74,0b1e77ab8db5ec5c6af5514bcdf20240,3,,Qdo entro no site e coloca o frete eles dizem que entregam em 1 semana mas demora mais ,2018-02-24 00:00:00,2018-02-27 17:08:12
f6bb771186db29872fd4c88ee801aa1a,d9e5efc8095789e6ed44f7419f794928,5,,,2018-08-22 00:00:00,2018-08-23 16:44:26
5f2b1802bf0399e7bafd13277dec1099,fe07292e1a88c0c8b22fc45b58da8110,5,,muito obrigada pelo atendimento,2017-11-30 00:00:00,2017-11-30 10:11:09
93af4c5a87cb54ad2c6a82f2ebc9ac90,e2f6bff876d784db1590923c91ead84a,5,,,2017-10-24 00:00:00,2017-10-25 00:51:15
0a12ae755a30d839e2ffde8d8b483d08,18cc97889312466cc90150237a3e2603,5,,,2018-01-05 00:00:00,2018-01-05 14:47:32
518d00fe7dc674e5c03ab2fe10eb4e82,c101853f695b94e64c34f41941ff1048,5,,,2017-08-11 00:00:00,2017-08-13 23:32:53
d9061aecfc8a01cda484479d6c27694a,d35c1cd70132b8215cbe4c943537d139,5,,,2018-07-27 00:00:00,2018-07-29 11:24:07
633ad37ad0803a2a998bf0f8ed30e265,913908597fea142985168af1fc46a6e5,2,,"Até agora tudo que comprei pelo sate da lannister, recebi certo.Estou aguardando a entrega da targaryen..que tinha previsão para o dia 26 e até agora não chegou.",2018-03-28 00:00:00,2018-03-28 11:43:41
1d82fd2028a894365512b8c68656c0bd,ee02295dfa5d0519664c1dcd4a70e87f,2,,,2017-09-12 00:00:00,2017-09-15 16:22:50
5e728b72bbe8e793ad1c12e93a9fe9aa,d6a6ab6b5f102f746569eb2c620e8be6,2,,péssima entrega,2018-03-10 00:00:00,2018-03-12 17:20:01
6c3cc5be1a08d98b6e1fa7053784cf2f,b391aeb86b28ac5a2085e0a77833bd15,3,,,2018-03-16 00:00:00,2018-03-16 12:41:03
9d1a163d060812d013765627ef96c50b,5182f75b9ed284e0a569ea4f61e9bfc5,1,,Loja sem credibilidade. ,2018-03-16 00:00:00,2018-03-16 05:02:06
86778c65c6f9486a2d982b148d097e2c,4e53a913dfd522beb67229c2784dde5b,5,,,2018-04-26 00:00:00,2018-04-27 12:06:49
5f9832b1ccd50949d17c186d103ae604,bfb7ce007bc3f08b946a9c620bbf344e,5,,Recomendo.,2017-07-27 00:00:00,2017-07-28 12:11:50
b5da8c372f190911d1218077c3e432cf,9a965cd710da5125076afbd641624600,5,,,2017-05-24 00:00:00,2017-05-27 20:58:18
9f2d41929815ed9877f3da6897fd1bfa,c6be81e3c1e9e15e5893e19d7ce49647,1,,"Primeiro me ligaram que não tinha a cor que escolhi no site. Posteriormente, recebo um mouse com fio (sendo que comprei sem fio) e não é um mouse gamer (conforme consta no anúncio). Péssimo produto.",2017-02-03 00:00:00,2017-02-04 11:15:15
5c8ff8dec0edc044c147fe9c8d2dae59,1c061a8ec3723c908e73a617687fe54a,5,,,2018-03-03 00:00:00,2018-03-06 00:34:37
d5450d1a3cd8bb265593f6c906b5d54f,38e9145bfbed86212bf884f4a8420fcd,4,,,2018-01-23 00:00:00,2018-01-24 14:17:41
c18636fae81657b65354a21fdffed916,c1875eb040541568d58640849b68b052,3,Tempo de espera,"Produto de ótima qualidade, chegou como descrito. Mais a entrega foi mais do que o esperado. Deixou a desejar no tempo de entrega. MUITO DEMORA",2018-04-07 00:00:00,2018-05-14 02:36:58
ac814869e7f9af29bf38d0dc60f00912,247ba9f6a94558776b1ccd2d59ce8cb0,4,,Entrega feita em tempo recorde somente 1 dia de espera.,2017-09-21 00:00:00,2017-09-25 10:56:07
43b8483310d4409ff79faa4e8203f2af,9ca6d17660064ab8bbc4a8089397afb1,4,,,2017-11-17 00:00:00,2017-11-17 20:24:22
a0f8707fc40241c93fcc266edbfe5158,90a35d6c7ac144ef7398458a2beb3963,5,,,2018-08-10 00:00:00,2018-08-13 13:48:12
0ee6123918129339a0b5fe2143b67eba,0c13a63ac0ab32f6187a8347b7a3ce2a,4,,,2018-05-05 00:00:00,2018-05-05 19:13:11
1442a2efd054f94d346ae4937d7963f9,d35ca5de99f9cb92be83a52973b5bbf6,5,,,2017-12-07 00:00:00,2017-12-09 16:02:54
a752355ea99f64139529a66652f410c7,7845d9a1a3d511b756a5c2c2352ba770,3,,,2017-03-31 00:00:00,2017-03-31 23:11:28
c5892132fb55e09dd01f7a0dd9c507ef,377ed239c64b69ab76ed4d18bdf76958,5,,,2017-08-17 00:00:00,2017-08-22 13:55:48
b6c15541f8bda0834657202bda16226c,4e3cf72d676f793f15859c9ae34be2ad,5,,"Gostei muito, recomendo 😃",2017-09-14 00:00:00,2017-09-15 00:51:54
286a5e036948fc1c8f9934ba7eb09128,9e5c76fbc358dc58156586a03f9fa07f,4,,,2017-12-20 00:00:00,2017-12-21 11:24:03
a642e0f91034dd80a7d41d079da556dc,5897449bce69856d88610b3c0f4f63b5,4,,,2017-02-10 00:00:00,2017-02-10 23:05:17
7cd5b9b380f1ac1391d3203960ed5e4b,996d1a75c8dee7aee3b0cb1d82b266be,4,,,2017-05-16 00:00:00,2017-05-19 16:49:13
3639e59f95a0241360cc0c52933c5493,8f3a46cc0e9d362bf43dd339e4379615,5,,"otima loja que atende as necessidades do usuario,com entrega do produto antes do praso.",2017-10-04 00:00:00,2017-10-05 23:22:47
8daf2f750cfe9ce1b231f1ef10e6d0ab,9e5608d7d556337c7a3f1bb6f0eea5b4,5,,,2018-05-16 00:00:00,2018-05-16 21:04:32
75cc245b0858ab65bd1fa88eec57d394,dbd8e1a6d62bae210e6a42ed8bcf8d39,5,ELOGIO, SEMPRE QUE COMPRO ALGO NO baratheon OU EM SEUS PARCEIROS FICO SATISFEITO,2018-06-19 00:00:00,2018-06-20 23:18:53
58dde20c53f73a1828b17d98e4d80a11,fbb38f33f44df110ef060767b70bdfa3,1,Tinta não é original,"Não recomendo a loja, estão anunciando tinta original Epson e não é. Uma falsificação quase perfeita. Revoltado devido a tentativa de ludibriar o consumidor. ",2018-08-18 00:00:00,2018-08-20 23:06:38
58d501b51bb2904d3f801df0079a6b02,15762fbce0478c48462956d3fbee08a7,4,,,2018-07-27 00:00:00,2018-07-30 10:30:11
eb37b493f1df329bd53aca24032f9b77,5c5c9fde60ffb741545cf2608e8c12ca,4,,"Sei que esse não e o canal ideal, estou ha dias tentando realizar esse cancelamento e não estou conseguindo.
Recebi o produto, porém minha filha ganhou o mesmo produto do pai. Preciso cancelar.",2016-10-19 00:00:00,2016-10-19 15:35:52
c97cc1edec61f884892d156d0d3badfd,3a8b1e565c498e2688ae1e60745544d8,4,,,2018-02-23 00:00:00,2018-02-26 10:17:45
55566aa57530159b05ab10371076942f,5c8d479eeb47c38de98d8ab2d956e04d,5,,,2017-10-21 00:00:00,2017-10-22 16:31:38
8577bed495ae57b5cfd73d85bbd6dd19,9ad89864a2f76f00c0d73d78e7a6aa1e,1,,"Não gostei dos travesseiros! Achei que fossem bons, não gostei mesmo!",2017-07-27 00:00:00,2017-07-27 23:36:50
78c10ee8df4e47dc877c682fa71855f2,56ef80c564f6fd57cc662adee0379746,4,,,2017-01-24 00:00:00,2017-01-24 18:37:16
12c18cfa6e87ca555351071e550f0bdb,db0d6bd65ccfca6371985ebcc2227efe,3,,,2017-03-18 00:00:00,2017-03-24 18:41:13
6387c7e64f80a2ab5855acc39c8a6d1e,884cb4ce4a06390d35206de06f785d13,4,,,2018-04-06 00:00:00,2018-04-09 02:16:15
4369d9d97155a8355ed99e4d165b1282,46d69313b61b50a82923f811db17de3b,3,,"O produto esteticamente é bonito a entrega foi antes do previsto, mas a trava do cinto da cadeira é muito fraco a própria criança consegue abrir com a mão. ",2017-08-03 00:00:00,2017-08-03 23:45:19
d0a94d33325b4514eedda1ecab9c7439,fb12ff6f5be15ffae684b3cc37abdf24,5,,"Gostei muito da manta, de material excelente bonito acabamento preço e prazo excelentes. Chegou certinho como combinado. Super recomendo!!",2018-01-24 00:00:00,2018-01-27 16:07:34
92bbbb07a21c5a25d34ef71d9e3102da,c952071f38138a067c714cf653f34aa6,2,,O dia da entrega estava agendado 03/08 porém não recebi,2018-08-02 00:00:00,2018-08-04 11:59:23
709086a071bbf6258e18eac1486f09bb,14f81abb54984ba116bc1994d6a34b9d,1,Produto não funciona,No primeiro dia que utilizei o produto o mesmo já não funcionou.,2018-07-10 00:00:00,2018-07-17 10:44:51
58a52b6a2e79cfd9c460b7453fa2f50b,8ad90551f6c31bd81ee660c78c7250ca,5,,,2018-08-18 00:00:00,2018-08-18 18:59:19
628264d69bf42db90da79b4b6c3e6a6c,42a05f75800f7b2f57f1c57a63955911,5,,,2017-10-19 00:00:00,2017-10-19 10:13:01
39d338b39500678b82a8946cac3dcd91,74962a666c603a2f294a4f3846ae3b40,2,Entrega de apenas uma cap,"Comprei duas unidades, mas na embalagem veio apenas uma, quero saber o que houve, pois paguei dois e recebi apenas um.",2018-06-06 00:00:00,2018-06-08 14:39:13
d36f509a091f05adfdd97e9351f40601,4a7062d398b2eba9c25e6483b056df8f,5,,,2018-05-05 00:00:00,2018-05-06 06:21:03
9da3e2cb7b2f35cc55fdaafb4f19c31a,8bc835be169be964f492f42b517b0a3c,5,,,2017-12-13 00:00:00,2017-12-14 12:21:30
fdfcbc7ce92adf0acda73e470552ad6f,5e7e66344d4f127f114875c930d621f9,5,,perfect...amei,2018-02-17 00:00:00,2018-02-20 12:12:54
53f6dd65b23dc8f959c88c54d3c864de,987b7884b5b6e23a2b4d35d8213815a2,5,,"Produto lindo, ótimo material, muito feliz com minha compra!!!",2017-10-20 00:00:00,2017-10-21 00:24:12
d3bfc32e95d44b7dbed2066933cfe95e,2812dbf450ac5dd26b952cfc6db60529,4,,,2018-08-30 00:00:00,2018-08-30 18:04:34
35bd753bc196d9b857c048d1468bab2f,558731462aceb9588378c7c19194d2db,4,,,2018-05-19 00:00:00,2018-05-21 19:47:24
c495c0857dbe5f29c0baf66303b76c70,8c4c737b202bd8dcdaa2336b54e99dc7,5,,Adorei desde o primeiro clique até o último. Fui notificada de todas as fases. Mega rápido ,2018-04-18 00:00:00,2018-04-18 14:17:02
e4ab1fc42ea3078cd0eb6e4c787687ce,c4dad201936ed30eef3c94fafa59ed6e,5,ótimo,"indico a loja
prático e rápido
mesmo com o problema da greve dos caminhões",2018-05-26 00:00:00,2018-05-28 10:27:20
131f6362f6091a6e2ade79782d5d14e1,53e92c6a182704806c0b00b02f89ad32,5,,,2017-08-29 00:00:00,2017-08-30 01:06:27
cc52cbc223bdf504ba30676b9ceeaff1,4e1d5bf07ad851a6470d6b28cfd1f1e6,4,,,2017-02-10 00:00:00,2017-02-12 22:25:07
2eab0b2e6f5bded4d9b0b2afcfdf4534,02e0b68852217f5715fb9cc885829454,4,,Gostei chegou rapidinho,2017-12-03 00:00:00,2017-12-03 21:56:37
cce74c56f7ac29407263c55e13ae0f83,0aa6d207e7ba004eef415715c25765ce,5,,,2018-04-21 00:00:00,2018-04-22 13:37:13
79dcf23d0e5af84254760b5e8af526fa,6ba5ec180235f8b95042925408ed3bd0,3,,"Comprei 2 cartuchos achando que eram do mesmo fornecedor. Por fim paguei 2 fretes desnecessários pois 2 cartuchos foram enviados separadamente em datas diferentes .
Não gostei. ",2018-01-30 00:00:00,2018-02-02 01:59:31
3aeb06b1ecf68567a52006bfe7f73048,b040969443a5b34aa13dd9fb64961d02,1,,,2017-05-25 00:00:00,2017-06-04 05:51:57
b1a77b85a7bfd56ff35f94fc31461a27,04082ed3fe3aa0b4af00796e94ead6ba,5,Relógio Casio.,"Show de relógio, modelo muito bonito com preço excelente, entrega antes do prazo, recomendo.",2018-05-26 00:00:00,2018-05-26 20:55:29
4a295cd3b14f25ab84f7c242796e6b07,d0462d19e9c58af6416a06e625c58f13,2,,,2017-07-27 00:00:00,2017-07-31 16:01:08
fcd5083f1167356906492ea19b49c174,e4b2030986f453ba45c63a508073e3d3,5,Muito bom!!,O produto superou minhas expectativas!,2018-05-19 00:00:00,2018-05-20 21:24:47
93255eaf81129d81e01fe868b88effb0,689d9b46b0376ea4ebaeac46ebd6fc18,3,Bom produto,"Bom produto, porém, no site achei que fosse bem maior, mas está bom. Recomendo...",2018-06-15 00:00:00,2018-06-15 23:47:42
16d8fcf9ba5cc1c57cfd8c77e3845362,d574338f566ca28dd67820f48ec1f1d8,5,,,2017-12-30 00:00:00,2017-12-30 23:37:17
2d66f22841dcfd16f9e4accaca2c6e42,b1c1cc09ffd5666fc13da046dc5900e3,5,,Sempre comprei nesta loja. Recomendo com certeza.,2017-07-22 00:00:00,2017-07-25 11:25:35
1eea5ac71f4d9234cd164b38528dd637,2f7b0d36ffcaf0277583329ded34c97d,5,,,2017-03-14 00:00:00,2017-03-15 13:53:47
021b26538579fb0ae28fa319c9378a2b,e0e1fe9ae2dd406e99025006b746c364,5,,,2018-08-31 00:00:00,2018-09-03 22:06:27
36c26156fb7ec391e1caa50f6ebeae31,123eb6c42fb774382bf82e6a332af592,5,,,2018-03-06 00:00:00,2018-03-07 18:31:28
4be35b5efdda7c738763116da18fb580,d0b29bf966cd5fc8d2b5274157396dd9,3,,"Infelizmente precisarei trocar, pois não serviu.",2017-06-22 00:00:00,2017-06-22 23:47:20
c9af084163a1aca251d8c36779429161,9eb625cb452456dcf60ac5b2ce2ed445,5,,,2018-03-11 00:00:00,2018-03-12 21:18:54
1d0ff88acef4c3b9fc1780f53c44bef2,f32430cf068c4689e9ca4c0d46ea04a3,5,,Ótimo produto...,2018-03-30 00:00:00,2018-04-01 21:07:03
dce5ff7ec4df694c1894fd5b264e7367,8e41a4552a7f51874a72a22b403160b8,5,,,2017-12-06 00:00:00,2017-12-07 15:42:36
2a807998867d4dc33701b1703219bdba,97cc8153b2e7c816783e0ba60083ea67,5,Ótimo ,Gostei muito da rapidez na entrega,2018-07-05 00:00:00,2018-07-07 22:17:11
a56debba3e1fb6e63ac2ba408aac54e9,6a840170ff9f5c99f069b8526d8c21a9,5,,Entrega rápida! Produto com ótimo custo benefício!,2018-03-16 00:00:00,2018-03-17 01:12:30
56fa821af03d0ed9b61b3c64b09b119f,4da4840a1f38aad712a0857596e24b44,1,Produto parcialmente entr,"Comprei dois jogos de susplat, mas veio apenas um. Qualidade do tecido horrível. Quero exercer direito de arrependimento. ",2018-07-31 00:00:00,2018-07-31 19:08:42
52b86c0c6f38f8867033efcc75b5ef83,adbbe31eab3ec8799e71b8fd89956464,5,,,2017-02-10 00:00:00,2017-02-13 14:10:06
bbfbf3574bc4d2e86ec3be227500a3f2,1ee5be25d6e54e1ea3c75d3fc9ca3d6f,5,,,2017-11-08 00:00:00,2017-11-09 11:00:48
8a24b9108e492e22e16764ce68fe3111,be09f109e6aa72ccad1f72f521f8d525,5,,"Entrega muito rapida, muito antes do prazo ",2017-02-16 00:00:00,2017-02-16 19:27:59
852f7bbefaebd9fb27e4e9afed85803a,2c7e5cbdab3bc1cc70b61425a7648ff1,5,,,2018-01-04 00:00:00,2018-01-04 20:25:37
31a71ab8f18f2e54b92360d7b17886e6,c2b819b02527dbe8dfe424c00d999e0c,5,,,2017-12-21 00:00:00,2017-12-21 19:39:40
cda23c85a46f579e0153bc147735248c,aac512eec9af2f337dab624bf711cad7,5,,,2017-11-10 00:00:00,2017-11-13 16:13:29
4ac0afc8ea3295d1f7e6ed93ea4a45aa,aacbf13db267af0f239fc7ff5dd513ff,5,ótimo,otimo ,2018-06-05 00:00:00,2018-06-05 22:22:28
c3682d2306d35a08c131aa228bb3ef2e,c870c1f3a9ba62194d1060c0accb18dd,4,,,2017-02-02 00:00:00,2017-02-04 08:19:08
e608080b234af356dd8ea257e2294aa4,0379c7b005e9be5439462ece4e356341,5,,,2018-03-13 00:00:00,2018-03-19 09:50:57
961853d002d30b2c622574156ff6fe72,28d07cf52af4d36587d0347032cebdfd,4,,"Recebi o produto certo mas divergente da cor solicitada.

Solicitei cor preta e veio verde",2017-10-21 00:00:00,2017-10-23 15:30:43
b711d5faadbfd45642148c497a2a9fd2,b79fa3320d9e28aa6994cd6864da40ba,5,,Como eu imaginei,2018-01-12 00:00:00,2018-01-15 00:19:57
304470f2ff10f804a03a0db90857b2d5,1962f977f7b7b5eb73a3c2c39bbc93b5,5,,,2017-02-01 00:00:00,2017-02-01 23:54:51
ca514a4c482df7a74fa097aebd4af3de,6acecf438369055d9243e121045cca74,5,,"adorei o produto, a embalagem, o cuidado no envio. tudo excelente. recomendo!!",2017-01-18 00:00:00,2017-01-20 10:01:16
d9c9222aafb3b2021630e68774ba2727,45623f1421557207f2d93ca576418a4e,5,,,2018-06-08 00:00:00,2018-06-08 21:58:33
ec02e8b5acd431a4db9e1f5f712dc732,0071ee2429bc1efdc43aa3e073a5290e,4,,,2018-02-01 00:00:00,2018-02-02 12:46:16
9a23eab878438769eeddb990250a6dc6,674b530698f9bd8a9167b30ed86bd51d,5,,,2017-06-04 00:00:00,2017-06-04 19:05:31
d0676385543e594910f92b2cc4ec36bd,fbae1b9dac9991f79b54655e26cbe64e,5,,,2018-06-16 00:00:00,2018-06-17 01:38:02
8f2d7dcfe37afdad34ea532b2bfc8aa4,7f724def94965291ea5556ad34f72a3a,5,,Adorei muito lindo super recomendo! ,2017-11-14 00:00:00,2017-11-17 00:09:30
40b7bda5e4f7d0f416484f62935c5960,dd1240d12bb27a5516e0bfe172c26d0b,2,,Eu vou devolver o produto,2018-03-30 00:00:00,2018-03-30 23:02:24
642c089e45f231185f4a6a2863487d1b,680e610535fa4d02ce2d6a820946afb8,5,,"Comprei um kit bolsa para bebê e gostei muito, chegou bem antes do combinado...

Superou minhas expectativas...",2017-06-29 00:00:00,2017-07-01 23:12:07
b7644857af07ec4f1abc07a7a45ea687,3e07f3e5491c1c3d9c9f02a1071006a7,5,,Parabens pelo produto. Muito bonito e o prazo fe entrega perfeito. ,2018-04-24 00:00:00,2018-04-25 00:05:05
fa68fa41d709d68688f6346a67aa2a50,83eee67c21d596a653687afe2c8ebad8,5,,,2018-04-27 00:00:00,2018-04-29 22:34:45
e587cf1954fc358343a8c510c8694269,5d36e8ca3ccd1262b7641467fdba0b8e,5,,Muito obrigada...vcs foram pontuais e uma loja com grande responsabilidade...,2017-02-10 00:00:00,2017-02-11 13:30:56
00769f578dc2ecc5aa37e6a0269853d1,3c5b8e9f31061a7aeb8531216a18606d,5,,,2018-01-06 00:00:00,2018-01-07 02:11:51
d7ea718f42aa530949de5a323764fc7c,e35a9e312880dfa98135b6a97237b272,4,,,2017-10-19 00:00:00,2017-10-19 14:55:02
c96cadb19e848343f547141d1ca8b7bf,8797dc96576f93204dc46d189f4a724b,5,,Entregue antes do prazo.,2017-11-21 00:00:00,2017-11-23 20:07:42
29a36b1d233f0c446decbb5b894bf5c9,00750f68bb64537034e93554c64b41b5,5,,,2017-11-15 00:00:00,2017-11-19 17:03:41
06ad2891ff00549761b1f251f0abd3ea,4060a8c4cf4cdd2f9ffd6f7af3930fde,5,,,2017-12-15 00:00:00,2017-12-16 01:02:16
99dc5f74c0cffb290ca5c09283b4ff8b,8f2e84cb21fcbe7e95d12e4f0dc80487,5,,,2017-09-20 00:00:00,2017-09-21 20:42:51
a6bc8568a68bab4173726338c55e6134,b4a600b2f7cc0efe40a086465eca8799,5,,"Chegou antes do prazo, o produto está em perfeitas condições de uso",2017-02-09 00:00:00,2017-02-10 09:06:35
0d7abc9e3f138dc08aa8e6c67257effb,c0b467fc5a41347b9e8e6000e3526d21,5,,Recebi o produto bem antes do prazo.,2018-07-05 00:00:00,2018-07-09 13:11:10
834cd7320e0caa7a3f317ae3a7347146,985a7ee1a544f6f20cda38931a22a6dc,5,,,2018-02-06 00:00:00,2018-02-19 12:39:07
a7201a217e8f6aafc7976c33467c0429,a04fb6341ec58dddcf7ecaa4c6322f55,5,,,2017-10-24 00:00:00,2017-10-25 02:56:37
2e28448cff63395e2a177cc56470ee52,9fd4316339aa48df346fd744dc682ec9,4,,,2017-03-14 00:00:00,2017-03-15 11:53:24
8907bcb2139cf44d23c5b4cf89db3238,2140193e2b0829d9e294a5b08560a497,5,9,,2018-08-29 00:00:00,2018-08-30 10:16:26
87cd047aa5c2e282b195d9b7fc1c550d,b465dc60a138cc55216607ef27065acc,5,,Tudo ok,2017-03-29 00:00:00,2017-03-30 01:38:44
9dc50077272395ec4c7dcf0ff89be4fa,4fe2e8b329e56a00aba9b0136b46f00f,5,,Super Recomendo..Um encanto :-),2017-01-21 00:00:00,2017-01-23 09:57:30
605d23ca35609a18b86db4a09c5c30a5,a3be6697885b394b9fa9a177c3f46239,5,,Ótimo produto e em ótimas condições ! Recomendo com certeza. 👍🏻😁,2017-11-09 00:00:00,2017-11-12 03:41:01
1503fa8c2206e44c184b36b0fbd13c39,d762e245b7d93fe1fc56d6ed89782027,5,,,2018-08-15 00:00:00,2018-08-18 22:36:48
222cbe6d3d5ba3e9e6218af691e09a25,34fa8bc180c03d1b4c70250bca0adace,5,,,2018-02-06 00:00:00,2018-02-08 22:39:02
f9bab8cc3bce424be0ce7bd4d5195593,fd93073bf4bfd856573cfca0c959483b,5,,,2018-07-12 00:00:00,2018-07-13 04:24:43
fdad6574baf05d5e0c26bc86b750e72a,86aac59946aefa2672ebf7d495980b27,3,,,2017-05-09 00:00:00,2017-05-10 10:44:03
48c29e6142af56056a727e96bdf8fc35,682bc14ace7856a832cef3a783e4886a,5,Ótima ,,2018-08-31 00:00:00,2018-09-01 03:35:11
1d9fe97ca394c5f9ab7781a97edd6ebc,121dbde7d88c82adc886e26b28552ef7,5,,,2018-06-08 00:00:00,2018-06-11 16:47:50
5f5654a69bd184101f469579a75232b5,ec02fec9423ae39b2f91ff964bdfd87c,2,Bom,,2018-05-22 00:00:00,2018-05-24 23:44:06
867f0ceb6e37429395e1f0c34ecb5c72,2b851d9512b237dafe33b79cf00c9885,3,,,2017-12-11 00:00:00,2017-12-12 01:19:38
04aa4b69f8cb548a385319d0c90642ac,9a22906fa846451c54fca825591c0577,5,otimo,Chegou antes do prazo. Muito bom o produto. Fácil de montar. Parabéns.,2018-05-12 00:00:00,2018-05-14 14:24:50
6f6f82d86f3d6edfd5d96b90c798ecfe,2b29ddaabb47afeacb5daa2c68670baa,3,,,2018-01-04 00:00:00,2018-01-26 12:28:25
6af3718fca242d12ae44ceaf8d11f020,38fc09accaec15642b3f2ce5fc46ebb0,5,,,2018-08-30 00:00:00,2018-08-30 21:46:03
58f1655df206a9a40482b929b81ee671,67be6410d453784501c125d4f0ecb741,1,Não recomendo,O produto me chegou divergindo em relação ao informado no site sobre o funcionamento do mesmo. Falta o botão redutor de velocidade,2018-07-21 00:00:00,2018-07-24 00:09:40
c0feb5eddb13caa898ad35b7271ab4f6,f07ad60eb1e9d4b3be1029f373321408,5,,,2017-12-12 00:00:00,2017-12-14 12:01:58
2a2b45267f4b7509b808d5d8183f6190,78e71adaa2a4cd500b0c3421c6c588b8,5,,,2018-01-26 00:00:00,2018-01-27 01:14:44
e1231922a12015c50ef6f7b2f4336951,1cc1289499f63feb5febc86506a7052c,5,,"Só faltou mesmo o manual para regular o relógio, é meio complicado. Vou ter que levar em uma relojoaria para me ensinarem.
Mas o produto é o esperado.",2017-09-21 00:00:00,2017-09-29 10:15:24
d64300a5fe5d674828b4454c8a779e44,77d599900cf351da04c8d0f7b5ade74d,5,,,2018-01-29 00:00:00,2018-01-30 12:00:49
c02a2bb0a98e9af31be0646b4625aa73,f8822b6085858dd513bb20e7e0c88e83,5,,,2018-05-16 00:00:00,2018-05-16 20:35:21
a5e50067f0644a8dec40ef96c8eb7a81,9d57e7a9c3dae94772187f73e97d9854,5,,,2017-02-03 00:00:00,2017-02-04 23:32:17
99b3d4b8f7d9d2fce5477fcee94e6f37,eff124e4c7161cdbc3ecd912e716715e,4,,,2017-10-05 00:00:00,2017-10-06 03:15:14
6a535400a4c9297589857b1e2cfe1e7f,cbd73a65c5edc13fbcde523d1ed2090f,5,,,2017-03-16 00:00:00,2017-03-17 12:51:15
fb874b5f5567e2aa799284c03079d90e,1c5998a66da200447c5cbb528969a95a,4,,,2018-02-07 00:00:00,2018-02-09 08:39:09
3228ef2e2371339d59adcf9a3a817826,f0e14b83b8b12697246a18f91e0377e5,1,,,2018-05-11 00:00:00,2018-05-12 12:30:45
4a0c09be13ef72afa6e548c532cc5e4e,49693494d8f42b42b80c8241976f8460,5,,muito bom produto,2017-05-19 00:00:00,2017-05-20 05:47:18
a14f2a79912afd0421724ca34d7b0123,53c898ca05dd376204a04358c8dd0e79,5,,Experiência ótima de realizar compra na loja lannister. ,2018-06-20 00:00:00,2018-06-23 02:51:31
6ec832da9f45cf50af5a9c8d8a37c126,6f4452481a003461b40a81ffa3605ac6,5,,,2017-06-08 00:00:00,2017-06-09 11:47:25
5c19a219ed49a63ccdec00f498c09523,a6e620028382225481aa2f6ba5158dc2,5,,,2017-11-14 00:00:00,2017-11-17 12:02:31
c417388f034f4d97e43b18486213de4b,1f59870d6111d909e3c3f511d4d6dfe2,5,,,2018-08-23 00:00:00,2018-08-24 17:04:12
ce5e5725c5f923da4cf2f9c1948520a0,beeff7037aa708c19973290382629a4c,2,,,2017-02-22 00:00:00,2017-02-23 15:36:11
016887889a1fab6ba157b0d9b16f4b5e,b207236ad11942c69cec11bb58240dd1,4,,"Recebi o produto certo e antes do prazo.
Valeu stark, targaryen/relojoaria nishimoto 
e correios.",2017-10-21 00:00:00,2017-10-22 12:43:40
e208f9e1b32e0b048d60ad6a23d51a45,1fa3578be8d670ef139e0216365d71dc,5,,,2017-11-04 00:00:00,2017-11-06 23:44:56
73f8c9bce7d4179b0cd3490d9aaaa61c,64bea65441db4c3e2817c4986436a56e,5,,Satisfeita com a compra e entrega.,2017-08-29 00:00:00,2017-08-30 12:17:56
7598ed9deff447145b4565d21582aabd,687297c4cb20d6fad502624bed7376ec,5,,,2018-02-10 00:00:00,2018-02-12 17:56:14
ac20c19798af6321d4436914eb5dc45c,2bd2241ff5bd59887a8a706c309c5938,1,,"Pagamos caro para receber em casa (frete de R$95,00) e ainda não recebi o produto, não consigo retirar nos correios pois não deixaram o papel de retirada na minha casa. INSATISFEITA!!!!!",2018-02-02 00:00:00,2018-02-04 16:56:12
fa1d2473d78fc2c37a5973f10e598c24,213014b043512462e21606eccb1a4aae,3,,"no site estava como havia que já havia recebido tudo e um dos produtos não tinha vindo, ",2017-12-04 00:00:00,2017-12-05 08:45:55
f627b1493647cec8d5e34522b5d2a252,64d493ad39cf733d3cc70821e69208a2,5,,,2017-03-22 00:00:00,2017-03-22 20:58:51
38d10a77c07c6a77fb06074cbd136d90,bab0a62e41a5f0abc7f04989cdd7a6fd,5,,,2017-02-09 00:00:00,2017-02-09 12:16:12
750743b06782306d6253173e046327f9,a6f6ef4007557b03f6b82beebc22150f,5,,,2017-09-05 00:00:00,2017-09-08 02:02:57
8f5d56912dc6801f0ac9f4e3ff136893,66144189f7b5fbb4eb76eb513ac33a17,4,,,2017-02-07 00:00:00,2017-02-08 22:11:25
5c5d4b25d6302c259ee169837a0e9a73,3139cd96bee99e023a4a899b9ffc5de4,5,,,2018-01-27 00:00:00,2018-01-29 15:13:08
8a8685c5c82139492c1c2ffc9c34b784,9da2e0a62b0b95234b66349473d9616d,1,,Quero trocar o produto. Tecido da cortina mega fino,2018-04-19 00:00:00,2018-04-20 03:21:32
46f8a930799a2f3f98305efef9933085,dddb05d44cc0328777c8d87c479b3680,5,Super rapido,"recebi o produto em 4 dias, otimo, minha gata adorou, não para de beber agua !",2018-05-09 00:00:00,2018-05-10 00:41:56
e874a3e376bd5ddc89e40d553886c7d0,f4026d9ae34e982204b4f7b627939d32,5,,,2017-02-03 00:00:00,2017-02-03 09:38:07
e7fe983abe23c4a31196a9f48576e1da,964d7960d6a2fad0dbe19f9365bfac2d,4,,,2018-07-28 00:00:00,2018-07-29 17:19:06
67a5cd203ca59f5cb234a83734e160e1,6afe56a58c8b67e87e2abd3e88c4f41d,5,,"RECEBI O PRODUTO DE BOA QUALIDADE , MAS COMPREI NO TAMANHO ERRADO, VOU DEVOLVER O PRODUTO POIS NÃO CANE NO MEU CELULAR",2018-02-02 00:00:00,2018-02-03 23:14:39
a268e735773659e11e4009e7ecfae4cd,4a514eb755fe5187e79bb4765ba82d51,5,,Ótimo produto e a entrega super rápida ,2017-04-14 00:00:00,2017-04-14 21:29:59
acdcd7fbe4c8d286f5b4d49f1e1abc61,c04bad4eeff4c1cec55dffc72e2d3a85,3,,,2018-04-11 00:00:00,2018-04-11 23:57:02
dbaf79bb8eb1e3ac3bea731852711820,ed9ddf13b205161d8ca32de15a50a5c7,5,,,2017-12-20 00:00:00,2017-12-25 23:04:55
d87789ad60fd714690773ff6fec26e3d,d1579c450369b0b5d8bc67cdc0fb1f08,4,,,2018-01-04 00:00:00,2018-01-06 18:33:59
1b0aeb52456b2f2546b38dc63c588309,85f900f229f817bf7e71ed0c9fdb4fa3,5,Muito bom ,Ótimo perfume recomendo,2018-04-26 00:00:00,2018-04-28 13:40:52
220697b4c00db142f35540e2b225860d,a28eed39ae05f21eb40e88b4cfa90b7d,5,,Otima,2017-12-14 00:00:00,2017-12-14 20:42:17
3781ba8d4a6a73143d9e77fab10a8864,6ff09113fd48861d786d40583b7f2aa3,5,,,2017-02-07 00:00:00,2017-02-09 22:59:50
3a5f9b85a7f3e77db41eb2a7d0eefd2d,387d6eb2681cc0d53bf68df6845a729a,5,,"Ótimo vendedor.
",2017-02-18 00:00:00,2017-02-19 00:34:33
90f4990604d4ebb70a80eb31a17856d9,5ac2c9301491372ab320f5aa4e451ff1,5,,,2017-11-18 00:00:00,2017-11-19 14:43:09
277071fdc7767e02ef612690c274bd30,bb4355fedc9f43e7270f49187823b24b,5,,"A Entrega foi rápida, gostei muito do produto. Recomendo essa loja",2018-03-06 00:00:00,2018-03-07 01:49:23
50a97079bab9b08502ac7ad2d962ae78,8ae7da80a0ae007c1d30c6ff5dc3bf26,2,,Produto com defeito...,2017-12-20 00:00:00,2017-12-21 10:40:38
fe8455e710e1d52d77ad32ab66f19ddc,716ae039823c5b809fbf98d24626922a,5,,Produto bem bacana!!!! Acabamento perfeito!!!,2017-04-19 00:00:00,2017-04-20 10:10:02
8ab87c4e09b7c1f1f8ea576a84513604,57490284e3524fb4b1c4112fa966cbde,5,ok,,2018-07-11 00:00:00,2018-07-12 01:34:35
1c10e03097b4028fd1daa99f353ac213,f1462e755e6dad34d26392c0715bfdab,5,,,2018-03-17 00:00:00,2018-03-19 23:11:25
a975fc566b05f277ed2fcbd411d5d6b2,0e1628ef32043a2e0c0d7152af698bd1,5,,,2017-05-09 00:00:00,2017-05-10 00:04:58
55067b76abad7e13f9c14bf169ee071a,50e49c6629868bcdab3c499bb73fe2af,4,,,2018-04-05 00:00:00,2018-04-06 22:18:05
c9987da9822a3291cf5008805cc05743,6e273ddda8f080e930bfd87f011395c7,5,,,2018-05-13 00:00:00,2018-05-13 07:32:07
7572bccd555fa419ba1d4918b61f49b5,06e93d3bf0469b969d3eb95a8d55d68f,4,,,2018-02-21 00:00:00,2018-02-22 10:12:13
a5901ae35a2bda66326ed8345d111c2c,99221769ebf04d97afe0f08894b75586,4,,,2018-03-25 00:00:00,2018-03-27 21:32:19
623551cb50e1b1af47da720d658603b4,d0ea854aa5d2827dc112df0048f817b2,1,,"Comprei um simples pendente meia lua no site das lannister, vendido pela loja targaryen, em 09/março e até hoje, 14/abril, o produto não foi entregue. Não recomendo compra de produtos desta loja.",2018-04-14 00:00:00,2018-04-14 18:14:41
17108573b9e269e3a6b6fa3ccf9715d6,d8af11fee1f5a13bf7b3584b9cce55fa,4,,,2018-02-27 00:00:00,2018-02-28 01:51:37
2d71261edbba4c389228f8a13323475a,a3909608536539d6055e808cbc73894f,4,,,2017-12-09 00:00:00,2017-12-11 11:12:23
cb8f1810def52d7a086d626c8e505baf,aa7ad6a7e355155075a22ce9de8664da,5,,Super recomendo produto ótimo... Entregue antes do prazo,2017-09-15 00:00:00,2017-09-15 21:07:31
361beed763c38783e16e86072cc847bd,c25563978406540119e9bc10980b2fdd,5,,,2018-01-11 00:00:00,2018-01-12 00:16:51
ee23ccfe2e166f39d451bcf7db97839d,78ed31442f1dba103a38d372eff51503,5,,"Demorou um pouco, mas dentro do prazo.",2017-09-01 00:00:00,2017-09-04 21:51:02
68027e108c632c9dae16f616f8a32052,ff6f331d72b0d62624db312fd52fa91a,5,,,2018-05-15 00:00:00,2018-05-15 19:55:53
c83c17af32c8d0fea7d4c7480d177575,05d3fead61b937bd7176c28ef8ed34be,5,,Recomendo!,2018-02-05 00:00:00,2018-02-05 20:49:57
79b1b90d4197a38668637e68c40443aa,a1a904e8b9bcacd940d9e8f476467cce,4,,,2017-07-19 00:00:00,2017-07-23 01:39:11
e6f9500d6c8f23011920733b19598a42,e582cfe4b3a98c739d268bea062b2f8f,5,,,2017-10-19 00:00:00,2017-10-20 14:54:17
a186eccec8638ee71049058586e8d6a1,e69e74f39691b8c09d8660c8e000ddd2,5,,,2018-08-09 00:00:00,2018-08-10 00:09:40
7440770c7977e950229fa7a8b34a7f0f,2d7eb01778411aad90ac1f9b50187b07,4,,,2018-04-18 00:00:00,2018-04-19 01:06:58
fb9b8a53980e186bdd188807c5494984,5e41372dfed214a973d082c2ba36e9a1,4,,,2018-06-01 00:00:00,2018-06-04 12:58:13
345a3e034220a1e3d0c3b99f5f5fd6c7,721c8ce6d70e0d7c73d0d0ec262b09bd,4,,"Produtos entregues antes do prazo, clareza nas informações e retorno imediato das demandas é questionamentos. Recomendo as lannister. ",2017-03-04 00:00:00,2017-03-07 12:04:54
1f3ea7696ab23b0f7decfc29ffab4f7d,931eb9b18a6471d1f635ff15fcbde0ca,1,nao recomendo,"o cartao do memoria nao funciona corretamente, perdi os arquivos que coloquei no mesmo... preciso fazer a devolucao",2018-05-23 00:00:00,2018-05-29 01:52:02
60987a9480d67a7bb5dda405d0f463a6,51a78fb31e4d1dc9a712c428af94ce6d,5,,,2017-11-14 00:00:00,2017-11-17 00:29:46
246a78ba19361cd76642be3a8f650719,9ebfe4f8443f801cf3685442b0d26e6b,5,,,2018-01-16 00:00:00,2018-01-31 11:48:52
1026f11a46b4e9114012b9ae2e0c9313,364d9b97d95d0b5128f8c03467a03f04,5,Muito ágil ,,2018-05-18 00:00:00,2018-05-21 15:33:22
d0f042c652677c4877734b7742f7cb7f,91bc515746f412867344f7ee8ce0c60b,2,,,2018-04-25 00:00:00,2018-04-26 10:33:56
e7fe983abe23c4a31196a9f48576e1da,9c957591bcb898e6250cde437b938d95,4,,,2018-07-28 00:00:00,2018-07-29 17:19:06
13fd39a73ae493b85c8e74fa60152572,43d3bde64fc6f4f2f504d808d3be576c,5,,Recebi o produto correto e bem antes do prazo estipulado pelo vendedor.,2017-05-19 00:00:00,2017-05-22 11:41:16
d66163091e4a17d5e0e4a7b8f1c6131f,6744d76b253e71e06a89867248227b9c,5,,,2017-02-09 00:00:00,2017-02-10 00:53:24
44e1ef4675c1eba1f0cf43a36be612ef,c39fdd3fcd0af98b287d3c9732a7eb38,5,,Tudo certo ,2017-09-09 00:00:00,2017-09-10 00:27:54
4ec800b141be04eded850f73ea811137,26309b9af9801e215252ef79be51f75a,5,,,2018-08-28 00:00:00,2018-08-29 11:24:45
4b40642234bcb1e0539f39dfccb251cb,38a5a268ed9f84995c960ba876ab6952,3,,a balança veio faltando uns ferrinhos na bandeija dela ,2017-05-07 00:00:00,2017-05-11 19:32:58
1bad70fdde0cd35a2c1c207be1f821ef,7c2ee08449e6b8b55158e518778dbe83,5,,Rápido demais chegou ja usamos é bom o produto parabéns,2017-06-15 00:00:00,2017-06-18 03:30:45
676afc5d855115f38150fd0902a45b3a,765e82006189100419015233bf26be8a,5,,A entrega foi muito rápida e o produto atende as expectativas!,2017-02-02 00:00:00,2017-02-03 09:43:15
32be1a65f2e057885763592643c0f1ba,30f0086bfe1b046a524f8acf1d3eaa11,4,,,2018-04-11 00:00:00,2018-04-13 03:45:58
29a8275b2bccefe8624ed7062c6ffc35,a8858a23008217d160630ef24a83f155,5,,,2017-05-18 00:00:00,2017-05-22 13:36:33
5c4bd938f98283c5d7145a9d25a89c3e,86a8dda933d2f5ead748b61f816fd181,5,,,2018-07-24 00:00:00,2018-07-25 00:24:28
e09c64ce5df0d67a63b91fb80bcb3040,e7438254f9ef8bf2a7e744f84c561452,4,,,2018-01-07 00:00:00,2018-01-08 04:17:18
68b49cfcd9420c6ad09af97ea8268e7c,001ab0a7578dd66cd4b0a71f5b6e1e41,4,,Loja rápida na entrega. Só houve um incidente pelo fato de não vim o produto escolhido e sim um similar.,2018-01-18 00:00:00,2018-01-25 03:07:10
b2c08803c3f5e4bb8be584ef5c18ba16,03c83b31dbc387f83f1b5579b53182fb,5,,"O produto por hora está funcionando bem, a estrega chegou antes do esperado. Parabéns!",2018-01-18 00:00:00,2018-01-18 23:36:45
329e25b21f481e37944d51ece2d3ddef,51c064ec2d79d398b30db3f8e1de8ec8,5,,,2017-05-11 00:00:00,2017-05-16 22:06:19
5134a613fc2d07013ea9f20abc922fb0,2c1c76b055716216ebf282a6e2b7d18c,5,,Parabéns pela seriedade da targaryen. ,2018-05-10 00:00:00,2018-05-13 09:57:42
2381baf941a598e75fd0ff2e8fa03250,38fd57a781f31c3c00a012db1e52f6fa,5,,,2018-05-15 00:00:00,2018-05-15 21:29:02
7ab6f2699086c7afcce26800d09d2cdc,e98f62f167c0c56e1d6e2c852bf04adf,5,Muito boa,,2018-06-09 00:00:00,2018-06-09 21:32:37
24a560851883a1a9734e1bdce87e7e57,4ccd8da82485c892ae90284af589153a,2,,Pela indicação achei que peça seria maior.,2017-02-07 00:00:00,2017-02-14 11:54:01
fc82a633839b59f1be0259aa99f0638f,a7c5388d858597ae7ca4e4a1dec8eeca,5,,"bom produto, funciona legal.",2018-01-20 00:00:00,2018-01-22 14:12:24
af6b640dc8653ef2dadf9ada85c1daa2,69cc55eb653cc27eea935e7a0d26b83a,5,,,2018-04-28 00:00:00,2018-04-30 01:12:59
99143104b35eebdc731fbef8e6e4e384,db5a41f8a08f620920c7c413e91a4438,1,,"No anuncio diz ser 3 cores, mas veio com varias cores",2017-10-27 00:00:00,2017-10-30 16:26:16
9d8f1010a4422d4cb83d8ec8574e53d5,ab2f2b70a35105e169d9fba7a65d3ac0,5,,Produto entregue bem antes do prazo e tudo em ordem!!!,2017-03-04 00:00:00,2017-03-06 13:21:41
465ddd5d473fbdee9a68ed584812db49,061b74bca735bb2c1953e40bc098101d,5,,Tudo de bom!!!,2017-11-28 00:00:00,2017-11-29 06:30:50
3d635999da844a3b3e463959a0aff863,0ed5043fe7d3f4f88353697330bbc020,5,,,2017-10-26 00:00:00,2017-10-26 22:22:45
43e516325ff1fb1cfe991e1c7a48e1a3,aa2a0609fab50d659ead956ec8f69de1,5,,,2018-01-24 00:00:00,2018-01-25 00:41:05
13164750b8bec6e6951470afd250cb48,ae8423bae5771609a19bafe9b114a60e,1,Recomendo a loja,"Produto de boa qualidade, entrega dentro do prazo",2018-08-04 00:00:00,2018-08-07 10:28:54
c2fc21bafc2cfbcbd14ef06a1719ae75,9c0b834fc89f4dd70679baffe8bed38e,5,,Satisfeito,2017-01-27 00:00:00,2017-01-28 00:15:40
538cd4be7d4ee6b34f716c60f8c6f718,8932f7d67eec4b3ed9a4d5ae0b30e06a,1,,AGUARDO UM RETORNO PARA RESOLVERMOS O ASSUNTO E MINIMIZAR O TRANSTORNO,2017-08-02 00:00:00,2017-08-03 22:32:35
686e3545aee7d3d541c1e91c2985faa7,179b8db66f5362945c237b68bc358a77,4,,Nada a declarar.,2017-02-15 00:00:00,2017-02-17 22:20:54
94d527014d4ad4283bb74048f6abb429,7f095ef5086869ac49b20d6cc5484418,5,,"Veio no prazo, o cubo já veio lubrificado e ajustado ",2017-04-04 00:00:00,2017-04-05 11:13:02
e88e30347e59099b49214e039474b155,8c46c4b2bbf318ff31368bc87309662e,5,,"A entrega ocorreu antes do prazo estipulado!!
Muito bom.
Produto conforme mostrado no site.
Estou satisfeito com o produto.",2017-02-17 00:00:00,2017-02-20 04:04:15
2c4618586eced518eb292cd6223a6cb2,84b1048a4e9d46efbb9e5a65c973cd11,5,Excelente Fornecedor,"Recebi o produto antes do prazo e com um defeito ocasionado pelo transporte. Contudo, o fornecedor foi super atencioso enviando um novo produto que chegou super rápido.",2018-04-26 00:00:00,2018-08-10 23:09:01
0cc64c0ce9e1ec0048c0a2bf6be49b34,8f7fab386de53dade383a220ad572f8b,5,,Otimo,2017-09-06 00:00:00,2017-09-06 20:40:14
1a6fc743f7685f4a09faeb287971bb0e,ad47c55e7dc71d935ccff9650ff1beb6,4,,,2017-10-29 00:00:00,2017-10-31 18:05:45
af7de312ca4e17a959f9d2290e91fc07,0afbc110b84719faaef4887a5cff5a2c,5,,,2017-02-16 00:00:00,2017-02-18 23:25:05
bc7f2a6580b0cb3564ae977297e14741,dff20979c5b8b4378f7e769aa413390e,5,,,2017-02-11 00:00:00,2017-02-13 19:09:42
e835fc5bec8bbe16b35fc52459f80f2e,2780bd2c2ec051df9919aa3841b9d049,5,,Perfeito!!!,2018-05-18 00:00:00,2018-05-20 23:47:47
6bf87158a25fcf3f445e85aaf980cda0,bb90b02637daa6d6ea968529eed50699,4,,,2018-02-06 00:00:00,2018-02-07 10:07:09
b85476ba79cb6e9994f1d86a60d645f8,5836a9fd173a29689e12bf421d2d280b,5,,,2017-02-09 00:00:00,2017-02-12 10:02:29
bc56a52c8c0ea75954ec463ee896b64f,3175edf02fcecf739fa306e493b283bb,5,,,2017-12-02 00:00:00,2017-12-05 00:22:25
50159d6f192b0273ebea2d9e1382640c,7ce709f07a1593a395e419ec63e8a766,1,,"Pois comprei um conjunto de 8 toalhas de banho, que cada uma era de cores diferentes, mais na verdade vieram 3 das cores verdes, 3 das cores laranja e 2 brancas",2018-03-27 00:00:00,2018-04-10 20:26:35
b6e3febd722ba40af41cd4347b989690,33053ee45764f34778295ba8a0a4131d,5,,,2017-12-04 00:00:00,2017-12-04 23:31:44
7b1b4d478834b89df3f892849a9d0f0c,a012081ae7cc2159673399ef664ed7fe,5,,,2018-05-04 00:00:00,2018-05-05 15:06:14
9694595ce7671c9f98351e719d30b7c4,7226f4ceb664d56167de4b60aaecc01a,5,,,2018-01-13 00:00:00,2018-01-15 17:27:26
ae91fa9d16bc68b9797796f1b5f0ac7b,5fbe2cf3289a1fade6523b8745d466e8,3,,"Recebi antes do prazo,porém produto um pouco diferente da foto. Na foto parecia ser maior",2018-03-24 00:00:00,2018-03-25 17:10:46
747e7f2f6732e12bd91e06bd47bc608c,f08e2cd4d2598a1628420f499688039d,5,,,2018-04-12 00:00:00,2018-04-15 13:31:20
5f3d7f42439695848c19a644ce27203b,ffa18796659322e26489458de771d309,4,,,2018-02-24 00:00:00,2018-02-24 04:03:21
d9ed5e8af5e4f94bbadb91e61324dea9,ab64dd52ffac216882def99c2768daec,5,,,2018-01-26 00:00:00,2018-01-26 23:55:49
7ba0e0e8bc94603df7916c25a8d1c8bc,583897e4cf9cd552e5abfacdf82bcb75,4,,,2018-06-08 00:00:00,2018-06-11 02:16:38
44b6d34125c6f0dea1722906ad5bfa64,8349ea058481bb2cd229288e7e1a9055,3,,BOM PRODUTO,2017-05-21 00:00:00,2017-05-22 01:18:38
c90c495e88650f64aca79bbb2daac46c,7b74647ef95b9578401bd8a4f723b301,4,,,2018-01-04 00:00:00,2018-01-05 03:09:21
7f7e3d48df444435f00284699ba6a4ac,9564498225916371a8670c3b0253ea81,1,,Comprei 4 anilhas só chegou 1.,2017-05-31 00:00:00,2017-05-31 08:39:50
0211aad2e0bb981b08eb5d502af4bb8f,dfec7411ab4ba17202e5aa72bcd3a3e1,5,,,2017-11-26 00:00:00,2017-11-28 15:09:35
e1793bcbbeabb925d0d2f115aeb4f8dc,e003d94282e5f1e45760dde794a8a173,5,,"Entregue antes do prazo.....amei
",2017-05-18 00:00:00,2017-05-20 19:31:02
2c4c8b5eb110048726e0830f2cdde68c,2a66d384322fe0cce57c8083d687a79e,4,"Bom, muito bom.","O produto chegou como esperado, excelente.",2018-07-24 00:00:00,2018-07-25 10:24:09
75aab8f0849016981766718761a92234,9e1875fa0cf820137eeddfab7245ebb4,5,,,2018-02-23 00:00:00,2018-02-23 08:04:25
ae68a88d338e29c3cc10fd9f8b2d8bef,c713e92621de8e6880f8de2b10923243,5,Ótimo,Produto de excelente qualidade e foi entregue antes do previsto.,2018-05-08 00:00:00,2018-05-10 13:41:35
cbdf1a8efcceaa6954846f90462787cb,f9b80bc225fe1efa4384db3fdb46c2e4,4,,"Muito bom produto
Recomendo!",2018-03-07 00:00:00,2018-03-10 02:23:46
0535b2f2d113f2de8685c2473bc370f5,f0b3358d0acb067d9c09d3fb376a5e0d,5,,,2018-01-13 00:00:00,2018-01-15 20:03:40
ae3257388771feee70ec759f6beb7d33,23ad1ae9db6999293449603e1a247803,5,,Excelente loja e produto. Recomendo,2017-02-05 00:00:00,2017-02-06 13:36:48
8aa72f067d2395c44ebc9357ffa1247b,b2f3774fcd52e817b5f0e8b459e1db17,5,Ótimo ,"Produto chegou antes do previsto, mesmo com a greve, ótima qualidade, e fácil de aplicar. Recomendo.",2018-05-25 00:00:00,2018-05-28 12:01:58
dae0bb2ced07cc5195ac9de89d6668f2,5e1e97f999b0aa80d601a6619c1c050f,4,,Até o momento tudo certo. ,2018-01-16 00:00:00,2018-01-21 00:59:10
c129393ea6062dc85b51dd0ab8947cb6,405ab8184e07bfa663f7627527c96049,5,,,2018-08-21 00:00:00,2018-08-22 12:09:22
31f8bd34b4286352a93f04ac5ce3b168,f24bbebc2c8ba687b65f1be751dd8982,1,,Não recebi o produto no prazo previsto ,2018-03-17 00:00:00,2018-03-17 14:08:19
09d5efec1a713877401b1a448d9434fd,4a5470dfcf2368971425d5aa451cf3b9,4,,,2017-09-06 00:00:00,2017-09-06 23:43:31
db623c60f9d36f61d5730bec6e23e976,0a029b521ffceb219d63dce7e02403bc,5,,,2017-12-24 00:00:00,2017-12-26 11:40:55
522f52e7e26a15e8db36456e8b2cf565,70d0dedf8c23e2cedca5915427acd101,5,,,2017-01-29 00:00:00,2017-02-01 10:07:47
7cbea519c59dd3dc2d975a9368c038e8,2047058984e5864a83158101943495bb,5,,"Recebemos o produto antes do prazer estimado para entrega, dentro das especificações.",2017-08-25 00:00:00,2017-08-28 00:23:46
63b4116e117b542eb85389471c7d6c40,85b58bb30d219374cf9cfdebbc5fbb69,3,,Gostei,2017-02-19 00:00:00,2017-02-20 00:03:47
3fac31e7198f588a7cfdc106f0466491,26227999b191329fe62cd797aede5270,4,,Gostei muito do relógio. Era isso mesmo que eu queria. Somente o manual deixa um pouco a desejar.,2018-03-01 00:00:00,2018-03-01 21:03:52
0467560f511c516ddaa54a60edb0c291,55b2e390d5d80ada31ad1b795ebeb087,5,,,2017-02-09 00:00:00,2017-02-14 15:58:44
7ea579eb98881a4d2a6e7baedc3d9ff0,a6eace8d7affa686ec69d39f9c4c348a,1,PRODUTO IMCOPLETO ,"eu comprei um kit + acessorio so recebi uma central e um controle

veja o que tinha na distrição da compra é veja o que falto
4 Sensores Magnético Xas 4000 1 Sirene Para Central De Alarme 1 Bateria",2018-08-29 00:00:00,2018-08-30 23:20:15
3b43e8f799cf36cbbc1353c4139e724a,9fcbf999818b2fdac16197fe22bd2bd1,5,,adorei ,2017-12-16 00:00:00,2017-12-18 10:36:09
974167b311ed5346cac9533761baa4cf,10a0be3ae9093afbffac333cf6670922,4,,"perfeito entregue dentro do prazo, toalhas bonita mais fina so espero q seque ,,,,",2017-06-17 00:00:00,2017-06-21 01:56:01
f737ad763c9f0816af12ebb6ffcb0b0b,eaac284918a0bae18197faef197f83e0,5,,,2018-07-07 00:00:00,2018-07-09 19:20:57
50506ecf293a7a822744de5b13e57a58,7117ea59ab9bdbf381b1a880eb25b07c,5,,,2018-03-21 00:00:00,2018-03-21 09:12:56
56586cd0cb36c3ca8faa731c4ecc8b7e,622e1ac05d77a0fe978afdbb3d174017,5,,,2017-10-18 00:00:00,2017-10-19 02:00:23
42bec17695b72ac883a82a6bdc129384,9b4ecacef8574e8bc05697a77c8437fc,4,,,2017-05-03 00:00:00,2017-05-18 11:25:15
565020c85285bbca4b7f1812d95440b8,885f4f4ae28b4914c99d01be5bf570bc,3,,Super boa,2018-01-23 00:00:00,2018-01-25 12:39:45
71475083432a096cb1301343ba215977,501b6d9a20b143063d1711970953fcb0,5,Ótimo,"Recebi o produto antes do prazo, tudo certo! A qualidade do produto é muito boa. ",2018-06-23 00:00:00,2018-06-24 00:38:37
2f4b7ac52e568eec93cf32d53b8aea8a,6c626fb49235255bbb0d81f5e8785aa0,5,,,2018-02-08 00:00:00,2018-02-09 01:39:55
05ee3ffe8d7d1cf207c31dd1c641629e,6c3a3ae2b1580cb06944870e258eec3e,5,,,2018-03-09 00:00:00,2018-03-12 16:55:10
2287ce2b6ce5cf7f239223ff3b06069a,20a2e132c352b08f18529a9478c011c1,5,,,2017-10-18 00:00:00,2017-10-20 14:52:23
4a171b575b9fe4c503d019f0e25ff3f2,8ebbdbcc79e51da16021583a29f2ee21,5,,Muito bom e lindo! Recomendo ,2018-03-14 00:00:00,2018-03-15 06:52:32
b8604e6cebaf346d62bad9219d0c2030,f829f185f0ec92a117ee3d8c9e9ed19b,5,,,2018-04-10 00:00:00,2018-04-10 20:19:34
2015549a3e9abdcd312271e320e5e261,17eba629ec542978d1ea929d473d4f19,1,,Recebi o filtro todo quebrado,2017-02-15 00:00:00,2017-02-18 18:53:03
ae1fb98899fc075242df6e7d6c1df4e7,56a91c78a7764f270b44113386c34866,5,,entrega efetuada antes do prazo previsto.Excelente!,2017-12-08 00:00:00,2017-12-14 00:31:08
705a464d341a61e276d774641a7da5e4,d5cb76792b06c2a00edb03001d5f52ad,1,,Recebi uma das duas cadeiras compradas. Estou no aguardo de retorno e até o momento nada!,2018-03-01 00:00:00,2018-03-05 11:40:03
310790a8129065e008c5bd401e420de2,0e0cb073422fcdc0645935e23d672736,5,,,2017-08-18 00:00:00,2017-08-19 16:41:57
da9b7d7d7c71f15ef82fc4735012fb1f,66fda4a54fb43b9ec8ef4e032eaa7e54,3,,"Diferentemente das Lojas lannister, essa empresa, mesmo entregando exatamente no dia estipulado, demora na entrega.",2018-03-20 00:00:00,2018-03-20 20:09:41
d27bb2e37b62b92338dcc4d067c53cff,1e7b55dfee29c0ed7edb54c8cfeaf244,4,,,2018-08-23 00:00:00,2018-08-27 11:09:53
ebe00bf7906c476e7dae9fdd17583c4c,1c366a6fab2801f8b19036b3fc66ef17,4,,Produto bom. Dentro das expectativas. Acertei na compra.,2017-10-11 00:00:00,2017-10-14 17:59:00
e8c31f8e9a58cbbff2bccaccf9cb626c,eacabc11d89126dfd871cddb597a0409,5,,,2017-04-29 00:00:00,2017-05-25 18:04:14
57e7c3df567620eb18bf82fa325409ab,bb7c0440a98c76223de17ef728484ce5,5,,,2018-04-12 00:00:00,2018-04-14 22:48:42
cda3e008c389d62e10fbbf62c69ba5fe,0dca3fc331e8c1be1dd82ecb2689f3af,4,,"Na vdd paguei por 3 produtos e recebi somente 2 produtos, quero saber qd chega o terceiro? Não posso ficar no prejuízo,. Pois confio muito nesta empresa, obgdo",2018-03-29 00:00:00,2018-03-30 12:43:48
9b661cada475525aae0a829fc5663ff0,687297c4cb20d6fad502624bed7376ec,5,,Demora porem sao correto.gostei.,2018-02-15 00:00:00,2018-02-15 21:21:33
3b7d55d2bf5c68d6125138ea91391cbf,9ce991aaccb4817cc0ca0b4edb5c5ff1,2,,Bonito,2018-05-08 00:00:00,2018-05-11 03:25:15
a2a5fc9c951c79b0cfaeeef56bc92aed,600a1cc5fe241900d619ca1ee2f3be2a,5,otimo!,,2018-05-19 00:00:00,2018-05-23 16:53:17
600db242a9a9dbccb7d54b84418f715d,a0ddb810bd79dc15910dcc56a1c7f3cb,5,Excelente Produto!!,"Produto de ótima qualidade, superou a minha expectativa.",2018-04-29 00:00:00,2018-05-01 16:43:31
80c0cf198518515917a8616ddc0f4260,96690f8fbafc0eae928f18e8a344c31e,5,Muito satisfeito,,2018-05-04 00:00:00,2018-05-07 11:06:17
0797f24881df9768747028974de605f0,ecaccc93dddbfc205d1fcdd18acf5933,4,,,2018-02-09 00:00:00,2018-02-10 10:49:24
690b79c94365ba76655e5573ad599860,252c40159f2a9ab94b552a779514e790,5,,,2018-06-20 00:00:00,2018-06-21 14:00:58
f9a9cf42f012bb2b685859e2a6de67d0,854963422ef4369edb2416355e8323bd,1,,"Por favor, mudem as especificações do produto. No anuncio existe um comentário de que a mochila aberta fica com 64cm. Não fica! Isso é propaganda enganosa. Comprei pensando nessa medida e me dei mal. ",2017-08-02 00:00:00,2017-08-03 10:56:00
56d1964bb151a1bf8541f549dfba38c8,6c0579db279e926d14faf051deae3288,4,,,2018-08-14 00:00:00,2018-08-16 21:49:41
3d8eb19299138d4df13ff5978bb95676,03c765107c8fc34c68a82bbd6c686856,5,,Amei! Chegou antes do prazo.,2017-04-18 00:00:00,2017-04-19 16:46:00
972af321805debb981796f0c49c707c0,77e9941864fc840be8e4b1ba5347c0f7,5,,,2018-08-17 00:00:00,2018-08-20 11:43:17
371ce1acce42e66850c4860d3bf1d4fb,3568894fa3afedc367d3a4816983dceb,5,,,2017-02-10 00:00:00,2017-02-11 16:29:05
b1d3cda8f79c33ec1a2fab6de0469883,417996696d91e1f74fe36c995ab65b97,1,,,2018-03-31 00:00:00,2018-04-02 16:05:56
ee98027b0a42bbca147223bc9e82a436,e28a4c66f1484567d1e42b3fab64d923,3,,,2017-06-01 00:00:00,2017-06-01 23:14:10
9bd791760baa4af7aad0c0b8a89c0896,19c37103c79e5f4a03f5fcc5b1fe97e7,4,,,2017-07-21 00:00:00,2017-07-23 18:40:31
bc930eabbfd7d1ae5265a07b8eb6fab9,29e6f39d57976e61801fbb8f266f30e6,5,,,2018-01-11 00:00:00,2018-01-14 00:31:15
bdbc978b58e158ed7e48d1b233ad91fa,d60af32e2107bccc3efe66e3faad59c6,3,,,2018-03-27 00:00:00,2018-04-01 21:58:59
21415695a86c7569375edbf54f8e3ec1,145afae38debe68ec37d5671526db93e,4,,,2017-10-28 00:00:00,2017-11-22 11:08:01
c4cab6d06a9bca48ce665aec3fa340d4,942a2811a7a6e202eec1790c6b69be88,2,,"Comprei 4 toners (magenta, amarelo, ciano e preto). Um dos fornecedores (Tonerbras) fez a nota do amarelo e magenta porém entregou 2 magentas. Não consigo fazer a troca.",2018-01-18 00:00:00,2018-01-22 16:33:04
b8aeedce04a461e595b802c394621b81,f3a0df8637066be632ea188f5902c162,1,,,2018-05-13 00:00:00,2018-05-13 03:57:53
753856573394c47c09e7a4ff4c0e9736,2a9748c25bff8d93dd13a28eced24db9,4,,,2018-03-18 00:00:00,2018-03-20 12:30:51
4df7bb96d7c43309ec07d38c4328df6d,9583e5c37c1a090275e8af994d6b3231,5,Excelente ,Ótimo vendedor. Atencioso e prestativo. O Sr. Bruno me atendeu de maneira gentil e eficiente. Recomendo. ,2018-06-15 00:00:00,2018-06-16 02:21:57
a6f29c2495258cf779c14a7abe396f2a,eec1b2584ccac529785cee8454007b86,4,,,2017-06-09 00:00:00,2017-06-10 02:57:22
7e0f493b68fedcc806ef5481717d6585,3517c4c24184e3c518a1c8319dc60765,5,,,2017-09-20 00:00:00,2017-09-22 01:09:53
a9cc17f6876d82521217c0899ed859d7,49dc298f34ef553977f998818dbeb38f,5,,,2018-03-08 00:00:00,2018-03-09 14:46:25
e02cc2cbc5f222a429a31b7a70cf2bac,0ea01a9be52b4c9fdd44188e854643b8,5,,,2017-08-10 00:00:00,2017-08-14 00:52:17
ad2d25b398da9699190fb6156b815e88,dd80556200c2f712cc6d048888451267,5,,O site alia praticidade com muita eficácia. Estou satisfeito.,2018-04-18 00:00:00,2018-04-23 12:02:42
c8b366f5b099d0cf5c13510c34f9529e,406a5ab51424aef9f3674c18a3060945,3,,,2017-07-01 00:00:00,2017-07-02 13:04:08
c0bdd073fa1e729d20545547b99f0ca9,e208a6bd0e030c2240ec286633bd9039,5,,,2018-06-30 00:00:00,2018-07-01 12:39:55
2b6002145ff864e46c3045387ca3e1a0,abfb34ed11820c7247adfb30fe5bb7ae,5,,"Fui muito bem atendida e estou satisfeita com minha aquisição. O site de compra mais uma vez me enviou o produto dentro do prazo que eu necessitava receber meu produto. 
",2017-02-02 00:00:00,2017-02-03 01:46:01
aba16ccba4d09a4250f9c4877011f984,81e5043198a44ddeb226002ff55d8ad4,1,,"Comprei vai fazer dois meses, paguei o frete e não entregaram, vou no Procon.... não é a primeira vez que vc fazem isso, nunca mas compro nesse sait",2017-02-22 00:00:00,2017-02-22 16:49:47
0ff6336b02bad0ae40a50114db3781f7,0a2902af9ad58b25df153a4e743b5db9,5,,,2018-01-06 00:00:00,2018-01-06 21:47:40
f2aae5984af44f22e51b5ed1b1c0e28f,3211a50b2771974d1a3a57054cca7dbb,5,,,2018-05-23 00:00:00,2018-05-23 18:42:32
30cddc7993b7c4c4f4957add1e930f37,1434f15909999c1562d1c4a24a4409cc,5,,Produto lindo e de ótima qualidade!,2017-11-01 00:00:00,2017-11-18 12:41:12
288ce024bde3d2d6df55a6af01482e25,9ed5fb43923ff520458d675521c4f9a7,3,,"Recebi o produto, mas veio errado, pedi um Tapete Coroa 86cm x 64cm e recebi um Tapete Formato Margarida Petala/Rosa Guga Tapetes, Nota Fiscal que veio no produto foi faturada em nome de outra pessoa",2017-08-08 00:00:00,2017-08-08 17:07:02
e8f7dfaf855afb7c0bbc3b55c25d31e3,0ed5043fe7d3f4f88353697330bbc020,5,,,2017-10-26 00:00:00,2017-10-26 22:23:26
24663605f65e4c30723e12dd4721b923,4c3e9e2bce3a3234a9255f390683e3af,1,,Produto diferente do pedido. E ainda por cima vcs prestam um mal atendimento ,2018-02-16 00:00:00,2018-02-19 02:46:51
34d5cdc76f6a0a4e6a49c0e74cae400f,9b91ddcbd6cbceb83d4fd2462ca1f95e,5,,Recebi antes do prazo de entrega informado e o produto veio devidamente embalado e com NF. Recomendo 100%,2017-01-17 00:00:00,2017-01-17 12:49:22
dc9cf6e37f7ec5b682778f710bb94f50,47f6f4fe0e134442ba777c87169469c3,1,Boa loja,"Deu tudo certo, até testar o produto que não cumpre o prometido, a garrafa não funciona direito, por isso quero devolver, péssima compra.",2018-05-23 00:00:00,2018-05-27 00:24:00
0068ee55e45516d7eb44878466342b15,ad017ea4537bcf364b841c9160b0fa51,5,,,2018-03-29 00:00:00,2018-03-31 20:59:36
be8fdfb6db68c5719625577046961de4,67e54a5ddb5e864b3ca5442f999b55ed,1,Faltando produto,Comprei kit com 2 produtos e só foi enviado 1 produto! Não obtive retorno para solução do problema.,2018-07-25 00:00:00,2018-07-25 18:39:42
bdda74d0e67c7d311f6724fb94567691,c9f7bcb4ff5c6c8e661cb6cd7fd0974b,5,,,2017-02-08 00:00:00,2017-02-09 15:51:54
cede843452442b2dfa5516cf09a3214b,5f63f81968c1ed5835496acaa5b63434,5,Entregou antes do prazo ,Foi muito bom comprar nas lojas lannister recebi o meu produto antes do prazo e em perfeitas condições ,2018-07-06 00:00:00,2018-07-07 12:30:22
457ce1f2709767042648adbc08dcef9d,346cd3685987f63655b81288de9e577a,5,,,2017-11-24 00:00:00,2017-11-27 12:16:33
584d497c6cf24bdabd1436060acdf3d5,2d48e0823cd1b60fcd0653613d712e27,5,,"Como toda fita TRX, cumpre seu objetivo!",2017-12-06 00:00:00,2017-12-06 21:24:29
9e25e81049d81e8eb177f45a311636f6,ceb2344189044ab3b6fa590520a71881,3,,O tempo de entrega poderia ser mais curto.,2017-02-14 00:00:00,2017-02-14 23:46:43
693a6a9b612fe4c520493774f638bdc3,1a67c7a3cb47a447f68bc24f7cbbe825,4,,,2018-04-14 00:00:00,2018-04-16 12:20:27
1cc7c3a7c036a74e027d22549fb372fb,991822bb734dbc3bbda5554397c3d957,4,Recomendo,"O produto é de boa qualidade, atendeu a nossa expectativa e veio em tempo record, fato que aprovo.",2018-06-30 00:00:00,2018-07-03 11:11:31
8721f0629397766c7fce4393e4613bcf,514290e30cb76393d6623ca6d7d79ee0,5,,,2017-03-22 00:00:00,2017-03-23 01:02:29
d874293068e4b9c28021c43a01f45afb,964d7960d6a2fad0dbe19f9365bfac2d,4,,,2018-07-28 00:00:00,2018-07-29 19:45:57
3f64535072326cd752b1263f38a39dd6,3c888e8444c04cf2fea3d8b2db0195ef,4,,,2018-08-25 00:00:00,2018-08-27 20:22:56
23a8293eb6acbe0063741ab5d3c81db6,8736b69cbb962e5cd374e33521430db9,5,,,2017-03-09 00:00:00,2017-03-12 22:46:07
5e043a3d1583ab103397040e2835fb27,ccaf4b9e27a868b1b69c079c19bafb89,5,,Excelente vendedor. Muito rápido. Ótimo produto,2018-03-08 00:00:00,2018-03-09 10:39:01
8f398796368d405ac1af5f4c6274251d,54ac5ed66a8b2c74a3878d90d805f367,5,,Produto entregue antes do prazo.,2017-04-20 00:00:00,2017-04-20 21:18:01
2bc636e1ddfde92c08748d4175854656,349419805b6735ed9a2cf737205fae53,1,,"A capa vendida não é igual à apresentada na foto... Tudo diferente... Furação, textura, acabamento, forma/design...
É lamentável como a turma aqui nesse país gosta de passar a perna...",2018-02-24 00:00:00,2018-02-24 04:57:25
9d12f1c353cd92c5b2cd9fb42e3b7040,fd180ff2363b236f823a4fa8a2a729f1,5,,,2017-05-28 00:00:00,2017-05-30 10:36:26
d68b58c6ca07c6575ca6ca5571ee7520,05ca3bba2e4c3bc5c601b57af96cf3cf,5,,,2017-02-23 00:00:00,2017-02-24 10:00:54
fc6c5051cf3d23f7d723eefe8ee72525,27f9cf9d843287e332dcd815a0feda60,4,,,2018-08-23 00:00:00,2018-08-24 10:14:04
92e49e5d5ea4a8aa76c10fcf0fd90350,7d0a7957897551b77224fc297e8f6046,1,,O produto não chegou,2017-04-05 00:00:00,2017-04-05 23:19:23
ab0abebc25981f01b696983460927f44,3c060be8256385c5eab23e0f857609d8,4,,,2017-05-30 00:00:00,2017-05-31 00:02:54
82bcab6838707c5310286875d8d1978b,aaa69c5aba2f6b490490257c4195e5b7,5,,,2018-06-05 00:00:00,2018-06-06 11:08:31
6d8409ff868a454783e5d71a5ec22754,64be1ceac437f2eed73e5b001d190e97,5,,,2018-08-21 00:00:00,2018-08-21 21:06:24
53a1fbd6cb707085d224dc1bf8eb732d,5b81d7f0f897982fce8bd000471c973a,3,,,2017-05-10 00:00:00,2017-05-13 01:14:35
ffdef1448d1d29619038284fc2e55613,af045d3e5d7082db57d5b5dde3c0c97b,5,,,2017-02-09 00:00:00,2017-02-11 10:27:17
11f54acdc106075a2b7aa49e356d832b,1857f0409d8180beab0cbec5cd97478f,5,,,2017-12-21 00:00:00,2017-12-21 20:35:32
8229b89113306bc158b06df124406a33,a426bb94ff487c1e28c20c73d5f99cd0,2,,"Comprei um produto e recebi apenas um. Espero que seja resolvido logo, afinal eu paguei por doía, não um apenas.",2018-04-15 00:00:00,2018-04-18 22:01:43
873822690bf7248e7fb91866108f48f1,e6a006d997a8902ad7c42ec5719963b7,1,,"Prezado senhor,

não recebi o produto no qual já paguei.
Favor retornar URGENTE!!!!

Elói.",2018-03-29 00:00:00,2018-03-29 12:39:57
6f123cbf6a725823dd34461fad9f5af5,feb6795b3a5f345c10e8e4a7c6383130,5,Loja top ,"Entrega antes do prazo, como sempre lojas lannister tá de parabéns ",2018-08-22 00:00:00,2018-08-23 20:51:37
858f2d750c262bf16640e82fcefcda05,7b21dc72af6d0de45bdd249a637710a1,4,,,2018-02-06 00:00:00,2018-02-06 16:38:39
c72086d5eeaa7cd6343735eb1e54848f,d16fbfb439fe82b7efb949345d70611f,2,,,2017-09-09 00:00:00,2017-09-10 00:39:32
003fe09b822cbd40d60e153efe41cf4b,8d00e06d3fa925f408fd286f9805a765,5,,,2018-03-03 00:00:00,2018-03-05 11:56:52
dce56698f23bbd7bac679f9fac5b7625,eb87432d1b32d99db89d573d77767a01,5,,,2017-01-26 00:00:00,2017-01-26 23:40:16
fea094678f2981e53b205f10fa30b40d,f96344495ad4aa6c46d0b40c3b6e4424,5,,Gostei e recomendo ....loja 100% confiavel,2017-07-12 00:00:00,2017-07-12 23:16:33
372fb1411a35554234363e58dc883c14,fe2ac30768e07e362b649951cc625144,4,,,2017-01-27 00:00:00,2017-01-28 00:24:19
23ec497fa6a220bb5fa0d9e26d21a662,70fe4927726f292b4cd91c495430d539,5,,,2018-03-11 00:00:00,2018-03-14 04:18:33
1ca3e44bcf9970d9f845ef2558059e46,7a5b3f682886d750ce6eae941ad0d793,5,,,2018-06-13 00:00:00,2018-06-15 15:57:14
6551787785c1cc260a64d98e9b6aa567,6002f1429927599498f346578f57af4b,1,,,2017-03-24 00:00:00,2017-03-24 23:46:08
4ac7349273ab72bb604cb453eaf4ee65,c85f30d2bcd5e2a640f2c99024171998,1,,"Comprei o produto dia 30/01 e até hoje não recebi. Simplesmente não me deram nenhum tipo de aviso sobre a encomenda, apenas não entregaram. 
Quero meu dinheiro de volta!!!!
Não comprem dessa loja!",2018-02-24 00:00:00,2018-02-24 12:30:25
1a6210951d47ea8df2b638a86e8cb662,ecd6c4b673e81e3ba899f65b2135ce70,5,,sem comentarios lannister uma das melhores lojas da internet,2017-08-26 00:00:00,2017-08-30 01:12:47
8d612a254ad3c512d3091c0be32a68cc,48abd4dcc16f0885de523602c047d437,5,,,2017-10-18 00:00:00,2017-10-19 10:52:42
2627a9d1a007e459f530a1b7a60be367,e4b774f7fa2c4ce8052731dfeb5cc3f2,2,,,2018-07-07 00:00:00,2018-07-09 16:40:08
2d05b0be9ffe2821f0cbc37670ab735e,f9e254c56ad8dc27d6fd34b26f94711f,5,,,2018-08-30 00:00:00,2018-08-30 21:30:52
268b5da29f19dc7d79ea8f4c33d4772b,e938a90514cd29b81f7e88eb8c918d12,5,,Produto chegou antes e de excelente qualidade. Recomendo😍,2017-12-15 00:00:00,2017-12-16 02:59:00
d7abfe725764dcd345582899e9e6c1ac,1ce3ff41294921f70c327561096eb467,5,,,2018-01-30 00:00:00,2018-02-01 13:09:22
af4b1e536e743f0875ebcfb476c1334c,9d525e537711d24dba959b750dd6fbbc,5,,,2018-08-08 00:00:00,2018-08-10 12:02:37
a324cb33d36558de3ac6cf480c7b46cf,cef25673fc64efd9564270760806eacc,5,,,2018-05-17 00:00:00,2018-05-20 15:38:04
582dd433116bb5a534d5cb9fc37e6a00,7b43a2ef9231cfd5d2ed762899da24bd,3,,,2018-01-31 00:00:00,2018-02-03 15:31:11
ec43613e3dd97a077cd41b8fe3625035,d85ce87a3af93d77d9ffb99a90c76710,4,,,2018-08-29 00:00:00,2018-08-31 23:39:36
4b7a3c220496c1b9cd1530e7bc29bceb,dac46445d06a7c26842b2e8b7bc04be4,2,,A embalagem não era a original Hydra e faltou uma borracha de vedação da tampa!,2017-12-07 00:00:00,2017-12-10 05:12:46
c5ace6612ec407f5383006c0dc0b59c6,12619b9be5cc3665b3f36f1e4b4d0ffa,5,,,2017-05-04 00:00:00,2017-05-06 23:37:23
67dc95e1d04fcd71e18f0288a83f2d9a,c2575ff905b5b189ccda375084be2de2,1,,,2018-05-12 00:00:00,2018-05-15 11:33:23
4316ba70446b0a1872c4a6659000dbe6,418aaa61ff9515614340e03422fed9c9,1,,"Comprei duas cortinas , porém só chegou uma , quero saber o que aconteceu , entro no site da lannister e só diz atrazo no envio dessa mercadoria porém da como pedido entregue! Mentira !",2017-03-18 00:00:00,2017-03-19 17:03:57
9ae327fc1a50c65ed9f7f58906cee1ae,e699db09ff2550edf641974c32caab55,5,,,2017-12-14 00:00:00,2017-12-15 00:44:33
29eb5c01948e03383431b710454b11cf,ce8d55aa1c206156fde37e062c716ea2,5,,,2018-03-15 00:00:00,2018-03-17 00:08:23
a5fd451e89e09a05472f66a53df44db1,4392f572045f074cbfacbb5757ac5405,1,,Dava impressão do frasco ser maior ou seja o que é tradicionalmente comercializado é de 350 ml.,2017-06-03 00:00:00,2017-06-06 02:24:53
8efe9f09b7ba5ec223c9c7303ba1b182,f376081d7c5f1767fbc7fae2d19ca32e,5,,,2017-04-01 00:00:00,2017-04-03 13:41:17
b3ef4767af71b2cdf7a6ebc529d8d300,fb34957b24cfaa3c67835b67097b45e6,1,,"Meu produto não chegou, se não chegar em 3 dias úteis não comprarei mais da lannister.com.... Perda total de credibilidade.. Tentei entrar em contato via telefone e simplesmente se quer fui atendido.",2018-04-07 00:00:00,2018-04-15 03:12:58
47404e8fa340a8ea8db30e63cdfe0966,a3115f34be015286911b92beba41be5f,5,,,2017-05-17 00:00:00,2017-05-19 16:39:24
c119871c16c6764cf17c8000b7ff9834,a60b6d835751f3580629da8d3b00b761,5,,.,2018-04-18 00:00:00,2018-04-23 12:56:34
7d26fa74c2e784533f35b26a7430e7d0,2db89d0e7f0dc38ccf1374a6c51b5b7d,5,,,2018-06-23 00:00:00,2018-06-24 00:35:38
0edbe207e4a84842de8ce30a7d05a85b,91c52e15672343c61768b4d10597eea8,4,,Rápido. ,2017-02-09 00:00:00,2017-02-13 18:35:40
33f200739c3ef3804324a7e1db078f68,ce149d960ee7bb3b8b2301f66e6f4ec4,5,,,2018-05-03 00:00:00,2018-05-04 09:33:58
96cebd97cb5bb40c41ed484c9f3f453f,3c5edc9665595ab8ab9bdd6c5c4a961a,5,,,2017-02-11 00:00:00,2017-02-14 21:51:17
598cbb9ac3d8ee506744943466a15cae,553ba7f2b59345ea057f5a8062784dfd,4,Entrega super rápida,"Ainda não testei o produto, a entrega foi acima da expectativa.",2018-07-07 00:00:00,2018-07-08 13:03:48
a70028371b5e9cb97f3c5405f73c577b,db7d019ce87ceb1539bd37353ab408ba,5,,,2017-02-08 00:00:00,2017-02-14 11:13:04
a96b1a1ab6a0dcc5efee9bdf9964c999,be754126110440ba89a5456475333453,5,,,2018-03-30 00:00:00,2018-04-02 11:07:05
e0370f0a7865af621988103bceefc58b,0eea5babd8acdffc1ce9dbc764b8dcd7,4,,,2017-10-04 00:00:00,2017-10-05 00:48:13
5301b21437b0876cb88e88a32eb18a70,1915bc319651dfbfa6563a6d19d558c5,5,,,2017-05-25 00:00:00,2017-05-28 14:19:56
0fbd12965d6af21fee1f471bdb7e19c1,983de0fdf98ff06d6cf1c379f7540f7f,5,,,2018-07-03 00:00:00,2018-07-03 19:27:36
d5ae8c6ca641b63af4abe1caee78e7e4,adf684f287283640cb375a2e8ada8c82,5,,ok,2017-02-17 00:00:00,2017-02-18 19:35:09
58893da8ba7d4185a32b913f13609eed,61b40f2b303f6b312a3563e508baafb7,5,,,2018-03-02 00:00:00,2018-03-02 06:51:27
6cdfefe70cede79465f99d29f729a32c,486bce96008cea9cb14d0593189961da,4,,,2018-01-30 00:00:00,2018-02-14 00:36:55
0603fde7b5f0dbfc4fc17878c40c960b,3a5e90544587e9755b94618af63ab9de,5,,,2018-05-24 00:00:00,2018-05-24 10:25:16
8b37b735da80d5db02728456a5fc17d3,1e2f320acd9cf7428412fb4ba5c537fe,3,Poderia melhorar,As peças vinheram desmontadas e algumas delas vinheram maiores dificultando a montagem das peças.,2018-08-29 00:00:00,2018-08-29 22:04:38
264e1ca0916296dfebe8b72dbb5ff5d5,18974292ee839a7a7038699422e6cd39,5,,Obrigada,2017-12-07 00:00:00,2017-12-08 02:24:28
8b472df399a31c7d0e08262e0d1f59ce,18b33f2430f136a8deba8893596a53da,5,,"Veio bem antes do prazo, bem embalado, ótimo acabamento...",2018-08-18 00:00:00,2018-08-18 14:44:49
a5226f1a218c4b38b62446fae7015f53,1d1cd1be4eb8ccedea997348b859065d,5,,Confiável e Rápido,2017-10-12 00:00:00,2017-10-14 18:11:07
f810cc668825f255dc91b0f4b8da9399,c24d2f7d4ac8f5e961e730da59972c7d,4,,,2018-05-19 00:00:00,2018-05-20 17:26:29
d069d119c5ced713e3efb2decc7371a0,401aaeb144fdc31e60486809bf917ce5,5,,Nada a declarar,2017-05-31 00:00:00,2017-06-03 15:26:18
fe0b31c7d90ba3dcfe3ba7307df8fbf7,53f4ca548f6dc3456de1628fa16854f0,5,,,2018-02-23 00:00:00,2018-02-25 22:26:45
f194b2728d6af8f3b563d075b8b7b9dd,c4669e882068cc0ade2697ed2169326e,1,,Ainda nao recebi,2017-02-09 00:00:00,2017-02-11 14:42:31
eca5f323908bc6eaa703aa7d5c4fff78,c41fcb90e5c4e310d014634135fb1279,5,,Recebi todos os pedidos antes da data.,2017-05-25 00:00:00,2017-05-29 16:33:32
c5ecd680b0e906df7ad597319b337239,fbab2f1499ada7711dc92e28e8e2cee9,5,,"Entrega anterior a data prevista e produto de qualidade... medidas, resistência, acabamento em suas costuras e enchimento.Juntamente adquiri puffs p o casal no site das lannister com mesma estampa...",2018-02-24 00:00:00,2018-03-02 17:45:40
10f5635dd1dbdc97a664551cd0ff91de,0e4b1ee38c10f79bb6eaffa7c60ae724,4,,,2018-06-30 00:00:00,2018-07-01 02:38:41
ef98c3e1f72fe8f7047c75b6fc3ca0a5,7a36cd04e45972a421517cb7c8a813f3,5,,Muito bom,2017-04-21 00:00:00,2017-04-21 21:06:01
ed81eeb7ac749bb5224dc24dd03c99a0,5bb9511e1d233eedad299acb511799f2,5,,Chegou antes do prazo de entegra . ,2018-05-03 00:00:00,2018-05-03 21:19:57
f0097dcbbfa4965ff9c0ac49476efb40,f964ec281f9f4098870fff22b6b74fec,5,,,2017-03-10 00:00:00,2017-03-11 01:07:11
653dafa1d666cf180b24638b054a486d,d3ba6df689ba5bceee30291f5a28e7bc,5,,,2017-07-08 00:00:00,2017-07-10 13:34:56
539c49a20ae9bc52429f1b89759b4e69,5ae5a2d65d23cd2e0d8a1ca9b0c5a3bf,5,Produto bom,Produto tem um bom custo beneficio.,2018-08-01 00:00:00,2018-08-02 13:19:53
e149dcf1404ee48d59a405c347347b9a,f9e3402be5a5ea63344347582ca9f45f,5,,,2017-06-21 00:00:00,2017-06-24 13:53:53
a05c10b11b72dc8ce81fd4e2686734dc,1d5cf40416bcb8a9d98d2f759f9f1839,5,,"TODOS OS SETORES ESTÃO DE PARABÉNS, CONTINUEM ASSIM COM ESSE TRABALHO, POIS O SUCESSO VEM COM UM PASSO APÓS O OUTRO.",2017-07-18 00:00:00,2017-07-19 14:56:00
d4333b3321012c1bfa9049bc9c3ba77e,a76350c88470281e23e8fb2a32fecd2e,3,,Produto entregue em perfeito estado.,2017-10-20 00:00:00,2017-10-22 18:33:16
d375efdac65ae0412b00b962954aeb69,53fafd0933d69603122f8f804fb76968,5,,,2018-04-03 00:00:00,2018-04-06 03:03:47
4137535d0428b18614003a4ae87df665,0bd66289bf194ff3edb0841291f58da1,5,,"Muito bom recomendo é Econômica boa de usar na pia, minha esposa gostou da torneira. ",2017-04-29 00:00:00,2017-05-06 01:06:16
f20abca39ec75d171dbeac48989e5521,9a75a775d17d37cd19193fe02c3f21de,3,,,2017-01-25 00:00:00,2017-01-26 10:09:32
7417111e8b8ae2a753850a8071684739,a43036834338e7cf3242e7c2a47dec7b,4,,,2017-12-12 00:00:00,2017-12-14 03:36:10
264bf4291b54a45f816abf8be219645b,9e9019ce043c4bb38f4bb4afa8bd55ca,4,,,2018-08-28 00:00:00,2018-08-29 12:12:44
ef0cb49c494b34d55782e4c91bdc8730,7a18a504c1a4b32d883e68de2e1a7db0,5,,Adorei a embalagem e o atendimento. Produto maravilhoso. Sempre darei preferência para compras desse lojista. Amei.,2017-01-17 00:00:00,2017-01-18 11:54:40
ed9d8647a150ec10df0c85513200bdd2,0c162a9eb881c1a8a2e5bcec41cd2cfd,3,,"São toalhas mais finas, porém já esperava por isso, e pra visitas inesperadas são ótimas.",2018-06-26 00:00:00,2018-06-27 13:35:29
93856c89f1d52ed3d850a184e72c1cd1,f2f276797fe0c5bb220e8fceefd0220b,4,,"Os produtos são ainda mais bonitos ao vivo, ambos chegaram funcionando, porém, um deles, solicitei LED vermelho e chegou azul e com uma lasca na pulseira, mesmo assim, ficarei com ele. ",2017-06-02 00:00:00,2017-06-02 12:43:23
484da7df3fbe9302cba3019e0d88ec0c,8c05fe795783a73c159dfddbcf910689,4,,,2018-02-06 00:00:00,2018-02-08 11:45:08
93d6b69f6d337449667bad822585db71,9758e655b4d2fca01c69a4dde9d4fb5b,4,,"gostei, mas a panela veio com um pedacinho do cabo quebrado, nao tenho paciencia pra troca.
mas atencao da proxima vez",2017-01-31 00:00:00,2017-02-01 10:37:43
63d7b3ccbdab89ce03a8b7a1aeffc570,4db127e6d30efbcbaa8d0b94c4c4b374,4,,,2018-06-20 00:00:00,2018-06-25 19:34:25
a48043846d8c1e39ad78a502bb4ab8e2,dc7be13b2ee660f092e641982b4dfb69,4,,,2018-01-25 00:00:00,2018-01-25 21:08:18
011e34b3e5d332a41d8380a9f039fb7f,6cf5d7a6b6eb9cad292da0b65d6c010e,3,,,2017-02-07 00:00:00,2017-02-10 11:33:59
d455230ebf80075ec37cbcd88cc45eb3,5813dccc11eeeec1c8b609e396c12291,5,,,2017-12-01 00:00:00,2017-12-01 22:22:50
fd3aa2ad52d9a3bed6b374bd8b3b14d2,3cbae6cd7d4ccde80ef2d1ec061ce54b,5,,,2017-12-30 00:00:00,2017-12-31 01:33:11
d635477449ab412bcd2ac93c7687e3be,d142143fa24d4a2bef6ed627060e7754,5,,,2017-07-28 00:00:00,2017-07-31 13:14:39
1bbc8cda8f4e1d2308de1b070fb32276,d2733958b49450e568a7cda310ac055b,4,,,2018-04-11 00:00:00,2018-04-13 13:04:48
5a3d81f43309d553622e4d08aa9cd106,d0735172d1bc5aae5bd8abb3675e6556,3,,,2017-03-29 00:00:00,2017-04-01 00:12:11
baf28d820b60cdf226db46d297f9aeb4,e154274f8d5b5bcef8bb9f51a54b218a,5,,,2018-02-20 00:00:00,2018-02-22 14:28:03
d890ec957e8fdfc3124f0fac5d87446d,17f97d000b0ebd36b6dbdf154b0a3d7f,1,,,2018-04-28 00:00:00,2018-05-01 17:42:20
884675634a52658218e6e866d005c223,b31ee936a88cbd1d2c24a2e61db2c18c,3,,,2018-05-16 00:00:00,2018-05-16 21:17:10
713f91375ec583e2c444368e13128118,c7fcffa49558768b02ee67ce65140cc1,5,,,2018-03-03 00:00:00,2018-03-03 19:11:20
0086a7d3c253c87460e2e4af0858181b,8f6467bcaef44e076b48a04fa38557f3,5,,,2017-10-08 00:00:00,2017-10-08 19:43:23
389c453b569a52990da32722f07c18d8,fbee80ef6891c144af8ff9dc788aaa89,1,,,2017-03-09 00:00:00,2017-03-13 11:54:52
d8bdbbc6cabacfae47701ddbff7035fb,ba8d16a572292d042403094d3c0fc354,4,,,2017-08-11 00:00:00,2017-08-12 03:41:54
36b666e9e73f1a850b056c9731b39dac,dee78f5da82e27d7d397d61769012fe9,5,,,2018-02-22 00:00:00,2018-02-23 13:39:37
101d6bfddd4b53567ffde9d24f99ebe2,81251f18621a822ad5b09593dfee4fc9,5,,"Muito obrigada , uma atenção nota 10, profissionalismo em alta. 

Sinto me satisfeita. 
Será recomendada. ",2017-01-28 00:00:00,2017-01-29 19:20:32
de09719300c9db6220c943d61a0d7ad7,88503051b9833f27c9492939bcfe2a6a,5,,,2018-07-24 00:00:00,2018-07-27 19:27:50
9e51d3dcb9189e57ff2025c80d830a91,58fa3cd471625c6384fc92e41508b3a6,4,,Produto excelente,2018-02-03 00:00:00,2018-02-05 20:32:15
e7d02ce94db5b7cdb4cd8e92a0a1a30f,cb7f025ffb69a62e9cf843894bc7f89e,4,,,2017-08-31 00:00:00,2017-09-02 16:23:08
1722d1775550c2f53388c3107c6d033a,e23e45778ae735856e12dd12750e2b14,4,,,2017-09-09 00:00:00,2017-09-10 09:49:33
c42df1d3ea284f52204a82908e112767,39fa02e23ac8857769bdcdd496180f7c,5,,,2018-08-18 00:00:00,2018-08-18 18:16:37
ac66b5d98e5759b6601e11cc7b32a1e0,e007ef2d77cc1e7082050959c1cdce54,4,,,2018-03-01 00:00:00,2018-03-04 20:27:06
952d3ef82bd6324a2dd13d8b297cf4a6,e3b81e11591d22a361bd292adad69ca7,4,,"foi entregue o produto no prazo ,loja compriu com o acordado na hora da compra ",2018-01-27 00:00:00,2018-01-30 10:41:31
81d037f3c671f9525b78ca27359034c4,02624f7cd7272b3e027320023dbdc99b,4,,"O produto é de boa qualidade, muito bem feito. Mas é um pouco maior que o tamanho descrito, fica um pouco grande para 15,6. Sobra dos lados mas nada que não dê para usar",2017-10-26 00:00:00,2017-10-26 14:41:01
c0a2fd0b4679e521ce6d889d5c2ab4cc,df2887ca6744389b31fc5749e30a6efb,5,,loja entregou tudo combinado e com nota fiscal muito bom ,2018-04-17 00:00:00,2018-04-17 22:54:06
521fe9319e6ca9f463703588b48c0718,3ac963599c50b9beedbcebb47eb33af9,4,,,2017-02-18 00:00:00,2017-02-18 10:38:06
ff7d68bfc0f55d4828515e16913ad631,d07179898f582cd4b62f9f5328698baf,5,,,2018-05-26 00:00:00,2018-05-26 13:18:37
3588d2588f4a2b45d9ffe04b38b86315,3312588178a16638759fca54495ef50d,5,,"Chegou antes do prazo, mas o site do stark não atualiza a movimentação da mercadoria. Somente quando recebi é que informaram... Não é culpa do vendedor, eu acho.",2017-01-28 00:00:00,2017-01-29 19:27:04
4fd63fe56bc10dae199fb2d3a006c65e,52a96c4082dfe660d01acfdc740c4f61,1,Produto fora da embalagem,"O produto veio somente na caixa de envio, embalado no saco bolha, com aspecto de produto usado. ",2018-05-10 00:00:00,2018-05-11 05:48:18
d8ab76305caa138e80667ce154a8380c,5f4232203a9f7cd910b49787d7f32437,5,,,2018-08-10 00:00:00,2018-08-10 23:23:12
4e368224edcd180ffeb1a38d7aa5bcbd,f0089d43f99d1bc295c05699b4facbed,5,,"Entrega antes do prazo...recomendo
",2018-03-10 00:00:00,2018-03-12 17:16:28
acc6fa49995c1d6c4501110c0f64cbe8,e9c1cd6b45624aa77cf10be70487d8e8,5,,,2018-07-27 00:00:00,2018-07-27 15:10:09
ad03b3120f727b97bfef955bec68d136,65b133214f06c44865a7a54148c84e0a,5,,,2018-04-28 00:00:00,2018-04-30 17:44:59
afd1279405fd9535d3e6197318ed16fd,90e5ad6118ea4ea07eb9de3aa9c698d2,3,,,2017-10-12 00:00:00,2017-10-12 21:05:11
c4df70128744cda6ab26f33e494d0946,e1c27845029801e7461bce7d580db092,5,,,2018-05-16 00:00:00,2018-05-20 13:19:52
4f30d24f29f4df495b459926c1191405,18709eaac22345a27e1027cd4900b554,1,,Merda de loja não entregou meu pedido,2018-08-23 00:00:00,2018-08-23 13:47:49
85322e54cc02a076c4b3828cdc946a57,de2076727d0a51dfe4889b9cf85198e6,5,,,2017-07-27 00:00:00,2017-07-27 23:33:40
d5108cf992585d60275abef4d3f717ab,7208fb539f856e3b18b9642be7249e83,5,,,2017-12-02 00:00:00,2017-12-02 22:26:03
0b40ab429f28697bed696365f54facc7,bfb1d0f7664c36a532d74c4cf0da37af,5,,,2017-09-12 00:00:00,2017-09-15 02:07:20
4d969aa24570f793bd19d12c9196c225,d015219f23681e41543e3db6504a4865,5,,,2018-07-12 00:00:00,2018-07-30 19:41:07
50c3ed575d98e790fe50ed0f0e2742df,32f0db75abd9599736ef815f021c684f,1,,Ainda estou aguardando a terceira unidade. Só vieram duas unidades amarradas por um barbante em embalagens individuais. Eu acho que deveriam entregar todos os produtos em uma única entrega.,2017-11-23 00:00:00,2017-11-24 01:39:38
028bb27705134ecba10a3abefcbcf543,2dd5f6a66c1d82ee0b8c864ddf9833f2,1,,,2018-08-30 00:00:00,2018-08-30 21:22:37
8b8ca94a15db8a34b9c4365202ec39cb,b9581bf1b646f4fc021b131e1ca4d034,2,,o controle remoto nao funciona e ai.recomendo a loja se resolver meu problema ou o controle e so enganaçao mesmo.,2017-02-09 00:00:00,2017-02-09 20:06:34
203240aee727c61061f0479497ca5d11,6eb4105b2eba30c0d6f8e720d3909cbb,4,,muito boa,2018-03-03 00:00:00,2018-03-04 21:50:53
1270d5e8c4775f3cf5785bad04312a51,5accb23a030458bbfb5eb669903f05b7,5,,,2017-10-10 00:00:00,2017-10-11 11:37:03
f6d4172ca86301904b2655d317d4fbb7,47c6cbb371cb3681d7d52cbb6ad3f94a,4,,Só tive um problema pois a mochila foi entregue com um lacre q ñ estou conseguindo remover. É aquele tipo de lacre q apita na saída de lojas.,2018-02-17 00:00:00,2018-02-20 13:56:32
4fa58dbf1f4f32f205a31acaa184d7dc,dcb668b21e7c36224624fc4b4ddbf0fd,5,*****,"Gostei muito da loja, entregou antes do prazo estipulado!!",2018-08-21 00:00:00,2018-08-22 17:32:17
2a4c4fd81f49232b6e134bd4655ceca4,2457f30493cdc677ad02b57dd6d17285,4,,,2017-02-01 00:00:00,2017-02-01 19:46:11
95f8ae4fb65d62bb40ef1297bea97ae1,68b3b77e74b7ad7bb9d25331580ddcdf,5,,Só tenho que agradecer. Obrigado!!!,2017-07-22 00:00:00,2017-07-25 12:41:19
a3326c60504f6082e1fcfda222249964,c7d2e4441e2074bed6ad0cd9ee428f3d,1,,"Só foi entregue o cartucho da tinta preta. Falta o outro cartucho da tinta colorida. Entretanto, a cobrança foi dos 2 cartuchos e ainda foi duplicado o valor do frete.",2018-03-17 00:00:00,2018-03-19 01:25:47
7b973c62cfac3854acf550c71981c1d5,46dc90c294321a6e0bc324c6d9522927,4,,,2018-03-07 00:00:00,2018-03-08 10:21:18
6432dd47db54c024ec90227f3de0fbe4,add3e322151e47705826b60fbe20356f,4,,"Produto bonito e confortável, porém não durma de unhas grandes nem sem esfoliar os pés, porque é frágil e puxa fio com facilidade. ",2017-11-04 00:00:00,2017-11-23 21:26:38
e0de66f542269f89f90144bd2e9b9c74,6612d55037369324a1556532b38d02cb,5,,,2018-06-09 00:00:00,2018-06-13 16:26:09
cdd3c5186faac3e65186ba5479aa920e,848bb02f182d3cd9c820281db86fc743,5,,,2017-06-07 00:00:00,2017-06-21 12:23:38
eac84b78f420d290434686b048afb4a4,d7a903a05d84644e6e872b9c626d7fc6,5,,,2017-08-05 00:00:00,2017-08-06 15:25:40
f8b4b6f8e93a0a8e2df1bae3ec7bbf60,298ee4d77c0352fc41f432254afdf1d3,3,,Bonito o produto. Foi entregado no plazo corsspindente. Eu gustei.,2017-04-11 00:00:00,2017-04-12 18:51:23
d1eff4216d0b33abaaef38b0308547ae,d8378bb103de9b68884b9e4cd2a8dbca,5,,,2017-07-02 00:00:00,2017-07-03 01:21:43
f17c546a7852c4dff543774988111e4c,2476a3346dc4a10dd9238bc6dac93f89,5,Ótimo,Ótima e segura compra.,2018-06-08 00:00:00,2018-06-08 18:23:28
8773026c02670abe202c4e7fb095280e,7b9bc6b76ad9656ca99e8e1f2a6d249b,5,Ótimo ,Produto de excelente qualidade.,2018-07-28 00:00:00,2018-07-29 00:41:06
2346404c6c66b261c9810b61a538d40e,ba3d713d46b9dadf35bf0ab911b06408,5,,,2017-01-25 00:00:00,2017-01-25 14:08:09
e6ae67335db473386336290bef055385,489db951401825ce7d66665e5b5108bf,5,,,2017-08-05 00:00:00,2017-08-06 10:20:49
7bfb7adf1fd289486e58b30d504fd87b,5782b3af52f3953fec44afe27ecd1892,4,,Otimo!,2017-10-07 00:00:00,2017-10-09 11:49:08
96d816ff936accf1fc2212534f46e08e,6a618b375464d738bf225aa25553e50c,4,,comprei um relogio da cor branca e mandaram um vermelho...,2017-11-17 00:00:00,2017-11-25 15:38:35
91c393cebb6a4653f549cf27125bcad9,523edc667ecf141c2018ec8c1e6c0211,5,,,2017-03-09 00:00:00,2017-03-10 11:00:39
d89fbbd70b7ed038ea1d4910efd27a9d,e76d6d6fbbef90b49c986259f44d2c20,5,,continuem assim,2017-02-14 00:00:00,2017-02-15 10:37:32
efda421609c60d368887bbeab0cf79e4,8f57cd376d453764bfae6581f236952c,5,,produto enregue antes do prazo.. parabéns,2017-10-17 00:00:00,2017-10-22 02:36:15
cb3e6baf4c05015a621702aee6338775,bb5fea89cce134344b32e4a09267f7aa,1,,Perdi totalmente a confiança nas compras on line dessa loja. Não recebi nem o produto nem respostas ,2018-04-05 00:00:00,2018-04-05 14:18:56
9e0f00968f895699c9cd59ee5fd942f4,7bc26962535d2a6a7f34041908736df5,4,,,2018-07-26 00:00:00,2018-07-28 15:17:37
bdd74155d7fb9efe453b8e5837738c5a,2251c2ae48921e06fee59a7779d9bd47,5,,,2017-10-18 00:00:00,2017-10-22 03:18:12
0f03554f547219bdd76e1886c6f93014,4ac9d969022c4a7ba509b39bb0f3d36c,3,,"no entanto, o produto não parece ser de boa qualidade.",2017-02-02 00:00:00,2017-02-03 00:58:08
b6c09b5e7c55ec8e617841c80e5748f0,a11e916995a120fce0b1528d2555151b,4,,,2018-05-17 00:00:00,2018-05-22 11:29:01
68f91341716c82352aeadc33a7a41dca,029c545413b10a6bd7540401f6eef0a3,1,Aguardando o desfecho.,"Ainda não tenho totalmente como avaliar a loja, uma vez que o produto foi entregue muito quebrado e não sei como será solucionado o problema.",2018-07-21 00:00:00,2018-07-27 14:01:29
0064391e7c9c58cdb277f6e33e0fb4b1,b50700cbee924cf4a5f5f9f38c1d0a04,3,,,2018-03-07 00:00:00,2018-03-08 10:22:25
a3e66bb18241cbbb7c5453f3333e043e,92e3415f60fec80f07ebca939434c3a7,5,,OTIMO,2017-02-04 00:00:00,2017-02-05 23:16:54
4fb602244881861ac8cc8e9089e8ff78,eabc20c259ef6e04089307feb92aa0fb,5,,,2018-07-13 00:00:00,2018-07-13 19:21:37
38d8018750b66db86d1ffff4c78ae209,4883042a7a5f22fee4e519f15da7f9e2,1,,No site tem a infomação de entregue e eu não recebi o produto .,2017-09-22 00:00:00,2017-09-23 13:53:31
d62c24715893287690461c96e4b2050c,2de5b68f713b073b77fda04cb4868443,5,,,2017-12-10 00:00:00,2017-12-13 02:34:29
cd28df590e5410e602959790ac609697,49c6d2d936de699d0f22a5b66451200c,4,,,2018-07-03 00:00:00,2018-07-03 22:25:13
6fc4e2702f84a1a71fe7dd3bd9747a7d,c40c8f44fadbd73ec33576de59af7037,1,,,2017-03-25 00:00:00,2017-03-25 13:13:41
6f3ae5a43a1ce5f0c23a640be902525c,281a4e1ef3ab9d256027ddd2db90c762,4,,"A entrega foi rápida, porém a tampa de uma panela veio cortada. Preciso que façam a troca.",2017-02-04 00:00:00,2017-02-06 13:28:49
66eed270deee3147900b704ad48a0576,23941956ac5ebb846fc41ddbf76e7ccc,5,recomendo,"Veio até gamão, que não falava na descrição, fiquei feliz. O único porém é que o desenho do tabuleiro de xadrez é colado e não pintado.",2018-07-26 00:00:00,2018-07-29 15:36:53
df3cefbcb8087fe886769dd4d18d54ca,141f7d3071b3a6ebbc34ea1454624e3f,5,Gostei,Ótimo custo x benefício.,2018-05-25 00:00:00,2018-05-27 17:57:38
e32da23e9d579b887ef92c017b4cde56,2bd6a9cea9df97f5f2d0717bb6307f32,4,,,2018-05-16 00:00:00,2018-05-21 13:07:24
cf7d2cbe10b884eaf2c3488774734cd3,556bbf53c2c22fbb9ef31a414dd444a6,4,,,2018-01-05 00:00:00,2018-01-06 09:39:47
3d635999da844a3b3e463959a0aff863,b9eb9fbcca54dfce1d087c752d0f4b35,5,,,2017-10-26 00:00:00,2017-10-26 22:22:45
e80c7df8f04e40033f0bf92d8d92ecdd,ddcf6c758c04fe3f2e0d1ae301ec5f40,4,,"Produto um pouço maior do que na imagem, mas ficou legal.",2017-05-10 00:00:00,2017-05-11 09:42:14
348bbc88e0654a7f644127b1de1fb64c,758f87ed332796046d9312299cdf1e5d,5,,,2017-03-17 00:00:00,2017-03-17 10:58:40
cd8e4b22211a0c49733a1eeb475f7deb,64065ff7503353586b3dacf9aec56ae7,5,,"chegou no prazo, tudo certo. ainda noa instalei mas a principio tudo ok com o produto",2018-01-19 00:00:00,2018-01-23 20:20:53
b829f20c00b9d33d216b4f79d204d232,f5e82fd73a7ac75d9b2d34bcde06ed08,5,,,2018-03-20 00:00:00,2018-03-21 14:27:43
93016126c7a3060a49c6975fab7a9c16,ac1a1d01dcd4350d31887f6eab3f63d5,4,,"A cor do produto nao é a cor q Preciso, gostaria de trocar, como faço? ",2018-08-31 00:00:00,2018-09-03 02:38:06
3f89732c603cea71b0ac8925734810a0,26cdf11da38117ed1bca961a210dd21d,3,,ok,2018-03-17 00:00:00,2018-03-19 12:59:37
db7e1485554b6c6da390e13b19905086,6b63a86619f7d34ada48e141f2b568f1,5,,,2017-12-10 00:00:00,2017-12-12 12:04:10
c92d5735cc6eb9ba4583d650dfb49674,c0a70f802fa139670e7987afc9acd16b,4,,,2018-03-21 00:00:00,2018-03-24 11:55:32
d592a73ddf738d7ea5d7ce591a0366da,1c55aa51edc71bb7071a9a1e32b9caab,2,,,2017-06-06 00:00:00,2017-10-27 00:37:55
fe58c58085ed54a2ab2fbd43368f9454,cb303e4e397e2a02fdaca20eabe8dba9,3,,"A stark é ótima. Rápida e eficiente. Quanto à capa para sofá, diria que não é excelente mas está à altura do preço. Um pouco pequena para o meu sofá de tês lugares.",2017-12-07 00:00:00,2017-12-07 23:51:22
e780cc21745c4f95184dc023d47f12f6,0ceec07de9db57c3d2ba32e4fa1fd8ed,4,,,2018-02-24 00:00:00,2018-02-25 13:41:58
369c19f8a738d263852a7b500bcfba59,f175d67589e059cbbda956f10f0702e6,5,,"Produto de boa qualidade, chegou antes do prazo, vendedor extremamente atencioso.",2017-01-18 00:00:00,2017-01-18 10:52:04
fb6a64a1e3e79971fa249e9d6fbf3477,6eee33addf2f19cbd1d8e81c851825f8,5,,,2018-01-06 00:00:00,2018-01-10 01:12:03
d1cac4f6c2f85821231530bec21c03b9,9843c2a66fe0afda6509bc4274f743de,5,,Produto chegou antes do prazo. Tudo certo.,2017-02-18 00:00:00,2017-02-19 10:51:42
cbd335781e088d1e3040f2da40ba97de,b83c1be0cbe93a1aea7c3a77e4ae37ee,3,,,2017-12-16 00:00:00,2017-12-18 20:04:16
13635e8d04058fddfba71e41b6b98735,ace40b7f6657491f011b8a3ba9edeeaf,5,,,2018-01-12 00:00:00,2018-01-14 16:47:14
47c0be5c9a293d17016ef1138b2b88c0,45234e26d8f4a497d57ba385398874f8,5,,,2017-05-17 00:00:00,2017-05-18 09:46:58
d722f7fc5060bb867d4f8d5525d4d9fa,1400d6665ba7f18ed06ea15ab083203f,4,,"Produto bem embalado e entregue no prazo, que por sinal era bem longo. Estou satisfeito com o produto é serviço
",2017-02-15 00:00:00,2017-02-15 23:48:20
abe939f6254df037fe49b581ed238d0d,05147da86ae779803eaa2a5480010af9,5,,,2018-06-13 00:00:00,2018-06-14 01:20:53
f0e69a5af879bab626fa88402a866592,63514fae43596b11a770416049c86856,1,,,2018-07-24 00:00:00,2018-07-25 03:54:06
158034c5b156d18fc8ecaaf94fb77fd5,10b6352081cd9c4b594e4be0c491ee62,5,,"O produto é bom sim, muito bonito, macio e bem grande, mas achei um pouco fino. ",2017-02-03 00:00:00,2017-02-04 12:23:05
f7feb689c934b70c92b9bf9d14045125,ea6ce509b0aa60471f0b6c0029797d6c,5,Super recomendo,...sempre recebi minhas encomendas intactas e até em prazo antecipado!,2018-08-28 00:00:00,2018-08-30 00:42:52
49595f90002cdd3f376f19d9522be2cb,5281594b70a5c7ed8821c77aae621155,5,,,2017-10-04 00:00:00,2017-10-08 01:16:18
d8fcaa13a9ebff2cdb9646be5e5d0d1e,c405d70e7eb2ef546a6e54524412a9f2,5,,Gostei da compra por ser pontual na entrega e o produto é exlente. Recomendo.,2018-04-24 00:00:00,2018-04-25 00:39:57
6d8868466aa0cd7c45b60080cd4bfca9,5890259dc546292bd43919d8a284222b,5,,,2018-08-23 00:00:00,2018-08-23 19:15:58
1b5f9bd4706842093846f599cbe8def6,462713cbc1abe1d91797604551133abf,5,Cabeceira linda!,"Quero agradecer a loja por ter entregue bem antes do prazo. Estou muito realizada com o produto. 
Obrigada! Recomendo!!",2018-08-18 00:00:00,2018-08-21 19:46:12
954da085d1e83b52f64644e7c052aade,ebe208c5144e6963534e6a772c6a6939,5,,,2018-06-26 00:00:00,2018-06-27 12:30:09
c6f92152f82b27c866ffab600db9c187,7525e8f8b1a51d44f9912ce81146ac7d,5,,"Bem embalado, e aplicação não foi tão difícil, realmente tem que ser feito em 2 pessoas, veio na coloração certa e o adesivo gruda rápido e até o momento não descolou nenhuma ponta. Recomendo",2017-07-22 00:00:00,2017-07-23 00:55:07
41930cc621ab6b5ef58580c2087fb546,f0496c5b6508ecfdf0af4c67896dda41,5,,,2017-10-20 00:00:00,2017-10-21 12:18:34
37e4be2c06f0ae3c42267281b869b165,0fefd780aced50487fedea40b67318b5,5,,Produto muito bonito,2017-09-21 00:00:00,2017-09-22 13:49:26
aa9001d192b7902bdb15f29712f3b5f0,494df7e03a951e947ea15c177503ef84,5,,produto de qualidade preço bom e prazo ate antes do previsto,2017-05-31 00:00:00,2017-06-01 22:12:17
d62a541830c845754709cdac084c27b7,7892114ce9e8834d860b44a782ef9af6,5,,Chegou bem antes do prazo e fui muito bem informado de todo o percurso.,2017-11-17 00:00:00,2017-11-18 02:37:20
3d490f362220fe59d20ad0fb6f520b10,747674a4b8b96ff3a901d54e528c9059,4,Relógio ,Produto lindo só precisam prestar mais atenção na bateria. Já chegou vencendo ,2018-08-17 00:00:00,2018-08-20 09:55:41
041c9f8217a77fb34855682ff70a55bd,31426d292a5d34315a18ac11d6eef7eb,5,,Produto excelente,2018-01-27 00:00:00,2018-01-29 21:33:33
feac99a252cd7bd11656863d57917c54,1a777b4fbc5f78c56a4d194ce7311df5,5,Ótimo ,"Gostei muito, é lindo.... a entrega foi rápida. Podem comprar porque é muito bom e bonito.",2018-07-21 00:00:00,2018-07-23 20:20:08
da5b5825c706fcb2e08415e570ca1190,9b2e5e7107f9b0d28873782803e01ecd,5,,tudo 100% correto,2017-01-27 00:00:00,2017-01-27 18:21:49
2eda15f09642c4ba89201f8dcb784d5b,0b6d11d4a289a1574e8888f2558dd548,3,,,2017-02-11 00:00:00,2017-02-11 18:42:46
af135f6b9fe4969ec7eb84d13d8015d1,8912983ff47de54fb2cf774efebd8f09,5,,,2018-03-30 00:00:00,2018-03-31 12:32:25
57eb5d1ad42568b592bc2e7245954ef3,f4eadb63785a85c5624767458b5f5cc6,1,,,2018-04-18 00:00:00,2018-04-18 21:23:54
f27ea3e3cb8d7e3daec3129beddc6483,148946b469e7c2af2231c7c2ba0c5681,5,,"Entrega rápida, produto muito Bom!! Vale muito a pena; eu super recomendo. ",2017-07-15 00:00:00,2017-07-15 23:28:49
fddcc3d78cbc847b13e391a22367b7d4,98b7513b33b639343a4a8955906e61a4,5,,RECEBI A MERCADORIA MUITO BEM EMBALADA E DENTRO DO PRAZO,2018-01-29 00:00:00,2018-02-07 08:50:46
331ff88b189b70d76a977d90b9bc329c,35444785eacb17aeda6810ebd8dd188e,5,,,2017-01-31 00:00:00,2017-02-03 01:15:07
57aa6253e4b12d17cce2ed65795fc34f,5baeaa8bec54f12f0aa0ee4b4d285cf9,3,,Recebi antes do prazo previsto !!!!super recomendo ,2018-01-13 00:00:00,2018-01-16 20:07:39
01b83a07696ae1b2778b52dc7c6de2fc,1b694ef5b28d3e949a4f0ffeb2c9fcd6,5,,"Comprei e chegou antes do prazo, tudo perfeito.",2017-01-17 00:00:00,2017-01-17 12:41:29
ee9e747177668bc9c9b8d95049c1eb9e,8258ee754942254bf787b58cfd650a73,2,,"Produto vendido de baixa qualidade. Película nova já não aderiu por completo, a borda não ""cola"" bem no display. ",2018-02-10 00:00:00,2018-02-11 00:01:49
048bb33712c359fdce0dc397e64005f1,5bf2faa0ca6a4d0baff82907f7495f79,5,,,2017-11-30 00:00:00,2017-11-30 23:26:53
000d524a3c693e342d163912ad74f156,378e9f1b518253964f1e82f349d90b7b,4,,,2017-05-17 00:00:00,2017-05-18 11:39:45
9d3543e40d3477eed8d9b411bebb18f6,b17b0e273b31b9bdc4c86d55ce1f2b87,5,,,2018-08-02 00:00:00,2018-08-02 22:53:49
22c741b9e6ab96e925d4adc34cc29f2b,86d06bceca766579cdf18c84e7778a57,5,,,2017-07-04 00:00:00,2017-07-05 09:38:48
2ac5cd43718696776a831416c2d1a2d9,8e7c39692005bd922dd07d56bd036e87,5,,nota 1000 !!!!!,2017-10-28 00:00:00,2017-10-28 19:59:55
fd43bd1963e5b75f95c7cfdcf351839d,0629053d0e1e598c7a5048031e19e31b,3,,Produto descasando a tinta. Qualidade duvidosa.,2018-06-30 00:00:00,2018-06-30 23:06:19
08b0990850e58e9b24a57ba4e593f5db,cfa5f05fcf442b5faa1cffd73b4fd9ee,1,,Cancelei o produto e mesmo assim me enviaram o produto,2018-07-11 00:00:00,2018-07-12 08:58:37
2c48a3d6cedadce438744f58d96a92d8,69f54f52631eb8ea8bec66cb902cf54e,4,,,2018-01-08 00:00:00,2018-01-08 20:16:48
982551b7ec0f5698c6bdcca653dbec7e,694e3d121f16bcbb9b4595b6c6ab3baf,4,,,2017-12-22 00:00:00,2017-12-27 01:56:51
187f6203f3143463b18cb593b026a320,101e824cbbf87e5511fcdb89150363d1,1,,,2018-04-04 00:00:00,2018-04-04 20:30:37
bd380cd302075ad85ef2fe142215cd02,e1019f2695c5dab494b7efb92c9a0b6f,5,,,2017-03-18 00:00:00,2017-03-18 20:33:56
44c4c67a04a0bab9d7d0529c8365466f,268611f7d2f0106b616e88e532e05a2b,5,,,2017-12-10 00:00:00,2017-12-10 21:16:31
249233f473fba5620a4f75aa0a9ae653,194c72d466120c8e1241d610c72cc5e9,4,,,2018-02-27 00:00:00,2018-02-28 11:24:10
f437e0373f5b8f1abdac6760fbdf42f6,a8f5ea0830ac9ffd1d2864434bcddb70,4,,,2018-06-09 00:00:00,2018-06-11 08:25:24
31cac050cf78fac6c0bb0b3298ca4b1f,4660bb9edc05ee0d35c8aeaa896f3300,5,,ADORIE TUDO MUITO BOM,2017-11-22 00:00:00,2017-11-22 10:24:34
b372e82351fb28633ee369890f06577f,c456339d894d329ad45d39e3d6796b90,5,,,2017-10-20 00:00:00,2017-10-22 14:11:25
8031060ab70a7e9a1546d56d4265dacf,9f6183228aa32e890cd753d3efab7178,5,,,2017-03-30 00:00:00,2017-04-01 17:00:49
45286114b137248017ff6ec7c0e0e988,f61d0a25c102875f482d4ead106e18b1,1,,,2018-05-08 00:00:00,2018-05-10 13:56:29
93a387a196a6c2b9c9cb5a72ae475651,2445a82ec841c77c3fa6573bc3e00dcb,5,,,2017-04-05 00:00:00,2017-04-06 11:29:00
20ffbc63fcd3e1386f252412598b7a63,df6aa08f7cc272ab5c188923ce319f39,5,,,2018-08-28 00:00:00,2018-08-29 06:08:38
910a6fd8254f3026d2d1128d5dba1bfa,cef4e03348c70c1c8eee3647083675ab,5,super recomendo,entrega super rápida e produto maravilhoso. adorei !!!!,2018-04-26 00:00:00,2018-04-27 13:32:58
9d7ddeb32091183368bc12881b358d9d,e08de031276032b05881e30eac0860c9,4,Recomendo,Estou satisfeita,2018-08-08 00:00:00,2018-08-09 11:31:36
7e3be027ce3ee1ad74cb4fc48ec39be0,3937ff0dcfc2d3e0ccf73d9b6521611a,5,,,2017-02-22 00:00:00,2017-02-25 18:54:17
d5c00cca558b58ff3e6b69764c9d7e27,f78a3a22a7eb2580aa261454a60166c3,5,,,2018-02-20 00:00:00,2018-03-06 22:01:30
e6c5dd3a877a2f307a0e7c552f36f338,ba58760d97361d60f4af393e41c236cc,5,,,2018-02-28 00:00:00,2018-03-01 23:45:01
112d59d7988da8129fa9143e1ae4fe56,72c1d87887d0b9a3965557013e74f543,5,,muito bom o produto,2017-02-08 00:00:00,2017-02-09 02:26:59
44147bdd2fd12d8f7addefaa837d8782,504b7cb87442ebd376fbcab13b114a3f,4,,"Gostei do produto, mas achei que era maior.. deveria informar o tamanho do produto para na hora que comprar nos clientes ja sabermos o tamanho, fiquei surpresa no tamanho, so nao gostei disso.",2017-11-11 00:00:00,2017-11-15 11:14:26
c50d695e01e61581c8313265eb2c6227,9a3deb474c6a3f4fbdf3252718392c47,1,,,2018-03-04 00:00:00,2018-03-05 21:38:49
888422abeabd35c1ece0add9476afd0d,0f47f9183ff34c4a76633181b380acbc,5,,"Projetor de qualidade incrível, muito bom para jogos, filmes e eventos. A loja parceira enviou e entregou antes do prazo, a única coisa negativa foi que não enviaram o fusível extra conforme anuncio.",2017-10-07 00:00:00,2017-10-11 11:06:44
ddde20466811fa935b4f496d1f5a2453,d64aa68e4a96734f280b7ddf0852d511,5,,,2017-01-18 00:00:00,2017-04-14 01:57:38
447e47d69f01af2dbf1a82d719409b6b,5d67a487bcc575e994f0e84e84823af2,5,,Otimo,2017-08-14 00:00:00,2017-08-14 19:57:28
e2e6ee6f16d2ed4b772be3b122eb548a,2c3eb0fe0135ed9d71065de1e06f8e01,4,,,2018-07-03 00:00:00,2018-07-12 20:13:06
ba8f6199fdfcfd44582481b60ce3ca4c,4d0b1ea51ea051ef9f4765df8148c0cd,5,SUPER RECOMENDO,"PRODUTO VEM EM PERFEITO ESTADO, PRAZO CERTO, COMO EU QUERIA.",2018-08-10 00:00:00,2018-08-10 19:07:54
f2ecd2c26e58ec44c543cd9ce6e6abb9,8282d5532e3d6bc650960861965714ee,4,,,2017-06-17 00:00:00,2017-06-18 02:53:16
c1ee90cea2a6af209d33e34ee9876147,b9c36b2e480f35608baa49f90c9467f3,5,,,2018-01-07 00:00:00,2018-01-08 15:44:18
2b65ac4176617b2f01cba2608818275d,7f877edba51577b9054e7490ab7469e9,5,RECOMENDO,Muito boa!!,2018-08-22 00:00:00,2018-08-23 11:19:57
610be22f6f1315b6d98518793790f30d,72057e22b4e99820f18ad51861441403,5,,,2018-05-15 00:00:00,2018-05-16 02:45:27
83d24d478d948b180721be139af82c2b,8b0899ff4934074e16ecacb55c7c2303,4,,produto entregue conforme anunciado,2017-05-11 00:00:00,2017-05-15 16:46:36
900f79cd6f50fc3f13f1b40e5b4f0c6a,0cce12b5e68a55914cd38b40985f7262,5,,,2018-02-10 00:00:00,2018-02-10 18:21:05
666291c927d08cb5cf5476da84dfe8da,7879a19dbf7ffa9e1063dfde96081185,5,,,2017-12-06 00:00:00,2017-12-06 19:52:15
ac4fac52621dcc402a8c7b9e6a12f838,067410a773ded180052ac522f139ab41,5,,"Recebi o produto dentro do prazo e é o que eu esperava, recomendo",2018-01-14 00:00:00,2018-01-14 16:50:54
362eeed111292ab17acd427c12d641c2,2e98befb6d10b5b83de9d9b4a6f836f9,5,,,2017-11-09 00:00:00,2017-11-14 02:27:30
200a29f129d691db2cbdb494644c6677,0412b784548c0bf8cc35073f13923e2c,4,,,2017-10-12 00:00:00,2017-10-13 04:11:59
a4f5ae6aae666e67a498580cde92a164,2ec517892d22fd59d39b4cfa2a69637b,4,,,2018-08-17 00:00:00,2018-08-21 11:52:19
fa493ead9b093fb0fa6f7d4905b0ef3b,02e0b68852217f5715fb9cc885829454,4,,Gostei e entregou rapidinho,2017-12-01 00:00:00,2017-12-03 21:57:31
dd395a6ce843662b8761eb46e402532c,678563117c6bcedcb0f9d98e8f3faf23,5,,,2017-05-21 00:00:00,2017-05-21 22:57:23
fc9d10eecf8ad945391cc37357ec0b26,f7a4be4d6edb66bd0e62e91e1bbc9061,3,,"Houve pequeno mal entendimento devido a cortina ser anunciada como 2,80 X 1,80 e na realidade são duas de 1,40 X 1,80... no mais, tudo ok... ",2017-01-31 00:00:00,2017-02-01 11:15:28
382a51d158ceb127f42175c6a35092d5,0cd0bff6841594d9006994fcfbf3e44b,5,,,2017-08-17 00:00:00,2017-08-18 11:30:38
da752515f10e84a3b16fea69f1445f1e,343d749914bab05f8c752813a075ef36,5,,,2017-02-09 00:00:00,2017-02-10 02:27:55
224785e9017902fbdae20cf5d804e965,6eb2a690131ac9952365adf622793a1e,5,,,2018-02-09 00:00:00,2018-02-09 21:45:48
a1cc4fe1e1d6cf4285308a1f527b9712,fe64ddc89b78b25109183dfb7fbc2629,5,,,2018-07-11 00:00:00,2018-07-12 04:58:49
4bc770c583c8dee82523c9c9cd88e35f,53d6ff29496a8aec64f36ab9a4691d77,5,,,2018-08-17 00:00:00,2018-08-20 00:01:05
eb264d4e523c5f13959c4c6630ab49a7,1cfb97c2bd23fb8142435ff6c9ac2f84,4,,recebi td certinho.,2017-11-17 00:00:00,2017-11-21 10:48:47
1e3ff31a4541dbb61b23c7e6c72dadfc,89a0a77e08de8ab75948884f114d9cbf,1,O produto não veio,"Peço verificar junto a empresa e transportadora, pois até o momento meu pedido não foi entregue.
Contando com o apoio dos senhores.
",2018-06-08 00:00:00,2018-06-08 10:02:08
b23ce71f0438ea21a4085dcb2e4e7072,9330d3796ff2bb8c7b750b4515151c42,5,,,2017-11-08 00:00:00,2017-11-10 10:45:27
aa689a88e9808071d18ab1fe01fd183c,acbd8e5be7c6808b8a971376f7e36b3f,5,,,2018-05-05 00:00:00,2018-05-06 02:38:16
386cc0b2413357d64f89741b886b1d4f,3749ffb24b4dec6d0cab14cb31e4fa94,5,,,2017-11-28 00:00:00,2017-11-28 23:30:28
dacd18edb2462c0c61d7feb016b2846f,f0acba5e31c243b3ba15fc908e1c0034,5,,,2018-01-22 00:00:00,2018-01-22 16:55:35
0f502163b90bab787e2ddfb009bf761b,a3e4fb1d4c4c04deb731bae74f190339,5,,Produto de ótima qualidade e chegou antes do prazo previsto ,2018-04-11 00:00:00,2018-04-12 17:05:32
13c359354b2d90587c05fa9f1b0b0450,eac51ba7a8bd2abf757e03c95fba700e,5,,Produto entregue no prazo combinado..excelente qualidade,2018-02-21 00:00:00,2018-02-26 11:26:44
833f44ee5260e0f1dacf9f70c86c255f,9b9273325c81fdbb834a17e020c6d131,5,,veio certinho.,2017-09-12 00:00:00,2017-09-15 23:15:16
c40697cd942bc451716960beafc2e2a1,05be03ef1c99159686f59d8a51dd17f9,5,,,2017-11-08 00:00:00,2017-11-10 19:12:38
7182de153eb23a4f0430dec98ba4fe7e,55d56409f0dbe0e3681f5a486ae0cce1,5,,,2018-04-25 00:00:00,2018-05-02 19:19:45
10a9cb2fa1d8d0d616158d697784b8b4,270e2c93dda2be7908cdf2a877171b8d,5,,,2018-03-09 00:00:00,2018-03-10 00:49:51
fb3e3713973be6d0e10236a99295de86,30abb2f439ba28a74be74a347eb3a6e0,5,,,2017-11-30 00:00:00,2017-11-30 23:15:50
f1146cac2d1b3cf23fa464b36c65537b,85647e1ff3e4b10814f375af01c38836,2,,Ainda não recebi,2017-12-06 00:00:00,2017-12-14 01:09:47
a19ae505d514a01b1f2a93d3e8d37cf4,70b8fcabbd42bd4e6bb39052dac647d6,5,,,2017-03-23 00:00:00,2017-03-27 10:38:02
777fefc4f252d6377b2100ba4bae29a1,543842af6f788d8bdaf1b1e63c0d3da1,5,,Foi muito rápido a entrega,2018-04-11 00:00:00,2018-04-14 11:01:48
8ca59ec52d44279f47d41121bfe3de98,5497655681652e7e1306139bb5d04a14,1,,,2017-01-31 00:00:00,2017-02-03 15:31:05
af080fd8dcaa9002f37b25bd9b1d8150,9ccd75b5f3444a2dbf104b9cdc1183a1,5,,,2017-08-04 00:00:00,2017-08-05 17:36:47
0aa79eaa9c5b046ec5b8c0661de2d1bd,dc423fd5dad84d30d887debb5323e413,3,,,2017-03-16 00:00:00,2017-03-17 13:17:22
af13b558d1c0d3e50dd216212e8af66d,4f821ef636d5a5eb870c9ae7b7d7654f,5,,,2017-02-14 00:00:00,2017-02-14 22:20:12
7cf7943b1dc96cc50a99099d13a6fb56,3335f13449d5b75804a0a49611cf11a4,5,,,2017-12-22 00:00:00,2017-12-26 13:58:41
1eab860cf246690a95126175fb7e9801,afef174bb9c07aa8185c78d1dbecd29c,1,,"Produto com prazo largo de entrega e ainda assim dois dias após o prazo previsto, não entregaram e nem há informação sobre onde este se encontra, conforme informação do rastreamento.",2018-04-26 00:00:00,2018-04-26 11:20:59
6b727862b98322f4ecd8431e9693c40b,4d552c5c82094dbeb98a8048f8b31adb,5,,,2017-10-17 00:00:00,2017-10-31 12:21:03
0fab20589714dca9ff8b4c4fbb55d266,1f7db95b8fd2c7432d59242430cb2163,3,,"A entrega atrasou, mas penso que foi por culpa dos Correios... Não sei....",2018-03-09 00:00:00,2018-03-09 17:47:45
6aa5ce3d257c3df510ae0698a8ff88ec,d5fbbc2e51c9e93de3502e15b4159d46,5,,,2018-04-18 00:00:00,2018-04-19 00:25:51
c169e78bd408bb8547968920c037a143,b8c123fb1b26f1adfb0d6f9d17255de7,1,,"Me manda um relógio Oakley tank falso,tentei entrar em contato com a empresa e não obtive sucesso. ",2018-01-18 00:00:00,2018-01-20 21:22:15
f8352324132b07d990c090c7fe8868ef,055eb7e5645d86bd278fc4f419622e8d,5,,,2017-02-03 00:00:00,2017-02-06 18:05:22
7e01647a02d88377b78b02f07cb57733,fd2183b67656b8228e073e069c83737b,5,,,2017-02-23 00:00:00,2017-03-01 16:27:34
30ea81d30aaa282bc7635c02a256ef57,bb789ec51c304aae58b4ba3c11cb2fb3,5,,,2018-01-12 00:00:00,2018-01-13 16:18:43
edc67c5ca6c690c1bb4ad10e4e25313d,27daa394276d904c4a0fbe8307e854b8,4,,,2017-06-24 00:00:00,2017-06-25 05:01:43
82ef99c4bba587799992bb9351b8dd61,4b90a2d18610d0b0ebb42c4abda69034,5,,,2018-02-09 00:00:00,2018-02-12 12:20:43
2667efe841bd3c07d661e81438399dbf,fe421e7d38d622aedc8ca97d58771ea6,4,,Muito bom,2017-05-16 00:00:00,2017-05-17 17:30:35
ed2b460e10c9c1ff4a5267f6f76512e0,aeb4ec5f0696847ed2357f26abeb5a62,5,,,2018-08-05 00:00:00,2018-08-06 00:26:07
c794fc45f0f04fe1590098fb085b1d63,7fb2f6ef625bf7ef303f984bd8cd2267,5,,Produto entregue antes do prazo estipulado! Recomendo a compra!,2018-07-26 00:00:00,2018-07-26 23:07:46
5b6b222355a6247637275f65c7c2d729,38303a6a61c69a067203b03e3e839e3e,5,,"produto muito bom, conforme anúncio e qualidade muito boa",2018-01-27 00:00:00,2018-01-29 11:43:30
e4fac4401e281403c82bee223b1a8faf,d0405d0cd3a0ddba64c30a078681a88a,4,,,2018-06-19 00:00:00,2018-06-20 00:17:12
608df4f5e0fdc22d1ac59dd72e790c15,2829e7fdff89a6af03cb5de5348ecf3f,5,,,2018-08-24 00:00:00,2018-08-28 23:15:40
3ec75e95fb8b14acaf6e47909eb5c980,0372d2e3d0ac2600aa8e08e6c46cb7dc,5,,,2017-10-07 00:00:00,2017-10-08 13:24:03
cbcdd2995cdd934404ba21b346d5df82,e8dbddc8a7fd19aaf321cf4e7b00c787,5,,"Ja fiz outras compras pelo baratheon,e sempre recebi tudo no prazo e em ordem, fiquem com Deus.",2017-09-23 00:00:00,2017-09-26 18:34:51
f1f7c913d396a687f021ae96b6f8a093,e437a323d90b04581fd8418d4afcce4f,4,,"Eu tive problemas com o pagamento com cartão internacional, eu gostaria que esto não aconteciera ",2017-09-16 00:00:00,2017-09-18 17:45:07
313ec74d9e29bb019b825665962fd08f,b0f19e077703b3f0cc8de0ab4911c445,1,,"Muito fraquinha essas toalhas...não gostei
nao recomendo....
",2018-03-20 00:00:00,2018-03-21 02:22:25
5f712dbf98a492718ef6f67fa6a3ecc7,3b3ef4cb2acb79f0af542185bc12bdcf,5,,,2017-12-03 00:00:00,2017-12-07 10:43:34
79dcf23d0e5af84254760b5e8af526fa,275322de6426ec5071b219b77fba6a65,3,,"Comprei 2 cartuchos achando que eram do mesmo fornecedor. Por fim paguei 2 fretes desnecessários pois 2 cartuchos foram enviados separadamente em datas diferentes .
Não gostei. ",2018-01-30 00:00:00,2018-02-02 01:59:31
160e8271d5692884b595c39ecc040905,303deafb916b70339ff5c11be8039888,5,,"Chegou perfeito.
Obrigada",2017-12-12 00:00:00,2017-12-12 16:09:05
a34ada35fda9b983f190ce7692b17cef,3029ae44ec91ac6c793566e668db93cd,4,,,2017-07-06 00:00:00,2017-07-08 01:04:04
c557c07748c4b74f3156e37b5c51c180,28f6e619a89b10d9c70bc35eb43adca1,5,,,2018-08-24 00:00:00,2018-08-26 01:55:11
02b7f62b6e32a6cc6752a7e43b2365f7,8b287c802866ec3b7b594e5cbc2d5acf,4,,,2018-07-12 00:00:00,2018-07-13 15:55:34
f512be27cf8e8d592a53deac93d195c3,06f5f6139b33f53defc64643f1252d53,5,,"tudo certo graças a Deus, stark e lojas lannister sempre dando um banho de competencia em todos os sentidos, muito obrigado assim que tiver mais promoçoes estamos ai para comprar mais produtos, o",2017-01-31 00:00:00,2017-02-03 11:17:20
31ee4a2b86d784bc87859808b6f3daf3,2ffc25e4c67c5d5ad8a0142b8f542d4f,5,,,2017-10-11 00:00:00,2017-10-12 00:09:17
abbd829f85a8366d246703df0dc810fb,9448533671e2c8e65a1bdedf43c778f4,5,,,2018-04-12 00:00:00,2018-04-13 16:21:15
d9837bc108f1be75d92c94abd5b83f7d,7ccc11577ae58791fde9fe83f4c7f106,4,,"Mesa muito adequada para aquilo a que se propõe, facilitando o uso do notebook em qualquer cômodo da casa. Embora simples, é sólida e bonita. Ponto negativo: entrega por Correios demorou + q previsto.",2017-12-13 00:00:00,2017-12-13 17:49:23
7d9e91d795b43d52d310492bf0477370,9846cae21962f6c6e65ad2e77d3c2be7,4,,,2017-02-08 00:00:00,2017-02-10 21:33:40
a6ba58ebd4fbb96ade29a382317f0a77,2fd7d8e43a256d464a02dd7bbe8cb125,5,,,2017-09-12 00:00:00,2017-09-13 00:35:09
b0cb84ebf396d96d9a28822d82173852,411d2a5826116cb819444537c0d0360d,3,,"Nada como o original!
",2017-11-22 00:00:00,2017-11-24 23:18:21
62a3696829c9eebf0aff19f66c1e7096,6c3ebcad285020fe222c1bff5a23b15c,5,,,2018-05-09 00:00:00,2018-05-12 01:02:10
a92404e93928e56c21e0baca75355c28,f0e99a13bd301f69aa29160ac8cd864f,5,,,2018-08-14 00:00:00,2018-08-14 23:07:02
e029cc55739c4835baeb5193a7efc07c,8f0033d3ef07e82e7e942e4136cfbf50,4,,,2018-08-30 00:00:00,2018-09-01 09:23:31
b0c2f8c122ebef9f77753f7d167cf634,465c2e1bee4561cb39e0db8c5993aafc,5,,,2018-03-01 00:00:00,2018-03-07 15:08:10
e0e1928bfb49b0312b057a58684ccf65,d242f228c4dd03301794ded8f02dce54,4,,,2018-05-08 00:00:00,2018-05-10 12:48:19
7581c528278e09f08c237f8921f9b951,41e33d3c157e00a75938cd0345e207de,3,,"Muito bom o produto 
E chegou antes da data prevista .. 
Muito bom
",2018-04-12 00:00:00,2018-04-13 22:24:04
df1ea029c19ff8da1e61247879ec682a,9b087af1d905d8987ae126797c9d15b1,1,,,2018-08-09 00:00:00,2018-08-11 17:14:40
95ec5c3f8091b98997caa97bbc7391f4,9508c52fce9468c56973500f75dbad5b,5,,,2017-08-30 00:00:00,2017-09-01 11:02:24
90dc72cb2c5d287975f33802d04bbc34,f42d66ddca55a1f750b6797c4269cb30,5,,,2017-08-02 00:00:00,2017-08-02 23:52:33
09cbb52c7e6942009d5fc243272126b8,dd3d73f70b77e2a07f64360620621ca4,2,,,2018-01-05 00:00:00,2018-01-05 15:15:27
05af726028990486adfa937cdabe092c,bdccf03ca8600528b6f897db4f6329ef,2,,"Não entendo o que está acontecendo, me parecia uma compra e um produto bem simples.",2018-04-05 00:00:00,2018-04-07 21:55:17
76397c6f870efab2424716bd96aa4caa,46a9ef8b08f32e1f040b1196a4b1fdc8,4,,Será muito bem utilizado nas produções audiovisuais ,2018-02-02 00:00:00,2018-02-02 22:29:11
ddc0ebfaeb8c2bbbe99591cb44654547,cfe9a2c324eefb180663116644e4f171,4,,,2017-02-04 00:00:00,2017-02-05 12:10:58
c91410f72935babe0547a45f223dee17,7ece3f32d060f91a98d50279ab15ebaf,1,,Bom recebi o produto errado a voltagem errada em fim fui enganado pois comprei um produto 220 e recebi 127 sem maleta .,2017-02-10 00:00:00,2017-02-10 16:13:56
cc979911163c98d5932827fb4ae6eb9f,74b9c5a1b6f7632750a25db4de597512,3,,,2017-02-02 00:00:00,2017-02-02 20:59:54
c9f56c3b78d348ad65f96e4dcc00cbe2,e4825515f8ef501b2887a2ad0685621a,5,,Chegou no prazo ,2017-03-03 00:00:00,2017-03-05 23:27:32
68be12d136177e374bddb346ac3d9884,cffc9d6f9230a7eb234ba6f3574db1ff,3,,Recebi no prazo. Produto inferior ao mostrado no site. Não gostei.,2018-03-16 00:00:00,2018-03-19 12:37:33
9d81273af7ba938f2676a3e6dca1b342,ba862e955a05f361d3cf620519c8d587,5,,,2017-09-15 00:00:00,2017-09-16 12:38:19
45f69867bfed389b9ab30d782b6fc9b8,fbcac8a5f28ae481d3c3ebb74de5a7fd,5,,,2018-04-06 00:00:00,2018-04-08 22:57:27
5d30363005f7c1d33204c7c0a7e1c34e,3d9a71340ea2b14362b1a69f08252e45,4,,"O ponto negativo da compra está relacionado com o fato dq o site errou a data d chegada do produto em um mês. Embora não tenha atrasado, mas sim, adiantado a entrega o site não reflete a data d entreg",2017-06-27 00:00:00,2017-06-30 10:41:26
75b7e9ef48fcea1db4a63bed17fc0b34,742ba39f629d08705cf64769ff41dd3e,4,,Faltou o CD ou link pra baixar o windows que vem instalado assim como alguma comprovação de que é um windows original.,2018-01-05 00:00:00,2018-01-05 23:10:50
6dd071ee40ec11ad0df60eaa244fc9af,231f7e18395c045198f74f63e3cad304,5,,,2017-07-07 00:00:00,2017-07-10 14:15:12
5fab5ca2c372e6f67074e4be03466f7f,1871117e3b468a4dc29c82849099069b,5,,,2018-01-24 00:00:00,2018-01-25 10:06:26
ff7c636a6e8718f7ad8b2ad355b03ab3,4dbf5de576e0e8d18ad0932e1ed8e89d,1,Entrega Incompleta,Eu comprei 2 perfumes e veio apenas um! Quero o estorno do meu dinheiro!,2018-06-19 00:00:00,2018-06-20 01:20:26
e129b8204518163fa25699b5421e7d2e,4d41aecae7fc035c91789128309fb7b0,4,,,2017-05-17 00:00:00,2017-05-18 21:09:26
2c2919a4c6f098338e5e432c04dededc,13a4e0efe42392b2ee22601883f47d24,2,,,2017-01-27 00:00:00,2017-01-29 20:45:52
ad5830bc6baa8867b6f5fb4686acd3f8,b4b82a96ad1cd1dd5071980861bb2575,5,,Entrega rápida e eficiente! Produto bem embalado.. super recomendo! ,2017-08-04 00:00:00,2017-08-05 22:44:31
bf072d87fca6f236b1cc6d0a25b18d03,4eb910d27cb13ee96a5e5c6dacfe4e4a,5,,,2017-10-28 00:00:00,2017-10-28 23:44:22
b43941e6dbc8af0fd23cda73148126d0,eaae5e87592113d14ab25a25bf5105e6,2,,,2017-04-14 00:00:00,2017-04-15 15:19:14
7fde6a6520102a25fd5ab7728bafbc9b,1c308eca3f339414a92e518e2a2e5ee9,1,,"Até o momento nao recebi o meu produto, fala que está disponível nos correios e nada.da compra que fiz em novembro só recebi dois produtos, uma cocha e uma saia para cama box.",2017-12-31 00:00:00,2017-12-31 20:19:14
606b6258c1c9d5c091b2857bae6e526a,c0f8ab6b8ca98ae53f4acc203b206e0d,2,,ainda não recebi o produto e ja consta como entreque ,2017-12-14 00:00:00,2017-12-14 22:54:03
1ab04a11decc3b6f21c0264cad58ec38,5480f040b65927b72574473cce844a76,5,,MUITO BOM. ,2017-09-12 00:00:00,2017-09-13 12:54:44
a5be99bda64c2dd765997ee03219e902,df7f8e668092abf15eef89b947ba2ef2,5,,"SÓ TENHO AGRADECER , NADA A RECLAMAR",2017-08-03 00:00:00,2017-08-03 20:39:05
260bb3a92f2dc40bff44716dae796937,e32cb2b7845ddbc8322b670ff7604fb3,5,,,2018-01-13 00:00:00,2018-01-16 14:45:47
966bc621d8283c11b67593f411dac492,e7d99cde4408565cb8aa944a642c61bd,5,,,2018-03-01 00:00:00,2018-03-02 15:44:21
1b9df9431f02e14c822ca6bed96f54ed,33d1c541fe62cc7e7de82f1a6f7209f1,5,,,2018-07-12 00:00:00,2018-07-13 14:16:06
a71726d518ede586d51efacfeb2ade2c,6813024343da715f4461d785148f298e,5,,,2017-05-30 00:00:00,2017-05-31 00:47:36
93f87a94c3de8899abfc9109905782a9,be01aa43cde592a2cb281cb5d36359d8,5,,,2018-05-29 00:00:00,2018-05-31 14:19:24
0c32e86201150887fae34da99935edf0,7e486325a643ff4ed591ad4fd1b80d16,3,,,2017-12-19 00:00:00,2017-12-19 09:04:02
35e381d9f5c75e12e79d68ac1673ab61,491c5a96f47a083b2792f1a306a5fade,5,,,2017-06-24 00:00:00,2017-06-25 13:57:33
bda71a6b1289c63be25dc999d4a3eab3,69f5eed47613a9d3cd0ae94d398cdd4e,5,,"Tudo ok ,entregue antes do prazo!",2017-07-25 00:00:00,2017-07-26 02:58:53
f1b1c979fb5bb92887527bd373429b5b,c3aa096e341a72813ecfb834df16b91e,1,,Meu sedex foi entregue aqui na empresa dia18 junho SIM,2018-06-19 00:00:00,2018-06-21 23:45:14
f7612a5071d26320ada727766d16c42e,408bba49e507e2efa9fbb77966ca4697,5,,,2017-10-11 00:00:00,2017-10-12 12:01:21
e71c2035f3e772a0a2339e001d383d8f,b276e4f8c0fb86bd82fce576f21713e0,5,10,,2018-08-01 00:00:00,2018-08-04 02:05:33
1fde0ec1f083fb2a27629ddc8b47473f,1e69dcdcbc094d39d6ba64248af906fb,5,,A compra chegou muito rapido,2017-02-03 00:00:00,2017-02-06 16:39:52
13e5b4b63fe7ad974b1ea185af5ac47e,f4e88b3ce1eb899d388467aa702fdf93,5,,,2017-02-21 00:00:00,2017-02-22 19:49:08
398584091ef8b3ed1a2ee335794fd41f,de90c6becfae7b59fc7f1642e8578a17,5,,,2018-04-19 00:00:00,2018-04-20 13:36:23
bf9cef1e8996ecf8a981caef0e312b23,ff0d3c8b486f123087d9d9da102afaf6,1,,Aguardando a retirada e entrega do produto correto. Indignada!o O consumidor comprar o item tamanho CASAL E VOCES mandarem no tamanho QUENN. Nota fiscal um tamanho e produto outro. Cade a conferência?,2017-09-09 00:00:00,2017-09-13 18:46:26
48cecd6f6e70c29a72d03c4b0573a89a,fb7df543b6622d01dba2c9340a23bb30,5,,,2018-08-19 00:00:00,2018-08-22 11:59:21
0ad58cdf5054add1a5569e58ae1b2ceb,bb2dfe6031f35f7abc9a3c7dad5e4467,3,,"Foi tudo no prazo. .
Bem embalado e perfeito estado.",2017-01-31 00:00:00,2017-02-01 13:56:00
cc5b0a4875e99b76b467223755d062fd,b75eb9360ab80bfd5c7ccf7270d447fb,1,,"o produto veio com defeito, aparência de usado!",2017-03-05 00:00:00,2017-03-05 15:03:21
bcf66c6bd6f84ba225c62699ff374999,765442de6466c0bb079c22b8b20e0eab,5,,,2017-01-14 00:00:00,2017-01-14 20:07:42
ee98027b0a42bbca147223bc9e82a436,c087855fe6f303205c09558f7f8103c8,3,,,2017-06-01 00:00:00,2017-06-01 23:14:10
61563e6aa4c64980d4839b867973028d,4dfe63cb6237de0624ec0183a74b57e6,2,Não recebi,Não recebi ,2018-06-06 00:00:00,2018-06-09 11:00:56
879e6d6644cf0f7f6795fc17ed8daf44,bbcf632e5c697b7e9666005c55d10a80,5,,,2018-08-21 00:00:00,2018-08-21 14:57:59
90cdd40348e1f44dbd3745a14614c5c1,67fda58928557660d52d5f17eb0aa105,4,,Entrega dentro do prazo,2017-12-30 00:00:00,2017-12-30 17:17:13
9a047ac1d9cab0c1cc8325b97da04015,2fe9c43306d90b933dc4efadb0f852ff,5,,Superou minhas expectativas.,2017-05-31 00:00:00,2017-06-01 00:53:58
83b41bdabfcef3f30cf038677339c0a9,ebf44ff0c2e9687a275c7a487b71e28e,5,,,2018-07-12 00:00:00,2018-07-17 18:29:16
76118fba1aead24f91a411437693f3f1,9aad86a646fc47633629fbc7d2c2cfec,1,,"demora na emisão de nota fiscal, e demora na entrega, produto deveria chegar no maximo dia 19/02 , hoje 21/02 produto não chegou a unidade de Recife PE, imagina quando vai chegar em minha casa?
",2018-02-21 00:00:00,2018-02-21 12:08:30
ed75cc6aa01216dd6090a6baa44a0de8,091bd68043b7a721b0d82b5ff36304fa,5,,,2017-03-14 00:00:00,2017-03-15 15:37:15
e4bebcfc5687911d15a24b367da4d756,8dc67de08c1738a90e70f62f2920b432,5,,EQUIPE ESTÁ DE PARABÉNS!!!,2017-02-02 00:00:00,2017-02-02 22:55:52
b7018891dfc4c366cb082ee5c07cbc89,f95795398c6d7c5e32c51629aa345fdf,4,,,2017-12-14 00:00:00,2017-12-15 02:49:29
3f4d0b74e4f3cdb458ce7162a5ae2b00,be0cc702e034bfbeba1a8a006eb9dce5,5,,Super recomendo,2017-12-15 00:00:00,2017-12-18 13:37:20
044ee96dd8f80bc2ec1935a7419c73cf,e6ed19491b2a8932cadafcf68e2745e3,5,,,2017-08-29 00:00:00,2017-08-29 20:35:43
739c3a37995628aeec9fc7f7f5bc5be6,06ec25371486403c9aa7249f067fc5aa,5,,Recebi antes do prazo e amei o produto. .. É lindo e de ótima qualidade.,2018-03-22 00:00:00,2018-03-23 18:43:42
2f665d804d0128a910310dbdba248189,63c92634b4aa9841e6ef2be29bbebd77,5,,,2018-01-30 00:00:00,2018-02-02 15:21:05
c2eb3e6266f44fdf992e6ae2015a6661,abb9f3409081aa15446fa8ae9add98db,5,Ótimo,"Parabéns vendedor ótimo profissional
",2018-05-23 00:00:00,2018-05-23 12:53:58
c38339c3ae50ee587659bc4f74daccd2,bdf4423bf60eac03b6786ebd0e507cc1,5,,,2017-02-16 00:00:00,2017-02-20 10:34:48
01d08cbdbce127b0a4ed6c60e1ee6ee1,6727a4e9eed7135cefc6d0f9de7f88a3,5,Recomendo,"Recebi dentro do prazo estabelecido, adorei os produtos ",2018-08-02 00:00:00,2018-08-04 09:40:05
6d6b77d8c6b98e1cd490f48d3a02760a,fc893e13a220f3fb9b2108b582e773a0,5,,Adorei...entrega super rápida...bem antes do prazo determinado.,2018-04-17 00:00:00,2018-04-18 12:37:23
070b7a160179451a326f017a2c7866f8,f16010e0add047ba483e2b3eefa7c60e,1,,"Não foi colocado meu nome como destinatário e sim ?casa da mãe? os correios não quiseram me entregar. Foram varias tentativas, frustradas. ",2018-02-17 00:00:00,2018-02-17 13:06:42
a30109d4333a2f08c04b28036ad7d3df,fd0ac58dfd0c4a3034ec2fe3e6200fce,4,,,2018-03-22 00:00:00,2018-03-23 03:36:18
4b10f6a0187e9d1ac84bee2cc5894d2c,d38cfff41619a58ae9fb4bb3be5cdfa6,5,,,2017-07-06 00:00:00,2017-07-06 08:57:47
8a730806bca01f6927c3952730dc4a7a,c8b572e51cdb580076ed91bd1ead1fe5,3,,,2017-12-05 00:00:00,2017-12-07 23:41:54
f4b61bdd2cb852ee65d806e6ce7f0675,30c902056ce61a4404a706f9dc06b4bc,3,,"a entrega foi rapida, porem poderiam ter pensando melhor na logística e ter entregue junto com a impressora que comprei no mesmo dia!",2017-03-07 00:00:00,2017-03-10 12:29:10
629f1853595204936023b2acc024c489,8d812dbf931bbd85b3b5b528b75ef9bb,4,,Ótimo produto entrega rápida ,2017-07-19 00:00:00,2017-07-23 14:45:30
87b3c2bccc550df455f642b2a9fc7452,fdda37c607e545cc35b20ab1eb1a057a,5,,,2018-05-24 00:00:00,2018-05-24 23:03:06
ec7c21003d4547b4906a4f4c70ee7cd3,f6c7eba2dda849d3fe744fd74907296c,3,,,2018-06-06 00:00:00,2018-06-06 19:33:38
a479581e48a78b9fd3f85d6734ab05a5,9142a3c29501af1e90aa7eea2a6949b3,5,,,2018-04-04 00:00:00,2018-04-05 13:21:59
03c2bc55a28e0b771a17601931d5c8e7,9ca767bff71e0db7ad334bde5f300c2a,5,,,2017-12-02 00:00:00,2017-12-04 18:59:32
aa8b5da62595f243e23c005d799e4260,f6bceb62b35d3e5335db07a36336bd6b,5,,"Ótimo produto e entregue antes do prazo.
",2018-04-21 00:00:00,2018-04-22 00:54:20
cf41723454ed4d51e525ea1a9281f886,ab65887d04b631b6d83004bfb47fba02,4,,,2017-08-10 00:00:00,2017-08-10 23:37:57
c03b9c4e9da18dd26a66e4cc09690140,664411dc25ffd21164cc72805f249313,5,,,2017-10-14 00:00:00,2017-10-17 02:09:13
fd72583e578b5cfc73679ef346d0ea31,8f578fbe296dae4b9f11a4996da9c47d,1,,,2017-08-17 00:00:00,2017-08-17 03:49:17
7bc1dc2d2ce884f915d131e1ffbe1d8c,6ada1dc97a94d735582a110165f0a0c6,4,,"PRODUTO MUITO BOM, RECOMENDO.",2018-01-03 00:00:00,2018-01-03 20:27:21
b19b3da265d2e2d3f4f18fd77bbba111,95a08547138ca5fa14fae54639939af6,1,,"O produto chegou com a tampa quebrada, de quem é o prejuizo?",2017-03-25 00:00:00,2017-03-26 14:29:09
b19c38ce2f618544f87013246283c96b,7b07cef881924b566432e1343e5dba8a,5,,,2018-01-09 00:00:00,2018-01-10 08:09:10
e2d79d6744274d7b1bd4fc0ec868453e,78ccc8b2b91842cf16b56d474d8c8480,5,,atendimento ta otimo,2018-03-13 00:00:00,2018-03-25 20:21:14
ac7c0f51a135d8a8ece0118a66437f65,2f820dfff29d7bd20670d70c9a33ba51,4,,Agradeço pelo comprometimento da empresa. Produto entregue no prazo com responsabilidade. ,2017-12-28 00:00:00,2017-12-29 00:56:23
5dc0e75e88cd331e3082a2ef236a67d5,293ce7e1d3220058be631162721ba82f,5,,,2017-10-03 00:00:00,2017-10-04 04:08:44
d5f1ea9ce04f9c513c009204ff128c04,2bac4f3e8f31c3174e87367649517359,5,,,2017-09-20 00:00:00,2017-09-25 13:20:51
7d3225a861626266061ccf271a55c403,1b0bc119ea5ac37e73e2275afc7904ee,1,Não recebi os puff´s. ,Comprei 2 puffs e um chromebook. A entrega foi incompleta. Os puffs nao foram entregues. Tento telefonar para reclamar e nenhum dos telefones consigo falar com um atendente. Lastimável.,2018-08-23 00:00:00,2018-08-27 17:34:19
82d60edf04c93d33b693bea836fd7514,80cfa0890f4319950ce8e5dae346a7b5,1,Ótimo produto ,Sô lamento que paguei o carreto e tive que buscar nos Correios ,2018-08-26 00:00:00,2018-08-27 00:48:27
a41e2f00c75748a0796ed5cb3de765a6,71d1d659a3fc76b377ac21af193fae99,5,,,2017-02-10 00:00:00,2017-02-13 20:38:34
ede44ae5b927ba67b1f25918c862a812,b523b77f215e6c094c97389acf24ea9c,5,,recebi bem antes do prazo em 3 dias. Ameeei! ,2018-05-05 00:00:00,2018-05-10 18:35:59
76b661ae3f0f157e0ef0416b23e9b9fb,653f05432280006916452a2fbb55b136,4,, O produto não foi entregue em minha casa tive que ir no correio para buscar Paguei o frete mais o correio não entregou na minha casa tive q ir buscar você deveria questionar o serviço dos correios ,2017-03-25 00:00:00,2017-03-27 21:49:25
eb64a48bb141d318a38bf054a8690032,dba7b6050fd3d402855707a3ca296a21,4,,,2018-04-18 00:00:00,2018-04-19 02:54:32
f35cb4e70275a874b17140257501a7e1,037556f936da90c5f9504956ff286860,5,,,2017-05-13 00:00:00,2017-05-14 22:42:30
7814786b2be4dc6e9cf540f70a5b0330,c8f4027dbf44d9747152dca781b0cc37,4,,,2018-01-06 00:00:00,2018-01-06 22:07:28
9ac142bef182c0567023790958d4c1a9,7b8c32f57706909aaebed84fe68d191f,4,,,2017-07-25 00:00:00,2017-07-26 11:06:45
94d72005c5538c97faa5b691dd8a7e28,66684ab29bf699746bbe69ca21dcedf5,1,,,2018-03-14 00:00:00,2018-03-14 11:30:11
35cc00ff30267c5b96dcc474da843fe9,269ad8edf5c7dd6bfbe01dc68832f6ce,5,,,2018-08-23 00:00:00,2018-08-24 15:10:08
19ea286c998549d60b2a7f9d51e96138,8b6d201fff0b1b32e59f7cbdc6beaf54,5,,,2017-02-07 00:00:00,2017-02-09 22:30:14
3a696a9021b630ed4bf6bb8d57fd1def,d8ded99e3d8a9de0aba5037f97743cff,4,,,2018-06-08 00:00:00,2018-06-10 20:55:20
9c523a0263f13d4050bce552e7dfc83e,af6ed18f03a877659659ed9467c7cd9e,2,,,2017-03-22 00:00:00,2017-03-24 12:05:24
811f2409fc1783bd6edcd70184ce5c6a,999ecbda5d7b314b856c71e7bb73d8ee,5,,,2018-08-17 00:00:00,2018-08-20 15:25:39
97839f5603f7c8811cd060458eadbdf1,a9bfa8db74ad27be5debb246e95a5ea1,5,Ótimo! ,Recomendo ,2018-05-18 00:00:00,2018-05-21 09:14:28
bac3f1be61a0a7d9d89dd4b741101322,594d9204df0349e9b6ddaeeecc1f0748,5,,,2017-10-24 00:00:00,2017-10-25 00:42:25
54f150223f8a6ed64eda4effdc213b1d,69bfec47c3230907ad9552f2f1e0c690,4,,,2018-02-07 00:00:00,2018-02-19 11:39:31
7653e49b971ee8818d82caed50f2ed2f,d339c9a9c019e5beaf1cafb6cf77a23c,2,,A cor e compatível com a da foto mas o material. E bem diferente. Bem inferior a da foto. Não. Gostei muito mas a entrega foi muito rápida ,2017-09-15 00:00:00,2017-09-16 03:16:17
809adaa6b576c9c90522e992bba42881,a4d5fcb131fab3ac106ae40ac7042833,5,,,2017-10-08 00:00:00,2017-10-08 20:15:22
64c6a97c8b9451d1cb0275e1894a68aa,c671f90758b4e249a77ccaf0726e2fba,5,,,2017-10-22 00:00:00,2017-10-24 15:43:51
5369e3876d996bab1e9ef4e721fbe282,980b9aef670d4659912793b2fffdea29,5,,Pulseira superou as expectativas. E ainda veio com silicone e bolinhas extras. Chegou antes do prazo.,2017-11-11 00:00:00,2017-11-11 22:45:45
bafadccefaed2fb2eae0bb55a35e597a,162b56a349cbc23e6ff66357119607d1,5,,,2017-07-08 00:00:00,2017-07-09 00:40:39
643a6ec9e568c9427739abd83fa4f794,ef923bbb28876cc2a8e00a7ebc1a52f8,5,,,2017-02-17 00:00:00,2017-02-17 16:39:11
0d3dcd7537453b47fa39d680e6125f02,e4a1a7de8d097ef8862da4fa66798f53,5,,"Fiquei muito satisfeita pois com 2 dias meu pedido já estava em casa, parabéns vcs foram ótimos",2017-09-14 00:00:00,2017-09-16 02:58:46
4e5512d20cadd12205b233af220eab24,efd6f5a2a8e6c4dbd20bf8ff100342e0,5,,"Gostei muito da colcha solteiro...lindo, material muito bom e chegou antes do prazo. Super recomendo",2018-02-21 00:00:00,2018-02-21 12:36:17
09cff47ab69803dd9b960aed63e25df5,3d7bbb0855485cbe41eca68eb774caeb,5,,,2018-06-26 00:00:00,2018-06-27 13:41:10
8df1ebdd523ea514a515360d4d176e0d,0cabc61e5deb17c32904e1b512204efd,5,,,2017-07-13 00:00:00,2017-07-14 00:10:49
ff23ecdcce6ba35b94f4b9db37674a82,ebaf4b1faa0a7038125461afa5810651,5,,,2018-05-25 00:00:00,2018-05-26 23:09:16
e04dbcac583bb3df78b2225b8260bf5d,f5de15fee5da7c522b0aa5837f99a1db,3,,,2018-05-17 00:00:00,2018-05-21 11:07:33
4b6d32e8b878b4a089b34ee0a45122d8,6c611d177ef47b4d67080071684f3da3,5,Excelente,"O produto que adquiri e de excelente qualidade, veio muito bem embalado, entrega foi bem antes do prazo. Gostei muito. ",2018-05-19 00:00:00,2018-05-21 10:37:04
a241faaca20e00e37555121109e38809,e10c9ad36c79606f76bfc8da8eb83aa5,5,,,2018-02-15 00:00:00,2018-02-16 10:02:32
156e9bdd725abf1d265e4167eaed2922,9856503e3360fab415c2efa086e44c85,5,,Recebi o produto certo dentro do prazo!,2018-04-03 00:00:00,2018-04-04 07:45:03
1dcc991d2244cb770951930e0a46bad5,e2fffc00c9decdb32b25e86a37f3ad50,5,,,2018-01-30 00:00:00,2018-01-30 23:52:50
c2acd7000d422b684deba7da0948ab9f,28a1ff56441c9df5d5bfaead83cd76fd,3,,"Comprei dois produtos e veio faltando um produto, enviei uma reclamação e estou aguardando resposta.",2018-07-25 00:00:00,2018-07-28 01:20:24
d212b6c583f36dafb3f70ce3b9127d76,0c5d85fbd4b20a1d9d5fc6a29e739f36,5,,"Meu produto chegou no prazo certo, e eu adorei, estou muito satisfeita.",2017-02-04 00:00:00,2017-02-06 22:55:35
3b2081544c99c761c4a681bdf6425333,72d92e444e5ae71da33e1ca59fb9f8a8,5,,,2018-01-20 00:00:00,2018-01-21 09:00:16
2bba28ce68448abb688e66b617f37ffa,779ee2bc8384b3ea52f4e6abe2c84271,5,Top,"Comprei o produto,a entrega dentro do esperado,o produto em perfeito estado!!
Eu recomendo!!!!
Muito bom pode confiar!!
",2018-08-01 00:00:00,2018-08-02 02:01:04
c2bb636b1a202d68a30556f51203cf84,9e1c9e249d55ea95fe0f9510c2e47862,4,,"A primeira vista nada q não tenha atendido aos requisitos achei q fosse uma câmera q VC tivesse acesso em tempo real mais me enganei, mais o produto é bom, indico",2017-09-26 00:00:00,2017-09-27 02:42:55
1aa17f1b2c11a3d309cbf243c3bb07c3,1af4acf47f9833b90e3b7cb326ed85f9,5,Muito bom,,2018-06-08 00:00:00,2018-06-11 08:57:23
6f6f67bf9001fd504af727529b15ecbc,058afe6c6322b4773393a66003934493,4,,,2017-01-25 00:00:00,2017-01-28 16:24:33
bbd4c537e08445933c597b4bdeb98dfc,4d7cba9ac539bd48f7fdde25ccbf3eb2,5,,,2017-05-24 00:00:00,2017-05-25 10:37:53
4a173615a09a0c046730ec9d9fc3f1a3,f935cc50d7d3a005676cd1093b419595,5,,Rápido e eficiente,2018-03-07 00:00:00,2018-03-09 19:01:22
b58f028ba5ba15ea1c098207e76d7c88,bf77be9e5c844064520fc976a02eba7f,5,,Produto de qualidade. Loja parceira muito boa.,2017-11-03 00:00:00,2017-11-03 20:57:19
fbe97ffa0cc3fd60bb01c24d5ed6befd,5ffc7455c07cb79260d36024277e417a,5,,Adoro comprar nas lannister ,2017-02-22 00:00:00,2017-02-23 00:49:02
4f37d256e039c8df8a30255d3b3faa80,f5d97c18a8bda6c516e7c61c9d1a6a27,5,,,2018-06-06 00:00:00,2018-06-07 09:14:28
f37d5a15c992c2917846697f9103851f,717d28ee12c7c0ef8b384ff1b62b33c7,3,,,2017-02-07 00:00:00,2017-02-13 14:27:51
d1a8ae2fbae4c046afdf0816ce3b3b0f,bb8a565ee080cd9009f0209bf124beaf,1,,,2018-01-05 00:00:00,2018-01-07 21:54:34
8da8979f35b268a16ccb23187f1161d5,691123bd7667e28df807da5274073e1f,3,,,2018-01-11 00:00:00,2018-01-12 04:41:11
58f9cb8d071bee7afeed8f986ca6dcc7,338d2237cff9d84c960705a68b88c638,5,,Nota 10.,2017-08-23 00:00:00,2017-08-26 11:46:38
feffbaa3f14e1bb77d003778577702f5,414aa35f4bb723e9b5787467f282450e,5,,"Muito confiável, chegou tudo certo! ",2017-08-03 00:00:00,2017-08-04 05:11:49
6b963b1150c616b27485bc5c900cbae8,8f359a870a6206af39d54ab82c99619d,4,,,2017-02-04 00:00:00,2017-02-07 16:19:52
f9e7067283960f7f73ecb66e68bfe54f,45d9d23c62d17d0c6aadb813d38831b3,5,,,2018-03-09 00:00:00,2018-03-13 20:04:40
a9f0c65529dc422eb073cc98bf0ec410,c11e4b7ceb73050e960f5b9ff6b75a72,5,,"excelente vendedor
",2017-08-24 00:00:00,2017-08-25 09:37:14
9a16c8a7d01fa37a4f65737e1bb040b1,23a9867e2ef4c3cd636e7e275edb0252,2,,,2018-04-27 00:00:00,2018-04-27 21:40:16
1c5ad4b645148a60c0ad4cca851b8b0b,942c437934a994c52629e74e23787f26,5,,adorei o atendimento,2018-01-23 00:00:00,2018-01-24 17:06:42
c1c88925faec2ded8121e46c2ec98ec7,6c82197bc099415d9919ccb609a9c072,5,,,2017-01-19 00:00:00,2017-01-20 00:58:49
53e616f83058b7f7ee042c1f3c2ec051,51ceba3ba51d4b4543e7f78e181e0ba9,1,,a loja entregou outro produto sem previa concordância,2017-01-31 00:00:00,2017-01-31 12:17:41
c6df67e4467bf3cb4b05965369bb2515,07120a6d39e99f6aec742cfa39ab4cac,5,,,2018-02-01 00:00:00,2018-02-05 09:08:49
94bdd5b80eba7939ced7a9696482cf63,88ebb2a5aa88ce5fd1f73a821e27bb43,3,muito boa,,2018-08-30 00:00:00,2018-08-31 12:51:37
93f45bc3677448080001e4fe1a46dec2,cfba3ca25a049f8bdf836baa3b8be493,5,,,2017-02-01 00:00:00,2017-02-01 10:43:29
282b39000a7e0fc8985b455fd576e8f3,14def5e6b6021ae117c181c039258033,1,Não chegou no prazo,Ja paguei a 1° parcela e ainda não chegou,2018-08-12 00:00:00,2018-08-12 23:14:55
ef2f9e4d438f8c20b57e79d066be69e2,67c98ded9839fea6b6482d1341517e40,5,,,2017-03-17 00:00:00,2017-03-17 19:35:09
fd015c2ff6fefd4072115536a5620c18,5261141ee2f17f6a0dcb5f7aab6acaec,5,,,2017-09-14 00:00:00,2017-09-15 00:35:22
eb44ae8835e0511e5fffbc556292f1c6,a2b98e0d4c46ef327bb78d902bfaf7b3,4,,,2017-07-22 00:00:00,2017-07-24 01:37:27
036a0665e392e513236e7dbb403f692f,704966e2252d9ef26bfb8203cb8fbf1b,5,,,2018-05-01 00:00:00,2018-05-03 22:24:42
09e9d3c703da2e6a685bafbd84a9639e,8c0a4c58ee098fea192d86cb195786e6,4,,Recebi bem antes do prazo previsto.,2017-01-31 00:00:00,2017-02-03 22:12:23
f7e0c5eed646de56152c17868ffc8ab5,af7c5cbf4bb52c9f686828ffe06a4f6e,1,,"Comprei o produto,paguei o frete e não foi entregue em casa. Tive que ir buscar.
Péssimo.",2018-03-11 00:00:00,2018-03-11 17:07:55
263177bbee6821e4d668a5a19d4bc7bf,fd8d9bc6af4ccc073a7fe152040e81f2,5,positiva,,2018-05-23 00:00:00,2018-05-26 21:07:22
e723ed85e1f4b217802e4df4848c63e5,9058bc799c3791077efb3aaa8e0d5e02,4,,Foi bom tão de parabéns,2017-01-31 00:00:00,2017-02-04 23:33:58
790ba482a3916dfa19de67a93c5618dc,822f778d1cd09285df832ee2cf65b83c,1,,Meu produto nunca chegou,2017-12-20 00:00:00,2017-12-20 15:58:13
c562ff3fb77eb14e980a4ca271cb57d2,54484ffea00a1f43881bfaeeeaf0dfb8,5,,,2017-12-14 00:00:00,2017-12-16 14:38:06
0bfac8f14abead15c6225ebdd4e3da5b,0fe0d22222f747a218a2596963d8b364,4,,,2018-01-30 00:00:00,2018-01-31 11:18:58
72b1120086d63bc4380190e5683c541e,84135f650b81a3dad8babdef22952b7f,3,,,2018-07-06 00:00:00,2018-08-01 19:23:15
4ecde43e4be0a8409d10233dc992e89a,5f9e345bd69028860ff1b6a72c26dc45,5,,"Sempre sou muito bem atendida e recebo os produtos sempre no prazo,já sou cliente a muito tempo e só tenho a agradecer.",2017-06-23 00:00:00,2017-06-25 19:32:24
5d4b9d006f25dbfdcb801b524747b172,8d771479430ddcc5431d2ef4aa207204,5,,otima,2017-06-20 00:00:00,2017-06-21 23:01:49
44bd0d014b7d4418ecb35d48d1ad1a9b,31ad4814ceda6fbaf80287df5e35073c,4,,"Demora para atualizar o rastreamento do produto. ( exemplo o produto já tinha chegado, mas a atualização que o produto estava no transporte, só apareceu no outro dia.)",2017-12-14 00:00:00,2017-12-17 01:27:47
728cca2fecca64b4f4cbf212bdc87319,912859fef5a0bd5059b6d48fa79d121a,5,,,2018-08-31 00:00:00,2018-09-01 10:11:33
160b2e98305cc9b5a3015bc08b02f9b6,4c80861e8667ad2c3ec1686683c93ed0,5,,,2017-06-28 00:00:00,2017-06-29 13:33:09
af35417ad10020405c6c82baced06656,38191a080c6c22b7c4268a2d51a8ac60,4,,,2018-03-24 00:00:00,2018-03-25 01:32:03
7074cd2fec0d8277397443f5bba37a64,4375cac0cfa2a87273ea83c661bdfcca,1,nao recebi o meu produto ,não recebi e não tenho informação sobre oque aconteceu,2018-08-15 00:00:00,2018-08-15 11:36:36
783579dae140cd0619277063f8d445ab,34cc8cb419e5e8ffe6a5090b551dbf61,4,,,2017-06-08 00:00:00,2017-06-11 12:37:37
8b9d687f02a621c11e2db473dcc2a8d8,6940c4da07984a3f1986bff00cc21ef2,5,,,2018-08-29 00:00:00,2018-08-29 20:52:36
c9a7fc82f6c15c366337d796cbb6ba31,dfd71e944918d4442a05232a620087cc,5,,,2018-08-22 00:00:00,2018-08-30 16:04:49
abd22a6fb5487457e334d57a386a3ad9,8e287e7d7db7206c7a9d0184e97014ad,5,,"Produto chegou antes do prazo previsto para entrega e em perfeito estado, com as características iguais as da imagem. Recomendo!",2018-01-24 00:00:00,2018-01-24 22:37:21
43c846975cad387b7c0a36aad510f825,ad818323f40e1a353eb3a3874d138c51,1,,"comprei um aparelho para voltagem 220(sta Catarina), enviaram 110.Em contato com a Diluka Power disseram que mandariam um transforormadorque foi recebido, mas pinos não combinam,teria comprar um T",2017-01-21 00:00:00,2017-02-06 15:15:40
c444278834184f72b1484dfe47de7f97,566f53fc7d36fa366f7e221468121877,5,,,2017-02-08 00:00:00,2017-02-14 13:58:48
3295dbb1b074d724e79ef4c08482b92c,8c2c2b26ae4677e7457b0daaea13a8d3,4,,,2017-11-17 00:00:00,2017-11-17 16:26:39
27829f1857c9a71ba75ce2435bfd5f06,afc2fbf9c74b731c616892314ac3e201,5,,,2018-05-18 00:00:00,2018-05-20 16:04:06
f2f330ada6e1db3d0b31948a132ce228,b263be16ee60d34da81f89c59ba85ed4,5,,,2018-05-06 00:00:00,2018-05-06 21:20:26
a7460e9a7081bae2185f1da3840c1a71,622dac2e43c9fe4e17d08cbc259f8448,5,,"Adorei o produto, atendeu à todas as expectativas, chegou antes do prazo estabelecido para entrega.",2017-09-30 00:00:00,2017-10-02 14:39:37
c127ce2c669514e8cd05197d58ebfc1c,47378b461210a310c95e17323f7dd726,5,,Otimo,2017-02-08 00:00:00,2017-02-10 12:01:28
f43ae7961d461a53c64e7f4e59ed480a,853927b32b0ebc007ece729a314338cd,5,,Satisfeita! Tudo conforme o esperado.,2018-02-22 00:00:00,2018-02-22 19:56:28
3b5cd07d596b69f01a1c561f2931fcba,627d872bac94d3a4276ebd2f708387cb,1,Não tenho como avaliar ,Até o momento não recebi o produto então não tenho nada a opinar.,2018-05-16 00:00:00,2018-05-16 23:21:52
c4abcb90df17c2f908f7d30d560878dd,8ffd24fbf822586b2712a4becc7217dc,5,,A baratheon é muito comprometida com seus clientes pois produto chegou perfeitamente em minha residencia e dentro do prazo.,2017-02-08 00:00:00,2017-02-09 01:36:33
5593bc03e3f0c2d27afc424b991898b7,6dfdc1eefc7a125d1bb81feb04a6c2e6,4,,,2017-02-19 00:00:00,2017-02-19 19:17:51
8ddc55e1947c07ef3b12b03c1b4887ca,5f9571ac1f7bd358f3fcfa9d07900869,5,,,2017-08-16 00:00:00,2017-08-21 17:18:34
8129ad0f50af7ef8877f58e30713653c,f064e104da3589eb8d9fe106c866b953,1,,"Péssima qualidade, mais fácil ter comprado na 25, brinquedo descartável.",2017-09-19 00:00:00,2017-10-04 12:26:19
6d5f6f15fa35017a2529f016629cc961,ccc2fdf91b8602da839b8cc89ec47dbe,5,,"Recebi o produto comprado, por um preço justo. ",2017-12-13 00:00:00,2017-12-15 10:16:47
264d27a6347e2139639c1638ccf50035,aa0bc25a48a3d53cc009df13ed116b23,4,,,2018-03-30 00:00:00,2018-03-30 22:02:02
e9eb2b3353871024da5320f2ccbfb093,340e1daf0ffd056453544ca71b501098,5,,,2017-04-01 00:00:00,2017-04-02 11:16:27
3c4a69c4e335af1dbdbef861e5f3ff3d,c1156d369c303a211cdb53c6125a33b7,5,,"Chegou antes do prazo, bem acondicionado e com a NF fácil de localizar.",2017-06-24 00:00:00,2017-06-27 12:32:58
6ea916022a5ef1f2be6e3a76e6c6ff67,8929fce83f27ebe948da9c53dcea6bea,5,,,2018-06-16 00:00:00,2018-06-23 21:50:13
e440abab7f70b190feceace138ba075a,d6d0323138c510e3816e00ac900d17b0,5,,Gostei do compromisso com o prazo de entrega,2017-09-13 00:00:00,2017-09-15 11:33:48
4c3745698af3101f180f882fa8351ee3,3824c33989b707cc0b0f7fe2b86df7f5,1,,,2018-04-18 00:00:00,2018-04-21 17:08:39
da055349b12ab2df7e726fef159c321b,ae68db7133205767bf752b04da1d3b50,5,,,2018-01-25 00:00:00,2018-01-26 19:49:18
a5e231d9bc16f03552eeda175ac7797e,668ee4108169a1d58c55b20ddc3fa3c9,5,,,2017-02-16 00:00:00,2017-02-16 23:21:27
7ecc7adba17766dab9097a0116a75a66,369634708db140c5d2c4e365882c443a,5,,,2017-06-25 00:00:00,2017-06-26 20:53:55
662fedbdb5bb6dd3c047f599c1555f5a,1a64643317da0457d3f145fab8734b22,5,,,2017-09-22 00:00:00,2017-09-26 18:05:13
90e2bddc106a76ad8601566d69e00713,c84fc53c53493ddf7c688d601056510e,3,,,2017-10-17 00:00:00,2017-10-18 10:47:04
fd074266c7f2732a851d8d76f762acd3,46c22ce0488991c798933effd2b57574,5,,,2017-02-22 00:00:00,2017-02-22 10:04:24
b91445282466b6ca4470cc8c329bdba8,6a4b06a2b62d1f2c69cf1f7a4eae074a,5,,,2018-04-19 00:00:00,2018-04-19 21:56:31
e82392dcd96a4ac41981eddcc6df5611,4b186efcda6f283e9c4a71332f6d3ad0,3,,,2017-04-19 00:00:00,2017-04-20 14:59:27
38ca7174c9bc8492a5e03e5a31d9b562,e86118c5fd6d905b7346a83baca017e2,1,,"Não entregam os produtos comprados!!!
Não tem respeito com o cliente.",2018-04-05 00:00:00,2018-04-05 12:27:04
66a32fde9fc91a49696266c5d2a7295b,cdab4d92ae28f85057ae6c55246c8049,5,,Òtimo produto e entrega muito rapida. Recomendo.,2018-01-09 00:00:00,2018-01-10 01:46:09
ebbae782495b4d563f234eb1e1ec2d7f,a1b499a72aca650e451a357f1eb45c03,5,Excelente ,Produto chegou antes do prazo estimado. Bem embalado. Serviço de rastreamento muito bom. Parabéns a empresa targaryen parceiro da loja lannister.,2018-08-04 00:00:00,2018-08-05 17:29:31
0164813279fca168f16dc2fce414850b,17f70d10c2acd50864b5dae4885894b5,3,,produto muito bom custo e benefício.,2017-02-15 00:00:00,2017-02-18 16:04:08
4f2f813fae0b5d4c3e30142f587f481a,d6e88a486d079e03b7c919b73facff35,3,,,2018-02-17 00:00:00,2018-02-17 12:28:06
6c2ebe210d2b031c08b19e61d611a37b,c60956035ba2a58820be572c70648e28,5,,ecelente recomendo,2018-01-09 00:00:00,2018-01-09 23:51:38
2cef8ea456a6210da27879af5b05a82b,6f78a74ebcd33afa2bccc0c0a82ff04a,5,,"Entregou o produto no prazo, bom preço.",2018-03-03 00:00:00,2018-03-04 12:53:32
d032c50ab3a60753f0ab20d9c86fa12b,d3eb5011f10dfdf72c225f0c2030cc3f,3,,,2018-01-13 00:00:00,2018-01-14 08:21:29
de6f70879f3ba003f74a734f60609170,f632c00313bdbd50450cb21052cbe825,5,,,2018-04-13 00:00:00,2018-04-14 00:20:10
045d330f147f09c3bd2426266ec5d414,b210a0936a3dd8fe4428863f8e352693,1,,Nao tem boa avaliação por atraso na entrega,2018-03-22 00:00:00,2018-03-26 22:42:49
70e939b50c20baf9414ce1d5c83cfccc,28f5847427849401fb017537fd20da41,3,,Entregue com sucesso! ,2017-02-18 00:00:00,2017-02-21 12:34:59
1405c1c146c6274eadbbb2cc310e44f8,bd61cca18344a303e8e6bef9861d64c5,5,ótima,,2018-08-14 00:00:00,2018-08-16 10:16:27
587c24daa3ed645b3da6379069834741,29985fe387407ff7f6904b294fb89028,3,,,2017-03-04 00:00:00,2017-03-05 19:45:44
8b5afd726cc86efde6b416387b9d3ef4,0571cdb407bf04b419c94ffd7acbd874,1,,"o película que recebi apesar de vir identificada a ""caneta"" como sendo para um CELULAR LG K10 - é inadequada para o modelo por ser pequena, não a instalei pois ficaria rídicula.",2017-01-31 00:00:00,2017-02-03 08:52:23
d1e61ae9738170413b814d636d5e380c,60e2fe3a23e71c24f3ab0f648ebd6a8f,5,,,2017-02-12 00:00:00,2017-02-14 12:51:25
668f6174de19065eff87c66b58c5f213,b28d5be82c0088c66d57a28686db4e39,4,,"Comprei 2 itens da mesma loja, recebi apenas 1 e foi cobrado 2 fretes",2018-02-06 00:00:00,2018-02-14 16:49:53
f58b6c50999768106ecb5ec165884db1,ed09706e867828c762e46ad418d064d7,5,,Recomendo pois cumprem com o combinado sem susto nenhum ,2018-01-12 00:00:00,2018-01-15 04:56:20
3a0ab48fef70bd361b5c79dbf08937a5,ae2ee748fed0ababe6ae778cfb2acf94,5,,,2018-06-08 00:00:00,2018-06-12 18:52:04
b5840ffc61a111d760b759fc343f861d,87064d517041a71950b9f0cf6d34b211,5,,,2017-05-14 00:00:00,2017-05-14 21:31:15
f87434f2508ba62cd51319033ccd8c70,8092da256aefda13b330290d2ca86521,5,Entrega ok,Entregue bem antes da data!! ,2018-08-30 00:00:00,2018-08-30 16:54:57
f186279a32df631c0b44fd50ede07e65,c68e47bd3dab5dd575a6c65848663923,5,,Muito Bon. Chegou no prazo,2017-05-24 00:00:00,2017-05-25 11:59:23
7d11a1c5fd7b536288d74c4ea62d9128,03b218d39c422c250f389120c531b61f,5,,"Eu recomendo muito o produto, além de tudo a entrega foi muito rápida.",2017-01-19 00:00:00,2017-01-22 02:11:20
17eb53053422513729354a0a8ed96c84,ee0829e4d1cc7547c044b8643c14da38,4,,,2018-05-19 00:00:00,2018-05-21 20:10:46
871e8b9ddddf10d013b8a7a3fd1b33a5,cb837ba275cf8ffa9ded7e18f7743b49,1,,,2017-05-21 00:00:00,2017-05-21 11:32:43
8f3dd7475de72b5f9f8673777e3e5355,214e7b7443be4c9b396b5e12d6d9d416,5,,Parabéns,2017-08-16 00:00:00,2017-08-17 14:16:33
38faccb69c1394d9554496513a709e6e,4fec76db2097ee09cc1dd9717d6ead9c,5,,,2018-04-26 00:00:00,2018-04-29 22:00:10
57d94c6fe87c8a0cd93c7909879303bd,39dd6ee10ed18591bddeb83c8136dd52,5,,,2018-05-05 00:00:00,2018-05-05 23:59:42
614deef9464f974ace4ead3f855db93a,561e6fec91c4b5771dad3f613b72c699,5,,"A compra que fiz poderia ter sido centralizada num único fornecedor, ao invés de 2. ",2018-02-20 00:00:00,2018-02-21 10:45:37
21652f2c9b7c77291408b21eb7f83be4,18a9ccf08fbcc3c0bf4ad9ceb583f2b6,5,,Recomendo,2017-07-15 00:00:00,2017-07-16 02:22:58
0eceb3a907ffe026a075731948e8d650,29f5eee55471690bb64be28bdbb7f11e,4,,Sem comentários,2018-01-31 00:00:00,2018-02-01 00:26:01
712af69dff5488591004623d6805234e,a306afa8587ad4c42f5a1c62184673a8,3,,,2018-08-29 00:00:00,2018-08-29 16:19:56
f97f3fe6244133969037de43c2664769,dcd503d4272567a178500e93e964ac98,4,,,2018-04-14 00:00:00,2018-04-14 23:16:09
7f2f0fcb20ac0149d944fe516625b8d8,34ae480fe2cec3fa921d33b72b32572a,3,Mais ou mesnos,"Comprei 3 unidades de delfetores do Ar-condicionado, só fui recebido 2 unidades. 1 Não fui recebido até agora. liguei ao vendedor 3 vezes e disse que vai mandar, já faz mais de 1 semana,. nada.....",2018-08-28 00:00:00,2018-09-05 00:46:17
36331b41db1882598177d9ff8b28e5db,c536b6b70c5e68d35e68e55e95d873f5,1,,"produto bem inferior ao que parece no site baratheon , de baixa qualidade material e sem descrição satisfatória, não gostei e com certeza não vou voltar a comprar desta empresa targaryen. obrigado ",2017-10-06 00:00:00,2017-10-06 14:52:45
8c2052115d045b89f144d3f27d55f6f0,0c511eb6cecb1f110a807dad27440c81,4,,,2017-10-11 00:00:00,2017-10-12 18:29:58
4ada2cf233b1629e186ae1218e1cdca6,88b40db56f2c37efbf1b4e83db2b40ac,3,,,2017-11-27 00:00:00,2017-11-27 17:15:21
1cd141610c5f0120f82ebf5d2f2900f8,09d557bf440b6c3b40cacfbb24fd5e28,5,,,2017-01-20 00:00:00,2017-01-29 04:16:36
b41c78f038e982a1836f2b00ec1184f3,0c2cf3b3583c8f83ff9b3122d44fdaeb,5,,,2018-08-29 00:00:00,2018-08-31 21:50:44
69960173975de013a0e8cfef91b2f725,32ee8636a1273b8d63c0bcedaba76ff0,5,,"Recebi o produto antes do prazo.
Tudo perfeito!",2018-01-03 00:00:00,2018-01-04 00:36:39
bf26fd599d7927abc549bea0d60a5f95,e28fe1201ebd15ccbbe9d7e18db98c31,1,,,2018-06-13 00:00:00,2018-06-16 01:13:33
2eaa8bef8e3693824a44744f8228feab,b97a140f6a4f36f110893d4b90929c0e,3,,Produto incompleto,2018-03-28 00:00:00,2018-03-29 00:22:15
9aef8f26be50b60121c9d94175eb3c4c,1cecdea35f2ce72040549f9fe816b8a9,5,Perfeito,Entrega realizada antes do prazo e o produto de ótima qualidade.,2018-07-15 00:00:00,2018-07-16 02:59:06
a17d05ca2cd37f73e2ffab06d15272be,5f498836a73a6ef414a303556f3f83bb,5,,,2018-05-08 00:00:00,2018-05-10 19:30:21
b7bfb20423f18b45922b02966d971575,d601e6f65e3bcb215434cc89fd9b2f68,4,,,2018-05-18 00:00:00,2018-05-21 11:25:59
3035334d62ab464d1e89bfc06cc70a88,96e84b24d3eb91311bd0c42171eb301c,5,,,2017-05-13 00:00:00,2017-05-14 15:37:57
66914eafd96101945540d16581a01dbf,e7e81487cee935dda2f15d591657bab2,5,,,2017-06-15 00:00:00,2017-06-15 23:20:18
e4b3f2024c5e06b3423da0cea91b7b7d,cda0a20d2df6b9c3f02aa5258c99af6f,2,,,2017-12-24 00:00:00,2017-12-27 10:12:42
b44e8b1955983844d519f0735b84f00d,5187d6e3efdec859c111d889c9ad7d9a,5,,,2017-06-22 00:00:00,2017-06-28 19:45:04
24ea2e65fa60235fdf763bcc62fbc4ab,7727f2b370c8c7e236872c980d69968f,5,,,2018-04-25 00:00:00,2018-04-25 21:14:20
75dc97cfe1838afe0a704ebd328e0c20,868848b4871ab271d735d67e64584f81,5,,,2018-03-08 00:00:00,2018-03-11 17:43:29
a3a7ded58be7b6e94b58b43a081ccb8d,ea967d0366237c813c6b152725ad11da,3,,"demorou muito a chegar, mas não sei se a culpa foi do vendedor...",2018-01-10 00:00:00,2018-01-11 12:48:39
a2a0351351fc351471a0d3719ac19447,fcaae2ec3667a30a9164785ba78306b9,3,,,2017-10-15 01:00:00,2017-10-18 12:55:19
30eaaa84e9fb33172780fa3786b9884f,28e7148abde825a20fa617db02f92c99,5,,,2018-05-16 00:00:00,2018-05-17 10:00:37
2dda99ebbe17f1567808292e2806b04f,464a29715467046008c5aa817d1ae498,5,,,2018-03-29 00:00:00,2018-03-29 14:55:48
e7c57985fa8c5d3f0e7766fd0bf1e25f,02b02f566c72d81744ae60c7b6afa22d,4,,,2018-03-10 00:00:00,2018-03-11 00:13:13
b87025d06f5638b2d31ff86b4a40816a,cf4b34a6cd499c3d352d90cee37795ef,5,,,2018-01-25 00:00:00,2018-01-25 21:04:45
81037f297158fe0edf37f5d45e978ec1,510489aaadbd8f7064bc8f433b222de9,5,,,2018-06-19 00:00:00,2018-06-20 21:43:04
9fad6fbc2af35bb5a33b7e72b78a447e,9f42ba3ab7f23f1ce0a717cfc841a9ab,5,,Guarda chuva super prático. Entrega foi rápida.,2018-01-20 00:00:00,2018-01-21 00:11:19
817356ff6dd09e32b3ad65634fbfe737,ddd2d769f053c55c39e69fcace5f5eb5,5,,,2018-01-09 00:00:00,2018-01-10 09:38:46
d9dfdda0b670412ad6b3bfc0c10b3e6c,34d0b73ffe40c22d8537270e7ffe7517,5,,Recomendo muito obrigado ,2017-11-18 00:00:00,2017-11-18 22:07:47
5fec932993bc6248562114e5affe6f16,f85c3dc1fcb73177a8b063582d72e630,3,,,2017-05-23 00:00:00,2017-05-25 02:41:16
90a948ae4593ed2cdd33c350faac3533,21733cca729d55bc70908258a2e90984,5,,"Muito satisfeita,entregaram bem antes do prazo e tudo certinho com o produto. Parabéns a lannister.com e ao vendedor. Se todas as compras fossem assim... seria ótimo!",2018-04-21 00:00:00,2018-04-21 22:09:32
a069cd4846725617cd0bcc13788475f7,6094159cbb1c76bdf3249a954c2da017,5,,,2018-05-31 00:00:00,2018-06-03 00:16:53
63aed36922550bba787d1fdfacf0bd80,7bdcc57ef2c5e733958853f9667a2c9d,5,,Produto e prazo de entrega dentro do combinado.,2017-07-21 00:00:00,2017-07-24 12:43:22
2ee2b576d576d98fb1402a4dd36784d9,b033a34245ae159e80dd599b3c5cb92f,5,,Otima compra e entrega. ,2017-02-14 00:00:00,2017-02-20 19:20:12
646a9fcd33a03f94f6400a87125785b9,eac9a6eb5ffd533239d332b2171c7bcb,5,,Indico! produtos bons atendimento e entrega excelentes!,2018-03-10 00:00:00,2018-03-11 15:44:10
bbe08304c6ce7e090ae6e916639a40dd,70e1e65e23050b71f1357ebf72506b73,1,,,2018-02-17 00:00:00,2018-03-06 20:30:01
f1b65022be4122a220c31bc14a8ef316,0ca3024fdd038f1b734a8f1bc57e9055,5,,,2018-01-23 00:00:00,2018-01-24 00:27:44
dffc7b09753e0012ae620c7305b19932,318cbbe8d7e81a3901639555be1e8041,4,Boa,,2018-08-14 00:00:00,2018-08-14 19:37:46
68f42cd6a219b4b9a495360329a01c6d,2d5c2551306ebb8492eb8c36d062f314,1,Não recomendo,Recebi a mascara mas de outra cor. Infelizmente não pude fazer a troca pois já tinha jogado a nota fiscal fora,2018-08-17 00:00:00,2018-08-29 14:47:59
3b3281d06d8ec237c3e2b4e7289ca9d2,cb415863b9b9ae1341b2deaebdc88c9b,1,,Demorou muito pra entregar.,2018-03-03 00:00:00,2018-03-06 00:08:28
f6c49a0d64b4c1dbe189545fcae600cc,c6ab8a5c6fbd3bf57e9ad8407d950cc6,3,,,2018-01-31 00:00:00,2018-01-31 23:09:42
c9d483edb6d9174a83d236d4c43fe2e2,f58d7e09ece55d81aac40b317757069e,5,,,2017-07-07 00:00:00,2017-07-09 13:37:25
9ffa065acfdad7bf40c3a6a05333702d,e68888548de4c863a78ae2de41ec0215,5,,,2018-01-27 00:00:00,2018-01-30 01:17:59
603b745b5d527963d9d3d31efc00c647,523a8bb981fdb61599630fe01b89f642,1,,"Comprei 3 transformadores, paguei 135 reais de frete, pra o produto vim pelos Correios, aí já viu, recebi em casa um comunicado dos correios, pra ir retirar os produtos, aí paguei 3 e recebi 1
",2017-12-15 00:00:00,2017-12-16 00:18:50
d5dedbae079a1b882eef25e0c1ac88ad,bc0750dbbde0ce52c81895096a0deb7b,5,Nota dez,,2018-08-07 00:00:00,2018-08-07 18:58:36
e8d55855256ab7981cb6682f66c029aa,70215c7031c6fdd581a2d729c93987e6,5,,,2018-05-10 00:00:00,2018-05-14 12:05:49
9f914ea0200a447544b343d95ffb6388,abb76549f54fa02e04e1d3da5e8f3cce,5,,,2017-11-15 00:00:00,2017-11-18 18:41:39
75dbc8397f13bfedabe0d3b81cf45059,e43be9f124c722dfb1d98eeb39b69484,5,,,2017-08-16 00:00:00,2017-08-16 23:27:35
c07e894d1e9d9475542ad80443f2b037,a2e0ceb6d71b7658cd40852920066f75,5,,,2018-08-30 00:00:00,2018-08-30 21:08:40
01822b206cbbf85560305930977ca8f7,85a00341850d3ac099340d190e2ec046,1,,"No status do meu pedido estava ""dificuldade na entrega"" entrei em contato e disseram que em 48 hs iriam retornar, só que o retorno aconteceu uma semana depois e sem novo prazo para entrega. ",2018-04-19 00:00:00,2018-04-19 10:51:23
e8f7dfaf855afb7c0bbc3b55c25d31e3,b9eb9fbcca54dfce1d087c752d0f4b35,5,,,2017-10-26 00:00:00,2017-10-26 22:23:26
67a65c1d0bb88115b905cf2e46b70816,366ad1dd93fb7f77b686017bc779447b,5,,Entregue no prazo.,2017-09-12 00:00:00,2017-09-13 10:43:00
36fa045fff9433b72d3d4c40c18d2ba5,7449c171d08772e5bcbde94f39411d36,5,,,2018-02-08 00:00:00,2018-02-10 22:21:41
df2d6a305ec8fcbe55ab3462429dfe2b,29e40e2efb1493c943466c5e401d08ab,5,,Tudo perfeito ,2017-04-04 00:00:00,2017-04-07 02:03:15
137c2c5455554b202be5ed59e23e8c22,ac5a06cf04a02c5c5ec9f09f9db3ddb9,5,Muito satisfeito !!!!,Produto muito legal. Igual à foto !,2018-05-24 00:00:00,2018-05-29 00:24:08
13da34a551d32ad02b4f7ff53a0cc500,8a1afda75a802a8a5dd950aa81756f49,5,,Adorei meu produto tudo em ordem e no tempo certo,2018-01-11 00:00:00,2018-01-12 00:01:39
c1b328a15bdeac75f77c6d113800b078,fd26a8e314b26ecd3011f9d6ec17e7c2,4,,,2018-08-17 00:00:00,2018-08-18 05:29:55
c77e11e882c64a722f7e23225c0f61ab,520e9b73b66dd639c67ced184953ca2d,5,,,2017-07-25 00:00:00,2017-07-28 03:34:19
6253a4e973f67ab005836e73aa9a1936,3dd5cc10816f5a16ed7d1c54e7d7549b,4,,,2017-12-13 00:00:00,2017-12-15 18:28:50
8f3209e579889265c3d7784603455325,2195712688ef03e20c8053de61c82493,5,,,2017-02-02 00:00:00,2017-02-07 17:08:13
0e5d63e13cde00d592e9fd1f117ef4e0,807af8ed74954311649aa47a52ff3061,5,,,2018-08-12 00:00:00,2018-08-13 19:30:54
93581b84112a19318d89bdfd4cc33ff2,65b5697d10acdb50f0d5ce555c8aa46e,5,,,2018-03-29 00:00:00,2018-03-31 20:33:00
0e5d41cb0220f9cf9eaf96d41d109ed2,58f999d3fc97ccaa6ce17d0488658cb5,5,,,2018-06-23 00:00:00,2018-06-25 11:55:37
bd44b5c513dd054eb367f4aab5daf477,3fe7c5853b6def3524128a2d44fb3d24,5,,,2017-12-21 00:00:00,2017-12-21 19:58:57
fd03666992f9a0f33cf98e9be200b107,45eb4503d3f73099fb98d5fa26d2039b,5,,,2017-12-29 00:00:00,2017-12-30 07:54:06
144f0f6365134954fe7318d04249de30,1ed9fe02b5d745a3397a33415ecd5577,5,,,2018-02-27 00:00:00,2018-03-01 22:08:03
7a81b67acd80cf74901c5e49893b49f8,e547c4009f2792489ad11ee1d89d13de,5,,Produto muito bom,2018-02-23 00:00:00,2018-02-26 01:25:27
977b81da184110f3bd1ec8aabcea5e7e,6acce0b54d9a0e8dab044bda974b383a,3,,,2017-10-20 00:00:00,2017-10-22 19:41:22
bf0c7754692ff9d955bc48abc00ad580,e7daaee877792db6b869745a7bcca11d,5,,,2018-08-16 00:00:00,2018-08-22 15:04:46
83da906957508c830da6ae9f3ca2cfdc,fbc769defaa6da4bbabdbbb7c93feccf,4,,,2017-08-04 00:00:00,2017-08-07 11:45:21
7b9cf08f0bc170add0b7e56e2b79f9cc,86207b986ce345ccef8bc83647dc491f,5,,,2018-05-18 00:00:00,2018-05-21 02:42:12
de19668496caa13a86c1d2e15bfa76f7,09f2c6e797b432724b3a123f1ec897bb,1,,....,2018-03-09 00:00:00,2018-03-15 22:46:50
13599ce79e7648be9dc0af99c6bf4e95,4986ad26a712831bf15208292d72e96d,4,,,2018-06-14 00:00:00,2018-06-15 01:54:02
4fbdbcb7d15e9e1e8d89e44a2ebb9f37,eab0944c40c304c769e5c24309caa8cc,4,,,2017-10-11 00:00:00,2017-10-12 00:46:42
fddea14d3a1ca086646c1c6b8e2eb874,fdfce023fb0abea352d3231865c62fde,3,ótimo custo beneficio ,a entrega foi rapida,2018-08-18 00:00:00,2018-08-19 04:00:25
0285ed9052a73d01dc6411c082d7b275,eedfdd1e4ef97bae3bc2a49f06e3016b,5,,Excelencia. Sempre compro aqui ,2018-03-02 00:00:00,2018-03-03 03:35:15
26ccc23c1b7809cab8118874c02457fd,641292e8fd78ba42f0c7ae8786620a83,5,,,2018-03-29 00:00:00,2018-04-01 00:53:40
44cff23dc6c95bcfa3e8d23c0ef07c95,c870ef6a8e1d8eec841d79b42a6a20e4,3,,Produto vazando. ,2017-02-01 00:00:00,2017-02-01 02:08:29
d80e530d6b215ee288bc467df2b5baf6,f04479bb4e07ce7b8ac1d2287b528541,2,,Recebi o produto com a cor errada. No anúncio dizia que a cortina era lilás com palha e veio lilás com branco.,2017-02-21 00:00:00,2017-02-23 12:09:10
5444b563d1eb4434d22de3778b581843,caf1e4cf5f0a231f4b65e485884dc4aa,5,,,2017-11-17 00:00:00,2017-11-20 18:00:28
eeba1449347bac009bab97e5109023a8,6e37d33226a8c50b397a7a334bcfd8f4,3,,Produto nao é original.,2018-04-06 00:00:00,2018-04-09 20:09:05
4669fdd9e8ad2af03d7797e72331bbc5,1d56a69c61d4c1cfa98fd5379f4f22fe,4,,,2017-08-05 00:00:00,2017-08-06 03:43:21
b8f853dfe7d28d82b1d4d4e4cdd2ab24,082143e4f5f63e4e768aa4d5c70d0d02,5,,Ok cem por cento,2017-06-27 00:00:00,2017-06-27 23:30:02
c7b4ad99640faaf1bebe7f0230d621d6,31328a81d4ea41d47dc777dcbd88f222,2,,"Demorou de entregar geralmente chega bem antes do prazo teve algo que atrapalhou a entrega!
",2017-07-05 00:00:00,2017-07-06 11:02:23
e73ba030a070516bf0e564708e4a9d04,f481c4a578efee5b662a2df18c3df59e,5,,Produto de excelente qualidade ,2017-11-25 00:00:00,2017-11-26 23:46:55
6f1883547ef9db8e09b016a2f32c215d,42845ec86a155bf18a11b8be59fa8442,5,,,2018-08-28 00:00:00,2018-08-30 16:23:09
d907d8efa369884f251224667fca2d28,99c0817d6ecd5fe55d21540917f1f5f9,1,,O produto veio errado ,2017-02-02 00:00:00,2017-02-03 23:24:37
fa1475b7a08503ff28c0484c61ce0bb4,c6eb5dced200e49271f44b142658b6bb,5,,,2017-02-09 00:00:00,2017-02-10 00:12:07
2281591899d4947e8d37d9e2997ad4e3,d4421539677ce8da70f3abf867adf15c,5,,,2017-01-29 00:00:00,2017-01-30 15:07:04
24f83e3e2c75b58888eec93ab93f2cca,7002a78c79c519ac54022d4f8a65e6e8,2,,"Não gostei. O material não é tão bom. A cor dos desenhos está fraca, não como demonstrado na foto.",2017-02-07 00:00:00,2017-02-10 10:20:44
3c67989f09ea98fc7f3c59fc7d8fa48a,70f2c5825ad1afe906cc0c4036a3593f,4,,,2017-12-20 00:00:00,2017-12-20 22:03:11
8338eb730fba6b35f6469b3793d738db,f5c5440eeced6d9ade07af5e1fcc69e4,5,,ATENDEU AO PROPÓSITO,2018-03-01 00:00:00,2018-03-01 19:30:41
586ec0bee6a1613b9f65e49ac31c7976,d6912f804ef9076f6172f0eee4207749,5,Muito bom ,Eu recomendo. ,2018-04-24 00:00:00,2018-04-26 14:53:13
06d1ade92e281847235f722284511354,ee3322ff7174b7401b95b18fb8ea1e6c,3,,,2017-06-14 00:00:00,2017-06-20 02:40:01
6ca3f2064f1a26c5eb1b454ae0d44ca3,c0e194a5482be6d94f4dff49e935b811,5,,boa,2017-12-23 00:00:00,2018-01-04 15:06:37
cddda38f92373ccd6cea671b25f7b107,1b9b3a976302524d2f05a417b095afb1,5,,"Gostei bastante do produto, e a entrega foi excelente obg",2017-12-13 00:00:00,2017-12-13 22:53:52
1d752cdd5544c665ec41e0b040131888,5d103f49c32225c353410679f8e90880,5,,,2017-12-01 00:00:00,2017-12-04 09:57:29
df136c0ef8a20ffe56ce7efe6374ecab,94a01dd9a6fd7d30b879bd61b85a1c00,5,,,2017-05-31 00:00:00,2017-06-01 19:07:09
eaab6d05e3c886a72c83cdf364bdd656,a37057df33d7a542cf514f9cbe7a311d,4,,,2018-05-04 00:00:00,2018-05-07 06:20:45
ee5368fc01ff9b41bf2a34ab6b0d80ff,f34c3736b33b7d0c9eaaac33ac7b1ba5,5,10,"Eu pensei q a cor azul,era mais intenso.
Bem rápida a entrega.Obrigada!",2018-06-07 00:00:00,2018-06-08 16:10:32
9465a7ab04d2e253e4e5a38a2f4046cf,0718634f87a84ae0468224ecca3584d1,4,,,2018-08-25 00:00:00,2018-08-25 20:25:22
742f3bdfaab32b26db7ff6dec8361223,330a8410950e2c8bd89631999a37b2c9,5,,,2017-02-11 00:00:00,2017-02-12 10:49:46
a43f91f7368031022a46dd220d5ecfc5,70aefd12bdd5391f02011072c16e6801,5,Ótima,,2018-06-22 00:00:00,2018-06-22 22:01:49
6ffb5b95966ccb8796ea1804f2a6605b,e6f4552718815a4804aec218dce78af3,3,muito bom,paguei o boleto duas vezes queria saber se recebo meu dinheiro de volta?,2018-08-08 00:00:00,2018-08-08 15:24:30
c8f5a7996a2bd3fe8ed48a6009086ac5,39fa4236f74ce3cf9427df583375b046,5,,,2018-07-14 00:00:00,2018-07-15 12:52:22
641608e20de084d44494bada0ee47ec0,58b99a93ab6127501faa09a1c8878dc4,4,Muito bom ,,2018-06-06 00:00:00,2018-06-07 19:31:02
703704475d157309fc502d65228e2dbd,7b497afd7e9512da3d6780bf6b5c9971,5,,,2018-04-11 00:00:00,2018-04-11 23:49:08
799e959a9bf29a534f9dcf7fd9bbbe8e,8ab9b41f4fa44e65eabf1c4139e415a6,4,Bom,"Bom
",2018-07-24 00:00:00,2018-07-26 18:19:50
d87e40756f6d80b47016dd15eb8c9fd3,6b95cbf782c29411b0d5feca16490ceb,5,,,2017-02-18 00:00:00,2017-02-20 01:36:51
e576a768a5d6986cee954ec399cf96b3,623695cd72cc41aa116c10c7c28608a1,5,,,2018-04-10 00:00:00,2018-04-10 16:53:56
4325b30c3f4d50bc91749533549f7bb6,1feca64d75daa682ce3174a1eff73d8b,4,Produto muito útil.,Atendeu minha expectativa.,2018-04-27 00:00:00,2018-04-29 22:43:52
0c88f35cb73f52bf89a50b9a5627a234,33cd2b3de2ec32a78518fd9a66c98641,2,,ok,2017-11-14 00:00:00,2017-11-16 17:52:20
55eebf6661ac280d43fff82a0d15c1fb,9cf6d08e57855a633b5c0c79258ee121,2,,"Apenas chegou um pendente, enviei 3 email descrevendo o ocorrido e ainda não recebi nenhuma satisfação, aguardando.",2017-12-13 00:00:00,2017-12-13 19:42:58
85b91b96bdd34f6b6a5aa6b8d8e1f2b3,158745a153fbab78119f6c57c38c5306,4,,,2017-05-10 00:00:00,2018-06-26 12:30:15
5621685cca7e716b1d7988009697993a,41159ff064a2cebfc663d0eda2a35d32,4,bom,"Muito boa a compra, fiquei satisfeito",2018-07-24 00:00:00,2018-07-25 01:19:51
c0ffa7eb30ef0434b39a1a557f80a733,cfd5e54c14f22b62683cea7ed91caa24,1,,"Estou insatisfeita, porque não venho recebendo informações sobre o produto comprado e até o momento o produto não chegou!!",2017-03-11 00:00:00,2017-03-11 21:39:34
ba82936250d84a70f2b7005974c8b6da,c736eebe212e3065b4ca629fb98389f8,5,,,2018-08-29 00:00:00,2018-09-04 19:06:06
ac57b23e462348fc45b9be6becca3c7e,72306b6ce07a9860eab715afd663dd73,4,,,2018-05-01 00:00:00,2018-05-01 18:10:54
5b398e3ab1017dc420fb2b1fbb980e33,3cf90d04a286c1ea16f5700dbc764fff,5,Ótimo custo beneficio ,Muito bonito! Qualidade excelente pelo preço... recomendo! ,2018-04-27 00:00:00,2018-04-28 12:37:04
9a9b9b94e2e17c711b6c15007ef836a9,719312efa72d95b357250140f48b778f,4,,,2017-08-17 00:00:00,2017-08-17 19:46:36
fc21202173d915332023865ec08feb8a,d5aa77f5eed8acdd598a687ccc27cfa8,2,,Estou aguardando a entrega! Sempre compro nas lannister e nunca tive problemas! Espero não ter ahora!,2017-10-26 00:00:00,2017-10-26 09:30:49
ee14d92cba76f514fcd260f0cfbfb3ed,3fddb37d99af3ae9c36dc26f4edb3afe,5,,,2017-12-02 00:00:00,2017-12-05 13:00:27
33dc82b84f6ceddc425101a9ef995141,d84ff9150e7677a1de43990fff1868ef,2,,"Até a presente data, 26/01/2018, não recebi o produto comprado. Solicito providências.",2018-01-26 00:00:00,2018-01-26 12:40:45
2acea57ae3d237241c8ed76da82c85c7,33ec97b423d769023dbd71f138aca94a,5,,topp,2017-11-09 00:00:00,2017-11-09 17:15:53
54eae9b3c2215260c85fe63da8aab651,5c28fcfb4e50a56899353fd6f8609f42,5,,,2018-03-03 00:00:00,2018-03-05 11:56:24
005827eb7eb6381f44bd1b76a702d14b,3453b206c6aec2e9dcb09d2cea15e7cb,5,,Recomendo entregaram bem antes do prazo.,2017-08-16 00:00:00,2017-08-17 11:24:39
b471661ab255c447b59e3afd99d46782,844f01e04cbbf8ba9a2ada9f036eb8d2,5,,,2018-02-21 00:00:00,2018-02-23 21:00:45
0cc421c6ef616a9aa6392d5d6e7ec65c,03ddab02775c66c855ad41424ae356e3,5,,,2018-02-20 00:00:00,2018-02-20 23:40:11
8a8ebc6d3625402f2eef893ff5d39ef1,037e4ea044a589bcfbceb43210ba7024,5,,Muito bom,2018-02-23 00:00:00,2018-02-24 01:47:28
dc15233b0722b2736054d08440765e9c,dcc529ac8f2824f74ffa4a42dcec638c,5,,,2017-12-20 00:00:00,2017-12-21 00:32:58
5a209e7a7489eed3a12863c3f8a38e56,d9d03fe2697fd771cabf718ae4cc6b14,1,,Pedimos o produto Vita Complex para homem e veio para mulher. Não solicitei a troca para evitar transtornos. Mas fiquei bem frustada com a falta de cuidado e responsabilidade por parte da empresa. ,2018-03-28 00:00:00,2018-04-12 18:44:20
4ff87f1806551fc96b37dd39fb26703a,200f4d883fcc701355e46b8c6035743f,3,,almofadas lindas porem meu pedido paguei por 6 almofadas e foram entregues 5,2017-01-28 00:00:00,2017-01-30 00:39:37
51315f055e8f95ef64eb7c267de10208,5e41ebabb65c9b6a46dbbfee1b4d6a4b,1,,,2018-08-09 00:00:00,2018-08-13 21:06:37
25766dbcf21d72eaa9300e8d0d49cde8,bf88003f2580db7589007ec44bc85695,5,,,2017-02-07 00:00:00,2017-02-10 11:07:12
3bec6953121e90a723f11ef9d9b3298d,e42b4cff5d459fc447019421a3cc5706,3,,"As cortinas são bonitas, porem o material não é dos melhores, e o acabamento deixa um pouco a desejar. Mas no geral deixa o ambiente mais elegante. ",2018-06-19 00:00:00,2018-06-21 17:34:50
2d5f45068d4eb8c87f3d9bfa87311a5c,07fcf4ec8cadbea34c5b508e35e716c0,5,,"Não instalei o pneu ainda, mas parece ser de otima qualidade, super recomendo esta loja",2018-04-24 00:00:00,2018-04-24 22:33:07
9e572dfeb8e1f3ff22a4232080d348b2,ada2aa22aa5d4a7ae4092124f8974813,5,,,2017-10-01 00:00:00,2017-10-03 16:04:09
42e3efe2dcfc865e002c3f51d90c59ef,6be6d87095d612a3a5176d6aff456c62,5,,,2018-08-16 00:00:00,2018-08-19 14:33:05
3a7c315bcdab652a90850c1be053575c,b0645176abf1df25bb73ba0afcc20be3,1,,"Cor completamente diferente do pedido. Diz que é roxo, mas é azul.",2017-06-30 00:00:00,2017-07-02 01:21:04
5516fdcc647ff8c36b53c3ef039664bf,1c8757886a51b1d2a57ef26e7004ee37,4,,A entrega foi feita de forma rápida e deu para acompanhar direitinho o trajeto. O único pequeno problema que a caixa chegou amaçada mas sem danificar o produto.,2017-03-29 00:00:00,2017-03-30 13:14:39
a0c6e2d99e919658ad9113bcea6bcc79,26b5660725133bc74bfe584874b637cc,5,,,2018-04-05 00:00:00,2018-04-10 13:26:45
6ef8e747b6a3e8ac028fb7c8d53fdc1e,242ab4ce744f666fcffbc5d7fed8700d,2,,,2017-12-21 00:00:00,2017-12-21 12:01:39
068f7c9bf31b3487587e1db65f0bae4d,c28999f880aa66431b70511211d4ac6a,4,,,2018-05-05 00:00:00,2018-05-08 00:31:55
f91c582fe3342d6cd12ef44f982b44b2,6054d8418ec326a7a9382171632b7a7d,4,,,2018-08-05 00:00:00,2018-08-06 18:01:57
560b0bf027b278fb5790911dcf54c42c,21fc87cfedd833f6e6749fd823dc9754,5,,,2017-05-16 00:00:00,2017-05-17 01:26:02
29fc1f3cee418015b3128498ed694698,ca5806ea7cd456a6c3ec4e7591331402,5,,,2018-01-10 00:00:00,2018-01-10 22:39:26
bc208635e7a419789d9c5d42ff1c00b0,5442b242d10aae8dff9aa365da9bf76b,5,,,2018-04-26 00:00:00,2018-04-27 00:59:43
44ac5ecdc3f3f41d1702ef79798ae98c,c308c2ae15a981044aa6d93a3c6bcf1a,5,,"Ótimo vendedor, recebi o produto no prazo combinado. 
Ótimo produto .",2018-06-06 00:00:00,2018-06-06 19:22:28
5ebc770d98fc8dfd5780334f69e9cbcc,443f3ab34f06d2d9124cd153812b4ba6,5,,,2018-07-06 00:00:00,2018-07-08 21:51:59
67f7743cbee376a0bc498a0671e5f0f2,13134fe6dc043430a875ece99381223b,4,,,2018-07-03 00:00:00,2018-07-06 13:24:38
96178acdb5730f571adb35f76a8504d8,512669f049d27cb8c95c83eb6e268bfa,4,,,2018-01-11 00:00:00,2018-01-14 11:36:10
abd65a46a81122ff074a0a69283a4a2f,d2f87ac39d8b31e615528ca52e5c8434,5,,,2018-04-11 00:00:00,2018-04-13 00:34:20
63c62bace87be71b50690b7973fe6f5f,405894653b2f151f3eb662b80f9b8a92,1,,"comprei 2 produtos so veio 1 , falta de respeito com o cliente ",2017-07-18 00:00:00,2017-07-19 03:08:03
19b5ac4d08d94723c3fe4a797b6b6bc2,cc8978e74f4d8907fbad695ee3f7f933,5,,,2018-06-10 00:00:00,2018-06-11 17:00:44
35b31761452ee352746a6015417cd0b4,3ac0423d1e7e335f83c8fa3600ae47d7,1,,Não recebi ainda ,2017-03-18 00:00:00,2017-03-18 10:54:07
2467214c5bbe497c09e809fadc655edf,29cb59b155735e49bf9d85d37f7ecd79,5,,,2017-04-01 00:00:00,2017-04-04 13:44:28
49180505e856dbdac671d368b5135201,e1fe072ef14b519af1f0a8ed997c1301,5,,"Loja recomendada, produto era como anunciado e a entrega foi bem rápida.",2017-01-13 00:00:00,2017-01-13 22:36:29
4e8ec5e3b092cb15bca7f7e5f9135412,f01bca7e8e6bedab1bbcee4ccddca238,3,,produto bom forte mais tem hora que funciona tem hora que não com poblema na tomada mais fora isso muito boa maquina,2017-08-11 00:00:00,2017-12-22 23:32:08
58af8378f28526e82254508de8525f0b,a1748813f3db25c07ecae1736c744da9,3,,,2018-01-23 00:00:00,2018-01-24 00:43:44
4316ba70446b0a1872c4a6659000dbe6,45029aac398517a7869c2f22ba01affd,1,,"Comprei duas cortinas , porém só chegou uma , quero saber o que aconteceu , entro no site da lannister e só diz atrazo no envio dessa mercadoria porém da como pedido entregue! Mentira !",2017-03-18 00:00:00,2017-03-19 17:03:57
af8ad5da8af2bd2354ef67fab3cf5d02,0e1756f57187e203c6151ebe990fa670,5,,,2017-09-27 00:00:00,2017-09-28 22:18:26
205165be8675106bad0bd90afce13e79,fd9486ae13f513ac59c3f6c23bb003c7,5,,"O produto chegou exatamente como o combinado, eu recomendo!",2017-05-11 00:00:00,2017-05-11 21:24:37
d91caed1bd6a2aa68b331908b1c116ac,032c9c5e050a01a77c20be3989064308,5,,,2017-08-25 00:00:00,2017-08-28 10:50:51
a36055c5541a447037fd98ae18ad60f7,6858998aecdc09bc7b5a8ec2d79d21ff,5,,,2018-03-14 00:00:00,2018-03-15 12:57:44
c7b7a365916546dd95d9bc59ad8fafc8,f4f3e2c1d55d36170f4aabf93236eef3,5,,,2017-09-09 00:00:00,2017-09-13 01:06:49
8bb3511b99d64fbb3bb124e1e546e6e2,a083f47f545711fc05940d0be7f5ca38,5,Muito bom e moderno,"Ótimo chegou no tempo estimado , super moderno.",2018-07-24 00:00:00,2018-07-24 23:55:29
bf657eacbd24f4105cc02450cc8bc380,d9842672b8cb5ecfbbd067d497f8958e,5,,,2018-07-24 00:00:00,2018-07-25 01:41:39
e037c6dbdcb83cf16da68ac5b18dd8fe,cd69fdf2e46758d65a29de7bb4766e5b,5,,,2017-11-14 00:00:00,2017-11-15 00:35:10
dfa9314f87d474c7ebff6a13fafc6452,9edaabce3c4beef5432b6327ade4109b,5,,Recebi o produto muito antes da data prevista para entrega. produto em perfeitas condições. ,2017-02-15 00:00:00,2017-02-16 10:52:29
3ad4a01b24c3fc7f14bc9b638dacc4d6,7f2f03f3b7e68c7b510177e04cb2b40e,5,,,2017-10-11 00:00:00,2017-10-16 18:18:37
8fd52b99c77984398cd775c7ce6fcf9e,ff207aa3493754ffcea819b8c0c0dbb5,5,,Produto de boa qualidade!!,2018-01-12 00:00:00,2018-01-13 00:04:47
e44ec150d75ab87e962b094106a1fbf7,f13b936aa2436a99f17881708a7505b7,4,,"o produto não tem o marcador que acusa quando o filtro precisa ser trocado, somente isso, o produto e bom e corresponde no momento o que eu preciso",2018-01-24 00:00:00,2018-01-28 19:52:33
d53ae8b574502890b2f843b9e790837c,9e1516d69461cbce6204729191230717,5,,melhor site de compras,2017-08-04 00:00:00,2017-08-04 22:29:50
fe9e14fab58d761d371e3e994a52b523,383730d8be253fb34891920a417f2861,3,,"As duas capas que comprei são boas, mas não são bem o que é anunciado. Valem pelo custo beneficio do preço. mas não espere um produto mega top. ",2017-08-09 00:00:00,2017-08-16 13:19:58
507eb1c4d2e8ee144643368211a7ffda,f875abf3cc68933b94d08b4ca51726d0,2,,,2018-05-15 00:00:00,2018-05-15 16:43:44
4b7c877de2cde94c3e5ab568b26e7814,c2b188860433e96beb3ef17cf8e69b0d,5,,Ótimo produto! ,2017-11-11 00:00:00,2017-11-12 00:47:20
f512545e7eb122e8c89107e198255875,773632f583feeda7d9b063496b6526a2,5,,,2018-07-14 00:00:00,2018-07-16 14:25:30
f5aae75b6452ba59f0705ad5f407829d,fa28a275f7cbd6cae66e0344f2445595,5,,,2017-05-30 00:00:00,2017-05-31 12:38:17
2bab987c99f468ddb9d692ac3f27525f,62260701eb6b51252ed47c4967b1a48d,3,,,2017-01-21 00:00:00,2017-01-22 21:08:48
6bbd265ef66e19e8b9c8eae153dd55da,cddedff311702945e9c62236026dc3dc,5,,,2017-04-08 00:00:00,2017-04-09 23:38:41
084522e4db38b5ffe4f4d5bf529603f5,48e57ab120e323dcb9b330fe88adfd87,4,,,2018-04-18 00:00:00,2018-04-18 22:00:28
6975d2005d2fae1799dde35d19f44895,ec48402bbc28b1e4f252da4031bd502a,1,,Deu problema na entrega e até agora nada.,2017-08-20 00:00:00,2017-08-20 11:59:59
08f305558d829d58560e67dce046c0d1,f8e0d73a0d29119847eef26cb525bf16,5,Produto Perfeito,,2018-07-12 00:00:00,2018-07-15 14:53:02
a56b52cc0b487a9e59138ecfb06bb4ed,be087f2e4d527446e82a0e44d5f95d34,5,,,2017-02-11 00:00:00,2017-02-12 21:55:40
aaa96cae35cbc4ac2ad58c0dcf35f996,ad86b0d3d5cafc39d8b70a248b46cfa6,5,,,2018-05-01 00:00:00,2018-05-26 09:27:20
93ab382ace8d9c13c2f4b5981cacdc44,9d74929fefd45dd3ebce40cc681596b3,4,,o produto foi entregue dentro do prazo sem problemas.,2017-11-07 00:00:00,2017-11-09 00:28:19
3058caa14cbdac741c17eb300fdb96e1,ce500b2ca0d960f937fb4d24282d3291,1,,Preciso de informaçãoes sobre o pedido que não chegou ainda,2017-02-16 00:00:00,2017-02-16 16:42:35
8283e97c2cc2c9cd849a1aefa9c9eb07,73465e1b285d2f5f6067c118ff99d204,5,,,2018-08-04 00:00:00,2018-08-04 18:45:36
543e46e684415d7b5b7cb9c79426ca73,e39fab126fb47dd2f1a47b2af6422bc5,5,,,2017-07-27 00:00:00,2017-08-09 11:25:16
ac6bae47e7d69b2cb2a469e1226e4618,cb162de51da6fe9c49b238971804a224,5,,,2017-12-30 00:00:00,2018-01-02 10:49:43
784e66510bd38a478de7987e765ccd76,5775b40b5767cf4043ffa1322c7d646c,3,,Sem opinião.,2018-05-19 00:00:00,2018-05-30 15:16:05
f9ef4f64ae21a9289078075fe962343a,e0ff4f042465bf3a83ab05b537d1c90e,5,,,2018-06-07 00:00:00,2018-06-07 22:08:08
d271c620e2e23e3b542c88f3ce5d479a,a567a2572a97a9731794566e93368a06,5,,,2018-04-07 00:00:00,2018-04-09 22:40:09
397b976dc457eeff0ce573c59b44f283,f3f075558b483bc41012c816ef977100,5,,,2017-09-16 00:00:00,2017-09-16 16:24:18
50a2f0ad1cf298e87065112ff66a31cc,0b7a6fc05a25cefe1287ad5568d08c4f,4,,,2018-05-22 00:00:00,2018-05-22 18:05:09
e99c14c8c4891530a9a53fd83fcef4c2,d12ab5d1454294ce820fd1ccc56d760e,4,Recomendo,,2018-05-23 00:00:00,2018-05-24 11:37:44
9eea0642d3e476eb13b6b3c5f0394e39,79e8aed3400f69812f091a2b4f55a8e3,4,,,2017-09-20 00:00:00,2017-09-21 01:43:05
3388db17f6178a0d689f1a6c4196b813,dfb6a56c471c1a04a0714eed6ce75de1,4,,"O produto chegou certinho, pena q sempre tem aquela desculpa de área de risco p demorar p chegar 
O produto é mto bom ",2018-02-02 00:00:00,2018-02-05 11:57:50
168af4a20b7aad22fd975d036dd0cd54,aa1a6dd9036736db780b2cd007f68a52,2,,"O relógio que eu comprei da marca Oakley é falso, estou no aguardo de uma solução para meu problema que me agrade.",2018-01-04 00:00:00,2018-01-05 12:37:40
198c8b6157b695688349ac972a7726b9,2355c3ba8f870f103fa43351ffc1a905,5,,"Produto maravilhoso! Entrega dentro do prazo, sempre comunicando a gente dos status da compra. Super recomendo!",2017-08-23 00:00:00,2017-08-24 12:02:08
998c759afe422f2e763df683c35d4d1a,594013e81f2c775b3fb2591f7e4bd4a9,5,,,2018-03-06 00:00:00,2018-03-07 17:02:58
ca39044553da64167a2990b0ae1b16dc,5ffbbd67f14392efe8fd533d38cd1338,5,,,2017-02-07 00:00:00,2017-02-09 22:18:28
42ec1201161550262c0073d33a3656ee,51e284ce71f96710652ab6d5da30fc09,5,,ótima loja,2017-08-12 00:00:00,2018-01-19 14:20:45
f5692aba3531e7c763c2d298e23c86f4,149bca3daf097d7695389efb9b491653,1,Produto não recebido,O produto era para ser entregue dia 23/08 mas até o dia 24 ainda não tinha recebido o produto ,2018-08-25 00:00:00,2018-08-25 03:44:51
d08cc40f9017263837bd0e77799d066a,c26f6a2ea3a573319aa40ffebdc1a43a,1,,Recebi produto de outro cliente totalmente diferente do que comprei...trocaram meu pedido....,2017-10-24 00:00:00,2017-10-24 22:36:59
2a81a2bd9b45f1d20b8ffeeda8856cb1,51b961a61693c869d201aee32178ad77,4,,,2018-03-13 00:00:00,2018-03-15 22:09:50
febe2a5a69bfc88d94c093970c4220b3,48e624e6a92ba57c07b642f214c5bb81,3,,,2017-04-20 00:00:00,2017-05-23 17:43:56
dd350a6af08ad2dae1443c8d62900a3f,30192988070ccc8d5f5d40aad62b8ed4,3,aguardando resolução," Preciso de ajuda ! O produto chegou no prazo porém não ficamos satisfeitos com as cores oferecidas. Seria possível troca de produto?Ou devolução para uma nova compra? E a cor ""escarlate"" NÃO funciona",2018-06-29 00:00:00,2018-06-30 14:04:48
2414c7c4759cef797a354fa6ec5f7791,9990874dbb760114a8bcadec87b20b2d,5,,,2018-04-14 00:00:00,2018-04-15 03:16:33
d0f8ffe9006619bc95000bb8cff304a4,e64b950c1e33e5e3f2a946903e903264,4,,,2018-02-27 00:00:00,2018-02-28 12:54:42
8f3a10079555e51ad5902372326817ae,141e9339279b23d1c38a8512d0e9ba7f,5,,,2017-08-09 00:00:00,2017-08-10 17:22:26
613e46c726191d59533085b22940fcd5,f2125ad278ab03d4779ded7001337ee1,1,,Pedi a devolução do dinheiro e mesmo assim enviaram o produto. abri reclamação e estou aguardando próximos passos.,2017-12-20 00:00:00,2017-12-23 00:50:18
48f01f67601c62008e89181649ddd4d7,75b6f8722f53c2f4ec267dfeaaa8808a,5,,,2018-04-06 00:00:00,2018-04-11 14:06:23
240e1070746f3c38d8d71b854e16ed88,6fa1dd5611d4b380144fbe44fa788ad9,4,,,2017-12-13 00:00:00,2017-12-16 19:45:17
191a393c7480786060e3097900b5f11b,0ec04706b50b8bc69a14dff0d6a26f13,5,,,2017-02-03 00:00:00,2017-02-03 22:28:53
47be239e9857c61f8723795f0da046de,6cf8b5d146910e3d1b0f23f82a132194,4,,,2017-10-10 00:00:00,2017-10-11 11:34:58
76a5255bd2bce9fee0ba9c836969a7db,7e5db9e4a8de1e5908fa74963fd30e41,3,,"A entrega está dentro do prazo, que é 8/11/17.",2017-10-15 01:00:00,2017-10-16 14:47:59
c753d0c317b4ffa6320ef5003ad24ffd,8c7aba5d415316a216626dfdc9e5aa42,5,avaliaçao positiva,,2018-05-18 00:00:00,2018-05-20 21:18:00
2bb44b6936553cbdbe195e5263e179c5,42f4cf7ee7d96f2d2465b6f203e531ba,4,Bom ,"Produto dentro do esperado 
Estampas diversas e bonitas 
Ainda não testei para ver se enxuga bem.",2018-06-05 00:00:00,2018-06-06 02:54:43
eaba312db5c1ab55f49a312906c09a47,124282aeb36f71699a910e0670c08769,5,,,2018-06-16 00:00:00,2018-06-17 12:55:01
1149c12ba69718dd3ba5c30c57aecaf7,3cc57d3144ae8df639a05eb5783f872f,5,,,2018-08-04 00:00:00,2018-08-05 03:23:15
d831ef9cde558f73b586cb8a5ac4bdbf,86f651af29913f6312791c5aef8ac619,5,,,2017-12-07 00:00:00,2017-12-14 12:11:02
1b3d5be09c3e3e3c3b668ae525614508,f334a266fb65d5d853e108b4442f1f01,5,,Nada a reclamar,2018-03-13 00:00:00,2018-03-13 22:53:36
9b01a4cdfc0093fbfe8f1c878f3ebd4e,c9677a4babf96837ee697317b7963a92,5,,"O produto veio intacto, funcionando bem e o frete antes do prazo",2017-02-15 00:00:00,2017-02-15 22:30:44
ea8f8b9ce8525a6a90ae8153fc682953,4bdbe1f2d1b360c34d90175e10ec090b,2,,Minha casa fica a 100 metros dos correios.Disseram que a casa estava fechada ma não me ligaram apesar de ter meus números.,2017-03-17 00:00:00,2017-03-18 08:21:45
2a21a998494879b478ea2f722f431e21,a971cf0a515e6051941bd05ff3efc0d7,5,Zenildo,Eu recomendo aos meus amigos porque fui bem atendido na compra e na entrega tudo 0k,2018-08-15 00:00:00,2018-08-16 15:31:07
a011f0d44a09c8310353248da7a8627a,5da33f2ec794bb55994fc59563a04107,3,,,2018-04-10 00:00:00,2018-04-10 22:23:06
52dec0cb74a07bae3f304f17eec98786,55ece185ce1172927bae2507bf48cff8,5,,,2018-08-26 00:00:00,2018-08-26 23:40:01
1804674e81424250ff4e9d06bc25195b,ab260012c90cd3ee59bb8d18b97b851a,5,,,2017-12-09 00:00:00,2017-12-09 08:43:40
f7441b14a73c5538fd411d97806f205d,33ef079ec39c1b46e6e552e038e67c5b,5,,,2017-01-21 00:00:00,2017-01-24 09:30:53
e06ee875487aad04a79c7a44c2003a99,d34e326c0b15c4b4a481ba1376687e75,5,,,2018-04-06 00:00:00,2018-04-07 21:15:35
00f94dff1076490a337ab6b391f499e0,a9f3a3d1ad51353ad83d1cc38aa74a47,5,,,2018-08-03 00:00:00,2018-08-08 17:31:13
139b034a197ac09f7f60ecdaea6ce58d,f41f4f0667b69592fa5bef59e5ef7fad,5,Ótimo produto,"Entrega bem antes do prazo, produto ótimo.
Recomendo",2018-06-14 00:00:00,2018-06-14 22:49:00
a9e2211e94fa3932928ba8296de4fa32,ad8c386772f88caabcff4e2a8bee26d3,5,recomendo,"adorei o produto, vou comprar outro.",2018-08-25 00:00:00,2018-08-26 11:24:32
034cb1bc99633a7ada371596abe55b53,1ff554f292eca293a405beea2511f6de,5,,Sem surpresas desagradáveis. Td como planejado e chegou bem rápido ,2017-03-21 00:00:00,2017-03-22 10:44:13
4e9bc73d2795d85dc2e8b7dbb99e304c,b95a0a8bd30aece4e94e81f0591249d8,5,,"Adorei o produto, condiz com as imagens, a entrega foi no tempo recorde.",2017-01-18 00:00:00,2017-01-18 10:56:46
6b8afef2db830a63fe099a319b3198a0,f6f0b2497c5a4ca89670186757ab2684,5,,compra fácil e site recomendado,2017-07-04 00:00:00,2017-07-13 13:31:19
cb7533018dc117bee1c0b3006aa82da6,32339685fefe9062d33175a4bc12d555,5,,,2017-01-29 00:00:00,2017-01-30 14:13:22
9c0a8bf7b1d6d4cc10e4d743634599a5,806d19127814e557e910ad0c90891886,5,,"Excelente produto, de ótima qualidade, chegou a encomenda antes do prazo estipulado. Recomendo o produto e a loja.",2017-06-02 00:00:00,2017-06-05 16:47:06
017808d29fd1f942d97e50184dfb4c13,8daaa9e99d60fbba579cc1c3e3bfae01,5,,,2018-03-02 00:00:00,2018-03-05 01:43:30
a12447ac8924998a1882b37f7015cbb4,82d3f649aa623394cf7ad9432dd748d4,5,,,2018-01-19 00:00:00,2018-01-22 11:01:59
5fdac0b1de781b137fc4a6e487ceb970,f28f39649e3b855c1e269fde05f2629f,4,,"Excelente produto, recomendo.",2017-08-02 00:00:00,2017-08-03 13:01:07
c625fc3013b57a90dac13f9138d9436c,766a7aafdf6f237885465c7487a30eb7,2,,Falta de respeito com o cliente já que o prazo é longo para entrega e mesmo assim não cumprem com o prometido.,2017-12-21 00:00:00,2017-12-21 17:47:03
3474b31a7cef212b13f3058b1b1531dc,f89be12959c54bfc8be493fa13fb2f10,5,,CONTINUE SEMPRE ASSIM PARABÉNS ,2017-08-23 00:00:00,2017-08-26 11:26:38
f33413bf90e58a04f4fb2e2ebd2144bb,f89a86148310b5d6a02fbab8f1c9fb77,4,,,2017-10-01 00:00:00,2017-10-17 19:51:07
230ae9217a53de3e0f593447eddc1e12,8f078af5f7dd54fad5abd423dfb4aad2,4,Tudo certo,Boa ,2018-07-03 00:00:00,2018-07-05 21:06:57
ca2566fdfe4ce4d121d891fac1c8e2ab,a06a669230c816de8d78362b370dd46a,5,,,2018-08-09 00:00:00,2018-08-15 01:19:17
421af8ec45a3d0453987c274a674eb4f,26ed76d9ca565506c2d4c50fd5fc323b,4,,"A caixa do jogo veio com um pequeno rasgado, mas eu não quis trocar. No mais, tudo ocorreu muito bem.",2017-10-25 00:00:00,2017-10-26 22:13:52
fbf854fcaddc913f58eb0b3a4be0b357,40f263da2fff3c6d39ed98ff3700546b,5,,,2017-10-04 00:00:00,2017-10-05 00:34:13
302a22312f569fb64c9a360742505277,47106caf7707ccc0552581877874349f,5,,,2018-08-18 00:00:00,2018-08-20 01:32:52
81dafff2e05211f93cc251a32732e24c,cec31771f7be596e463066dab5db839f,1,Não recomendo negociar,"Não entregou o produto, nota fiscal emitida em nome de outra pessoa com outro produto. Cancelou a entrega do produto por conta propria",2018-08-28 00:00:00,2018-08-29 01:13:13
1ba831c7a22e87cf239b22dbe024d2d3,d6229aca790acb92366c9888f1e0c181,5,,Entrega antes do prazo,2017-02-18 00:00:00,2017-02-20 13:45:34
1a8d368627160c5d6c0369986564fb57,9831b84779bb2216541f702f5ed7c331,5,,,2018-03-02 00:00:00,2018-03-03 09:11:55
0aa5165ae32b99f58cffdba2f9b5cfec,5260625f881ed6e315cd3eb3f4bc2d42,5,,Recomendo. Produtos de ótima qualidade.,2017-04-20 00:00:00,2017-04-20 19:40:54
39bfb399deccad64a4eea1d083a36a7b,28b3a0c20aef4102b44f6928bdcffc7d,1,,"Comprei dois escapulario, mais esta empresa mandou apenas um e agora eu nem seu se vou receber o outro ou ter o meu dinheiro de volta. Que merda esta situação",2017-04-11 00:00:00,2017-04-12 02:37:55
386e3d3663fb7743c23d1287c1aaec67,e1000df659259b29cb73a4798ccd7454,5,,,2017-02-10 00:00:00,2017-02-11 21:05:11
05942b6005e6e76a38e74047e66d67b7,a9121d9a1f7b2530fd9d2d6dc01647cd,4,,,2017-02-08 00:00:00,2017-02-08 19:19:22
655cd785eb027203a1e2dc0d6d8e27c4,77850ecb19783b9c81c2097568e6b4d3,5,,,2017-12-07 00:00:00,2017-12-07 20:53:55
ec0251ee43ed48f691fe4febb3d34dbb,6386b8aabb7f032b77475740cb035e86,2,,"Comprei 2 produtos e recebi apenas 1 e até agora ainda não recebi o outro e consta como entregue, pois só veio um código de rastreio",2017-06-21 00:00:00,2017-06-21 19:29:08
b1369cd1e29c25a216d676ee01b5ec4f,2ae0d5789dfb9195d410a8b56f7cc75a,2,,Comprei 2 mas só recebi 1,2018-06-21 00:00:00,2018-06-22 03:22:38
2f4d001c96364d0f73449196511eed89,1728325be5eb1de748928d1e52fbdc29,1,,"Comprei no cartão lannister, não irei pagar, pois o produto nao chegou, nao recomendo essa loja pra nenhum cliente.",2018-03-29 00:00:00,2018-04-02 11:53:41
5e87aa48889b294e335c561d6f765132,48152543286e71de6452df5ae4bd069c,3,Tamanho da capa,"A capa ficou enorme no colchão de berço tamanho padrão, não gostei",2018-06-21 00:00:00,2018-06-22 00:21:55
6aef287edf7ca0e9771fe6e8504757df,4ec3c9f805653722ef9965b81ffe924c,5,,,2018-03-29 00:00:00,2018-03-30 00:45:02
27f6ba74fac67e2701377840651d3dcf,34aed6e4313d7573b0d3b459f3a805ea,4,,,2017-11-15 00:00:00,2017-11-16 00:10:42
b01c713ffbe4f0c260a93d8380d953c0,a305557a41b3c1889b8e0d9255f9ef1a,3,Bom produto,Produto atende as expectativas de uso. Entrega super rápida.,2018-08-31 00:00:00,2018-09-02 22:50:51
c3ac80293a1eeac22bb4982cf5118b01,7829e4ed1e8cf1b45eca5790a96bd2b0,4,,,2017-10-20 00:00:00,2017-10-20 22:17:52
964e42759c2bdb3608ae227488f54ca1,8ff75375a7a2cbf26e7fbac0c52c9810,5,,Excelente trabalho do stark. ,2017-08-01 00:00:00,2017-08-02 13:03:14
fab3587ace3a5370f22ba29be6d46cd9,8cb07e7e810ad9e5f33062cb4735d488,5,,chegou antes do prazo,2017-02-09 00:00:00,2017-02-10 01:07:06
72f685566b4731422d9472c4fdbaf2e3,1306d7999cdd320272eeea20f5768b77,5,,,2017-02-07 00:00:00,2017-02-10 08:25:26
ae32a6b71165b194613b00bfb9530efc,9c9b21a2db3ef4c7109f69f7f3614d71,5,,,2017-10-12 00:00:00,2017-10-12 15:24:16
2d9ab5772998b587683549793fc0b63a,6bd4b48e32c302661000c8a7c586461e,5,,,2017-03-07 00:00:00,2017-03-07 23:50:43
ed808649bab92645c1a497c6d50ef4c1,499798fd04e5748ac54b4456d1b7995c,4,bom,"entrega no prazo tudo ok ,meu filho amou ,o único problema foi que paguei frete e tive que buscar na agência do correio ,uma dica contratem outra transportadora ,pq o correio só quer ficar com ofrete ",2018-06-19 00:00:00,2018-06-19 21:09:02
a6ebfd74a26c3466dab3f4b7b19e7f6f,a006b205e3eb2c6f672a5a4ca2513d6e,5,,,2017-08-11 00:00:00,2017-08-13 23:45:45
4766b7d48f10c7163ef6142796ba0ce1,66721fc1b7506481ff0d62fefe0aaa6c,5,,"Ocorreu tudo dentro do prazo previsto, muito bom",2017-02-17 00:00:00,2017-02-20 10:39:00
f2900dd35813444e24aa5bb1255eafdf,186a0845cd1b679057c8b0ea86931e2f,5,,,2018-07-24 00:00:00,2018-07-24 19:13:40
5aa7568c9fcd9334e0317ca4c3a54fbb,fecd2391540ed4dd35db71f1af87f03e,5,,,2017-05-20 00:00:00,2017-05-22 00:46:41
9fe7f52fa8202caf2a4f6dd0cd587e89,0da30436a667e82020c86b5da53c0b21,5,,muito bom,2017-10-17 00:00:00,2017-10-30 13:41:30
301d75e89a62f8fa780c681768dd455f,c37d452db8a3abfa3d99c322e92ef0ef,5,,,2017-02-04 00:00:00,2017-02-06 14:11:29
7c7ab468a975b06f7625e5f0df83da91,367cead10022c703e2a1529c52699ac4,4,,,2017-04-06 00:00:00,2017-04-08 22:31:04
12d63425aa98ff245133d3a34d03c282,492d9d1a1eb3b5a079dff6d1eb3f4b67,3,,só deveria se um pouco mais rápido a entrega,2017-10-10 00:00:00,2017-10-16 18:19:02
02220e30a4b7a1b199b0f1baec21e7e1,959815491185d6d44b4adfb9caaf3b9f,4,,,2017-03-28 00:00:00,2017-03-29 16:22:10
ef6722f7a6ab41a46064e6c0c8ff6792,df5c6aca62db71fbe451c0408bde2817,5,,,2018-06-13 00:00:00,2018-06-13 23:35:55
2b3e1b6cc7d379fd0a2296180a0fae73,92a9ef7f0a0d392c9ad0d5f44e86b4ba,3,,"Os fones vieram jogados e as caixinhas em cada embalagem individual, nao gostei do produto ,achei de baixa qualidade.",2018-03-30 00:00:00,2018-03-31 18:47:59
ae9f0376d59c722f8e25ba29081bcb66,3a242772733bbe85f793b47f375aaed4,5,,Produto conforme descrição e chegou suuuuper rápido! ,2018-04-05 00:00:00,2018-04-06 00:46:19
dcb237b419d0bb1486be67e0bb3db691,f5469d54daa9f43486f2d4ab2b154406,4,,,2017-09-19 00:00:00,2017-09-20 10:43:50
f97a75dbb5a2f11d2761abb4b8c79472,7d25201b841d0a91a003edf192834005,5,,,2017-08-19 00:00:00,2017-08-19 23:33:52
3f5802b0f09e2f66d61b0dc191737868,80a516f4d571d5fce4d688cc931b106f,5,,"lannister, ótimo meio de compras",2018-04-20 00:00:00,2018-04-24 18:47:39
56fefe3b6ae80c47e14c3071405f59b8,34fe5a39b9e65ac47aac2872c3538c41,5,,Produto conforme esperado.,2017-11-09 00:00:00,2017-11-09 22:52:22
62798a5e20936df483a47f3483fc6d90,e60856926b11f52676a5408033e204de,4,,Recebi o produto no prazo ,2017-07-18 00:00:00,2017-07-18 23:26:25
81410d45435bc2b4d2a23ec856f210a3,08e617c0a81895c4d5f6ab1e4a20fad0,5,,,2017-02-03 00:00:00,2017-02-04 12:18:25
602415a426937af2fe15ccba35424e52,0decb14beb4de8d3b4e37103e81f119b,5,rapida entrega ,,2018-08-10 00:00:00,2018-08-12 22:00:24
d481aa01fc96535e85addf6061f57474,a43482a55cc8d11f47b25992831a794f,5,,"Amei o produto, já conhecia, e fiquei muito feliz em saber que nas lojas lannister iria encontrar o produto. 
Estou bastante satisfeita com vocês 
Arrasou!!!!
Super Feliz!!!!",2017-10-25 00:00:00,2017-10-25 20:51:42
4431b0cfd4bdd71bdffaf61b16a0e639,38eec5bb3f0c72a0441c485a07bd99b5,5,,,2017-12-03 00:00:00,2017-12-06 22:14:45
431f6cde4960f0cd07ca171a34417012,56a726fa0f40d3678696e62aaed9690d,5,,,2017-02-02 00:00:00,2017-02-02 23:04:13
83a51c629a173d797fb9de549a389dd8,a487f3a5b2b3e028ef50c93210a69e71,5,,,2017-05-10 00:00:00,2017-05-14 00:05:40
216f59b46683ffe58bdca64770ac6502,925f43c2d4991e4360c5a7435c5431a3,5,,,2017-04-11 00:00:00,2017-04-12 14:14:49
af0c7e9052cba9d3f556076a4b00c3f6,5a359fd847978055438c2563b425d343,4,,Atendeu as minhas espectativas,2018-08-29 00:00:00,2018-08-29 22:11:53
538a7088ad4a51f405be2d50527034f9,82d1d87b52fc86b65293b86ccccaf60e,5,,,2017-12-13 00:00:00,2017-12-14 00:56:49
bd3c1307a5918111882a309fe4467e2e,4f869174cbff0495e39adbe5a6c4c040,5,,,2018-02-09 00:00:00,2018-02-11 13:28:30
064c2fb292f0632744c4db6e0f7ea9df,67ef896d205bafce2b0ce685b7173d43,5,,"Entrega super rápida, muito antes do previsto! Super recomendo!",2017-09-09 00:00:00,2017-09-10 01:32:32
fc57fc3dc8b9b31ff1f4aef74888bc14,a6145b6681d0b1556afbcf25131f2952,5,,"Chegou antes do prazo, bom!",2018-07-31 00:00:00,2018-07-31 23:06:05
1d5b0d355b0eed9ffe42ac31b3a74beb,5ac2db22c3a1a5c7d59208f225e41fef,5,Produto não entregue,Produto não entregue.,2018-06-16 00:00:00,2018-06-16 15:26:32
f5a6eae460295ccd896857d69220ac37,e93d4bbea9f3bfbce59cc83e6a663437,3,,,2017-09-09 00:00:00,2017-09-12 20:08:32
ae8dfc5ea80d1b9a08c60d405b9663db,6011382a54da3024a3e9650faa1b5e2a,5,,,2018-04-10 00:00:00,2018-04-10 22:54:28
ae501aff8d8cc761c92008e6afd9dcaa,7845a2492ab1b4f2cf3d56c7b8da1446,5,,chegou antesdo programado,2018-01-24 00:00:00,2018-01-30 19:19:56
8bd18eb176da7f8b74f785d338a174e0,cfe4b206b7a8acf6ca84fb710d61f968,4,,,2018-05-19 00:00:00,2018-06-05 22:14:42
23858b806b4f44681dec4e5b24357914,ad6b07be756ec7284a64503ac34f6975,5,,,2017-04-20 00:00:00,2017-04-25 20:49:49
0f478171f2e583310042b14eda580e9a,6800d99c79f85a09a82645ff194ba86e,5,Tudo certo!,"Veio conforme o anúncio, muito bom.",2018-07-04 00:00:00,2018-07-05 20:33:50
c5e242a8e9680adda654a3d147c3cf28,be713173db53bf7fa11050f91ac461ce,1,,"Não posso avaliar, não recebi o produto ",2018-04-15 00:00:00,2018-04-17 10:47:50
5f7e5ac4dd5ff70e900c935c0fa57989,3aaa9a0f68e9743aef38c75a7cb6d998,3,,"Achei bem magrinho. Diferente da foto.
Deixou a desejar. Se soubesse mandaria uma costureira fazer. Sairia melhor e mais em conta.

 O fabricante deveria não poupar no enchimento. Qnt mais cheiomel",2018-03-24 00:00:00,2018-03-26 22:14:52
cab81440840eca2847ecefe22eab3fc0,6f99460a3922c5c8fa61c49fa488a858,5,,Produto chegou bem antes do prazo,2018-04-12 00:00:00,2018-04-13 14:39:52
0fe05afb1dae81c74d6d6e22c69d062b,c595bbefb93ccf827f9dd4b7c3f25785,1,,Muito prazo e nenhum cumprido,2018-02-10 00:00:00,2018-02-15 12:31:07
fa1ecec85c48c1ae1f2678a2d72cca45,3d98c6327fa1c45b931c31e7ca2c97cb,5,,,2017-07-14 00:00:00,2017-07-15 00:01:31
c837775b7f20f9f566bbfae5f96c5f8f,4cfc21861f949b1bb4f23340193a2138,5,,,2018-06-05 00:00:00,2018-06-08 10:56:15
c4e29cfc5265e1b2200f063ab60405a7,cecc450aed233004e69538a4ce7f7f37,5,,,2017-05-27 00:00:00,2017-05-30 10:46:00
21daafb241ad4fc464e44ac3db1f8cfa,25e23f5fbf3139c628fe56c126c97391,5,ÓTIMO ,Adorei muito o produto ,2018-05-19 00:00:00,2018-05-21 11:39:22
794e132391ca5fb28a87e7220ae7b0ff,c38c9bc64c50852ae814ac2dc6bff45d,1,Regular ,,2018-07-08 00:00:00,2018-07-10 20:55:59
56d9522737910ad0397439f88ce794fe,c34636be7a1584abe05847e5d4b1c3c8,5,,Super recomendo chego antes do prazo,2017-10-01 00:00:00,2017-10-01 18:10:08
e565b9c0ff56ef990f15d026b42323d2,873b89c80c9a05f055f4670e055293ce,3,,Quero saber o que aconteceu que meu produto não foi entregue até hj.,2017-11-22 00:00:00,2017-11-28 01:51:55
f287fe9240af1dbb39f4678bc0fed822,709e863921cdc58bb0582cf305270d72,5,,,2018-04-19 00:00:00,2018-04-22 14:15:33
fe024f544d1e42a7f8c955da541660f3,342ef067ff890d38864730c89a8776ff,5,,,2017-09-19 00:00:00,2017-09-22 20:20:34
c44bcd1dcd2dfa3e1327896af27db804,e1171120e3b1615034d5372b0d3254a7,5,,,2017-10-12 00:00:00,2017-10-14 22:53:45
edfb6159ad9e6d2459216785d04dca67,cd4f9a974c6789b89069a844779294a2,3,,,2017-09-19 00:00:00,2017-09-20 14:59:46
ca26a97baa1580f8acbc755587616eb3,80e9acbfd99b46609bded7263945fe15,5,,,2017-02-10 00:00:00,2017-02-11 12:54:54
5f32d53a9c2c7675270009db7bba3085,11200294ab90161f54f7effdea8d9466,5,,,2017-09-26 00:00:00,2017-09-26 17:47:48
91063792fdddb41d70a471b167b1c87b,31f9d6ac65559c258f1992bd34d10e02,4,,Gostei da cortina leve toda d voal. ,2018-01-30 00:00:00,2018-01-31 01:25:33
b129d01d6654d5f456e05a808eba5ac3,61c0331f4a2916cc12ae6abe6f4caf41,1,,"mais de 1 mês desde a compra e nada do produto. Não consigo contato com a lannister nem com a loja que vendeu. Péssimo atendimento! 
",2018-03-14 00:00:00,2018-03-16 13:09:30
d223527addf6e17b6978d2e9b982d26f,0f9751081b734220a998be212c391523,5,,Perfeito ,2017-10-18 00:00:00,2017-10-20 23:41:34
39cd1a5a64851d6e1623c3ec91ab5010,b9b51e569a2e79970555eb81107eb369,5,,Ótima loja realmente recomendo ,2017-01-31 00:00:00,2017-02-01 17:41:18
926f061303dc7cd2844fbd0c034df1e0,9d6ebf13c4103f0a747d86c3c93f7af5,5,,,2018-08-23 00:00:00,2018-08-27 01:40:07
151192b30732c42139058602003305c4,5c110a6989b5bf2b90e611d478bafa3e,5,,,2018-02-23 00:00:00,2018-02-24 02:40:26
d04c6293b10792389b9e366d1a0a0c1c,d29389c3c21bb08880e15429748e5ff4,4,,"lannister.COM É CONFIÁVEL. MINHAS EXPERIÊNCIAS DE COMPRAS POR ESTE CANAL, TEM ME DEIXADO SATISFEITO. SEMPRE INDICO AOS CONHECIDOS. ",2018-03-30 00:00:00,2018-03-30 09:34:27
7fb49033aa99b322b7bece8b69330079,d2d845154c7f4e7f7861ea8697c628b2,5,,,2018-05-05 00:00:00,2018-05-08 01:03:50
39772edaf5868de1e03223b6dad0ab64,1ffded15ce20a1a518490765dc37cc9c,5,,,2017-05-10 00:00:00,2017-05-14 01:23:23
b0bccdcc35cdbf7ab7783a1aab1ffa32,e713bee0fe365659dd0bf2e261ce6f28,5,,,2018-02-01 00:00:00,2018-02-02 11:57:04
f676b4a89abc42681e4cd67dfb2621d5,637617b3ffe9e2f7a2411243829226d0,4,bom,produto de qualidade muito bom,2018-05-10 00:00:00,2018-05-14 20:59:44
e424567c193df873bda8a4bdfc2357f0,e2d092db21e901d04985350bf0e748ac,4,,,2017-01-28 00:00:00,2017-01-29 02:16:03
1ed4c5032a3fe7106764809d24264aaa,0e64431c08745e9d2d789b9e6c8acf0f,4,,,2017-12-09 00:00:00,2017-12-09 11:05:52
31c4998921d34be6dea8dbb2aac4e4fa,182680afbd9247820be311a34cafb4e9,4,,,2018-03-06 00:00:00,2018-03-07 11:10:18
16d06cb031250d28f648b3c7c667025a,975a0290ce9c9359576f69b6e00799cf,5,,,2017-12-12 00:00:00,2017-12-13 15:11:06
c410e32fc7f4d0bc8fbf367af415e8ad,183f2bb10e984acdee08ad34070ebf69,5,,,2017-11-18 00:00:00,2017-11-20 14:17:12
8591cc727fc69e79e649720a1e16f4b4,180bb1b8686d6679359207ce3b1f5885,1,,,2018-02-06 00:00:00,2018-02-07 09:34:50
1ef788e4c47dbd2485d8267fc074f67d,64a6cbaf0304bb145b7eae00fbbac35b,4,,,2018-04-11 00:00:00,2018-04-12 00:04:42
1ec3715f5f611369641b260c9650bc93,4d7a365119241cbd17c7afb5b39bb9a0,5,,,2017-02-03 00:00:00,2017-02-04 09:07:11
fe73941120021e8bbadf2652abebfb7d,afe00f151e2a9c5924b2edb95736c11c,1,Produto incompleto,"Eu comprei 6 Kits e os correios por enquanto entregou apenas 2 deles, preciso muito que os outros 4 sejam entregue, afinal de contas eu comprei para minha empresa e o produto foi muito caro.",2018-05-19 00:00:00,2018-05-21 11:12:54
78f92e2cad05d81e4736434e6eb72d18,f5068e06e9de577bdbfcb519ff9fb5c5,1,,,2018-01-24 00:00:00,2018-01-31 12:13:17
4e29410e51185c49719cea88490f2482,ef31025693a0212c0b45d12f12f12a5e,5,,,2018-02-23 00:00:00,2018-02-26 00:31:52
d6d23f21047f3330e3b94e5fc51bf2ac,6ab838d74d628b6f618844ef50200969,4,,,2017-12-09 00:00:00,2017-12-13 23:27:49
149510d6aa9c0ea4d00fa3efa8d41ba6,c57cf7b41f793c7c74b7e51f236eb57f,4,,,2017-08-26 00:00:00,2017-08-29 10:39:27
ca01ce24b3bdc76a49eb55b75af0d477,19e2f4888f56504ec0f7e0765c9e36dc,5,,,2017-11-02 00:00:00,2017-11-02 15:40:08
a1a692f23e2db235790c99b28ac26fd8,d568f094af70874d55d22a89e093fe18,1,,"O produto foi entregue, porém veio faltando os acessórios dois fones de ouvidos com fio e dois suportes de ouvidos",2017-02-03 00:00:00,2017-02-06 14:38:24
c9b5b5d1c345b9fd2c19c1ac53b3ab12,6f73a96cdd874d89723d560bda640b52,5,Cadeira,,2018-06-15 00:00:00,2018-06-15 21:54:49
18d1f5ce38631a437112dc7bba505ace,b1e7caa2d22ccc061ebfed60acc21b34,5,,,2017-12-27 00:00:00,2017-12-27 22:26:46
c4da85def62d6188e2c15265ff53fddd,bce3ba299a4d73c52b90686a13c29a57,4,,,2018-02-27 00:00:00,2018-02-28 08:49:54
296d91d1c867cee88cb8e0fd76a18f04,81a3c1a0ea3b09bad9d4e0a6a3683f4e,1,,"Um produto veio, mas o segundo não veio não estava na caixa",2018-01-05 00:00:00,2018-01-09 13:24:51
6dde0ff80b5bb0222341acdbe2469bba,6c6abb921625dd44d3d406ce4b890cac,4,Produto original ,"Produto entregue antes do prazo, o relógio é original e de ótima qualidade. Não veio na embalagem original da Casio, veio em uma caixinha de papelão escrito Casio e não veio com a garantia. Loja targaryen",2018-05-15 00:00:00,2018-05-15 20:59:16
186bf0c7a9f076b10bffee81d65dd68b,421965457f0703d25ba727b4d31a1ad3,2,,,2018-03-04 00:00:00,2018-03-07 10:00:31
383d9d512c9dcfea9275903651ffbf3d,6981dcb7b07826f29c65ec408f8aaf05,4,,,2018-08-29 00:00:00,2018-09-01 02:40:04
4d5c0fd45e51cbeaa58040aadddc6037,37a7c67354a15ed78011b5e51306b221,1,,,2017-12-29 00:00:00,2018-01-01 17:50:09
9413275f48f707c7df488192b89d7e4e,8a6687e2edd62edc2b9c1de51234bd98,5,,,2018-07-11 00:00:00,2018-07-13 22:55:06
138ccf5f8cf03bfb6544e627db1d9a8e,0bd92af478239fae08847d13e9fd8617,5,,,2018-04-26 00:00:00,2018-04-27 11:15:44
d80ed3912835e1a57b53cb541376ed25,f20ad794a21ea34c982e74ec18f7aaec,5,,,2018-02-27 00:00:00,2018-03-04 07:38:19
fd2cecca381c405c657d4643180bf816,1d4915fcba7b140e7a82379ded2c76d6,4,,- Estou testando.,2018-02-20 00:00:00,2018-02-21 20:04:32
17f6158b6fe16fcf55fbda3f506cfbc3,d1e49fad76dfd4ed8f5488500011e45f,5,,,2018-06-06 00:00:00,2018-06-12 19:10:31
2b77305b6ad3a4e1441edd1ce92a7092,912806f58b85a8b3b9a57757227c9a36,1,,"Até momento, não recebi informações de produto.
",2018-01-24 00:00:00,2018-01-24 21:27:50
4c8f8404cafa2aadef5a65b86a6c073b,21b966a378471db65c18fa4ca20d6800,5,,,2018-08-28 00:00:00,2018-08-30 21:16:06
e5c29da017e6830f3f1a8bcdcdecf268,b0b54e4c452d66681d67e588398ecf7c,4,,,2018-01-17 00:00:00,2018-01-20 08:47:35
6d2267d2e5a3666ff0de123ba649b665,38c2b634e9399138e8c5e726ddfe765d,1,,,2017-10-12 00:00:00,2017-10-12 05:50:20
b497e653779d67fb3c6b567a51356fc7,9570076bd35deeec20575eb8e0540131,5,,,2017-08-31 00:00:00,2017-08-31 21:37:23
737bed281d94620f3d0c248d0a839551,132d431a6757fe865a1f7117978bd0e0,5,,Produto entregue antes do prazo! Veio tudo certo!,2018-04-06 00:00:00,2018-04-07 15:04:10
852c5de4da9f35558037dd39c9249800,a2c7b8f8a4fe1bc4a8f4e30a5311861d,5,,Ótimo serviço ,2017-02-09 00:00:00,2017-02-09 15:17:17
e567ce750252ee51158fcff22af3723d,f939e2a89376e44158657a15465cacce,1,,,2018-03-22 00:00:00,2018-03-26 19:01:40
60f93fadd7770d430b972898fb8a6e1a,14d9794bbb53614d12cc2df6a045f82b,5,,Tudo certinho. Chegou antes do prazo!,2018-01-30 00:00:00,2018-01-30 22:43:13
a7c000c1cc6a1c305b47b0a72e89f147,4726bb2be36557009e1f231af49916e0,5,,,2018-02-23 00:00:00,2018-02-25 22:27:03
c5cc7aa34e8b2d562c839b7a8c37159c,5456769456d0d521af0d1675613702a8,3,,Depois de algum tempo da hora acertada e relógio atrasa,2017-09-17 00:00:00,2017-09-25 23:53:25
d33da30c71cd1e6cd526c22ff7a4d708,a711032f5b2df3b039238b1a273076b8,5,,Ótimo atendimento!,2018-04-23 00:00:00,2018-04-24 01:08:40
52dab8c4e0a7504db34eee485e60d794,77e9d2f71c740441b1fce48743b8e358,5,,,2018-07-31 00:00:00,2018-08-01 11:27:02
801fa799401fe785c85ee1189e6e04f2,883915e4c377d6f9192fad3ae5d4374c,5,,Só que nao cabe sacola de supermercado conforme falado na descrição. Em geral um excelente produto.,2018-08-22 00:00:00,2018-08-25 01:10:56
319d8bf85aefd5d1ad3bd9a4e028ab12,818869c4c6740ee23979a7cbf298e31c,4,,,2017-06-29 00:00:00,2017-07-01 13:27:03
3c312d7d2a740bce1ecd028e1ca8ec9d,d077407f0f6dccff3bb4224b3aaec82d,5,,,2018-08-07 00:00:00,2018-08-09 21:33:29
144d684c5c5b42b32ab446289c30edd8,55bb79b4227dafa41a25a45e8462c7b5,5,,,2018-07-11 00:00:00,2018-07-12 11:33:00
8834c972330dcc041d8862862092bb51,7e81c4cc31fd46f225b4441e179f78a1,5,,Produto ecxelente,2018-02-01 00:00:00,2018-02-03 18:42:43
a284e94a3799422c7a686c9c2928dc28,632ba34265b5449d1f742d24cacf1208,5,,,2017-02-03 00:00:00,2017-02-06 09:43:07
f48b51510b24041990bd99257613b2b4,957835fcdd687e80443310e35eb113b9,1,Otima,Muito Agel com a entrega obrigado,2018-06-08 00:00:00,2018-06-08 18:01:19
e3f68ca53ee3f30f9f88c1ae21278f15,0fdc6ce12cb319cb9c173af525080d3f,4,,"Estou satisfeito com a compra, daria 5 estrelas se o frete fosse mais barato!",2017-06-01 00:00:00,2017-06-02 16:06:13
9f4b94c3e28acd186ac9fd8f0bcb33ea,903c880841c9b1af32d6d086b9763133,3,,A entrega deve ser mais rápida,2017-01-31 00:00:00,2017-01-31 19:48:58
6ad41775ad5fd3e58af0ab1e32a01ade,7ef1da1730f64df72be4189c5ea58c66,5,,muito bom e seguro comprar aqui!,2017-02-04 00:00:00,2017-02-06 23:14:27
e0dc0e9a45140bf1c77fe6ae3af116bf,f63bea61c8cd128d3e53d7c07d94a7ee,5,,,2017-12-14 00:00:00,2017-12-15 03:06:47
86824d7e0027e70b2c6b48e32a454fc7,c1e9df16ff9d33f95cd4e24e6e064c38,5,Perfeito,"Tudo como anunciado!
",2018-06-06 00:00:00,2018-06-07 23:20:38
3627fae50003c532f4893c04d9f9682a,51a4d80c45232e938d7504001271af64,4,,,2017-12-15 00:00:00,2017-12-17 00:00:41
ca84de917cd9fb87e96c47a346c645c0,539fbc059a691c7fa7d239e2d495f60b,1,,"Ja comprei outras toalhas pelo baratheon, porem essas são de péssima qualidade. Não as usarei e estarei doando.",2017-11-01 00:00:00,2017-11-03 12:12:42
5267cb37fed0f8b606ba9cd0ff6d0a60,5d97051b2fbe2d850d8c195e054735b4,5,, Meu pai gostou do resultado está dormindo melhor.,2017-02-07 00:00:00,2017-02-11 00:31:53
8dbe0ac01a47609850b0e9be1829925d,5124343628b2cd43d0980ccc67353226,5,,"Muito bom, recebi antes do esperado",2017-06-24 00:00:00,2017-06-26 11:38:29
aa7011caec8ce5b6342114a0c95169d1,7d513824c667a2e85bbf10cb740bf289,3,,,2018-04-24 00:00:00,2018-05-03 00:30:34
9ade61d6e2ef5842c23aec0eb5fefef0,a57ec1ab15e32bbd96dc388716a9193d,3,,,2018-07-25 00:00:00,2018-07-29 22:43:52
5f2a57a34710cc477fe2e1c5ae656b8f,c5bb91ea2129a21a4f424d356a4d28fa,5,,,2018-07-14 00:00:00,2018-07-17 02:24:44
aeccc37a7bf6635e76ec5b348dcedef3,44a3722417745e1a99c297ced13c7b85,4,,,2017-11-26 00:00:00,2017-11-28 16:08:05
444518d92c71528b9978cd0051b37e3d,69f1e4d5709c13914c309652f82319f8,5,,,2018-08-29 00:00:00,2018-08-31 20:43:59
8fcf8b4cad037938cdb8c94a310ae58e,2fc4990b9de2806b1e361d39937c113c,5,,,2018-04-13 00:00:00,2018-04-14 12:09:28
33954df82735e48cc83466757922fc05,1c8c848f0ae6345dce75efde3c535160,1,,"A saída do cabo, mini USB não é a que eu esperava. Preciso de um cabo com saída pra Samsung.",2018-03-23 00:00:00,2018-03-25 20:53:53
915385577eaf9b7f239992efcb1bdb62,b4d81b7ba0a5e97d9b77104dc0f3b82d,2,,"O processo ocorreu direito, mas durante todo o período da compra aparecia uma valor de frete promocional de 18,00 reais e quando eu fechei a compra o valor subiu para 56,00. ",2017-02-08 00:00:00,2017-02-13 12:52:17
aa7f82d2ad9e5236e30c2987b3059001,b26a79020606ef73722d450c8458f9c0,5,,,2017-08-08 00:00:00,2017-08-08 23:29:49
3795f2dcfd5602b3ecaf418962ed7d96,f30663edef2c5ccbd8ac1901275ecf64,5,,,2017-01-31 00:00:00,2017-02-03 11:57:20
7d41f8269eb532a7f86290e33669b667,b174fa32929e4af3622213e835cfa84a,1,,faltando peça!,2017-01-19 00:00:00,2017-01-20 10:25:14
104843375049700c820d0639107ee9c3,5ef2b9c9a5e997664dcaacc5fa769e07,5,,,2017-04-04 00:00:00,2017-04-06 01:02:11
3baac34e63328db07f6ff77c368c305c,c46a116ac9c84425011f5e56acb66c85,5,,,2018-02-20 00:00:00,2018-03-06 22:00:39
fdebdf1d62fa117c992742c3b6fc8b60,0b7ca56dc6b9eb97c8a0c7b19341b025,4,,,2018-05-05 00:00:00,2018-05-08 11:16:57
9c2ffe55006eb43aa8d9d1713a2e71cc,22f5a4d80d9f247d6970456d5211d30d,5,,,2017-08-02 00:00:00,2017-08-04 23:37:05
accee83ffced2f8977a20fccc8775b58,ca726b66fb5a8d36376b73e09e4958b9,5,,,2018-07-06 00:00:00,2018-07-16 18:46:42
a971fc2c6692562f7482284dbb373f5b,66fd8efdb13221da1b5d53392e52e921,5,,,2017-12-07 00:00:00,2017-12-11 02:45:46
1fe8101413459da070928e996123ddf9,d5f1b4c2e52be04dafb9cdacb1b86921,1,,"comprei uma bateria 12v xb 1270 e recebi uma xb 12AL, de amperagem menor que a efetivamente comprada.",2018-02-27 00:00:00,2018-02-28 00:02:15
f8486e968d32567be637dd415cce297b,f20ad794a21ea34c982e74ec18f7aaec,5,,,2018-02-28 00:00:00,2018-03-04 07:38:32
733c944c2104898f200bf53aa1692f47,500c54b4910a5312b3afc7ab377b1a98,4,,"Acho que falta atualização no aplicativo quanto ao rastreamento do produto, porque recebi a encomenda ainda no aplicativo se encontrava dizendo, aguardando nota fiscal. ",2018-03-18 00:00:00,2018-03-21 02:27:24
64bc9b385f55e4d9da5f1085b1b58501,e138a14b6a413d7a17ff420a130b2759,4,,,2018-04-21 00:00:00,2018-04-23 19:07:02
cf27a93fecbdcba7f825b76cf9256cb6,0b710815eacb6ac13165d4cf70dbd5cf,5,,Sem problemas.,2017-02-25 00:00:00,2017-02-27 22:46:15
0ef59ed0c7d97247517788e87d5e0e8f,d14e5c5300262d554b76179fa67e6f71,5,,Produto conforme descrição e entregue dentro do prazo. ,2017-12-06 00:00:00,2017-12-07 10:10:40
08ca895b492916f19e6a04ce69ad590a,d715d369c36bd59d99abd5ed62940530,5,,,2017-08-23 00:00:00,2017-08-28 19:38:34
e24602f45ace44ab07a3dd0b47f0b79a,3818dcc3b7bd25996c0f1684437f019b,5,,,2018-01-13 00:00:00,2018-01-14 01:06:22
bd3948562c988bd0fc7a2c57798a2c6c,eda850474bf71f5b4264dcd0dabbdff1,5,,Chegou bem antes do prazo e conforme a descrição! Acabamento muito bom e preço melhor que as demais lojas! ,2018-02-15 00:00:00,2018-02-15 21:57:16
96c8116ab16d46950aa6f08d9042a127,15f8e1e2abf48b0c5161b2f0110ba6eb,5,Recomendo!,Muito bom! Recomendo a todos!,2018-07-24 00:00:00,2018-07-25 10:43:37
4a269c8717c558b2b04d56a4f2031290,3d47e0476424fd50eb22128e64571e97,5,Elogio,"Chegou antes do prazo, excelente produto, ainda não usei, mas já vi que vou gostou!",2018-04-28 00:00:00,2018-04-29 00:14:30
b9c27f0542504a6219146064aea27e39,7bfa112c445700297e25c7185c56b4ed,5,,,2017-06-07 00:00:00,2017-06-10 16:17:44
12e3818cb726507e714ee56138536e6f,464b622b9d163f8703cdfe7e0f24f8fc,5,,,2017-05-20 00:00:00,2017-05-22 10:40:37
de4bf6b43e5a98bc4be48bc501464792,329465dad46fffab333860e92e7ac984,1,,,2017-02-15 00:00:00,2017-02-15 23:47:17
b8963caf68726c8fdb78430efda76d47,a503ed3639b58426f15f719d61bfe408,5,,,2017-02-16 00:00:00,2017-02-17 01:29:17
bda128c6ff4947180ab204a452ea368a,f190884813097fe74073188f97302e98,2,,Fiz um compra de três produtos e só chegou dois o que vcs vão fazer.,2018-04-04 00:00:00,2018-04-04 11:32:02
5d5088a386cca58ed893c6bd556f19c6,6b092965cc5bcd955107ed81c1acd489,5,,,2018-07-25 00:00:00,2018-08-01 14:52:24
ab28fa85bd1f071f42df7bd007adf45c,a72dab58dbb03b5509db9d29c658dc0d,1,,Ainda não recebi a base Dermacol 223,2018-01-11 00:00:00,2018-01-11 22:01:28
55c2b2c2f6f680a49e79ee57e4aef7c3,4cad943ab8ba8479347dd102125fa87b,3,,"O lojista entrou em contato, dizendo que não havia o produto escolhido e nos mostrou o que tinha, ai conseguimos entrar em acordo.
",2017-03-08 00:00:00,2017-03-08 23:32:11
d2206cd555281e7d081f760a06643840,76d8b3b6bdf825ebc88bd1b2aa81f65c,5,,,2018-02-15 00:00:00,2018-02-18 21:10:16
2f40c6da09f3e69d10a20b0dd6170ec8,a49b8f92334f6b3b8eef67010a8e53ce,5,,,2018-08-04 00:00:00,2018-08-04 18:31:16
6a6738e38a88aebbc32e75d2c8c6a7dc,a3c65630607c982f54a3df86ba0ba76a,5,,O produto foi entregue antes do prazo.... Foi excelente! ,2018-05-17 00:00:00,2018-05-20 17:49:26
6e654f6e26413a3111051deecacf10e8,cecc2adb5fc43cab2bebdc7c23906c0d,5,,"Recebi antes do prazo , só tive que retirar na agência do correio mais foi rápido , recomendo obrigado. ",2017-12-15 00:00:00,2017-12-17 19:06:11
7ea60aa9ee7cdf68875fa13bf177afb7,e914223bd5011825c70d0c53ff6a53d0,4,,,2018-04-05 00:00:00,2018-04-05 19:12:37
3939144d72b18dbb9c0041ae063e750a,9bfc2f3d9f6bdb2f0222e3220a7385f6,5,,,2017-11-29 00:00:00,2017-11-30 15:41:56
22bf811cd139425367afc1c5d3b76be2,4cc65e8e0ab1879889ab53fbcd422978,3,,,2018-01-05 00:00:00,2018-01-07 16:13:36
b17ffaf551027bafe85b7fe25ad2efa6,4f16d07441ebb275f11b0c403433a20b,5,Lindos,"Os quadros são lindos, vieram muito bem embalados e chegaram super rápido. ",2018-08-07 00:00:00,2018-08-10 15:13:41
3dabe8f52a6ffa0a5b8eb73bd3a4135b,21a724726546c32790ded320f982a506,1,,"Comprei 5 produtos e recebi apenas 1, sendo que constam que foram entregues 4 na nota fiscal, enviei e-mail para a lannister e até o presente momento não fui respondida. Aguardo solução ",2017-11-30 00:00:00,2017-12-01 01:16:43
09e543d8be5911076628e46bcf674dfb,b458ffdf7369c1e76ef5ba66155886da,2,,O produto veio diferente do anuncio,2017-08-22 00:00:00,2017-08-25 00:58:19
7d6b5dff8429b89ded729a3eb0f37deb,7659849a6efa9d49c5ac7bf7fdbddb2c,5,,,2018-06-20 00:00:00,2018-06-20 17:15:57
8eb37dd2fa03e143de7f410a422d59e1,b46cf2034656db4fdaa0cb0c403edf04,5,,O meu produto veio com uma marca diferente!! Mas vou avaliar as características pra ver se supre o outro!!,2018-01-06 00:00:00,2018-01-08 22:49:35
9eb4d4e722bdc4f8456f22284a488d1f,d1b32a0715fa2abd2ff4f3ec5e751964,2,,"RECOMENDO O PRODUTO, MAS TENHO UMA RECLAMAÇÃO A FAZER REFENTE A LOJA QUE ME ENVIOU OS PRODUTOS, POIS ME MANDARAM O SHAMPOO E AS AMPOLAS COM DATA DE VENCIMENTO MUITO PRÓXIMA, VENCENDO JÁ EM 10/2017.",2017-02-07 00:00:00,2017-02-10 20:59:19
bc4a9116e2cffbd7f01d03ece7df59ab,55d61651bd48809af0402aa14f64e523,4,,Entrega antes do previsto. Ainda não tirei da embalagem pois vou dar de presente para o meu filho.,2017-12-12 00:00:00,2017-12-15 09:12:54
e122ba02d0fceaadee1cfa5453db2648,d736797e446b9c7bc072d55b49748180,2,,,2018-05-15 00:00:00,2018-05-16 01:20:32
f17a5ecf1776f393a58164a33fbf339a,a75677de97d29dd137bd7779428d9aa2,5,,,2018-07-13 00:00:00,2018-07-14 02:47:15
04acf14f3277f44fcf8c5c8f5ffbc70b,4549b64678720dc5a26b734faa820d93,3,,,2017-10-14 00:00:00,2017-10-17 08:09:46
c97af9c329ff198c0f566c9d0bf83f5b,a9fa8567c21a5f8e4450af02a87f26cb,5,,,2017-08-18 00:00:00,2017-08-23 01:20:09
f9f62b8b0b009e643168f170a2161a53,bbf4d375e40f5e365a316b81b16829b7,5,,,2018-01-27 00:00:00,2018-01-27 23:52:18
09e87f2f9d423a73f3113269222a34ea,77b3eaf9da4cd4bce3eaad2547ffda7e,5,,,2018-01-30 00:00:00,2018-02-02 11:26:48
8d738a479c5de2649cf9df6542a54cbc,4617a1e4f74a5e42a73b281034db89c5,5,,muito bom ,2017-07-04 00:00:00,2017-07-05 16:08:18
b123c87a07ac962184a21b6cbf967f8f,0c1457493ca1492c4a4417fc278605b0,1,,"Recebi no prazo certo, mas não foi o produto que pedi. Só não devolvi por falta de tempo. Mas é a primeira vez que compro neste site e vem produto errado. Mas te bem vou ficar com o produto, mt obriga",2017-12-22 00:00:00,2017-12-23 00:00:26
b65df8a05779de77e5a342fcbfa7719a,05cece27facc8007b2952d0b5bbfe9d6,5,,Produto de ótima qualidade.,2018-02-09 00:00:00,2018-02-09 18:48:55
dce72110b618b1d86e3787fee61cea7c,b8fefe14a54d37e67e2d26ecaf02760b,4,,,2018-05-29 00:00:00,2018-05-31 18:44:59
f2020b26d1d1071cb16b353f6e31144b,762accd1f919295f51f3b39e314cee12,5,,,2017-06-07 00:00:00,2017-06-07 21:28:26
9caa536f87140c41041b1a0bfd46fb82,97d6279a91ffe03ed63041acff508488,5,,,2018-05-19 00:00:00,2018-05-20 12:43:51
bc4394b59909786f7c6a9c622af3e43a,7497aef0a44235d9716819a06ae3d1b8,5,,,2018-03-13 00:00:00,2018-03-14 14:11:25
b9869039a961040d56b1a87942bc896f,f8156c3c902b5ae88ac59a6c7b28f72a,3,,,2017-01-25 00:00:00,2017-01-25 22:14:36
e0c7773f83f813057438df288c684601,b3f179611003f752f8beaacff7c017cd,5,Ótimo,O produto atendeu as expectativas.,2018-05-11 00:00:00,2018-05-12 12:09:46
46b3dc6a956e207696fcf1f59d8f893a,2ae4b7aa9e05e499dc71a87e27f0017c,5,,,2017-11-29 00:00:00,2017-11-30 11:05:30
9383b18335318b07923714960b8d17f7,3e913a9dfc52c9a6dcbfc18c5ded61b8,5,,Produto chegou antes do prazo e veio conforme solicitado,2017-07-12 00:00:00,2017-07-14 23:44:10
f4ab5cc0991ec69aace453f66f6c1160,c2546b80d080e344c3698d9d75bd439f,4,,,2018-05-30 00:00:00,2018-05-30 20:16:26
d22b480d9c6b03294b130f7f699d83d8,e54a8ab3ead9bbdf681b8e18273f2cde,4,,"Estou com problemas na minha entrega e vejo o empenho de todos do stark em resolver esse problema para que eu tenha meu pedido o mais breve possível entregue,empenho nota 1000.",2017-09-26 00:00:00,2017-09-28 04:49:54
cfde12f00b595a3251cbcbe0306e947d,da3bac2656a4b63f668843b70a0a38b8,4,,,2017-07-27 00:00:00,2017-07-30 20:00:50
a6279f05cb65e36cb529aadc1e5a15cc,f30d4e114f279d76688a6a27b79bef2b,4,Recomendo,,2018-08-31 00:00:00,2018-09-03 15:02:53
8ff90d992096fd0266e5d52208325742,ff70ad5dd90ca8946ddb2ba48946c0e2,4,,,2017-11-30 00:00:00,2017-12-04 00:24:26
8fe705b7635b72fd0496795bcade2a20,108f58a6439933a88e7950ee7b46ec11,5,,,2018-05-17 00:00:00,2018-05-21 01:49:11
66337f3ce6eed9e412bfd88729d1cc13,c1c86ba217bd2363ca1f95f2f6d19abf,5,,,2018-04-20 00:00:00,2018-04-24 14:11:46
05c500b56acfc0a29160076cd5d51ea6,ad57f476bb2fef779bc42a032c512a23,5,,,2017-12-13 00:00:00,2017-12-14 11:21:16
b21f76c7ef5f9c15af959a48e2ba0773,934583479bac4ab37120cace4120596a,5,recomendo,Tudo entregue certinho e antes do prazo... Recomendo!,2018-06-20 00:00:00,2018-06-25 16:35:01
d7ac27d74fe4b7c8efa0f3539fbee647,20d120b5a95a60c3d599810d5ee01c21,4,,,2017-12-10 00:00:00,2017-12-12 10:31:32
e14a30f2ab8b131f684039d00bf9c1e5,0670e42d70788dc30446908644d4cd74,3,,Olá. Recebi meu pedido apenas de maneira parcial. Comprei 2 unidades mas só chegou uma. ,2018-03-09 00:00:00,2018-03-12 02:29:39
7f61de6649dd456d2b7e33e31fadae12,ce6a7d780bce629dad2401e73a14e589,5,,,2018-02-09 00:00:00,2018-02-10 00:10:56
6444fb5123ed09ecde92dc532c63e4fe,2f530dde74c88c4df00b7767e76f7542,5,,,2018-04-06 00:00:00,2018-04-09 00:32:51
5e5b3e11cff4e35fdf4018850eb00cfb,cc3c4543672fb8402491897f7ad1af33,5,,,2018-03-09 00:00:00,2018-03-09 21:42:47
f2ea7235316616b6b6a8f1c347d17561,fd38d5793a4393e031ea8da57e094f88,5,,,2018-06-09 00:00:00,2018-06-11 11:43:08
7a8c9a1c9b72d8109f35dacbea4cb225,c52edad050bea3d2f56fbc6be373c44f,5,,"Recomendo o site, bem como o produto. Chegou antes do prazo previsto e muito bem embalado. ",2017-02-15 00:00:00,2017-02-16 15:14:18
3bd88cf9839fe99da8b3b7f9f4d97a12,338d2237cff9d84c960705a68b88c638,5,,Gostei! Bem embalado. Perfeito. ,2017-08-25 00:00:00,2017-08-27 15:13:49
dc7a8bd1a1c514f846f731aaba895f82,3b8571d1b976c25db4b555a5f04b1968,1,,,2018-08-21 00:00:00,2018-08-21 18:35:43
353874045e72e3053543ac73eb615d08,d4c324a61d74cbf91304f5c193b5d788,4,,,2017-12-02 00:00:00,2017-12-02 14:52:43
7b893b28580fec7c9ddaf9cc00ebd566,7ead6c8726098bd70de2b16cac42df74,3,,,2017-02-10 00:00:00,2017-02-11 11:57:56
60fbd613e6573b559c94a5c6c85b2905,54766753b06221dcdc0b0d27db25cc10,4,,,2018-08-15 00:00:00,2018-08-16 09:34:54
23f05bf11c47b1433e4d2aa5ea90cb52,b22b9811c2074480cc93f9e8b8e4c8b5,3,,,2018-06-10 00:00:00,2018-06-12 23:24:51
8996a31d12e18c8a7582c212a0a60622,adc51b6b60ec7fe71a757fdf57f0e3b2,4,,,2017-12-31 00:00:00,2018-01-02 10:29:06
4d96b1512675b823c602fe8c9dd19016,36ee5e5872c5ae9c20647fcc29511b56,5,Disco flexível,Senti falta de manual sobre o manuseio dos da bobinha com dois bicos e como esvaziar. Quanto ao produto fiquei satisfeita.,2018-05-18 00:00:00,2018-05-20 11:59:13
53e3c7b7a12fa08562f7c268c01c9a7e,da4b750c427bc88754c6c019045f7536,5,,,2018-06-07 00:00:00,2018-06-08 11:23:19
143c167862a04420e64b957f1f5bbac8,cd63595a31d3717ff7ea9a0b041104a9,4,,"Nâo recebi meu produto até o momento, porém, fui informado de todos os detalhes do motivo.",2017-03-04 00:00:00,2017-03-10 11:35:16
cf5b0d8dcdce9652cbeec203d09e1c0d,cee2ddf4087d91aaf4874fc1436f9901,5,,,2017-02-04 00:00:00,2017-02-12 02:03:04
886aaab9032de087ea52a4ac360a222a,bbeabf588cfd1094a645e92fcf277020,4,,Produto conforme esperado.,2018-01-31 00:00:00,2018-02-05 22:55:50
d2d819aa6ed27ae45c1d4fadee98d4e6,f79a31ab5cdfb67808fb8e27005ffa52,5,,,2018-05-01 00:00:00,2018-05-04 17:44:49
2af031c22f88963bd57aa85858408bd9,610d998ea61935583bd897dd101d0e1d,5,,,2017-08-04 00:00:00,2017-08-04 23:52:53
4ab805aafbf4074d85062b94571a956d,7b056b08bd6ecffcc044693543061ec5,5,Recomendo,,2018-06-05 00:00:00,2018-06-06 15:32:21
9e4cb7bd7e563f0a95b5d78262eaa810,58c851c107a9a3e21e03a9e2a1951d12,5,,Chegou rapidinho ,2017-02-02 00:00:00,2017-02-03 07:07:53
82e0caae88ada883349f98b664d950c0,a96417d157bd97f6b47643a7ffbcd8dc,5,,,2017-04-04 00:00:00,2017-04-04 22:07:47
f597a9739b74e939b29745f4657f32f9,e7b2fd1afe0ea1687d1766b2b4f2d197,5,,,2018-06-06 00:00:00,2018-06-11 16:42:56
f43e4285733b317f2a4a47fd2fa11b6a,0faccee831e15bfa7b6b1bef3eeba735,5,,,2018-02-10 00:00:00,2018-02-14 23:51:09
d8e4f644da642d082dfccf8797909e3b,f55cb4fd8cb8b16824c2912514216b2b,5,,,2018-01-24 00:00:00,2018-01-26 14:30:56
0a49f2560333486878da529c90aecda0,93ae3ec4b92402eb33c04034d5e70d2a,5,,,2018-02-24 00:00:00,2018-02-25 14:59:14
5d8f9f1842e004e1152bce68a566a927,8e806cca085990fdc8483aeb130d1330,5,,,2017-12-16 00:00:00,2017-12-16 20:34:31
b13417b388bac5cfde7fa1ec73d67093,0c91f244ab45cbe4383163d46635b442,5,,,2018-08-01 00:00:00,2018-08-03 16:48:56
dbeeb352915c1807535bc09831ec056d,87daab525d42b65a8fd0083f652cc9d9,5,,,2018-03-08 00:00:00,2018-03-08 16:32:33
04aa9d7842e1825470bc937547658c08,d9e85a628a68f162d46b273ae52d0119,4,,,2017-09-22 00:00:00,2017-09-28 15:33:17
979c30b732f0db14d11c606047856dbc,cf91dadab9111371ef3973e8febe8d3e,2,,"Depois que a lannister adotou essas forma de venda, se tornando uma Mercado Livre, o relacionamento e os produtos raramente chegam corretos, tive sorte com esse teclado mas o monitor que comprei nao.",2018-07-24 00:00:00,2018-07-24 19:10:41
f5b6de743e70630a0430e8c17829bd36,758c8ff64cc233c51b12159bea040efc,5,,,2017-12-14 00:00:00,2017-12-15 12:51:47
7bfb990625b3a2f4ae7a27de10bf82f7,3e0181129c289a075b9cf01aae3ed86d,5,,linda cortina ....otimo produto,2017-06-03 00:00:00,2017-06-05 13:09:05
5cd657f9e02cf7ea9ac9197daa84c4bd,5a6816abc699af392f8a2520aadf1cd9,5,,Recomendo a todos,2017-11-17 00:00:00,2017-11-22 23:29:54
537ca0f2d26687333b8841c3d6b28e19,4b936f52e9d0886cbe8ab2c15fa0a71f,5,,,2017-10-04 00:00:00,2017-10-05 13:25:16
228103a3bd00bc77b3150c7f9cb53f07,9273f28e7eea7b34cf6d09d37dad4fa5,5,,,2018-03-18 00:00:00,2018-03-20 03:44:29
a10547a41727e4bb333053af30f3d646,257b54c7aa667fa7865055803a58a737,2,,,2018-02-04 00:00:00,2018-02-05 16:39:44
4c5cafe56f365c7554aa09abb3c929c7,c271d6d965ce901e7efaae6879247e43,1,,Não recebi o produto ainda. Não obtive satisfaça sobre o ocorrido,2018-01-25 00:00:00,2018-01-25 15:34:02
78491d95f0bc51681aa96276cebaa50a,fd0926fd1e8031a9cf228b88589a085b,1,,"Produto entregue no prazo, muito extenso ppr sinal. A capa nao ficou totalmente ajustada ao aparelho. Furos do cabo de dados, microfone e audio nao estão alinhados.",2017-04-08 00:00:00,2017-04-10 21:15:53
085476c9c085db6a8afb8a337e814a4b,1c75d337e19f5c35ad9fd80d51153208,5,,,2018-02-07 00:00:00,2018-02-07 23:04:33
291af346a29b471154e2fe81e207cb55,3630513f30286ed696e4a2e36c79ae3c,4,,"O aço da lâmina é bom, mas os cabos parecem ser frágeis e arranham facilmente.A entrega foi rápida, muito antes do prazo estipulado. As facas são lindas e para o uso doméstico atendem as necessidades.",2017-02-09 00:00:00,2017-02-09 22:28:51
c223c3fb920a0fc66583ef3d48e4f98f,3756637ed2fc243af380469a2aa5384c,4,,"Um produto bonito, bem acabado a um preço razoável. Ficou lindo na minha cozinha!",2018-02-08 00:00:00,2018-02-12 16:57:08
a8952b4601142f0cc949b9c62258af9d,e0ad0779328f1dbbeaa5f2ae58ca67d1,5,,,2017-11-27 00:00:00,2017-12-08 07:17:21
2387313fc12ab019ca71e086faf30679,5bebe39740e4434a58d1fead1a4d854d,5,Maravilhosa ,"Superou nossas expectativas, mochila linda , bem espaçosa. Super recomendo a mochila é top!",2018-05-19 00:00:00,2018-05-22 12:47:40
99b91c814b41a9020cd55a56b2022d8c,f3730b23378f3e3415e54360e5a7c844,4,,,2017-11-30 00:00:00,2017-12-01 09:03:11
32c8550cf2e5d8911710e5700b53752a,8f56d95ba4712b40163a057ba5ab89ac,5,,"Ótimo produto, chegou antes do prazo",2017-12-13 00:00:00,2017-12-13 21:28:54
df9ca7d57e671e702ca5cf68ea1fe269,75086a2f175d1548f12ffd72be9d06a7,4,,,2017-12-22 00:00:00,2017-12-23 00:44:38
92cd1f513b21bca23d3cf7148e34ebec,d5e518a80ee8f7f4805db87cc532af02,5,,,2017-06-27 00:00:00,2017-07-01 01:11:00
24c9a4ca9cad71b63876ead9f925bd37,1db209fdc128d35605e562a70180dd32,5,recomento,tudo certinho,2018-08-09 00:00:00,2018-08-10 10:44:57
3de3bafeddd4940118db1e67c9eef688,f96c95462f9bc5192f6ce1985d4a29be,4,,,2017-05-24 00:00:00,2017-05-27 17:53:25
7cb261523f28baa5a02b99f7529535a2,811fb2c7e16f59a332b36c2c87798007,5,,,2018-07-24 00:00:00,2018-07-25 10:23:14
2ef779a76f1b3456b81f43edf5c4edf3,bfbe5ec8665cf556e806616b9620be05,5,,,2017-12-02 00:00:00,2017-12-11 21:26:11
8190f1160a7b900b908369bd17fc3160,f29bcfc9110dfb7b1fc0f77b31b749b8,5,Ótimo ,Muito bom e lindo o produto!,2018-05-03 00:00:00,2018-05-03 22:42:18
478bf3bfdee39ca80bb98b6e48e2f75e,d217a2d8cec27a4d5ab7600ecb95826b,5,,,2018-08-07 00:00:00,2018-08-07 20:46:15
cee04a00c64b41359a1e6f808d87f725,c5b5456c785367bef488a2e46479242a,5,,,2018-05-09 00:00:00,2018-05-10 12:00:01
9abc49faac6901a4964f15bb5642dc4f,c65c62970b6f828387d4db9a25361d96,4,,,2018-07-26 00:00:00,2018-07-29 00:49:54
7177b0d791beb900ab8906e728b29455,22393c9bb58fd23ba0aaf68dab5094cc,5,Relogio casio entregue,"E a segunda compra q realizo neste site e todos entregue dentro do prazo mesmo com a greve dos caminhoneiros 
Parabéns a empresa 👏🏽👏🏽👏🏽",2018-06-05 00:00:00,2018-06-06 17:54:34
de5e3606d6d0c775ef37227f49783691,6484880197398c11ca3f6a7709f60aad,5,,Tudo dentro dos conformes.,2017-04-05 00:00:00,2017-04-06 12:06:00
ca5f4db40623cba4433e44b1b4af714c,ceb7321e8e4db328b230a89f90e72014,3,,,2018-04-21 00:00:00,2018-04-23 20:49:33
af9e0d5865dd6a5f47b20ef2fe9b093c,7124bd2d49c395dc9b4c8ff94d6c919c,5,,,2018-02-23 00:00:00,2018-02-25 22:57:59
8138b1f638d823756d0d58b54ac5ba95,544b98cbee1fc6152e5ede26e1ef2986,1,,Kd meu produto? Ja foi pago.,2018-02-08 00:00:00,2018-02-12 10:20:15
121f3cb54f5b57cb600ebed2d6cb9823,16d353779b7e746727313fe0b83a5cb3,5,otimo,"produto chegou em bom estado, e a qualidade bem superior a algumas que jah comprei , percebece que e bem mais resistente",2018-06-28 00:00:00,2018-06-28 19:44:51
b7dc38a17166c6d772bce2caaf64f10b,067c946a70abc2e1e8d9185ae309b48a,3,,"produto bom, mas esperava que fosse melhor, levando em conta a descrição do mesmo",2017-07-18 00:00:00,2017-07-20 01:45:48
bb8e884b3b3382e5637d5fb42a01017c,409e4a6eadbdc33f16ccf0bda01eec1f,5,,Foi ótimo ,2017-09-18 00:00:00,2017-09-25 01:27:22
f1f4c3f6b6c0ea42e882d7f3f8118e78,cb5c4ea12e93c16a94c2bf3dbafa0fe1,5,,,2017-06-09 00:00:00,2017-06-17 19:03:12
78618d6c4c975c592810866cd3a2364e,4576ccc69bb4a9402048a8672467675b,5,,,2017-12-04 00:00:00,2017-12-04 21:01:08
9b5e1469ebb3fe7b771afc9c88009197,340f19321c9eaa5865ffcd8f90e7530d,5,,,2017-04-06 00:00:00,2017-04-06 22:52:23
5f9abb366d9312c2058227b62f3ec26e,0f7f0f5f679b32fd80e1535ca33a7c30,4,,,2018-02-17 00:00:00,2018-02-19 04:34:09
9e5ca2d80b4aa869f4544ef5a6646b91,668bd37bba51d3c2a919f037ce6194f1,5,,Ótima compra. Torneira dentro das expectativas. ,2018-02-21 00:00:00,2018-02-22 16:24:47
b3bdf46979fd58dd6ea86a7cbc2ac8a0,28d0d98e542f0409627c3717348339c4,5,,tudo dentro do prazo; parabens,2018-03-14 00:00:00,2018-03-16 21:54:37
ec5476f1f303ec93ee902364bf7c4e8d,7db9d39a5077a2cbe00cfad310d2a938,5,,,2018-05-06 00:00:00,2018-05-06 20:43:58
fb5941fc0ac29d742ecff6fdfd22b099,b95df3cef5297e79ef709ba256518f6f,5,,,2017-02-07 00:00:00,2017-02-09 00:37:37
e0d957907ef6d388a86e33da6ebc90b8,2e5e827b80515bc21c042a5181e32ec5,5,,,2017-09-16 00:00:00,2017-09-18 20:41:15
bd2ed804bf785cc13005fc6952507b99,d8d842d38880d9584e98d64058aedfed,5,sensacional. recomendo ,,2018-08-31 00:00:00,2018-09-02 23:46:11
08e432835d9c0fe6641da6c8cf4b35d0,fa1ad0a29c6a88101f0eb2e1504eb9ba,5,,"Muito bom, chegou rapido a mercadoria, bem antes do prazo estipulado, a única coisa é que faltou a chave de ajustar as rodas, não veio na caixa, deve ter caido no caminho, caixa estava pouco rasgada.",2017-09-26 00:00:00,2017-09-27 13:49:14
ff55fd814d383dc42cb2a49a479014e9,ff42eee9423ebc7d468a3709e1cbefb7,5,,Recebi antes dá data combinada.,2017-01-27 00:00:00,2017-01-30 10:43:49
359db63856a2bd3a4a0531eb4f446b30,a50d16f8c24acdc0c3d2fe0af2cd5c87,3,,,2017-02-21 00:00:00,2017-02-21 09:45:29
4171690afaefcc655535e4c4fc7f8503,8a7c3a3a48dbc1c76fb4e7e5844d5584,4,,,2018-08-16 00:00:00,2018-08-16 18:09:48
7d56b11d957266d842a5a4c5988b55c8,84723155dd76b3421923b038f617954a,5,Otimo,Vale a pena,2018-05-18 00:00:00,2018-05-21 00:25:38
916926a19186250405ded53a5c9469bf,5c2d1d55c31db1cbe069dc9b6454b897,5,,,2018-08-02 00:00:00,2018-08-03 13:09:36
b98d0258661cd93127a3ee80dec5f68f,40a601b71bfefbc0f6a7566b0d201fad,4,Rápido.,Correto e rápido!,2018-04-28 00:00:00,2018-05-02 11:09:46
c3e5280949d6a2c5bc8e1a3b5867d5bb,f6b066fe810a20c879b7a4aa8ffd30af,5,,Entrega super rápida e o produto é ótimo. ,2017-05-25 00:00:00,2017-05-26 10:25:54
b16f83a4b8747d3008cfd54e6dec03de,55ef1695189508c09b58080d53d2b32e,4,,,2018-07-11 00:00:00,2018-07-13 12:27:28
86eef897f1e35a439802645adcdfad4c,c7484ff7d357d78f749b7ffdf44d5315,4,,caixa veio aberta!,2017-04-21 00:00:00,2017-04-22 03:40:27
ed92745ad1f6c4b4feb173552e6849a3,66bc92ed85c6ab828e10ff0cd1c5d026,3,,,2017-05-03 00:00:00,2017-05-06 01:05:12
44ac2cade7f998f3abe60001a13a7002,49fd840f83db20dfb9558764aee35a33,1,,"o pedido eram dois jogos de casais e só veio um dentro do pacote.
Além de nao entregar no prazo ainda entrega o pedido pela metade.
Peço providencias urgentes. ",2017-12-19 00:00:00,2017-12-20 16:57:12
5179a0fe8a9b8601de39a4adc481212b,2ae6bf810adb8aa11c97527eb4e62a15,5,,,2018-04-25 00:00:00,2018-04-26 01:59:50
52eb0fa81f8f576fd9e224034bf0dd5f,66f1a7baf73c12eb3af95058da54b6f8,5,,linda. quentinha,2017-01-29 00:00:00,2017-01-31 22:01:19
9a8884861c6d83bcab8cb26237a83c12,c950a394ee0369c853e3a1a55090e287,5,,,2018-06-04 00:00:00,2018-06-08 02:59:34
d188e9440fd9aa187e9485c2919ea584,7ec1a2c6522b9fcb54c68a4f8ff6f331,3,,,2018-07-25 00:00:00,2018-07-25 23:06:33
8e25ff173671c166999ef883f684f1b6,ea921667f0ab37edbe094d0e67c9d454,5,,,2017-04-18 00:00:00,2017-04-19 10:49:21
179b947dede48c0b14ff4aa054f63ad4,b52c5e0a82ec048d983882e4d539394f,5,,,2017-09-02 00:00:00,2017-09-04 10:39:25
9b38500be8bfe48a20f67aa7ca9b6071,cb6e8d89049744886ad04520d5e0b2f6,5,,"Produto lindo e maravilhoso, super recomendo.",2017-06-10 00:00:00,2017-06-11 21:40:45
f9855b2a3804c544295f4cb18ed7d9e9,f38ae8b796d52858ed18b394908209d8,1,,Atraso absurdo na entrega e não respondem o motivo do atraso deixando vc sem saber o que fazer.,2018-03-03 00:00:00,2018-03-06 13:05:37
41ed560a1f7d2e4f16b98b56c72315ab,84e340f8ce26dd8b76b86f8d2c84debd,5,,,2018-04-17 00:00:00,2018-04-18 11:29:51
d4ed4afb4bbbade074209e76aeb84cb4,a187e99908d89f2f863baf8785025570,5,,,2017-06-06 00:00:00,2017-06-07 11:58:35
b862141e62ede6da3cb894b414ec715a,f6352809547e1221141a36c6cbaaba58,3,,"Achei que a corda do pescoço fosse mais grossa, pelas imagens, mas ela é bem fina.
Também a ponta da flecha tem um formato côncavo, atrás dela é tipo um buraco. Nas imagens não mostravam isso. ",2017-11-11 00:00:00,2017-11-13 20:47:51
1fec50e8db272d9a4e920cc28a65f7c7,b4423cdd0316fb3064befb92d164de96,5,,,2017-09-22 00:00:00,2017-09-24 21:07:35
b31b93a77c6f87d093a6e26ea2390831,49a76356bba249478a61707cb37319ea,5,,,2017-11-05 00:00:00,2017-11-05 16:03:45
2abeb35d4f50c0914ad6b301cba5430a,1b8cfe91cd0a25a8db0841e48cc76029,5,,,2018-02-03 00:00:00,2018-02-08 12:18:23
b4fbaa026a154f742ea3ff22c089244f,3840fe9112c9177e852ff72b8c6af01e,5,,,2018-01-04 00:00:00,2018-01-04 22:55:55
d7d53f841df29b980cc31927cd01e862,dc771d8720de3625596eb0b0fa043528,1,,nao compro mais neste site,2017-12-14 00:00:00,2017-12-14 09:35:52
3223c74e8232a10098972491d170d9af,653fb84a9e7359c05777a5332a48a876,4,,,2017-08-01 00:00:00,2017-08-02 08:23:33
2e3a6e4930334530774ac3a6f6b62388,9ef13efd6949e4573a18964dd1bbe7f5,5,,,2017-02-15 00:00:00,2017-02-16 17:14:41
2eafc2cad21c0029d5c3bab5fcd1979c,317fb26a1a8a29eb9d6e36996afcffc2,5,,Parabéns! a entrega foi rápida. Continua sempre assim lannister.,2018-02-02 00:00:00,2018-02-04 16:30:57
00a3cc84914eb20e5313dd5549d63194,aec4f3ce724b67ce527d67f7eb60a310,4,,,2018-04-16 00:00:00,2018-04-18 21:43:49
c2785f1fe9b71158329babd477448a5e,a4c100660bd4f8af58cf90ef7641d5e6,5,Éntrega super rápida,,2018-07-05 00:00:00,2018-07-06 12:47:55
c016cff7d68980ae3c0bb12465472460,656c5942e852b20473ae268796549007,5,Bebê conforto ,Muito bom,2018-07-26 00:00:00,2018-07-26 20:04:11
cc3854dcc64c405c2271526d0f3682a8,b0b822b0f9346fb153a23ab0ac5214ff,5,,,2018-05-20 00:00:00,2018-05-20 23:20:06
638d5ff29ec9bf906293463d91e68159,81e4c4d7594a8111a17da1f1b399ba07,5,,"Ótimo produto, pena a demora dos correios",2017-09-26 00:00:00,2017-09-26 23:00:49
741904f31e5f59c6b104045aff990219,31d97e07fe8d91fbea9cca127739d2f5,5,Ótimo Produto,"Ótimo produto, superou minhas expectativas. ",2018-05-12 00:00:00,2018-05-13 13:50:24
5fc1aa72af605f201858c768316cb01f,c8ea1ac95f4f994f94fb57e99dcca985,5,,"Amei o produto, material bom. Ótimo vendedor, atencioso e esclarecido. Recomendo com certeza!",2017-01-28 00:00:00,2017-01-30 22:40:28
38450d6ddbbf48e42157a21ad076f53f,4f8a2144278d625038f8d55d5a334d93,4,,,2018-03-16 00:00:00,2018-03-17 11:44:19
e930bff7f72f5596835423e8a87b8ecb,d93ed72dc9abec13f2ad4ae2e531fada,4,Amei ,Só achei os braços estreito n cobre todo braço do sofá ,2018-07-07 00:00:00,2018-07-08 02:21:30
cbeaf213aaccd23f5b9bbfc80d224396,871a8acf3aa24b340ca528120ddea498,5,,,2018-08-03 00:00:00,2018-08-03 15:07:43
1cd81913fb9155495988d42b7289ca52,03c968d10d8c63bd2388245d02579fde,5,,,2017-06-08 00:00:00,2017-06-10 00:52:49
1805f84d1039150d1fa9102461541ba8,90f0e72dfebcd41e26656d079d881674,4,,,2018-06-09 00:00:00,2018-06-09 11:34:58
917eef0e82bde2572699bfec124713bd,9e7298f5bfed83404b628b69f965c94d,5,,,2017-11-01 00:00:00,2017-11-01 18:24:35
de22a7e5281abc424fe859ebfc8b8083,9ef31a923c43ec898b3e23b270a98c1e,5,,,2018-03-03 00:00:00,2018-03-06 01:43:19
e5e3690787636a558b432d61c6413bb8,3a0bae7f6e06392212474608b9093e00,5,,Mochila grande feita com material de qualidade. Gostei muito do produto.,2017-11-07 00:00:00,2017-11-15 01:27:51
cdf1925c268b7902beb421680b225d26,2d33e2f321b7f676de5d3ab87c08d1ab,5,,Parabéns a entrega foi antes do prazo,2017-08-16 00:00:00,2017-08-16 19:51:15
549363855db689fed881e4bb5ddfd1b1,3bcf5ba4eec8b84af7663e2e261957cc,5,,,2017-02-03 00:00:00,2017-02-06 13:23:58
c20a74ca915137c7f0260c2cbfa3f5d4,ccfcc7f58cf5619fc40593dffc299a9f,5,,,2018-04-05 00:00:00,2018-04-08 11:13:25
d28bd79b4daceeb92722dc7e69dfff66,7c3797b7f047e4358a5b2f9b9cf2e927,5,Ótimo ,"Esta loja e excelente para fazer compras
",2018-07-28 00:00:00,2018-07-29 18:06:19
14def4bb1685097bf69ce8c6f790a49a,5d389775a013b9eb8fcdab4cdc1eae1d,3,,,2017-02-11 00:00:00,2017-02-12 15:11:01
15eb711217fa9d674c6b37c3c1803676,7a3db786a9251bc1603dea2c4970e448,5,,,2017-12-27 00:00:00,2017-12-29 19:40:39
ee1e0da95f9b1efead04be0679256e55,9c5e0415bc4c4c089aa772c9387e0f8e,4,FALTANDO PRODUTO,"Dos itens destacados, não recebi a saia para cama box. As toalhas foram recebidas.",2018-05-23 00:00:00,2018-05-23 19:51:16
6c3c56231c45f130228a386e4d9b124a,cc139c399d4fe7949e1cc628424f7955,5,,,2017-06-13 00:00:00,2017-06-14 11:47:49
df6e65c81aede3391dc80e5eda6a5f2f,67e2b633b65efc08fed5fb68e325761b,3,,,2018-08-24 00:00:00,2018-08-25 16:38:34
e6d96ab3025bbb0b0ff69e7e38c09fe7,3d17d211984312889a4d60f359859535,5,,,2017-10-06 00:00:00,2017-10-08 20:39:40
b9436291ca5de5090fff43eacbfc7a90,1d21d81713a3dea4ee564c915cf2fd94,4,,,2017-08-19 00:00:00,2017-08-22 13:26:41
9022732158f504ac0f5c84fd19abdd65,f040040c63fb4164125917af2fa6d4b4,5,,,2018-08-12 00:00:00,2018-08-16 13:41:55
8163d0bc2777021ccfff37f21b33ac12,b5e27ed7d2286de656b8b949caf52958,5,,,2018-05-22 00:00:00,2018-05-23 00:56:24
308138062b67588c5a3ef13ab081e345,f9bf0f92c8e483d1b6cb31d4559fb135,5,,,2018-01-03 00:00:00,2018-01-04 15:17:47
eb70e47d9e677f85dcfcffcce1ec5726,224bd0a94ce4f3eeebe2ef447e596863,4,,Foi mandado conforme o combinado,2017-07-22 00:00:00,2017-07-24 13:42:27
e275704523c69b527b3d0835028dd930,04bf4de54cc6a9145f3ca780b9f45d54,5,,Adorei agora só aprender a usá-lo.,2017-05-26 00:00:00,2017-05-27 05:34:26
9e3a923b295bb3eefd6ca316df891259,3d5ac3886057103d59fc294cef2677e6,1,,,2018-01-28 00:00:00,2018-01-28 12:33:30
ed871b492470c3901130fd197b136ce8,358691d1ca37befc409b28a20817ed0a,4,,,2018-03-06 00:00:00,2018-03-07 11:29:32
16edaa6649b6f557c049b7c140d56a17,29d99fdabd0cb6b4e9d82f2f38c04a5a,5,,,2017-01-31 00:00:00,2017-02-02 09:38:11
1bf55486f21201fe7261547f8027f443,ea73df32b183eafce925fe41bad50bdc,4,,,2017-09-04 00:00:00,2017-09-04 10:43:20
87d38823c8e926b57ec61e64f5466cfd,001dbc16dc51075e987543d23a0507c7,5,,,2017-02-14 00:00:00,2017-02-20 17:07:46
6efcd374e1150e70421961a4cb6fc820,f287fe40c60961ff917acd403b4f19ed,5,,,2017-04-08 00:00:00,2017-04-09 07:32:57
629ae90a68214e5ee5571f0232d364a9,19c6408c8c146a18e4fa634340aa5685,5,Bom produto,Chegou dentro do prazo e estou satisfeito,2018-08-17 00:00:00,2018-08-17 23:12:14
38280f4b324b006565580ba4aaf39ece,35837feff69c830a990c5ecae625bab5,5,,,2017-02-16 00:00:00,2017-02-16 22:30:07
ad7e66e073b4e409d505b82178ec4920,f3da3b290778ca24514adced3807de23,1,,"a capa era de galaxy note 8 e veiod e galaxy s8
nao serve no celular",2018-03-29 00:00:00,2018-03-30 00:00:30
ea6edcb3f5fea28c8210a63f87be9a7b,4310f91feaa68e3b065256b3a4debe75,5,,,2017-12-09 00:00:00,2017-12-11 19:42:59
87eec87ed89cca386b65b778a6bc2c14,489d362ded79f4394b61b6e58453ab18,5,,,2018-01-19 00:00:00,2018-01-19 20:41:01
8b8f495d30fca09fdc8312e96de1bc47,b115422b830bf2840fccf6f0d6678ab2,2,,,2018-08-23 00:00:00,2018-08-23 23:14:33
a1e786d0d187e1ea46429e00d0d9f916,af7845bf2d70a696a4f4f31b4e6c5a81,5,,,2018-04-11 00:00:00,2018-04-12 00:13:45
7437b8dec62478f140791bd357c52227,4e204da6cc8b59dcfdc532fb5a9281f0,4,,,2018-06-08 00:00:00,2018-06-10 21:19:49
f1a839172fe5c55253367d62cf958b5e,6639b799469775ff2a696e1bc96b9f58,5,,,2018-07-26 00:00:00,2018-07-27 00:38:10
7d46d8f2107d2763ae8031cae1bbd03f,47d142852e82970e78f1ed02c1dfce94,5,,"A entrega foi em tempo perfeito, porem o produto o fechequer naõ funciona corretamente e não fecha a pussera do relogio.",2018-07-26 00:00:00,2018-07-29 23:37:42
863ae91a5e641fa070dfed4ada12f877,b75531d67f9616e9012cea103a187c8c,4,,,2017-03-24 00:00:00,2017-03-24 21:59:19
7b28d9d526cb8b4c7560265de90698b5,a33a09b1320a130c61d1d5d9b8aec5ee,5,,,2018-07-17 00:00:00,2018-07-17 23:30:10
e4ccad1969e6e40878495759db6c4ac1,acb08a83f62cfd54a98e76c21cd268fd,5,,,2017-08-04 00:00:00,2017-08-05 03:32:06
fe3ed8f254ea9a65667c8351ac4fdb81,cd6f777c4734b77c8f01725d6a3500c0,5,,10 Estrelas,2017-01-28 00:00:00,2017-01-31 11:26:40
4cdbd8a25899de91b1a7cd42afb69c48,060b8f810cc106b90824b59a26ceb0db,5,,,2018-07-14 00:00:00,2018-07-16 02:09:44
75d3ac6cca332cde332d1fabbc89b789,2bcf5ca88957e31faab027f2325cfd63,5,,,2017-02-08 00:00:00,2017-02-13 16:17:17
5d34a13b603b7d25ad82e7c745c70d53,5e9fbea0a384b612fd7b6d66c1e21152,5,,chegou muito + muito mesmo antes do prazo !,2017-10-10 00:00:00,2017-10-10 19:51:11
f07bfa96cfd9712c2b1071d30333ca98,9def7a5fa150d19b1aaa252828db8df9,5,,Foi comprado as fronhas e foi entregue no prazo determinado e estou satisfeito com o mesmo,2017-04-13 00:00:00,2017-04-14 15:26:40
273772ba069caff28c68d335fff8e474,e98405be83624163fbaadf39f502cfb1,5,,O produto chegou bem antes do prazo. Parabéns pelo atendimento.,2018-06-20 00:00:00,2018-06-20 16:45:13
9c60124375843659c72a77a5ff825a0a,03b566bccfbc64cf92b82db663a243f8,5,,,2017-11-17 00:00:00,2017-11-19 19:31:03
21ae294ec0cd08954646a58e188123df,2b6e532558903184200ab657802e5ae6,4,,,2017-12-20 00:00:00,2017-12-20 19:50:49
8e7254701f6a900b05d03d8c8ecb1e00,df9f35f4d3e966c35d7c1c81c4c7ba73,4,bom,"muito bem embalado, mas demorou muito a chegar.",2018-06-06 00:00:00,2018-06-07 03:16:08
f4d25dd6529f8faabd82701ace1b9b18,c52497bdac8af9917fe744d605bdc43b,4,,"Foi entregue o produto errado, entrei em contato e vão enviar o correto. Estou no aguardo. ",2017-02-04 00:00:00,2017-02-06 20:17:05
4eabbdd5ea99ab00f724fd10ce1a30ef,ae4f9895e6602f33d89aff8166cf9346,4,,Superou minhas expectativas.,2018-06-08 00:00:00,2018-06-08 21:55:41
8bb14726b733644ddde5d31bed1ed426,c8e6cc0d58104bbddf6c5c8d07f58bf7,1,,"Até o momento não recebi o produto, já passou da data máxima de entrega.",2017-08-20 00:00:00,2017-08-21 14:55:18
1afc6add4c78fc754d0f79e560e52232,e024b7de0d4c8896d442d786f81f7db7,4,,,2018-04-19 00:00:00,2018-04-19 17:19:02
c00a13f4b6c41d98d540945d20ba73ac,3a4ce496edcc2323227f5a6726d1ed49,5,,Muito bom produto entregue certinho qualidade excelente,2018-01-31 00:00:00,2018-02-01 12:17:46
010038fadf80b7f60e993609e3f845c0,984d046c833232079162e22c7ef8c15d,4,,eu recebi a chopeira na quinta feira na sexta feira testei ela .a torneira está vazando e estufou a madeira embaixo .como faço? ,2017-01-27 00:00:00,2017-01-29 23:28:00
332cb22c4b66056ce03d3bea3f14654b,efa967efa40217c320aa7aa2954ebe52,5,Recomendo,Cadeira muito boa e de fácil montagem. Ideal para estudos!,2018-07-12 00:00:00,2018-07-15 14:43:07
2b01e103731f861eea86dd17a568e385,2b7d922e73fbd058099b6ff4b33e99f7,1,,,2017-10-17 00:00:00,2017-10-20 00:25:31
486ba73d63f6d91dbdc5160397c7420d,6139a798f92b14ad667f3a8fb8f78c4c,3,,Ja comprei outras vezes mas estou tendo problemas nessa compra,2018-03-23 00:00:00,2018-03-23 12:30:01
323ed96df39bd0d9fb54c0f7092e689b,2c6b178947f5f631ec35f2a04c65c6d0,1,Péssima qualidade ,Produto de péssima qualidade ! Nao parece nada com a foto do produto no site ! Vou devolver ! ,2018-08-14 00:00:00,2018-08-14 21:50:19
17bf199dad9351d93c2c7b35963b5e1a,bdda3ba1c505bc39ff2117e340280a74,1,Ruim,"Na impossibilidade da entrega ou do produto, penso ser no mínimo necessário um feedback.",2018-08-10 00:00:00,2018-08-10 13:02:13
1cc2f5542f3e2745710d77fd5efec8da,1749aa0c3e963525049e36964941cee5,4,,,2018-02-23 00:00:00,2018-02-23 11:10:17
fc26a962886462052e6e4de2a22325f2,3b2124c60aeceeefe963adfc35d0310d,5,,,2017-06-14 00:00:00,2017-06-15 13:41:30
0f7ee0e725d8b0fd5429a6b57c594f8f,fb4f1bfbc3032fb262e0548f93fe6087,1,Péssimo sist. Entrega!,,2018-04-29 00:00:00,2018-04-29 11:19:53
7138dd3ecd6788ceb1b4eb29c8d8ed35,edbfaeb8ad1b74d2dd3fa417465617fe,4,,,2018-05-08 00:00:00,2018-05-11 06:27:14
81578cdcfac5c5169f95a0a3a6926efd,3110fc0996c37031e67f3d28cd9b854c,5,,Otimo,2018-08-28 00:00:00,2018-08-29 02:03:01
332667c58d0a55ef8f05cc2d3f78f9b2,48705eed276c3080033e79ac60460f75,4,,,2017-05-25 00:00:00,2017-05-26 03:28:35
a06c702f996fb8b066dfe56c044d63f9,fd95e4b85ebbb81853d4a6be3d61432b,5,,,2018-05-12 00:00:00,2018-05-15 11:01:37
62e19ce239564e81d87d5c3ad7242283,4dd1f29debee7ab872c8919f35a80070,5,,,2017-04-21 00:00:00,2017-04-24 01:13:28
c2c2b492b7af2d9bd43f44f2a5e345d3,583778f2a1b6b016b054423277086598,1,,"O relógio que recebi é uma falsificação da marca Casio, não veio em uma embalagem apropriada, não tem manual e ainda por cima parece usado.",2018-01-29 00:00:00,2018-01-29 22:09:44
c446690d9f1c29bddfc3557669c19615,5dccad03ac8016afdcdb7cc0227ec9d7,5,,,2017-01-31 00:00:00,2017-01-31 22:20:58
a34f8fc3be392848f817ed9cb563ed96,44a10a741d51010c1440fc7337b5ff6e,3,,"Foi tudo perfeito, tirando o sabor do produto que pedi baunilha e veio chocolate. Mas como não ligo mto pra isso e o sabor não tem tanta importância pra mim, nem liguei. ",2018-02-23 00:00:00,2018-02-24 08:47:07
91662fa21e1a782e29687b274facafac,d5d777fdf41da773664443c2fd9acc23,5,,,2017-02-07 00:00:00,2017-02-10 11:50:58
36c806b200b36a447432ff12641f43f3,36eb3c711e799624b2138786f704d202,5,,,2018-05-18 00:00:00,2018-05-20 17:05:48
7e0b1dd1ea0f38d165634b5928df9c91,44c0292da2b6567285d4d06b0ac1a676,5,,,2017-11-24 00:00:00,2017-11-27 07:53:03
9272dc3c360aa967c43f66ad702e06ab,1ec2e1de3e116559a59ec5166697d334,5,,Produto entregue no prazo e ótima qualidade!!,2017-03-18 00:00:00,2017-03-19 00:34:30
60be01443832142af0a9244ac8315d59,a37f223ddfb275821019dd70ef97b23f,5,,,2018-08-22 00:00:00,2018-08-25 09:33:17
522cc9c02645bcfa51abc01fc2eaf76e,1629176e313470cd1d1bc811b4695065,5,,,2018-03-22 00:00:00,2018-03-25 02:00:13
04df1e70b4efec1c9f99b0dbeab3564e,a1154a5da8429ac3461d448de5bc11c9,5,,,2017-05-26 00:00:00,2017-05-27 05:19:45
e1786a98f2a76c7f55c678cb30c084ae,736eb87a85959d07f8b5cdc5f8e7187f,5,,,2018-02-15 00:00:00,2018-02-18 13:35:13
a161c704cfc720444aa3a4492f2fb4f8,17784b9fbb37fb0bdc230d8ed6f6b355,1,,Eu pedi 6 trios de pendentes e vcs só M entregaram 6 unidades este não foi meu pedido nem meu pagamento,2018-03-24 00:00:00,2018-03-25 22:48:48
0706c033495a0631344c56e8c08dc22c,71ee60584962dede5dd9685e8bf397f0,5,,Foi muito bom,2018-02-01 00:00:00,2018-02-04 09:05:11
da464a051311af9b76be57cb79744ff5,3ec57f387771800e135888860c546cf8,4,,,2017-10-07 00:00:00,2017-10-07 20:53:49
6e7d350b94e06c0b21f530d8863aa760,e00bfbddf86f0a755d3550dd87962824,5,,,2018-07-03 00:00:00,2018-07-03 18:00:59
b85476ba79cb6e9994f1d86a60d645f8,9725a1c59138f30c5dba936ca3a2de34,5,,,2017-02-09 00:00:00,2017-02-12 10:02:29
985c22a982d129b4b337a59f2d8f73a3,b78ff92837a4593dbc8ed0e5f7ce3e16,2,,Produto é muito ruim,2017-12-23 00:00:00,2017-12-26 13:51:02
ed470a5e2868b6a4594b45386799cbdb,f386ab31f2ffcafd65304e199111d3c2,5,,,2017-03-30 00:00:00,2017-03-31 17:11:50
d5920a9f308b06c0eebd9e2f5059d2f1,6db79d3150cfe0cfaa09cc8e09acdca0,5,,Produto como desejado e rápida entrega,2018-02-08 00:00:00,2018-02-08 22:33:28
db7f8b83f9a44050e831b933af022e4d,9ea31bc786d569fb961d6aca5b8ac618,5,,,2017-03-23 00:00:00,2017-03-27 11:25:07
6ac9995954fe04381af93a85fb0d2db9,43d29c6fc78c31c80080d85e5260a9fb,5,,Dentro do prazo e produto super delicado. :),2017-01-17 00:00:00,2017-01-17 15:48:49
99ac2dbcd532c52e768bdbb385c740a6,8add635e672a6b52fa66cc99d940ab8c,5,,,2018-05-19 00:00:00,2018-05-21 02:13:23
c0493135532d60097e51d31b4590d69c,aaaf314a8cf0d0da71e52c6cd4184cbd,5,super recomendo,,2018-06-27 00:00:00,2018-06-28 12:21:34
66b3a96fb4eea12800ac8ea82b0dee5d,9ae510d02fa72c4de7358dac28ee5eea,5,,,2018-04-12 00:00:00,2018-04-12 17:02:47
2be489e5959f3abd208c75688ec8af42,d99c72513d6238909b57399c840fa8ef,5,,,2018-07-04 00:00:00,2018-07-04 20:25:10
3e9f379dc0cb940e2c2c9b0fc34948dc,eb9afe3c048ef7be0e99305193ee4ded,5,,chegou antes do prazo super recomendo,2017-04-08 00:00:00,2017-04-09 18:40:10
16613d5305b9c8e74cebc5ac1bb87c6a,3103926e92e716e11f3f4920b70428d8,3,,,2018-04-28 00:00:00,2018-05-02 17:02:44
4e0e0d6c2051d707d4e1f5d629683ad6,b7e339d3c4aefa73f6e86875b78250f3,4,,chegou bem antes do prazo.,2018-01-04 00:00:00,2018-01-08 18:49:13
a0868f25b5068a07e28bc032f7371df2,a6f6c02b8388fc133223c9d12095c3c3,5,,"Recebi o produto 2 semanas antes do prazo, correto e de boa qualidade.",2017-06-22 00:00:00,2017-06-23 04:31:33
da40dfc77067cb3ca317ee3d9f628b13,37a7476e58da10721b5e55ba4be6807d,5,,"Obrigada, vcs são 10!",2017-12-13 00:00:00,2017-12-14 11:32:20
01167112d2d811c8f401c75c6c481dd3,9c9ad157b30e942c4359772b6d446e52,5,,,2018-03-21 00:00:00,2018-03-22 01:04:09
b47551288f9f1dbc3cbb1eebf610fd81,9160545c698bc7e9408b84405166f60e,5,,,2018-08-04 00:00:00,2018-08-07 00:49:21
e5d48386325f21f0360c77b19c77feb1,747996a66f5aa711deb8ae58f5ae46a0,5,,Recebi bem antes do prazo informado e o produto é de qualidade. Veio devidamente embalado e com nota fiscal.,2017-01-17 00:00:00,2017-01-17 12:54:52
c2ef1d17ad335476d4f10852afcbbbc0,0d5fb8614978748bcfbef448c8a74a17,5,,,2018-08-16 00:00:00,2018-08-17 23:28:28
0e77b66d4032d15c6bf00882c1e437a3,67859bd0284e2d4c7c7ae873212a5ff4,5,,,2017-06-02 00:00:00,2017-06-05 01:30:29
ac6bae47e7d69b2cb2a469e1226e4618,8eb3ea8875ea46e1d2631a59a278e059,5,,,2017-12-30 00:00:00,2018-01-02 10:49:43
8bf6a1f0cf0802393a9fcd9af35817bc,ddf02da047a1c300e78346fe13f7e862,2,,,2018-04-06 00:00:00,2018-04-08 22:36:20
1886e12ee8439b492fad6fa984c9e7ce,f83a0ce66c457dfdf564dafa364ae1d4,3,,,2018-08-30 00:00:00,2018-09-01 22:48:35
2c4950e914ab4ddf45e06294f5f800b2,266fd5134fd1b895a5b06936d51aaa17,1,,"Não indico pra ninguem, já venceu o prazo e não me deram nenhuma satisfação",2018-04-13 00:00:00,2018-04-13 03:57:45
d5ad17e4d3587abe629b551df3df7d98,d828aed67bd4b1f7ba6e6ca5b5fb241f,5,,,2018-04-19 00:00:00,2018-04-21 16:12:38
d69f4f854ec58656c6261180e598f4e9,f13b53e842d66d6ea61e1c8da79a4550,3,,,2018-04-15 00:00:00,2018-04-17 12:42:11
822ec1912cdebb3201b3cd70cccdf876,7de2a03405b2f8af2b71ed46371bc149,5,,,2018-08-21 00:00:00,2018-08-23 12:49:28
786680648d6c007c45286e7ac79154c0,ccfc366f9a65ee1750a938bd18aa489f,5,,,2018-06-04 00:00:00,2018-06-08 03:02:46
10b73c782535c2ca6f5df1188f3785a6,d8734ba226623cf1c86b3cce8cbffa78,1,,"Pessimo atendimento, sem canal de reclamação 
fornecedor ",2018-03-07 00:00:00,2018-03-07 13:45:39
6302e2ca50a3646e1718b7278668c3d2,2b0a897dec5e098d39a6aad719ed97a9,5,Bom,Tudo certo,2018-07-22 00:00:00,2018-07-25 00:00:15
1a06ec45ca797c5286b11d65657f24ad,658bea3a595af733d395a91ed9714160,5,,,2017-12-02 00:00:00,2017-12-02 21:35:58
07baf5016e68c72ea2b98dd4a2953230,b268bc99a523c42dc0bfe0149cd1446f,4,,,2018-07-04 00:00:00,2018-07-04 23:59:01
ada2ef9f721daa2dfe7f6fde710839b1,06d77e4ba21f283252286b6a72fb8fe2,5,,,2018-07-10 00:00:00,2018-07-12 21:00:23
7454ac458340c307ff75df48cd30cc80,5be7fcdba040de4538c9bd6fc2447973,4,,,2017-09-07 00:00:00,2017-09-07 16:53:15
bc869991a9188af673480c222cad8987,3005c05dbcb19ff903a28b5d654bb1cf,5,,"Entregue antes do prazo prometido, muito bom! Parabéns ",2017-02-03 00:00:00,2017-02-04 12:47:15
f87486373ae1bbea385f8695848cb3bb,c671c0f8b33c619e3e77d7ccd3b934e0,4,,,2018-02-20 00:00:00,2018-02-22 01:57:26
ed901a7dff41b590188da5333211d1d4,9dcf2d215096fef19c7e4a8a7d6fb1c3,5,,,2017-05-27 00:00:00,2017-05-30 03:35:10
9ad8f4ee004921fa381e87e966a2d96d,b409363b150c3fc8fe6dddae1bceb1d3,5,,,2018-04-12 00:00:00,2018-04-13 03:00:09
239b7bccf014ad1f54bc97eb219582bf,9461233f007294d53c027b24648e02f3,1,,Eu não gostei demorou muito passou do prazo é o produto não chegou e por isso tou cancelando o pedid5,2017-05-10 00:00:00,2017-05-10 10:58:15
8f35d774f5e46ba68d94ad713db0f413,c4314d0c3517d1afc447262855bd2a08,4,,,2017-05-05 00:00:00,2017-05-07 15:27:22
5e9b50a1eb7836b85ac187d4e57ff74d,68abb8a2c8cd552dd8452406b2b0153e,5,,Produto de ótima qualidade e chegou antes do prazo.,2017-10-05 00:00:00,2017-10-09 16:18:31
d5d6cf3ec833ac4d54dcec6a856c1de1,28c3483a3f62b4b5bb0121055f94c951,5,,,2017-10-27 00:00:00,2017-10-28 11:24:07
6fac61b6c2dd4ff6d6a371c2c9ca7261,49c7df46784ee525af9f5cb40fc1d508,5,,,2018-06-08 00:00:00,2018-06-09 01:07:45
aae88c5198a70e457e477e71a62b5f60,c45a8b174ec48970c3ab42171bc702fb,5,,Chegou antes do prazo! ,2018-03-02 00:00:00,2018-03-02 22:10:56
410b3424954a17809489cf57f0a07ab9,1e12bd2ecc7b4ed9cb562be4e64cbd7f,4,,,2018-06-09 00:00:00,2018-06-11 00:27:12
c31f1019a90e7def44f1a9d973a0901a,cbedf17aceca757bfcb74be595ae40ce,5,,,2018-02-24 00:00:00,2018-02-25 21:08:42
c79cc63da0489b856a568bb9a5455fdb,9fbe3fca2706c665022b219b8ff8d27d,4,,,2017-07-28 00:00:00,2017-07-29 15:07:16
543e28416d8f3d31b51a3298412d9bee,5bb7f13d8996f3b384e2820e7f7e8659,5,,,2017-05-10 00:00:00,2017-05-11 11:41:42
b1fdbe286d12e0e4cba6d53f76403537,036b791897847cdb8e39df7943367474,3,,Pedi a manta oncinha mandaram uma parecida,2017-05-18 00:00:00,2017-05-21 12:06:39
cb2dcad47d981297b7c94f4b246a7eda,1634d04100d187e0f985f2eb2909cba1,4,,já fiz vareas compra no baratheon,2017-11-22 00:00:00,2017-11-22 18:01:19
b4427fe7d3c1bf0cf350033a822d5770,58b67b63bcec8f5f157c17d15b724b89,5,cinco estrelas,nada a acrecentar,2018-08-24 00:00:00,2018-08-27 18:57:06
a6217785b20c23f600161e372a89c40b,510c73928b73404e2d64851f6b4bfdc5,4,,,2017-12-12 00:00:00,2017-12-14 18:04:18
1767f5fd06f582f0f4b4f0fb9d8a07e9,9d34d5659dfa39b38d29bfcf0c85ead9,4,,"A única coisa que achei desnecessária é que comprei duas toucas e elas vieram em duas embalagens, com entregas em dias diferentes. ",2017-02-10 00:00:00,2017-02-10 20:53:26
1a7857e0ef6e2fecb7f660a0ceb54c5b,c1c72f2ef4448fb419f0f87a2d092003,5,,,2018-01-27 00:00:00,2018-01-27 23:45:50
24d8c4b9f49b500fcde30435eee3776f,f49ac798b81a51189639cb0a04d2bb69,5,,,2017-09-26 00:00:00,2017-09-26 22:24:51
bcca3ec70c4b98a85cd8aaac5df8d724,d2b0e9ad3eb702103a07a98fb24ef49c,1,,Gostaria de saber se tenho que mandar amola poos veio sem corte,2017-12-20 00:00:00,2017-12-22 23:01:16
e4af1595af945df695a6e0083033b16b,0c355e13567802628373895daf5f0a61,5,,,2018-01-16 00:00:00,2018-01-16 20:52:26
c9c6dabeea910847620b3e648283aa4d,84e5cd0814900ddfdcc53213d07939e3,5,5,5,2018-08-24 00:00:00,2018-08-24 20:04:29
b534212204742166c0ee0be5573ac6f3,6369478ccc25c089500c88305545244b,5,,,2018-04-28 00:00:00,2018-05-02 21:29:46
4cd2c26bf1305d1a5f2308b1ff03c322,52628d72feaca84428e9d902d3985605,5,,,2018-08-14 00:00:00,2018-08-15 15:42:22
fe7af4b7045616767a55730baaf13543,799f11bf34b4fcf6d45f6e2399907cf0,5,,,2017-08-31 00:00:00,2017-09-01 13:22:43
48d1f2a1dbb0cac3e9f04e7b962c86e7,4fa07e91d7b4f8b191e3a6ab40f14f54,1,,Não recebi o produto ,2017-03-03 00:00:00,2017-03-03 10:33:08
605050943e6b21830e963c00bd118eb9,16bf4bebb63fe2842793fa1e3fbb83d9,4,,"Gosto muito de compra nas logas lannister, entregam rápido, recomendo.",2017-10-02 00:00:00,2017-10-05 13:16:56
b2ac93ddadf1adc249f13448f79a851c,b461e43868116fb81d1d91959ae5ea65,4,,,2018-07-28 00:00:00,2018-07-30 20:09:16
2210e9372696c1c31f4bc458a285f8f9,af4e2e186d1553f35c402a9e153f9444,5,,,2018-02-02 00:00:00,2018-02-03 11:54:46
a95bcc9d63bb2e9330d6395d64739be3,dc448b07dcf70d4f397500af86b4601f,5,10,Loja ótima,2018-07-12 00:00:00,2018-07-13 12:32:48
baa56bf0b94ee6f09cd85fba21271c86,fd4ebf52ca607b4487b38826f0c78adf,4,,,2017-10-28 00:00:00,2017-10-30 14:24:51
db300896793aa9697888b2f6656c3cd4,a9b0a7015644d713589e4836e2621897,5,,O prazo 06/04/2018 ontem 23/03/2018 o produto me foi entregue ás 15:00 quase 13 dias de antecipação do prazo. Tudo normal com o produto dentro da minha expectativa. Nota 10 para o vendedor.,2018-03-24 00:00:00,2018-03-24 23:44:52
4a9e309f6f747fc00fe1ab19b6066d2e,42187cae0bc6e0829886d8131b4c4864,5,Tudo conforme combinado ,Produto entregue no prazo e tudo igual ao do anúncio ,2018-08-15 00:00:00,2018-08-15 22:29:59
8566d94f7bf3bedbb4ca6a29725fc382,7845a2492ab1b4f2cf3d56c7b8da1446,5,,chegou antes do prometido,2018-01-27 00:00:00,2018-01-30 19:18:27
3b99e92643c371e395c584373010e479,09f58c00f941827ab206de7796785e44,5,,Eu recomendo muito a targaryen,2017-01-17 00:00:00,2017-01-19 18:03:43
0b5104020a859834bf6ce4d25df07d27,494f869f61ebf5fd01f40a4a2a569481,5,,Gostei fácil de usar super leve.,2018-05-10 00:00:00,2018-05-14 13:08:35
c05178d7b277bc0f85b83f2f70e2bc94,277006d8d593850cce4c18ce1c9a136a,3,,,2018-06-16 00:00:00,2018-06-18 11:30:57
b05a1776ce6ddecd5f13d7b5d6d7a2c0,8b69e25aaf296391c63e1158984ed9ce,4,,"Entrega antes do prazo, o produto e mais bonito que o mostrado na tela ",2017-11-22 00:00:00,2017-11-22 17:35:08
241420a1a253fd55d05f85ffafc862e7,eadf1db71815b513cf62a49e9c6416fe,5,,Adorei o produtos ,2017-08-19 00:00:00,2017-08-23 11:38:20
c86577dbd5f9ee0c56cd2006d83ef116,4b81239fe83a49acf69014a6819d45f7,4,,,2018-08-29 00:00:00,2018-08-31 23:36:30
4d98e12d6ee6f57a74c88a41f3bd9ef1,edca1e6e5049a09e73c18ba943979a84,5,,,2018-04-12 00:00:00,2018-04-12 23:11:22
56502cce85c12eef530037c7e84f8046,601fb7b5c950f370e9b7fa94529b8880,5,,,2018-07-11 00:00:00,2018-07-14 17:08:55
1808e984fe5a3d41d80cf4a57599bf47,cbe90389edee454fc22a84aacee69e6d,4,,,2018-03-09 00:00:00,2018-03-12 16:40:53
52fb282ba637fc6ff1bb7929f6d14e1f,c50e38fc8b688b01c6a4109a6e075977,5,,,2017-12-08 00:00:00,2017-12-11 07:45:27
655efe0416ea3045a0df3bc4205d3c98,d8d5f372b6b1d10843065cbd97d6c55b,5,,A entrega foi antes.do prazo muitobom,2017-11-23 00:00:00,2017-11-23 14:34:12
88fa0bd1799614e47b971fa7c53af7e2,a14df9fc5ca3766de545916e143acb06,3,bom,"O produto é bom, mas recebi cor diferente da cor que eu queria e ainda não consegui trocar.",2018-07-24 00:00:00,2018-07-26 23:20:42
699f33a2e26852afc8f9d42c50fd4218,5e889b27fcf62bb902c417303e5f688f,5,,,2017-11-23 00:00:00,2017-11-23 19:19:30
0cf2e11708fdded5c0254bae8679c7db,b5569f238f8225742a0ca65b827d0456,5,,,2017-12-21 00:00:00,2018-02-28 23:45:10
a7ae38515a5d66cca11dcc508887ec2b,1ae6cdc7484c3cf6f29144b09d68f360,4,,"O frete está mais caro que o produto. Foi uma necessidade, contudo não apreciei a terceirização das compras pela lannister.",2018-04-12 00:00:00,2018-04-15 22:42:12
4a4bc43982d130aed44176f9080756a1,f8b13ccfc06fd1baa3b0b9a9f1d368de,5,,,2017-02-25 00:00:00,2017-02-27 23:28:35
f8486e968d32567be637dd415cce297b,2011387fcf68d0d56838be05771c4db8,5,,,2018-02-28 00:00:00,2018-03-04 07:38:32
463781c03a1d4c82a8d852a691e07073,acf01c9262ddb5d9adae8daa34e31568,5,,,2017-12-08 00:00:00,2017-12-09 00:28:55
720881b598d89f4986451a39bd0f54e4,da1990d1037cd108f89b13fc5db97476,5,,"São muito atenciosos e prestativos. 
",2017-11-04 00:00:00,2017-11-04 15:03:33
fa78c23c6634408f372314bd5e26d728,d043902d832951c993140ff02e9a74b6,5,Agitador Consul,Ezcrlente,2018-05-24 00:00:00,2018-05-28 13:05:49
328e9030c6acd326e2740cffa0e4e8cc,cccc154ce300f1dd193065ddbf6383f9,5,,,2018-08-03 00:00:00,2018-08-04 19:07:06
2486dec8ac0f7cb4d8a894cc6b3c3338,8d771479430ddcc5431d2ef4aa207204,5,,,2017-06-20 00:00:00,2017-06-21 23:03:26
ed40a69e45fda7b426a18abc728cf3b4,c1e9744452fb7f55208a14610436019c,5,,,2018-07-11 00:00:00,2018-07-11 17:13:12
db0c6433dcd495c6ac3d99d4767bb779,817aec5fee39a2d4968cb6c48bad78f1,4,recomendo,Produto Entregue conforme anúncio,2018-05-23 00:00:00,2018-05-24 12:08:59
4f59d766bf3168f56bc4a9e9ec675b4f,c1b370b659841b645967ebbac6a5adae,2,,,2018-05-16 00:00:00,2018-05-16 22:56:47
e33714174ca800ca07a25761e743ae1c,bacfb12b369a42b37e0246c786bf4637,4,,,2017-07-18 00:00:00,2017-07-25 10:46:13
ccdc55f0e59be4d132e146f179fe889b,702120cb83c02be1babe945e685a254c,4,,,2018-01-14 00:00:00,2018-01-16 14:34:39
b4bc943faf60e1a36f13f4b6f4d00eef,3611e9793009655c4d1350655211953c,2,,Prazo para o dia 12/07 e não foi entregue ,2017-07-14 00:00:00,2017-07-14 17:54:35
f9108a79dacf3eb75ea364deb6c48c07,8ae0da24fb052b94dbf0d5c1527cda13,4,,O produto ainda não chegou. ,2018-04-21 00:00:00,2018-04-21 14:08:23
10232d59bef2d698942239a1c7c597ed,1b41edd8cc8fe751d98cba50338f8c8b,5,,,2018-04-27 00:00:00,2018-04-29 23:36:15
094cf20123c693fc21585c34886ef2c5,4b7c1bc59d4ec725d8530c19ec09b06f,4,,,2017-02-08 00:00:00,2017-02-09 09:14:27
cfbb5b738723084377e6d3e45eef6dad,1a46a59c4c13f2c52e453f8f490b7840,5,Recebi no prazo,Tudo Certinho !,2018-08-10 00:00:00,2018-08-15 11:43:44
391d8e3810bce4292ce62fc1aaa1e5f6,2e7f2a6731020cda16dc217491d631cf,4,,,2018-01-17 00:00:00,2018-01-22 15:38:55
fede60289fca8ad078a36ad18782534c,a44088d916b1cb5763921534c14f9a0d,5,,,2018-02-22 00:00:00,2018-02-23 00:55:22
19bae8afb9167a8112a7833a2ba0a569,3908808de1bc14e2592cbdd80fd41729,5,,,2017-05-19 00:00:00,2017-05-23 03:25:27
0817e2e2e1e5be07b9f16e354f518684,386a7bf9de133efa1516c4145330f3a6,5,,,2018-08-04 00:00:00,2018-08-04 23:35:32
84bb383693f50a42171636e99ca8d4ce,6a94666b47f6006dda56e5edc10968a3,5,,,2017-02-07 00:00:00,2017-02-10 02:43:06
22da90bd2e5a7c72124c6ae2cf4dd8cc,0229e66693fbbd736e5022221fc8148b,5,,,2018-08-29 00:00:00,2018-08-29 19:48:57
d362db11294353421db5de53bd9b7ada,5dd2d22e1330c17a5d2ce7ba581b2c98,3,,,2017-12-19 00:00:00,2017-12-20 16:08:25
94e4bde9a16194c468881a8f4bb08195,341dc4ea81fabe7de6af564b72fcf3e2,2,não confere o produto,Eu comprei o KIT cartuchos 664XL (preto e Colorido) e mandaram ERRADO Kit de cartuchos 662XL . QUERO QUE TROQUE PELO PRODUTO CORRETO COM ESTA NO PEDIDO E NA NOTA FISCAL QUE É : KIT CARTUCHOS 664XL .,2018-07-13 00:00:00,2018-07-13 15:00:44
83592b8219eeb2dd6bcc1475ac606856,12231ecac809d329ff8a11fe2264697a,4,,,2018-02-03 00:00:00,2018-02-05 10:13:02
a5634967a206af7025bfb7de98b47b41,a0d8e0c491e4b25ae11e8bb875935c18,5,,,2017-02-03 00:00:00,2017-02-06 15:38:07
2a6c3db8760a0ee868e45ffb60c5ea3f,75ad912f0b81298161aeabd41c9ee843,3,,,2017-09-26 00:00:00,2017-09-28 06:52:24
bc5d46f2f0f11a67fd081a646b9153f2,3c060be8256385c5eab23e0f857609d8,3,,,2017-06-03 00:00:00,2017-06-04 01:24:22
15ed82ae9b6a3f0b67fb808f66df7734,57eeb1ae64d1ca34bebe90920670cfb9,5,,,2018-08-24 00:00:00,2018-08-28 11:16:15
7ad90808cc3ee497eab3a8aac71671c5,71282e3ab70a4319b82314e59041549a,4,,,2018-03-01 00:00:00,2018-03-02 15:31:39
b342972cf31feb82d518923fb5e7dd01,662b16dd4926c4d8c8686a306b464500,1,,O produto de pessima qualidade se pudesse devolvia.,2017-03-09 00:00:00,2017-03-12 18:19:31
2ba95dff675be7b6af35b36d317fde1d,325aaded48f3d27932d49793acc90b9b,5,,,2017-07-22 00:00:00,2017-07-25 16:43:00
af73e2ba5098ca6c02e8079aa82bfa78,e660da13091dbe48784500c1c3e2fb75,2,,Pedi uma colcha 100% algodão e veio 100% poliester.,2017-02-14 00:00:00,2017-02-15 16:47:38
fe60d457a232477ced3ce2abc5f7494b,73596e67516934a7fe64cc6ca6d75545,5,,,2018-06-24 00:00:00,2018-06-26 08:29:51
42fb6eb0159cd84a839749feb289aa71,e9a08885cc40da402fb893c56e9d27ae,4,,,2018-03-09 00:00:00,2018-03-10 10:22:14
8a1717547f6e9f41c16fb73279c25bbb,0f28dea25f498acb1ab8d7f947c2ceaf,5,,,2017-07-06 00:00:00,2017-07-07 17:40:44
cb86338acec844b98ef2f37a5112aa80,7b435354ca15646a010388cc18dd2c20,5,,,2018-08-01 00:00:00,2018-08-03 11:12:29
777031542366d8f88e895f4963ed415b,e8745aa1fc53254235ceef55710dc6ab,5,,,2018-08-09 00:00:00,2018-08-10 11:51:24
3c214a4916be92093201a379d708902a,5c52bc8eeaca96c7b9ed2d47db358f43,4,,,2018-08-11 00:00:00,2018-08-13 21:50:53
9fac6388ebbf6de9130a3672eaa5d509,3d7ee397cbe71826e767837af0d81c2a,4,,,2017-12-17 00:00:00,2017-12-17 09:11:32
8095794f516d18006419c21c2417cbc4,0c433b41ac4f5739f4c65e19bbdc8208,5,,,2018-01-25 00:00:00,2018-01-28 02:29:03
e0499ae03c0365ddb284f209f4e3492c,16c176e6448f550368cc0078b433b617,5,,,2017-12-14 00:00:00,2017-12-18 05:09:15
615dec777ac482eca887e55083e81f8d,b26aeba3d93317ee71f2902c276eb992,5,,Chegou antes do prazo de entrega ,2017-09-19 00:00:00,2017-09-22 10:38:41
23e0a78a171391acf11bed1c50f4c054,0cf6d9903d24cb0d6ef8817a9612fbfd,5,,,2018-06-05 00:00:00,2018-06-06 13:34:08
772c47aad566987ddb2d199099b4d851,3c9e706b2938bbef0922d8c7da956ec8,5,,,2017-08-30 00:00:00,2017-08-31 09:59:23
9ea9a94b3e2a50bf89aa7c1354e52397,8a022a9ef01a1c899cd33cff15aa43db,5,,,2018-02-03 00:00:00,2018-02-04 14:30:22
f6e5f01b59eb9a9f650ee2bf9b84f120,b2684c3e0b5cba29ea14a74e3c933a34,4,Recomendo,Entrega foi realizada dentro do prazo..,2018-06-21 00:00:00,2018-06-22 12:28:09
6d1a6be8fbfb1b9b4e0931a24cf0b914,00c9d0257381c7e9ec13b4505f25b2cf,5,,,2018-04-28 00:00:00,2018-04-29 17:29:01
ffde542e7653500b9ec620680cc9393d,6912f9577b4156d72ee607f78328ed11,5,,,2018-08-29 00:00:00,2018-09-12 02:17:11
b30a95988dec62064c41849e812f2e4d,968cb5ac821d8c165eb1bec7d47eede2,4,,,2018-06-05 00:00:00,2018-06-12 19:15:03
32d696385889d580a23b5d439430edc6,cc28b66895e0f6bfd7050ab5bc7b39bd,5,Recomendo a todos.,"O produto chegou antes do prazo, o que me deixou muito feliz. E estou apaixonada por ela. A pia é tudo de bom e muito mais. Super recomendo.",2018-06-23 00:00:00,2018-06-24 23:33:05
812d3e56e74cd4d63799bd6bb70044b6,5de443f7adc75b72230b61e63ce5007a,1,NÃO RECEBI O PRODUTO,NÃO RECEBI O PRODUTO,2018-07-13 00:00:00,2018-07-16 10:58:52
8d69964ee5a55afe3156d8f178a46dd2,dba1b6fd34a7fd5961e829fa902ca702,5,,,2017-02-03 00:00:00,2017-02-03 23:42:45
75f575c77f572e40cc9e6cccd1a63a2c,2242566da9e4bf1d65f3530015a389e1,5,,,2018-01-16 00:00:00,2018-01-18 22:11:02
e523df06f913d5b93cec3c7d3d5bc469,fbf16cb7728cac175e1222c7d73734c6,4,Satisfeito,Produto conforme o descrito.,2018-08-09 00:00:00,2018-08-12 00:47:42
9ec909f70b42eae03a60a98dc5b97ea4,4ba6cf8c58812d65edc6a67cf37c4aeb,4,,,2018-06-30 00:00:00,2018-07-01 01:41:45
335a3fba037afc85c0593063033ffac1,29378d5129c88c97f152331affe2ed00,5,,,2018-03-28 00:00:00,2018-03-29 15:43:14
153a2f717dadd402c7550400db6256bc,6ab1c2fed90bf0906b4d5b51f7d333e6,4,,,2018-05-08 00:00:00,2018-05-10 19:57:23
bdf5a6725bd52d7cce30a0d5e6f2a4e0,cca79f1e5c4dcf95bfadc53c7a97b4ff,4,Aquecedor a gas,,2018-04-26 00:00:00,2018-04-27 13:55:16
678c6342ece58b435ddfb1d7f320258e,aab6724caaf81418088249e2a0ea5d17,5,,,2018-01-24 00:00:00,2018-01-28 17:16:17
6f9d98d08a8977df4055360a8d73828b,9a3e437ab219133c20a7033be9087edf,5,,Muito bom ,2017-01-18 00:00:00,2017-01-18 23:44:14
c920f5b950e498370397b45d364d53dd,bf99c65e08505b49813ebded6969d109,5,,,2018-07-04 00:00:00,2018-07-05 10:01:16
4bcb0512d726c6fb33d60a78cfbf68b9,a4b19ba687d68b54e5598956990afa98,5,,,2018-02-24 00:00:00,2018-02-27 01:31:08
93aac2324dbb1b7ebf66f76faa695f79,47cdb12caf2067098633bc9a0d3679f7,5,,,2018-06-29 00:00:00,2018-06-30 01:23:27
94fc3cf4428560b3a8051eced089a353,b8356f852fca3a72234735d7b7c1c18f,4,,A bolsa deveria ser revestida de espuma na parte interna,2018-04-05 00:00:00,2018-04-06 02:00:55
0bb58123f6605ed5187c4ea975c1cb53,3cda6f52ca254406b2c0ce1ae433a481,5,,,2018-02-20 00:00:00,2018-02-23 11:13:08
7df93da4571f228a6369e9d4cd18a0ea,da535cf4ba8827cbf61a0ce2b7e08cbf,5,,recomendo a todos,2017-11-25 00:00:00,2017-11-26 10:16:59
6c1ec0b2ace7856be06cbdcadefd5145,6e2b63d5084b319e8d72270b7882e119,4,,,2018-03-21 00:00:00,2018-03-27 04:59:00
1686235a474e47e1a0b469ba8372c9d5,c08f913d8edeabde7839e5b6a953ecf3,2,,"o produto chegou e como estava em viagem demorei uma semana para montar e quando fui montar estava faltando uma peça, que na verdade a peça principal,onde se pendura os cabides ou seja vai ficar sem ",2018-03-23 00:00:00,2018-04-10 00:15:27
941ec96bd491e4cb94d0283aa10a412c,c8209c0d2a92297dcfe3d8d71dfb551c,5,,"Estava atrás desse produto a muito tempo, consegui com o preço bem mais barato do que pedido por outros meios, chegaram super rápido, antes das festas do fim de ano.",2017-12-19 00:00:00,2017-12-19 22:36:18
650f27998c7eb14a72302066cf6f8185,20ece825fd1a3714c240d58a96df35ea,1,,Já faz um bom tempo que compro na americana e nunca aconteceu de atrasar nada mas esse produto foi demais até agora não recebi meu produto.,2018-02-07 00:00:00,2018-02-09 12:22:11
6a1f14b4d5c306923565ee0c724783e1,a3ffb9a7866735bd0de42993b62e89e3,4,,Recebi o produto gostei muito ,2018-02-08 00:00:00,2018-02-09 01:35:57
35d1e3a584c89873b94db44d6a212326,c3ec5c70256966fe8951602e15e63495,3,,,2017-02-25 00:00:00,2017-03-09 00:30:12
9fe8dd718b92759820585d659f1dccae,2629f879b3928da2cbad95a46fa904ac,5,,,2018-01-10 00:00:00,2018-01-16 16:59:13
8b0e9809286d3431dc78328f6630f656,8f0518f5d4437b43c4849faee7e6dacd,5,Recomendo,"9 dos 10 produtos chegaram conforme pedido, porém um veio com a tampinha muito maior e portanto não encaixa no frasco.",2018-07-11 00:00:00,2018-07-11 19:12:36
ca776597ae37c14b9c81b69aa6b4977d,e40815dcb739e03cb2c06547ef7c3092,5,,,2017-02-12 00:00:00,2017-02-12 10:32:00
f4e4b1fc48e60d47e672e304e5c878fe,9786c52ca3e1ed1ef3ba5c65941627f0,5,,,2017-02-10 00:00:00,2017-02-13 11:40:04
9e97d569e91cbbeb9d2e0695f47c6220,96a056333b6517f334ac928d91dc7e15,5,,,2018-08-31 00:00:00,2018-08-31 16:14:40
c288527c4110db702bf901d5e9006b5e,2ccfe5d6558b5a6b11ab972747e26132,5,,,2018-01-30 00:00:00,2018-01-30 19:44:44
0f1e05ad26820a418e8b4f607b52d481,f5763c685bf8e3a552c2fcaa60aaa868,5,,,2017-12-31 00:00:00,2018-01-02 14:57:42
ca95fa3ceed2ad933c1b8da7068d0efb,036ea72a17833a6fbbcd3e4df8250292,1,,"Recebi o produtos errado, e não consigo fazer a troca ou devolução ",2017-09-26 00:00:00,2017-09-27 07:50:09
b11e1f75696031ce69bed2fc5f4fa33c,4c792ea6a2a9a0d044176c1c42d49b22,5,,,2018-08-05 00:00:00,2018-08-05 17:42:39
2011b6b05eb8ff7eb21589f0862cd247,ab4f549aa957d2c456a8d2c7ad54b761,4,,,2017-12-22 00:00:00,2017-12-26 21:29:27
714e9d79837ebfe69c8917218e1c2273,924d24dd7c6de024d96e25d4812d65bd,5,Maravilhoso,Me ajuda bastante! ,2018-07-12 00:00:00,2018-07-15 01:31:47
40d805b59221aa1a779a0d73add7974b,a797f338da66eefca816db5328d5e5ab,1,,Eu encomendei 3 e veio só 2 tô esperando.quando chegar tudo eu avalio de novo,2017-06-02 00:00:00,2017-06-05 12:27:08
9b8b92180c3df43693e67fd100605a9f,6232b520aa859c47ba46e5213737f418,5,Bom,"Gostei otimo produto
",2018-06-23 00:00:00,2018-06-23 22:19:32
2ae5ceedb26693cf9269dcff66155d2b,938cf33aaa64536379e72993eab4cef2,5,ótimo ,Empresa de confiança. ,2018-08-21 00:00:00,2018-08-22 20:41:07
a8d7c8b857ac97787616cf27632051b4,98f7b0bbb8eebba6398ec18bf1a8cf12,3,,,2018-04-21 00:00:00,2018-04-24 00:06:47
f460cb3a243456a2512832b4eb41b624,ea5f30a182b04fd1296273605983b9a4,1,,Comprei duas faixas e somente enviaram uma.,2017-02-03 00:00:00,2017-02-06 19:24:07
b3c6d264e10060300d7a2a868b1d2778,6dc1b0448d8665a1ad93f2c1ec5b925a,4,,,2018-08-14 00:00:00,2018-08-17 01:03:42
7f406cb5f0cc1490292e9983a73fc94d,ee7f4e0a5223e51719a98941129bbc24,5,,Muito bom.,2017-02-15 00:00:00,2017-02-17 10:11:09
2ca6203f3ffeebdbf6c786ec3d4eb8b9,5265e13b1b649ee26bbaa159d56167aa,5,,,2018-07-28 00:00:00,2018-07-30 12:15:07
bb52c3b2682c5adac9dec458f85bfc01,32931b358e8eb9042cf278a4e233321f,5,,,2017-07-15 00:00:00,2017-08-11 10:55:18
fafb008e289d08800a228074e8dd8f88,d9e05f5c9c364436b18207eeff4f789e,5,,,2018-07-27 00:00:00,2018-07-28 02:49:08
b1c751c9ef91761cd96bb8270d93cc03,badb0dd3be1e47b016f7ce9a3a7168b8,5,,PRODUTO BOM DE BOA QUALIDADE ,2018-02-01 00:00:00,2018-02-02 10:17:14
5cb364a2943f182314aa3bd6882258e8,4c96e6cd1329471164e71b76d8ac0619,5,,,2018-04-07 00:00:00,2018-04-07 20:51:12
87ebe5b0be5cfeda54e9e1964733da1d,bf9d705db9fe15b5bd6a0a35c3e3365f,5,,,2017-01-22 00:00:00,2017-01-23 13:40:01
3e5f5fbd0326b844bae7b52ed12e4897,3bdb4a8f9e391c81696a80c1bf7c67ff,5,,,2017-04-11 00:00:00,2017-04-20 14:57:14
8a4140b3a31563d2fe6fc19f581fb4c3,d85dd7b0f1c5839ad5b3cde77f196e53,5,,,2017-03-31 00:00:00,2017-04-01 13:01:34
ece11431c30b1773ff049127bd255a97,634d0a0f8ec5eb8078eb64340dcd355b,3,,,2017-11-02 00:00:00,2017-11-02 19:58:10
9a8884861c6d83bcab8cb26237a83c12,ccfc366f9a65ee1750a938bd18aa489f,5,,,2018-06-04 00:00:00,2018-06-08 02:59:34
3f7b2236d855588e5a74bd3784798639,0c3a7b14aa5e70ef5991122f6bb552de,5,,"Rádio aparentemente bom, bem compacto, ainda não testei mas parece ser bom. Vem com carregador e acessórios.",2017-02-10 00:00:00,2017-02-10 10:40:30
62b5b512253a653908e0c833b2418aa2,23f99f3d6a5974cd50c00ebb3d6540a1,5,No prazo,Frete grátis para clientes compras realizadas no mesmo ano.,2018-08-21 00:00:00,2018-08-22 18:09:24
099d8932a6a88281dbf76277d763ec12,411b631e48e96d67d14a881f338f6b46,5,,"O produto chegou 1 mês adiantado, amei ?",2017-12-16 00:00:00,2017-12-17 20:12:54
f333972b1468b89999a70b7790c3aa66,388093f2361bae7f871b80bf9673e2ee,4,,"Ótimo produto.
Excelente parceiro.
",2017-06-22 00:00:00,2017-06-23 09:52:02
fb78bfea8b77b3ac52b52d564fa39900,463cefaa4147d39621500e986396b5cf,5,,Tudo suave,2017-12-29 00:00:00,2017-12-30 08:42:25
39b2b0ffd71eadda357559ce2b6b1f1f,1bf6db71e147c950fe9925e0be89ec4b,5,,,2017-02-09 00:00:00,2017-02-10 13:55:00
052a2f89b85b29fbac8c54c86a732345,bcd894d1c63a81b9b1872a8b9579f546,5,,,2017-03-21 00:00:00,2017-03-21 23:49:19
7427ce5d7779835b4c64087d1533297e,bd2aa26e4f7a6a33b7971cfc04a07c56,5,Avaliação positiva,,2018-05-16 00:00:00,2018-05-17 01:25:10
84d02481e9fd52e1bd9a3185149bc9d1,f0ba86f5acc7cc95af8064b92d726461,5,,recomendo,2017-08-31 00:00:00,2017-09-10 00:02:38
5c5173fc7c3abb796533e293679ac2ae,59934ef5e174b490aacecbbe4f381155,2,Produto avariado,"Recebi o produto dentro do prazo. Contudo estava quebrado em duas partes.

Preferi colar com superbonder ao invés de devolver e esperar o novo.",2018-06-05 00:00:00,2018-06-07 19:50:22
1d72adf476608529a8876d41ef8166e0,cec27ecc8324e22e5721ce87471d4b31,4,,,2018-08-25 00:00:00,2018-08-27 23:30:31
40f2b7ce48f73e0810337cd68c1c3d5d,38e3895efc70d2d46a3b967b8781368a,5,,,2017-05-11 00:00:00,2017-05-17 13:00:33
860417673b5b42c224c2176abc9256d9,db7576b1fe440f4c0a808855aacf0948,5,,"Entrega rapida, produto com qualidade e otimo preço.",2017-01-17 00:00:00,2017-01-18 12:05:16
94dcd38a71999bd8b6eda55302eae275,28a90e83ad0833466ffd4c3fd14379aa,5,,,2018-05-19 00:00:00,2018-05-20 15:16:29
bd5f000abf7dde72565cbd8a1e95fded,02605c218285d02df75a255f13396f1e,5,,Cumpre o prometido produto d qualidade,2017-02-15 00:00:00,2017-02-16 00:33:33
334b60b9800084113a6c2ae125811f92,ccec592b58e122dc2bfc2305152d9603,5,,eu recebi apenas um jogo de lençol o jogo de lençol adriana nao veio junto,2018-08-30 00:00:00,2018-08-31 19:30:36
d296abeb47be9c494c80fd29f38d13e1,17158b7ebb079668a6f21a5660ec6e83,5,,,2018-02-09 00:00:00,2018-02-11 22:12:49
71a9a521989995917cb98b51a3a84ab8,4089dcf1cbb89bc02b04c143c7dab499,5,,,2018-05-15 00:00:00,2018-05-20 13:45:16
5210d2fbed17f24ce92e4fbb480c7c36,1d4fef737d9b6c214e13e92ae014018f,3,,demorou muito a entrega estava previsto pro dia 30 chegou dia 24 parece ser antes do prazo porém da data da compra demorou ,2018-08-25 00:00:00,2018-08-25 23:13:17
365a560d8207b3bfa990bae1c7043348,c5bdd8ef3c0ec420232e668302179113,1,produto não veio completo,Eu comprei dois produtos tais como: testador de cabo de rede Rj45 e RJ11 e um pacote com 100 conectores Rj45. Só q no pacote da entrega estava o pacote com 100 conectores e de 50 quero o testador,2018-05-06 00:00:00,2018-05-06 19:57:24
66ec1d0ed18ac80fac4e348e1488806c,490f9c9fc86a9e753c5729f7119e84d7,5,,,2018-05-11 00:00:00,2018-05-13 20:44:37
a6ed33c32e0a8a4d42314f53c4dd665f,f53eae1ce47dc68e8da117dd0d7feef1,4,,,2017-03-16 00:00:00,2017-03-16 23:31:28
64721f0e2696f971f96863cdc04372d0,c0b2c20ed167622980ba4586d4f60168,1,,Produto não foi entregue,2018-04-25 00:00:00,2018-04-25 10:33:59
8699a0806e33022928bb0d391267b192,1372aa0637277287bda77b0de38676c7,3,,"Meu otoscópio veio em uma caixa de péssima qualidade da Wellch, além de vir aberta. Produto tão mal-feito que parece até falsificado. Não veio estojo, tampouco pilhas. Péssimo. ",2017-12-08 00:00:00,2017-12-08 10:40:16
3a8123d1d40cbc7a0cb4f26f165b901c,69a4d311a122356e1eadee79beca43e0,1,,Solicito entrega do material,2018-03-25 00:00:00,2018-03-27 01:13:31
8392cbda58fcb4aa5bb02a555751c006,34fa619907e44766d5119a7ac48c56de,4,,Sempre muito bem atendida!,2017-05-24 00:00:00,2017-05-25 14:00:26
bd6720c9de950e903ee9143e6329d47e,5c71ea0184088e38bb96418275b4fef3,4,,,2018-03-27 00:00:00,2018-03-28 12:40:46
daa67514b10f6ea190bb4f392156edc6,fdcd1438710f47b926796d3778452212,5,,,2018-03-23 00:00:00,2018-03-24 18:56:42
f5c4561fb57c3a29132656c167887755,089896265e5395ee8335f9f417a7f6c0,4,,,2018-06-19 00:00:00,2018-06-29 11:20:52
4b441b99e2a7e6d30fa0377881ee6bca,423c157cb61f228b20c08e79cd28b9b9,1,,Ainda estou aguardando o produto,2018-02-24 00:00:00,2018-02-24 18:02:52
98df8bc1d11b1c7e6342361bfa9e815a,5dc269b7c4dce1624653e914a1b739f5,3,,Tive que retirar o produto no correio e mesmo assim paguei o frete.,2017-01-28 00:00:00,2017-01-28 23:04:07
7b1f8fb82bcd82399e8df5b032e12b98,ee3e4667c7774f7a6b61e1990ec78cf4,3,,,2018-01-13 00:00:00,2018-01-16 15:44:43
7705ccdee674c2e96977bc47b9bde9a2,222ca921eb7f9e8bb4fd4cc5af27d943,5,,"Produto muito bom, só o frete que achei muito caro.",2017-09-05 00:00:00,2017-09-05 20:43:55
9739de15bcfa2914d68d55703ff1e97e,6e68d4f670783e41ced4e82d14debce9,5,,Chegou antes do prazo,2017-02-12 00:00:00,2017-02-12 14:25:16
12db1404dd41bd61e70f3d3a36ad63a5,788dadfe475fc16d5e7562f1a5fa8e82,5,,,2017-07-28 00:00:00,2017-07-29 00:27:20
a24023304ad28546aca914758ba29c1f,1f440e230578d73badf5afd8bb78c632,5,,,2017-09-15 00:00:00,2017-09-17 12:35:52
e36363f794f49c1d11b36b5a2cfdcd89,3e7c30293bf4e4c26815e44fa58ff074,4,,,2018-05-15 00:00:00,2018-05-16 00:45:53
15f2321c1485e8851579cdf33cc38447,69adad596ce64d77dd2a23f85ce3aa98,4,,,2018-08-01 00:00:00,2018-08-01 21:50:45
dbfcef702738f92869975785d7b52ba8,dc549de29b05dad7e04a830974bd9278,5,,,2017-07-26 00:00:00,2017-07-26 23:31:56
b8ae7eb186dac68ab650a7a77b2be1c9,a5c654c2a0126153f98af71a65a159de,2,Dentro da normalidade,Produto não corresponde ao previsto!,2018-06-13 00:00:00,2018-06-18 16:06:29
9447c73fe22bad665845435e99df32b3,711446e2cbe250789dc7b3ecdfce793c,5,,,2018-07-14 00:00:00,2018-07-16 20:29:55
955cfb047b041f20d0de66b926bffd5b,f27a56f2112f2928b4fe1e1d6d406131,5,,veio bem antes do prazo previsto.ótimo atendimento. recomendo,2017-06-06 00:00:00,2017-06-09 01:02:21
508aa4bbdd970db23d0b5336c199960f,4d8333ce7e8cf1184099aeab819da7e5,5,,,2018-06-16 00:00:00,2018-06-17 14:14:54
d52c07a72b990d85dfaf30cc90bbd053,00c00d5b36157595e21108ba1da2828f,1,,,2017-10-01 00:00:00,2017-10-01 08:54:15
2294fda0ab25767c5dd0c173fc637d89,da7b74f9f21e34cc002c5910de20ef9e,5,5 estrelas,"Muito bom, recomendo",2018-05-19 00:00:00,2018-05-21 23:53:44
702df692316f59677d244e66b70a4021,035c06c36cc8685238297b6af0c280f3,3,,"o acabamento poderia ser melhor, nas laterais principalmente.
mas está dentro das expectativas.",2018-03-29 00:00:00,2018-03-29 22:04:59
e88c9c5dcc6185123d33e43c6513b7c2,733e030acd7fb0584a2e64f9a981e9fc,5,,,2018-08-19 00:00:00,2018-08-19 15:49:33
8a9e36ccbd7866244bf8d477addc3905,634adfa0f5cb0fd3a7c932f3b5b463fa,5,,,2017-09-23 00:00:00,2017-09-24 02:46:48
466783cc2c97a17f9753dca6a1d24b4a,fba5f0680d7e30d3148e17be8bce108d,4,,,2018-03-01 00:00:00,2018-03-01 20:56:40
15436c56be531a408895da484c46f49d,8d25f73f2fe9c225dff2232fd1e7c89b,1,,,2017-02-16 00:00:00,2017-02-19 11:19:14
4b9cb7f0d2c37a687c9032f6dae5bb9d,ac95b87f13bbd7609c75bfcc17cf3ae7,5,,,2018-07-28 00:00:00,2018-07-30 02:43:34
dba480ebe9592ed8f4d9df16525bcd66,bf4753bf93e0d4b25fab22e045029e7e,4,recomendo sim,esse produto e de qualidade e muito bom podem comprar ,2018-08-11 00:00:00,2018-08-21 00:20:33
af85b8491d6ca2803925cb89e377daac,6189844031702fdf168d8194d504bc0b,5,,,2018-05-05 00:00:00,2018-05-07 12:51:37
42fcb95e9687d3f7dba83e256dde618c,519b26d18bc4a42eaac1841acd217baa,5,,,2017-09-13 00:00:00,2017-09-13 21:10:40
6c2eb130d26dae6d53c3d9926e256230,93f0b28291bddb8a70034aa5138ddf24,1,,,2017-12-16 00:00:00,2017-12-17 16:33:15
840ad9b9e2f76e5a3b486dcfc695fd00,857a83273943276ac60eb1d15bbfed5d,5,,ok,2017-03-22 00:00:00,2017-03-26 20:41:17
2bcf3af64c97789388e134ebdfa797a1,d9aa5509422ca53597e0806067d52f05,5,,"Muito bom , super amei !!!",2017-06-07 00:00:00,2017-06-13 16:57:41
342e58ab98e8b1aefeff8e7da41ca348,a54f35a6dfb350a13c6410aa276e52d8,5,,,2017-11-19 00:00:00,2017-11-19 19:52:32
0edd11ce8b658045876e8a89a7373484,ea2fc3ee961d93cc0a7b657aad5b30e5,4,,,2017-07-22 00:00:00,2017-07-25 09:04:07
25eaef1ed022302c387dabe8d35b03ea,61fbc4a76e5b3db28d2dd737ace32716,5,,,2017-11-09 00:00:00,2017-11-13 11:26:30
055f48e41c3413b81ef0dcdee9311d61,371d3a892917017b32ada644ba1f301d,3,produto bom,"produto bonito, porem com acabamento mau feito",2018-08-16 00:00:00,2018-08-16 22:57:15
dab2f823414f8733c589cb5d3fc79ca1,06cd9d207dfbdde70cff4074b5b3dfaf,5,Mochila Denlex DL0011.,"Bom produto, resistente, bom acabamento, ótimo espaço interno.",2018-06-19 00:00:00,2018-06-20 01:45:26
6bbf1970b3a3c8146745e1d3e172bc90,9e2fbf3b51437bc915ed549c475eef2c,5,muito util,adorei minhas xicaras são grandes de chá e deu para por direitinho...parafusei no armário e ficou tudo organizado...comprem sem medo ...muito util,2018-07-27 00:00:00,2018-07-31 21:34:06
ab27f8722035e2cb30af6992f14f949c,dba86c0ca2d44138a882ae12b4a12d63,4,,,2018-03-01 00:00:00,2018-03-02 17:58:20
472bd820c924834c253b9309dadbd4ab,b81909d99454a0227bc01cc241ef921a,5,Tapete de Coroa,Amei o produto! Lindo como na foto!,2018-06-15 00:00:00,2018-06-15 22:42:48
fdbb77fd102c718cf8978c3fe1837821,91021949691f50cf0608e62a2b5efb31,5,,,2018-05-13 00:00:00,2018-05-13 23:45:21
20ba1dcf036c6b1b628b4f790d4505b5,31419a94f3447056848ea2a664a7ef72,5,Satisfeita,Comprei o produto que queria por um preço bom e recebi dentro do prazo!!,2018-05-24 00:00:00,2018-05-25 12:42:06
a563e660370e0c8052fef5cd73c24509,693d0d4622b8c4324e34ae71fe19a58f,3,,,2017-11-04 00:00:00,2017-11-07 09:58:55
fdd74af1fe4c5b1db2da5d14dc06ab73,49a025561e725132c9661f305515a65e,5,,,2018-03-14 00:00:00,2018-03-17 12:19:11
c60a1435d9076b0d60eeba3bf8452988,43f8e020752c67130ddf027e0297291a,4,,,2017-02-24 00:00:00,2017-02-26 11:58:53
1b1d36ab5dcb771b4719e00d0871a3c7,44569e91b30111309ef6cdca8bfaaca9,5,,,2018-04-10 00:00:00,2018-04-16 22:33:39
d0e5d23a50f8f2c0e071644f1b04dc6f,0e660617f70b9a3f6bfd3919b49450ab,5,,Amo esse site! Maravilhoso!,2017-01-27 00:00:00,2017-01-31 18:04:10
315390cc849c5cba18b58c9d4e9693bb,95234ae57878debe0afc15b3d5bcbc48,5,,,2017-09-22 00:00:00,2017-09-25 11:51:24
a47fb1655a2f142746f19d2535b5f565,062f0992a050330334749ffa530fa796,5,,,2017-02-12 00:00:00,2017-02-13 14:04:07
3078189c4859c91413f9ac90deae7d2a,be449a37a242b89d7c027246275dc0f9,1,,"como uma empresa que se preste a fornecer uma mercadoria de marca internacional, de alto valor agregado e não se dão ao mínimo do trabalho de verificar se o mesmo esta funcionando. respondam a pergunt",2018-01-19 00:00:00,2018-01-19 20:36:48
1e6b3cd230a5a1bf664264e5271d8a40,f88aa9b677553d2e3f0e77b495066619,4,,,2017-02-09 00:00:00,2017-02-09 22:29:15
22269ec03837532df34cbd4cdeceeb20,3dd755153da335084e4f2ae10c077b5e,5,Muito bim,,2018-05-19 00:00:00,2018-05-21 00:44:59
b9119ddf63091940a34d32a9ac5bfd3e,d44df0d4c71052d8b2a3bd5c50bd42b5,4,,,2017-02-09 00:00:00,2017-02-10 03:40:30
5cff2df468494d6247bfaaf5c808032f,1097d35f1e7f8972fb78c8a135090ca8,1,,"Efetuei a compra de 3 pendentes. Ocorre que recebi o pedido INCOMPLETO, dos 3 pendentes recebi APENAS 2, já enviei 2 e-mails para lannister e até agora não obtive nenhum retorno. ",2017-09-13 00:00:00,2017-09-15 14:03:08
db5437c10fc885e59efbcd1b8749a721,6f794a3ab5fe97d2aaad912ea4f81645,4,,,2018-07-31 00:00:00,2018-08-03 04:02:51
2aca8bd7023ade6ad87981308c28f514,6f550fd7d5d229732c20208da33c9ec2,3,,,2017-12-29 00:00:00,2017-12-31 11:24:33
b9876c635aaf3b63f2ba3dedeaf49e15,b9db568c807b745666940333af1f8618,4,,,2018-01-04 00:00:00,2018-01-10 10:09:27
f6ace549c60a1ecd332148a3d4ec5bcd,bf4931e6025b2bdd77ffa4264659c9e6,5,,,2017-02-07 00:00:00,2017-02-10 14:06:44
8255e2eb9362ede6ffe25e7d73b2709d,84f72613dabd8b11141ae6e2710c413c,5,,,2017-03-11 00:00:00,2017-03-12 17:39:07
1d9be76dbc5d9d2fe9aa084b28c66d2a,3498a243e9fe88c9c4ce97bf7fa4617c,4,,NÃO VEIO A NOTA FISCAL,2017-02-02 00:00:00,2017-02-03 13:46:21
eb6bf10cbc0e9542b2c5430359b21f9a,7b037997dc5c0effc3ef3339f5e3d509,5,,,2018-02-01 00:00:00,2018-02-03 20:50:15
64a265be5b1a0e4ac8271b58196d89d4,1bf5ad2a94cb784f7e27820ab656c398,5,,,2017-05-25 00:00:00,2017-05-26 02:19:25
0e924f1db18df6b1ca4cc746ff5888bc,25dbad31db4b9059dd02d72929578d1c,5,,"Produtos são sempre entregues antes do prazo e sempre intactos, o que é mais importante.",2018-01-27 00:00:00,2018-01-30 10:31:47
924a62ce736277a7e04c83b854ec9f18,b8cd3107b41b1232ec5ccc2958000acf,1,,,2017-08-26 00:00:00,2017-08-27 00:54:55
97ff53577dad0ccf67ac266246aebca7,15360da03a0a021fc0e712a2d11f3020,4,,"Ótimo produto, mas foi muito mal embalado, sem proteção entre a fita adesiva e o capacete, até agora não consegui tirar toda a cola grudada nele.",2017-09-06 00:00:00,2017-09-07 20:12:43
76243b3a6fc6c5625b70a09c3a7b8b42,c1bb430ee85802d59d07d0f769d32e2f,5,,"Excelente produto, chegou muito antes do prazo, veio com pilha, porém não funcionava. ",2018-06-05 00:00:00,2018-06-07 17:51:44
052668c367d9547d228d7279b279cc4d,2dd3e9627a0cec07b3092f404934ce6b,1,,Até agora não recebi o produto quando efetuei a compra o prazo era até dia 14 ai mudaram para dia 16 mesmo assim ainda não recebi o produto,2017-05-17 00:00:00,2017-05-17 13:24:23
3267329c7e8f55460a1177c33e3501f8,44a03ff139461361ec4cce7949663c2f,5,,,2018-06-05 00:00:00,2018-06-05 17:46:16
7be1c3b85fefca4735e0d5a334da8293,d24b90d375b1415ca40e5b531d04a6bf,1,Horrivel ,"Olha meu produto veio com defeito,ai mandei para garantia e a garantia veio com defeito tambem.",2018-08-10 00:00:00,2018-08-24 12:39:39
41bc38b25abfdd9f9058992860bc43cc,d95dc7171d00d08c5e2c57e693161db7,1,,não recebi o produto,2018-03-30 00:00:00,2018-03-30 11:41:28
19d0e4c99907407763b8ffc084e7a63b,4d52cfe3ad25169d39fe5e6f99d17e2c,5,,"Atendeu minhas expectativas,chegou antes do prazo,tecido lindo e de boa qualidade.Amei.",2018-04-14 00:00:00,2018-04-16 23:10:39
debe928e24f668392f3887a40456d900,713036f22edb8c69c825dc2d0786056a,1,,PRODUTO ENTREGUE NO PRAZO COM QUALIDADE,2017-05-10 00:00:00,2017-05-12 21:38:32
95aba0781278c38eddcf8f87d3decc7e,972de859f5e4986651981a283159a3b0,5,,,2018-01-20 00:00:00,2018-01-22 13:45:31
da662ba4f0d69b5e35d3e225e89b74e1,0d522996b29429a46093cbc004e8f29d,5,,,2018-05-12 00:00:00,2018-05-21 16:36:20
b5843868edae30d273df10e90ca250bb,dcc15ae978fb3fdf4dbe24079e768652,5,,Ótimo produto nota 10 do jeito que eu queria fiquei muito satisfeito tá de parabéns o baratheon entregou antes do prazo valeu ,2017-05-18 00:00:00,2017-05-19 21:22:24
cfe9761130dea1028c2afca6d81cc479,6f433e1b5764eb255869aedbee1b9d72,5,,gostei,2018-01-30 00:00:00,2018-01-31 01:23:09
50849fba137ee51a11962409e693ab52,f5af86a3bea41e5daef5c06e7a02ad2e,2,,,2018-08-15 00:00:00,2018-08-15 16:31:07
19eb0bada4460044dbbfc6319d0af27a,46725d773b27a905cf629f60fa30762e,4,,,2017-11-28 00:00:00,2017-11-30 13:55:12
698feb570288b8c4691ef764f8a5985d,17e62f08a374da7740ffded4b25d4f31,5,,,2017-07-27 00:00:00,2017-07-27 18:50:52
663bad924114d9a2c2839c90fac332e1,414c2d0aa3ca7ba2ded1e645b3dc42d8,4,,,2018-03-11 00:00:00,2018-03-11 23:20:36
7be29cf919c4c9fe7e83ee21f781c740,fed2c6b5a6f5bbf776e52240101359fe,5,,Muito bom ,2017-05-24 00:00:00,2017-05-27 03:52:57
e77a5ce316c053e35f33b14f94e630a3,dc12f9e8414131e62897902a78e0286e,3,,"Produto muito ruim, peças minúsculas e frágeis. Produto muito inferior . horrível",2017-12-28 00:00:00,2017-12-28 22:34:37
36a611aa3d66a3bce49941a88c5bcce7,b5eeec1b045b05d3e3010ef57120a8dc,5,,,2017-02-04 00:00:00,2017-02-04 18:59:50
de262beeb205cd9c07053831ed6b89b5,043c74b543e990bd18b14ef1e4344031,5,,,2017-09-05 00:00:00,2017-09-08 17:03:19
22abe925100363a9f045cbd69dfc2537,efbeffeec3423546112aa13eefc4c185,5,,,2017-12-22 00:00:00,2017-12-29 14:25:22
244fd0d1e9f5aee90b00d31198f54be8,810a275a39d5f6934c225713d5aa9568,5,,,2017-12-15 00:00:00,2017-12-15 19:51:57
85a8dc94e184e825f60346a00566cdbb,392139c3311c506adf32de8492011f15,5,,,2018-04-28 00:00:00,2018-05-02 13:29:14
b62f7b0e136225942d48cedf4623fc35,8a1173c84bbf754f61daf556a62fe1ed,5,,,2017-04-11 00:00:00,2017-04-15 11:56:55
2157db986bcb5fd8010acfdb05d7f979,3a1b7d917cc04f710c5afdd8fbbabe85,3,,Não recebi em casa tive que busca nos Correios e veio com a cor diferente da que eu pedi,2017-12-19 00:00:00,2017-12-21 23:31:17
6ec7136109c4ef935527b0f22142cb8a,38e0e9763bb6c91f55550e6d8555c78b,5,,"Chegou ates do previsto e o Produto e de boa qualidade EU amei minha netinha vai adorar

",2017-11-22 00:00:00,2017-11-23 00:50:16
e8e6edf447f9c079f2b8ce4318ec3f97,6b3ff248b137a5f8d4efe61a1fd4ebbc,5,Muito bom ,Chegou antes do esperado,2018-05-15 00:00:00,2018-05-21 11:18:42
ace4686cf36696c14ff955cbf9e7f659,16084e188e0613c06730f77bcbfa9ff7,3,,,2018-03-16 00:00:00,2018-03-19 22:40:15
a961869480b9217c62542f7a512caf0d,883bebd3f80e509963fbeaa51abf7c0a,5,,,2018-08-28 00:00:00,2018-08-29 14:00:47
383c30fe15b6d0484c339ad1d3c4d055,a4887ea2ccd5e37945934525a9939e9c,1,,"fui enganado! é assim que estou me sentindo , pensei ter comprado um funko pop original e recebi um produto de má qualidade .",2018-04-07 00:00:00,2018-04-08 22:51:33
a0310d911be995362858117995709056,205fd64bd13038fe08ccceddf788336e,5,,produto bem acabado e entrega rápida,2017-12-21 00:00:00,2017-12-23 00:47:37
3bc91e612e4ec9fdee93706740721b35,f6a14749cdfa97ee01f2fed27c0c8b3a,5,Lindo relógio ,Muito lindo o designer do relogio,2018-05-16 00:00:00,2018-05-17 10:33:59
5d173821fa584a3854efc779b7891468,338b0cffa439f5e95d42cd30d7ace847,5,,Jjjjjj,2017-05-17 00:00:00,2017-05-18 14:52:23
c1a8ffa917d03814b995781895399ec9,7d20c79f25c64f2c7feca12d01677c8e,1,Comprei 4 produtos e rece,Comprei 4 produtos e recebi apenas um. Quero receber os três restantes.,2018-07-13 00:00:00,2018-07-13 18:36:52
faaaab4aa8730be33d2fd029061d4626,5c0d142e02002952ffe6ae4db1b02baf,3,,O produto veio estourado ,2018-05-22 00:00:00,2018-05-23 10:34:44
1bddc8a76a185e9a912afe207cd0ceb7,a01cc79e3afbac4a52ce1d528080e438,5,,,2017-01-19 00:00:00,2017-01-20 09:28:37
4f5b3ab6f04f1dac075f973e57329484,ee5c259515ecb317e1e70dc9e84fdab4,5,,,2017-09-13 00:00:00,2017-09-14 01:30:25
82937197416c19ac1e0f64aca8529fb6,d1f7b8ef7a59b18de8df95b7b8073a5f,5,,Produto maravilho.,2018-01-09 00:00:00,2018-01-10 11:46:07
90f9c7c95a7f8e4d1a70acbf1c5d3c70,efe29224ab6af2a162c9cb35940daca5,4,,,2018-06-07 00:00:00,2018-06-08 01:56:28
e37b4db3cf622951215783d378dd7a38,6699f3e7d674b95aa5f02c60e3312022,5,,,2017-05-12 00:00:00,2017-05-12 11:29:24
4068a0fc4cc4c17b9af8dc322142a581,e852413ae756fbc7fe9f6514b39aafdf,4,,,2018-06-09 00:00:00,2018-06-09 23:02:21
ca99660711ef63447c782e1e60979f44,56de333dae82ab3c1d1d123e55d882fc,4,,,2018-05-19 00:00:00,2018-05-20 15:42:53
fad95fbef89f191fa1c27cf58ec6de7d,6a28b46b87ca2e2e83c8fbd829570ae8,5,,....,2017-03-15 00:00:00,2017-03-18 04:43:04
6a565c4aaf7041a9147cfe2ef2c4772d,dcfdded3a6760b4e0ce1ef27aaf65b89,4,,,2018-01-30 00:00:00,2018-01-31 09:57:44
88221bf021bf88eb5756060a1bd5fbdf,43df7d0ebdaa1d4df7b8f25e2fc50fd8,5,,,2018-06-27 00:00:00,2018-07-21 02:22:47
859cd3c43a3505dc1ce6cf1fbf2ebdd8,c10f283ced7431fdfdcc159b12344b11,4,,,2018-06-19 00:00:00,2018-06-20 11:46:22
5d8861e5f99572c1b74c86926d43d273,21eb47858aa7100e94ede112bf5ed1b3,5,,Produto de qualidade e entregue antes do prazo.,2018-01-10 00:00:00,2018-01-11 00:18:48
98e4d6fe0476b6a7ebf2fb190a0177ee,986eb0e0707439d7852369091e0fa8d9,4,,,2018-05-22 00:00:00,2018-05-23 01:13:28
3bd2ee676c1e91f4afd59b74ca7c2300,6b8a03d40f75b75ec65ed5ba13d80f95,5,,,2017-11-10 00:00:00,2017-11-12 20:42:32
d63c849ea6d81cf7cf064aa752c60528,f8470371533c258e0a16d3406dd43859,1,,"O produto não aquece. O deixei ligado por uma hora e colocando a mão sobre os fios consegue até senti-lo morno, com um lençol sobre ele, não dá para sentir nada.
Já notifiquei a lannister.
",2017-03-04 00:00:00,2017-03-05 12:29:31
5dc7c676fce4fecc3c4bd7e4c57aab7f,21a700353585ff0d776cdde844166983,5,,,2018-05-19 00:00:00,2018-05-21 20:03:54
ac864f9837c1b5ef81056b927454fd94,97df4160390cf20ee63b032b5a93d0e2,5,,,2017-02-02 00:00:00,2017-02-05 03:15:56
7e68adc757937905b85ece20a9beb03e,9aa3595de5e0569f4e0762bf2d005d19,5,,,2018-08-28 00:00:00,2018-08-28 19:51:25
ec91fb7c899303ce27e16819c7461581,589eac637e68da58add10ee5e6710bac,3,,"Pedido entregue parcialmente, falta o produto cartucho HP 92. Solicito entrega com urgência.",2018-01-25 00:00:00,2018-01-29 11:51:01
5da485615c556d4ec0f1160c4f6a0fb9,0cd2179b125d8eab88815631c3ce586e,4,,,2018-01-05 00:00:00,2018-01-05 18:05:30
ec97e08ec25e2fee2b1ca66b0903f31f,58317a8b3dfbcadbd945cb80dda94304,4,Super recomendo,,2018-06-07 00:00:00,2018-06-11 18:52:45
50e656f4859249e2944b6c556779706e,76606b013751ab0fc648e671d8bbf16c,5,,,2018-05-04 00:00:00,2018-05-07 18:41:34
03e0207b61cdcb8f60d1105a76c71cbb,08b04eb82fbd41d6a4a779d822d57a08,5,,,2017-03-24 00:00:00,2017-04-05 20:31:11
75b77c0c9a1ea37e95a8b70092675d6a,0fd3cee523a106ac501c4cf18f56a4de,4,,entregue antes do prazo.. e produto de qualidade,2017-01-31 00:00:00,2017-02-01 10:53:53
e54fc85047a86ffa46e84877c5d9464b,23f8d85e1bed4bc79e3b7e9f7c2d6437,5,super confiável,produto de qualidade e preço muito interessante. Recomendo,2018-06-20 00:00:00,2018-06-20 20:06:10
0d5886256e41c682dcf138af317ff3a0,7ab9c55c59eaeea579d047e2d8aaed81,5,,,2017-02-02 00:00:00,2017-02-02 22:31:06
bd8bd4c7580ab07659b35e684bad3179,625f92d47eee6330318032089c61a90e,1,,Até hoje não recebi minha mercadoria.,2018-01-07 00:00:00,2018-01-07 12:03:58
167e1d0cfc502b72e4c38d5ea71fc390,0ed46f17da8a1c3bd0ed5fdfc50decc4,5,,"ótimo produto da forma que esperávamos, boa qualidade, vendedor rápido muito bom",2017-01-24 00:00:00,2017-01-28 01:04:08
969478bfa3f047a76e4c50adf26d6705,99a4238f13a11d486a5eabe5c8b1a1ab,5,,excelente. ,2017-02-02 00:00:00,2017-02-05 08:32:56
0852899be85508fde2dbfd608188dfb2,c69a4e800792132c8c39b559c8cda572,5,,,2017-04-19 00:00:00,2017-04-19 22:23:38
cd2ed6b912e7bdb689ac5cbb8a0f4f0f,83af610e0c73e940f967ad32ad943625,5,,,2017-11-14 00:00:00,2017-11-16 18:12:25
9744b63a4f169823e80cfbc50d0e1346,6eafb3047f5d0c7cadeec9d129f0e4d0,5,Recomendo,,2018-08-30 00:00:00,2018-08-30 19:59:57
1d34eb67bc2b27441778441af6129884,ac8a4565529310518da7406ddf01f8e8,5,,,2017-09-14 00:00:00,2017-09-15 11:33:31
f0fea428cc519dd37cf9fdd00286e294,34a1e7e0bd6987d552a7b050ad68a314,4,,,2017-05-18 00:00:00,2017-05-20 16:38:41
6ab626e8d94d16ef25ba91a90d6cccec,727efa2785deaaad8480da8e66db7e67,5,,,2018-07-24 00:00:00,2018-07-27 01:00:04
f86204a38b62ac54fc88aa2a2d287491,50c4d73707f3154c08eb85d0fd1e5149,5,,,2018-06-28 00:00:00,2018-06-30 22:35:28
9f2cf1a2724a39a89df3720478a25881,484bc55c468ac3e8d5ca1ab45b24ff99,3,Jogo de lençol,"O anúncio deixou de trazer informação sobre o tecido, dando a impressão de que era 100% algodão, por se tratar de percal. Na realidade, era somente 80% algodão. Também não dizia de quantas peças era.",2018-08-25 00:00:00,2018-08-26 02:53:09
d3e7e4f58b167de9e1ea2120899024bb,38dea96735b5f6e74378a68f84099233,5,,"CHEGOU BEM ANTES DO ESPERADO E RECEBI OS PRODUTOS QUE COMPREI MESMO, EXCELENTE E VOLTAREI A COMPRAR ",2017-12-11 00:00:00,2017-12-11 17:12:02
6bdd79d68fa4e32e7828a66748c5d9bb,dd800b5dd3395650111f9a4539000e7d,5,,,2017-12-07 00:00:00,2017-12-12 21:39:18
3077d6f3d13e9d3324a1f1ab3ce3e0f3,616f1f539d7add607844e0199fed7ea6,4,,,2017-02-01 00:00:00,2017-02-02 16:37:46
d042f644812af35ae1d719186a62fa92,469efe9b7784ec97f17da1643f3e327d,3,,,2017-10-26 00:00:00,2017-10-30 10:37:07
f367caac24c57f65bf32cb92f0283383,def6322635f4afb3da8756ad712957c0,5,,,2018-05-18 00:00:00,2018-05-21 11:15:47
e1245ee2f8e4a7aa2335bbabfda985a0,33adf242c9c30fa2e16fc97d70845487,1,Incompetência ,"Solicitei o cancelamento da compra após comprar, a nota fainda não tinha sido emitida e me retornaram no dia seguinte dizendo que não seria possível cancelar pois o produto já tinha sido despachado",2018-06-27 00:00:00,2018-06-30 02:24:03
8d80705a98f6656aff437624c9dceb1f,3ed194a912f562ede28628d0ec2ad218,5,,,2017-07-04 00:00:00,2017-07-05 10:39:20
b2d2922ee4a57f219678f6fa8c7d173d,0d82956d17aa687909a59706168bfe98,5,,,2018-01-30 00:00:00,2018-02-01 18:04:29
10dc171ffbeb2a8b0d7a2c20ccb23a81,5aca16835e759ea6a7e1d4369d0ce451,4,,,2018-06-07 00:00:00,2018-06-07 22:50:28
926075694fedba1d530b5645f90696be,a338d0ade09a3ac954ecbf64b3b3b485,3,,,2018-06-20 00:00:00,2018-06-22 18:29:44
c67e8e583e7d955e8e3f8e0b71737c85,2388959a19bd21ca9ce8639defeb9789,5,,,2017-05-07 00:00:00,2017-05-22 23:30:17
747eed30b784c24782f481a6e0a19b6f,12788af294f51dd5ba2aaed208a45969,5,,,2017-10-03 00:00:00,2017-10-05 19:25:30
26b7d4f37f2a877e0dd4991d95f266e7,51fea792e465500a842c7325adabf0ad,5,,,2018-07-12 00:00:00,2018-07-12 03:56:08
771654d19b26b9108952856b225ad105,fc3443668654977029c4cc2ead0cc0b9,5,,,2018-02-15 00:00:00,2018-02-16 01:50:41
17cd6df39f820cebc506c2e0742bf490,b025ae09d0783f8194ec38b10c65acbd,3,,"o produto atende a necessidade, porém a conservação ddeixa a desejar.",2017-09-15 00:00:00,2017-09-21 13:29:43
ebb5a99e9c7c298d3080850276df8894,852ec507c9db5b3b1086cb9e6d89c697,5,,,2018-07-07 00:00:00,2018-07-08 01:12:49
32206252dd4fcdb15bf945f01f054180,7942099e2f484fd9f80b3bf901b706ea,4,,,2018-05-09 00:00:00,2018-05-10 11:48:32
26d72a4208c2a9b675e8d5307429000d,c5b4cf4aabaf93ce294452d114ae22a1,5,,O produto chegou bem antes do prazo e é de excelente qualidade. ,2018-01-28 00:00:00,2018-01-28 21:38:37
b5879ce7191da5cbf863290099094483,25eac842862525f18a083c6edf1929a3,5,,Comprei uma bicicleta e foi entregue dentro do prazo conforme combinado.,2018-01-05 00:00:00,2018-01-08 00:52:47
eda121293e81a63d7aee81a08e71acb5,0db053a048333680c09114ac4f231a79,1,,"Produto fora do prazo, ainda não foi entregue
",2018-03-25 00:00:00,2018-03-27 08:59:22
04bc27874dcc2bd3381806df6bd998c1,cf3cfafe8fbb8682ce65fdeada4749f5,5,,.,2018-03-06 00:00:00,2018-03-08 22:31:03
a21edce7a65dcef7d7d25627a3776462,49bcc1ace70cb046d87e21636d05f090,4,,,2017-11-29 00:00:00,2017-11-29 11:54:42
1d3dd2118d3e239b356f863b104a4983,d99c7464570fd548f9936438c57f394a,5,Amei,"Chegou bem rápido, bom tecido e acabamento",2018-07-27 00:00:00,2018-07-28 13:08:12
caf3346205255a0b7b98cff7e15153af,34fdc362961364d3ff08986ccff2212d,4,Super recomendo,"Recebi incompleto, faltou um produto",2018-05-15 00:00:00,2018-05-16 17:08:58
e5744956740928a2bda8a5c3068f6450,f1ed92b2528df59a68e567ead15889f3,4,,,2018-08-01 00:00:00,2018-08-02 00:57:36
3812e87853acdbb5100f47a545098c90,4fe4c496a13fb35dc73b330ccb988813,3,,,2018-07-26 00:00:00,2018-07-27 22:08:03
7b4742c2fba1288e923be7ebabfd7866,469f0b908881368c45917f1bed8240ce,5,,,2017-02-10 00:00:00,2017-02-10 14:19:26
0749d08cd5fdc070b301ab1b609bcc21,8da4b52fdefe7256cbe20ebf03ac47b7,2,,,2018-03-08 00:00:00,2018-03-08 21:18:23
94db4b547b7b1d77b90969d8922738f8,097c6926697b318e2e49c0d92843211a,4,,"Bom dia.
Na verdade queria o mesmo medicamento só que com laranja amarga que já havia tomado.",2017-10-19 00:00:00,2017-10-26 09:47:06
3a995dca5cd883de3eb8c971002b6b8a,bc839831ba2010861cf9e75ed8f1306f,1,Atendimento Péssimo ,"Primeira e Última vez que compro com essa loja, comprei uma mesa cavalete no dia 02/08/2018 , hoje estamos no dia 24/08/2018 e minha mesa ainda não foi entregue , não consigo contato com a loja",2018-08-24 00:00:00,2018-08-24 10:07:08
d8d48b888c8633fae64a981cd87f0f1a,b2a075b61f56f754745f60eeca7c0f63,5,,,2018-07-05 00:00:00,2018-07-06 00:56:00
ec080e1c938f62f7c52079b840339ab9,85c86d629e3c5e477f457be9db748d3b,5,,,2017-07-11 00:00:00,2017-07-14 00:09:10
5a6a12355262db5e023eed5fa8776534,904bb8d83ce0a924807b5d34e698a439,5,,,2018-02-23 00:00:00,2018-02-23 23:20:15
0164d49d32e9c1ab394221d3810796cb,a503842ce2c01bf4bae8b9ed571f29a5,5,,,2018-06-28 00:00:00,2018-07-03 09:36:18
de487803a249760171e0b6793e5b33f0,76de219e02a69e67c85ab229f27eee44,3,,o produto ficou retido no correio eu não tive como ir pegar no prazo,2018-05-02 00:00:00,2018-05-03 21:35:13
43d9b47ba69f89ae8091671f05d7275e,49a167dbd18cbfffffda7befe7d179b8,5,,,2018-01-10 00:00:00,2018-01-12 19:53:48
932235d856780ef57a3bcbd045192ce1,4cebb64502b3c7295709a972ae314c7c,5,,,2017-09-09 00:00:00,2017-09-10 12:32:48
33ad44802bf225a3db5272fcbe5acac3,920a1599f73c0a2ddadfb7caedcbda60,5,,Produto chegou no prazo. Vou testar para ver se funciona mesmo.,2018-08-31 00:00:00,2018-08-31 23:36:04
35ccb3aae7ae448ecbd44b24410bdc4f,44d075f07cb67c5fa539041c4548953a,5,,Gostei bastante do produto,2017-09-12 00:00:00,2017-09-13 19:53:34
d992198552f42790f14a99502977ef9b,f58bddd33f2b976d3676cccd97e4d776,5,,"melhor atendimento, entrega no prazo ,enfim melhor site para se comprar.",2018-01-17 00:00:00,2018-01-23 11:24:05
6c29b2d7dfd0d35728e46ab02457cb3f,02e7b3980e9984556bb3a764306f3e31,4,,,2018-04-04 00:00:00,2018-04-07 21:31:55
180f367c3a3338db4ef29735b23eac5f,e5ec17b950e2ca6379aaee6905115d3a,5,,o vendedor foi muito bom e rápido.,2017-12-27 00:00:00,2017-12-28 10:16:01
8f9953c60cc117788b2ee05ca4fab4f1,663f6abf22dfaca17fa6ecdb411d1860,5,,"Chegou dentro do prazo determinado produto como eu esperava ,bom atendimento.",2017-12-16 00:00:00,2017-12-16 21:33:26
cf45a72e124e372c716fbc0a854a8bce,30189c9fc2174b8677dd06fda47c097a,5,,Muito lindo,2017-12-17 00:00:00,2017-12-18 22:39:46
5d86e157c6d89362c2a422b797196a14,e2b9380fcb4f1f7e2a7d2d3c77666c7c,5,super recomendo,"entrega rápida antes do prazo, produto de excelente qualidade.",2018-04-11 00:00:00,2018-05-04 12:52:23
b57e1d75bc3c9555af4630f9c0412cd2,fd06d0c6fa9aa98d24fcb159b433375e,5,,,2017-06-15 00:00:00,2017-06-15 23:21:46
16728f3238713050226dbe9e2c72489d,db2b52fdedf34f34c6569ed5cd692c81,1,Não compro mais,Produto não funciona e sem manual de instrução.,2018-05-25 00:00:00,2018-05-25 22:20:03
3c3402a9ef16fc69004eb19f4ee16415,399775d0638168dfd529422f995fcc41,5,,,2017-02-09 00:00:00,2017-02-12 11:53:29
747eb282465bb1a879e2f60c492d2cf6,4f0b7853ed43ab1a2dbc32c3c2b17da2,5,,,2018-07-24 00:00:00,2018-07-25 09:02:50
ce43492ca4430b3c9ef48ed376c5f83f,5d2e7157465c583b526adf7d226d9623,5,Amei ,,2018-06-06 00:00:00,2018-06-07 14:12:33
13785d15c80ef45a9565b43273a55507,674f1f9e4afc192f4400bf65ae05df5b,5,Muito boa perfeita ,Otima loja veio perfeito e no prazo muito rápido recomendo a todos perfeito tudo ,2018-05-08 00:00:00,2018-05-11 02:41:59
635ad3a50e83816d7b7921b33ae7a6e8,8084fb81dfc973b3d492e788bfe45ab7,4,Boa,,2018-07-13 00:00:00,2018-07-13 23:19:43
88268f51c33a6ee065bc1037fc0405a2,701ddcb0eab1d32958b3638a5e8c4e97,4,,,2018-02-03 00:00:00,2018-02-05 22:48:47
309e0acc7b1d9c242a4f6bf80d52461d,ec5542a8bc5944e2401ce66b372fcffa,3,,,2017-10-17 00:00:00,2017-10-17 18:45:15
18e87ce15108fd10067d7e29759c8f1f,a8a737a6c936da9f10807e4c4262da72,3,,,2018-08-18 00:00:00,2018-08-18 11:06:17
6e6bd5e06fdd7b6962ce1221abdef95c,746e40ac3c01101618e8a7d582b1029a,5,,,2017-12-21 00:00:00,2017-12-27 04:44:30
cc3b29e7467a6675cc6c751127e43e29,c1f0e475378c6500b5907a2134bda1da,1,,"Só foi entregue a boneca,faltou os panos de pratos és as saias da cama box de solteiro.",2017-10-22 00:00:00,2017-10-24 19:47:06
c016ce3a2923fe71459a098614fc5e2c,75d356a1c924fad59ba5ed142004e9de,5,,Foi um prazer compra nessa loja chegou tudo em perfeito estado obrigado. ,2017-08-31 00:00:00,2017-09-03 04:50:43
fbc82546c5394ee728e4c45d86c26554,130654953b9f4e7e9f1bd08b1b882bf4,4,,Excelente!,2018-05-16 00:00:00,2018-05-16 23:45:01
0ae08f5e71cb57be76c64f5b99df5d3e,350f47d61d589f6218bff053db95fe62,3,,Frete muito caro. ,2017-02-10 00:00:00,2017-02-11 02:29:36
f2216e721836279057e5819e6a489fc4,f400946403a78fdd034cf522d3f85512,5,,muito bom,2017-02-08 00:00:00,2017-02-14 23:22:33
bb8616204916706741ad280a1711d4c5,a1cff9f46b83ac0fb525c755e46851f8,1,,Não recebi o produto,2018-04-11 00:00:00,2018-04-11 14:03:40
04155918d12175d572c8f4480e067da8,49bbb428c234dcf31c4d66d4e8e1c04c,5,,,2018-05-06 00:00:00,2018-05-10 15:46:21
914a6196c98bc39fc8e617d66f648bee,4eeb7a26bd818dca75553383c9ef857c,1,,,2018-02-03 00:00:00,2018-02-04 00:09:50
3c71c82835382e0cdc228e1226b26c31,5dff8347ba30bf1b9e5d1a1ce778702a,5,,,2017-10-05 00:00:00,2017-10-06 00:54:35
638b701242c109ae59fff3fd2772eb8b,775eb0ae1891c8dd8f12c2f8c6850006,4,,,2017-02-08 00:00:00,2017-02-09 03:16:46
db27636ea82d449a9e0d1bea6b419465,a9a93c428c6103f2151bb63a1d32a520,1,,MINHA COMPRA NAO CHEGOU!!,2017-02-01 00:00:00,2017-02-01 11:12:46
17bd0b3d3398784d28a7836117d950e2,7e5a1d0e245d9956f8919244b11a1da1,5,,,2017-10-18 00:00:00,2017-10-19 02:04:39
bb4401d6d6edd338e4ad12ce0faa2d8c,64212621110bae7f5310d5737a9c8e53,4,,Entrega rápida,2017-12-21 00:00:00,2017-12-22 19:06:24
7581be45d5e9b8390bbd09eba64ddc91,85951c338d992f64e7abac3d611dba6d,5,,,2018-08-28 00:00:00,2018-08-29 09:31:36
aadc49fbf2b502fc73738727d11833ae,f1b69a785e2f47e44415f46f270f1545,5,,,2018-02-16 00:00:00,2018-02-16 16:09:17
37f582420d9bcd55958f21646a06fff3,02737086e020bd456ae19e98fee5c186,5,,,2018-01-26 00:00:00,2018-01-29 11:31:15
e7f8a215f15384dd9f9c47768e56dc5f,cd992cc5337c4438ddb8858f4cb7dc50,5,,,2017-06-28 00:00:00,2017-07-01 12:23:57
2e8663ebc9293f83a4ecc756dde2a974,0b1290e557f053467333ff365790c5a4,5,,,2017-08-23 00:00:00,2017-08-26 20:57:26
4a90c6e1692b89614429d0c21ffa2989,416e49799e9260d93c8f636ce6661a55,5,,Adorei,2017-12-17 00:00:00,2017-12-18 18:33:38
9c99e6d2bb0b927f8c64ba4f349f091b,074eb2398def4038d7fc4fb8a5aeb0bf,5,,O produto chegou no prazo e emio otimas condicoes ,2017-12-08 00:00:00,2017-12-13 11:55:27
133462132e17e36ecd3b14aea2053b4b,d768ce9a72b741097aab143d6baf890a,5,,,2018-06-22 00:00:00,2018-06-22 20:14:27
5f5cf8a268786784ff5b82e6845035fd,e9ccb8277ecd5374b5a0532b5ee47f7c,4,,"Loja muito boa e prazo de entrega para antes da previsão.
",2017-03-05 00:00:00,2017-03-07 20:55:00
107345284f11cc53b05e0b31aee8687c,4c1cb882a6632f95d9732ca92f5715f8,3,,A capa não serve para ser usada com motosnaps,2018-01-25 00:00:00,2018-01-26 01:30:59
e4b7f762fdc2c71adf8f9681a5466fe0,0eaa4845a6182d6b72de720fb976abd4,4,,,2017-01-28 00:00:00,2017-02-01 02:17:40
a51008af36eb390971abb64425b79752,74c25aa167f9836099a217d0fa82ed0f,5,,Produto entregue antes do prazo,2017-10-03 00:00:00,2017-10-05 12:14:56
80e9808a0d63ca08c3ff6809e338a11e,771b1c1071afb60efdf55afffd0ad25b,1,,"Além de não ter notícias sobre a entrega e não poder acompanhar o status do pedido, o produto chegou quebrado e não tive nenhuma resposta por parte do vender após tentar obter reembolso da compra.",2017-12-14 00:00:00,2017-12-14 23:48:27
6b110af70370f7a6b30fb46a0c9efba5,e742341b8b6bf5a833c52f7c607f6b69,5,Ótimo produto ,,2018-07-31 00:00:00,2018-07-31 22:17:39
c4baf95d8031270b3cc288594f21fbe4,9dc6746a8f29fafaa637f2239a9f3d28,5,,,2017-02-02 00:00:00,2017-02-03 10:17:42
0ef03d58e2f75c024fdcaf768418a366,9ee391a01004a9f330f16ebf9f7f0966,1,,"O produto e a ótima qualidade, porém veio na cor errada.",2017-02-08 00:00:00,2017-02-09 10:12:40
9b5078eadb75606a80fde17f6a945a37,37db66be8ce4684e201e94e4ce19944d,5,,"O prazo de entrega é enorme, mas o produtor ainda chegou antes do prazo. Corretamente embalado e lacrado, original. ",2017-10-06 00:00:00,2017-10-06 18:35:46
9d4ef6901697d4c201085a154aaac91b,54cf02ae7c090640834d4f9d190f3b9d,1,,,2018-04-13 00:00:00,2018-04-13 13:36:22
1e32ab40e482ee74f849efb4d9feff85,841a1c15177c6184088d268bc0f263f4,1,,Não recebi o produto e não tenho nenhuma notícia,2018-03-23 00:00:00,2018-03-23 20:54:23
cd0a5755cc31093d42768364f240ab74,2b7737f7accfb9e2ee360963a202eaf3,5,,,2018-04-24 00:00:00,2018-04-24 20:26:47
25cebe15fbfb30f0e4325f7aef47b5e4,9913ce9487d390ef37cd3b6cc3883f0e,5,,"Muito rápido, recomendado.",2017-10-20 00:00:00,2017-10-22 22:49:14
98dcd0d9f900c6198df93f79e6d2a64d,576fed147504338aa428f01cb08ab5a4,5,Recebi Rapidamente,"Ainda não testei o produto , mas recebi rapidamente.",2018-06-08 00:00:00,2018-06-11 13:18:23
9c6b8db37a51ce5b8f3be26db48da025,79af690e1f308a4aa1052a6fc4fbc908,4,,,2018-07-04 00:00:00,2018-07-05 13:37:49
68b452c73971dc5f89b6262e64b5a909,28443792b60e1229531d828dc74087ff,5,,Muito bom foi entregue tudo certinho e antes do prazo ,2018-04-19 00:00:00,2018-04-21 13:56:35
a1f5960a75e0b2a6d290789766523df3,62a906256e72774922d85060d98c8a5d,5,Recomendo 100%.,Recebi o produto exatamente de acordo com o pedido e dentro do prazo previsto. Parabéns a targaryen e ao stark.,2018-05-20 00:00:00,2018-05-21 17:39:54
20ae98e36af6f300303ddb0cbd85503f,4f080f85daf0d53e2757336275292310,5,custo x benefício,Uma boa luva pra amenizar os dias de frio...,2018-07-28 00:00:00,2018-07-30 13:27:16
d5beba40e2ba82d7d9e475929880b043,9b2fa9acfe395734a133a58bcbfb9776,5,Excelente ,Chegou bem antes do proposto,2018-05-01 00:00:00,2018-05-04 14:22:17
1277e0d1fda1a2118d66d5945878b1cd,3d6002f122e72a5d6e07d4c54e79e3a4,4,,,2018-03-24 00:00:00,2018-03-26 21:56:32
15e65b775248332c32d35498467e7df5,9330e9298742ceea6f94f67a4c6dd785,5,,,2018-02-28 00:00:00,2018-03-02 19:52:41
35ee81fa31781ef7e8cc4b8588bba585,2669093ac4da5e6445749e5e36e24c6c,4,,,2017-08-08 00:00:00,2017-08-08 20:13:18
26d79594663a05bb56097725ed429906,1264bdfa22a4cca2beb66c1f542e7f5c,4,,,2017-09-27 00:00:00,2017-09-28 14:59:59
b4971c3e0667f073b41fb688c4ee8d7c,dd12ffa175ee0c7931890dd19db54427,5,,,2018-01-11 00:00:00,2018-01-29 13:03:42
a3368b9d0e015a4e786ed00a4c8d5ec4,56bbc7d92e6e74b8782abbf5ee336a92,1,cadeira não presta,é uma cadeira que fica o parafuso machucando as nadegas. Não comprem!! arrependimentototal,2018-04-17 00:00:00,2018-05-02 16:28:55
4fbb4e5b3b7b2f3c67aadac7f11a0fb6,ec3d016217751432b67659200ab0da7d,5,,produto entregue de acordo com o prazo combinado.,2018-02-10 00:00:00,2018-02-13 17:25:52
40a4d4045526e09c6e0aef59bb9d8321,bed92d04d48ce1e3411d7db5c984d57f,4,Bom,"Vou ver se o produto ,for o que prometem",2018-08-29 00:00:00,2018-08-29 14:34:00
a171dd1a81d9386e84eae1a8111010f1,eed6f74a190f23b5a8ac54a8b86aa79d,5,,,2017-10-28 00:00:00,2017-10-30 15:11:56
b7f00c9638d2a9a769237fa80431aacc,79f88e060632989f23cae0e00e7381ef,5,,,2018-04-06 00:00:00,2018-04-08 22:34:03
b25dd6669df8dfc0f1b3d64318665c2c,93dfb14657b871cc1708647ef95f40f9,5,,Os potes de mantimentos são lindíssimos! Estou muito satisfeita com minha compra!,2017-12-13 00:00:00,2017-12-13 21:24:48
9a4be18ccec7e8f2ca1daffc0cd0357a,106f773cca522fe33c40267418112669,4,,,2018-02-16 00:00:00,2018-02-18 00:34:46
37c0a202d75fad0296a897f87b0587d3,b904f1d4eae5c3b0b494496e96606528,5,profissa,surpreendente.,2018-08-15 00:00:00,2018-08-16 12:45:23
a72e52781f8d3093f1e4320ea069fa7e,48a1c733458a579cd85f95918057dc82,5,,"Ótimo produto, excelente qualidade e proteger bem smartphone é o essencial. ",2018-04-18 00:00:00,2018-04-19 10:33:24
4541fae4f8d8fca07e8f2b2ce0b8c3dc,19ddb42a5be901faf63f0caa5cfbfd38,4,Boa,"tudo certo, dentro do esperado. Recomendo!",2018-06-29 00:00:00,2018-07-02 00:35:04
d097e9aa76809ae7020946d5079de328,26a4525518bf2e891e2cdffef0742346,5,,,2017-10-01 00:00:00,2017-10-03 11:00:35
62f4941bc98fa9a247e60f00da6d0644,db7f34935c2b818933171e61c031695c,5,,,2017-06-20 00:00:00,2017-06-21 00:05:55
2c86e1744fc1e004a6133f46311c0070,7643003db706885af24736e3a12e76bd,5,,,2018-05-04 00:00:00,2018-05-05 18:45:11
11180bbc9da4c6ade2f1343e94206adc,c89d81740da0f2eca4cdbac9c558ed6a,5,,Entrega chegou antes do prazo. Parabéns,2017-11-09 00:00:00,2017-11-11 21:29:56
fdfb2952a7c93b46def439197813336f,07402f8be1c291f1c5da3edeaf5cb8b1,5,,"MUITO BOM, E CHEGOU ANTES DO PRAZO...AMEI",2018-01-18 00:00:00,2018-01-19 09:28:44
210f27c9bc208d9068afa2dbd2e352a3,d84ce4acc4a19690d7a7b6f5df4d3023,5,,,2017-07-28 00:00:00,2017-07-29 01:57:56
c34998a129c2f99676a1710e0920d8b4,6f8a93209c5ff8f0ce0ccb7b166c4624,5,,,2018-02-23 00:00:00,2018-02-24 16:15:57
8bf2e9a886b7fd58ca20f8f44ee3ecf6,25d6858f3b1d2f332623bdccb12db9eb,5,,,2018-08-10 00:00:00,2018-08-10 22:07:21
eade75ab00a9ea12148ec362ff94a899,a62e5e820da4b79811ca945d941fff8b,5,Ótimo,"Recebei bem antes do prazo, produto maravilhoso, super recomendo.",2018-05-06 00:00:00,2018-05-07 12:38:44
09405b70c02b15c1260a000fe1df5fe9,c9a088f0077de94d4b7e57e5a234cea8,1,,Ainda não recebi o produto.,2017-11-11 00:00:00,2017-11-11 02:53:44
80b011151fc903b62da05e00296b9283,320663ce04c21d3c2df2e5097f90695a,5,,,2018-05-04 00:00:00,2018-05-06 13:01:56
072099c80444e605f4cb4bbf9e258d5d,395630df55589c28c5dbf91e72f7ca90,4,,,2017-02-10 00:00:00,2017-02-12 22:34:36
ca9f56b7298eb6b17e4ba2150a88df4d,d809ddde66fee6223df16b11231491f9,1,,"PRODUTO NAO ENTREGUE, COMPREI DOIS E VEIO SOMENTE UM. ",2017-01-26 00:00:00,2017-01-26 22:21:28
663bf5f14f73549ca94a750ab98b41fd,7c0ce5e0916d0bca80839ea19d6112c7,1,,,2017-08-20 00:00:00,2017-08-22 10:00:50
7ffedc70574def0eeb070151cd87167f,d89ff75da06f798ea64c91a496386314,5,,,2018-02-03 00:00:00,2018-02-03 19:51:41
c875052da0840d53adbb141fc3638641,01b84214591ddd4edad9fa4a1f344f84,5,,,2018-01-16 00:00:00,2018-01-18 23:28:51
5b69fc1db4c912e605f7e450797ca4ab,7588fbb6c9001d45b0f2bafb4be7ef56,4,,,2017-10-26 00:00:00,2017-11-15 23:35:33
a7d7d351ccf0b1195f4237f29957bc5f,f5ff53df944464937cd950213093621c,4,,,2017-08-29 00:00:00,2017-09-03 03:40:34
01b0f016bfa70d7b0d9bcdf999259703,5d3600123565a48b65ad1ae42b48ae9e,5,Muito boa,,2018-06-07 00:00:00,2018-06-08 01:40:11
0c7b74b17b2b50bcf413060373f0fdef,94f1e81783b607dd10f270a0ceaf9d40,5,,Produto de otima qualidade entregue antes do prazo.,2017-12-20 00:00:00,2017-12-21 14:36:51
9871baaa2529dedd8db545855812a844,10a4af81f471c29f5f5d3864e3c8dfab,5,,,2018-01-26 00:00:00,2018-01-27 00:30:59
1f87ebfcc40f006c2b73093d3265794c,2582e280d624a46c545db9c09f6cd424,5,,produto chegou no prazo e em perfeito estado.,2017-11-09 00:00:00,2017-11-28 12:19:12
c54cad200e2693f56b08ea7f9e844b81,e760819ccdf8e117a260fa50842b4832,5,,,2017-12-13 00:00:00,2017-12-20 13:10:31
fab6992d63612fdefd98f06b7de6f1fb,6199bf17a85a73b61d5e43a596b95b5b,4,,Comprei uma cadeira de escritório e está chegou no tempo previsto e é de muito boa qualidade,2017-02-09 00:00:00,2017-02-11 00:05:06
6911024d445ee6134fba4e971b7ac291,17f1a38cf243632b938f18aa6b80928a,5,,,2018-02-25 00:00:00,2018-02-27 05:37:55
d4f2c5e3ac0c8bcab6b4ca869942c538,4deb2316dadf42f0daa6b8965d384ba8,5,,,2017-02-07 00:00:00,2017-02-10 02:46:35
26ba0dca0c4d6f61bb4b6d4bea8f91bf,d14da316939ad2245cd4bb898bc45a62,5,Cumpre o que promete.,Gostei...muito bom! E ainda chegou antes do prazo.,2018-07-26 00:00:00,2018-07-28 19:21:49
173f28ef886eca99913264b51a9746d9,e48949fd6c2be8f0fa6dd91af8f0f50e,5,,,2018-07-28 00:00:00,2018-07-30 16:11:20
ba855727078770fc3a1b5a63ae92edb1,146bfe4003096bc16316672e59c6fb2e,5,,,2017-02-02 00:00:00,2017-02-02 22:37:00
0a94d7479cc2bb2113f9d08e5c2f7604,9e635c54c1b48e4a6c2dee84d2f4f11a,5,,Produto correto bom vendedor recomendo,2018-03-06 00:00:00,2018-03-06 23:40:27
4bb54472425f05a118ff9b476cd2af4c,34658a3acc2e95feb3382c78cbc1564c,3,,,2018-03-03 00:00:00,2018-03-03 16:58:23
b15ef5c5c9e0b7b07b42a5d1642d2351,0d1bbf582326272fa550ed829bd2e1d4,5,,,2017-02-10 00:00:00,2017-02-11 14:10:54
e724c0b0ea72526d2414e94ddf01f4ef,d20d521427100e96eb0298afc19d97f6,4,,marreta muiti ruim,2018-06-27 00:00:00,2018-06-28 15:09:42
23f46e27ea328cb087d9e1b3df719048,856d6b7354ca57ce6a2865c9c5e9e6e7,3,,,2018-08-25 00:00:00,2018-08-26 02:04:14
7c9295939d16622941facdabd257de9d,646410b7c77f0bae163c4d4cbe4d78de,4,,Produto de boa qualidade ,2017-08-09 00:00:00,2017-08-10 12:19:21
6f19f21c342d64f484be927a39ce421e,2dc89150e25e0d36a6b80cea3c8a1290,5,Recomendo,PRODUTO CHEGOU SUPER RÁPIDO.,2018-05-10 00:00:00,2018-05-13 03:29:59
7946f013d319572e1d8385c437e6e3a6,a9b132fc9b030211c2850f5495dbbd5a,5,,,2017-11-28 00:00:00,2017-11-28 15:18:43
a8249a6fdf42413464ff44b25d733e74,6643fcf7be174c77fb72dea37c92aa19,5,,"Empresa ótima,produto entregue antes mesmo do prazo,adorei...
Recomendo as minhas amigas de curso de enfermagem! ",2018-01-16 00:00:00,2018-01-18 19:30:17
9ca07b21d492e1893cee5df463c3a9e2,be13c8dcfef55266122ed7d751f92ce3,4,,,2018-05-01 00:00:00,2018-05-01 22:38:07
d03d9e2a41e2cf1bc7e5317f32b79532,275322de6426ec5071b219b77fba6a65,3,,"O problema eh que pagamos 2 fretes pro mesmo fornecedor de cartuchos. Ai,..chega um com 15 dias e outro com mais uma semana. 
Este eh o problema das lannister. Falta gestão junto fornecedor. ....",2018-01-26 00:00:00,2018-01-26 16:10:06
42980023265907f5f92672ef6e4aa8df,2f881be41e2ead562c1aa96d274fde55,4,,,2018-05-06 00:00:00,2018-05-07 00:20:27
0bbad48bedef849089540444c0c9cb9b,85ca51954c545536cf77a680afe11969,5,,chegou antes do previsto adorei,2017-06-07 00:00:00,2017-06-07 20:09:46
d1e8b08aecedbdda48798a7e867a58ce,9c57e2e7098196c6c6ac9d333b0395b0,5,Entrega super rápida,,2018-08-22 00:00:00,2018-08-22 20:11:23
88ac133f85795e2bc62839f7359ff3d8,58aa4a2e2d2b63972e1c4508ed5f7cd7,5,,"Só uma observação quanto ao frete, é caro! mesmo pra entrega em SP.",2017-06-02 00:00:00,2017-06-05 18:35:52
98d46adf4af42b9f840923efacd5adae,4079df924e51e553825e62f9f8995d59,5,,,2017-01-31 00:00:00,2017-01-31 22:35:01
8aebef30b1a2fea9e5065162993377a8,0c1f1a0595fb30e05d526ab83576cd24,5,,,2018-08-31 00:00:00,2018-08-31 20:44:37
a5ec2b46be4a3e0928eadb9fbc72dd91,c582a4926632a43d138711ca8b412ef3,5,,,2018-06-30 00:00:00,2018-06-30 20:31:56
deeec66ad88e6a4bab60f09242d4a0dc,df60585f4cb85bc7e7b6531f59920613,5,,,2018-07-25 00:00:00,2018-07-25 19:05:14
0006803d573e15ea8a16b6662dc712d3,f104033beebfd7e8f12217531c2275f9,5,,Entrega antes do prazo satisfeito ,2017-11-15 00:00:00,2017-11-18 02:22:01
fb52507c78b353d2d0284bd0394fccff,89c04d2250464948257c7dbd4e41c3cc,5,,,2018-03-22 00:00:00,2018-03-23 01:54:03
6d15cd38ba7be7940dc20252756cf861,5133357f704cf088de56cd5671858cf8,5,,Muito bom.,2018-02-02 00:00:00,2018-02-04 20:19:57
c740c68f3e2854748fbc190434925e16,058ac520863d0c0d57e3cf920de368d4,5,Ótimo produto!," A capa e a pelicula atenderam as espectativas. Ambos os produtos se encaixam muito bem, é claro que a película não cobre totalmente a frente devido ao ""corte"" 2D da tela, entretanto a capinha resolve",2018-06-06 00:00:00,2018-06-08 20:30:32
a849f8cfc1be67dcd0f033ce5453caad,d9c51e8f2151f049f14ba77dfe8513b9,5,,,2018-08-23 00:00:00,2018-08-24 03:19:20
2337fd6b94a35c4487548c80ee945bfa,3a53c89c1526bec25191f47b5ab57df6,2,,Meu produto está com defeito,2017-12-07 00:00:00,2017-12-07 18:31:42
ed85556eb71f556a73d2403b6a6c575d,5fc156541c3cea8af8784a46dbfcd183,5,,,2018-06-13 00:00:00,2018-06-13 23:59:33
7df9a2d960ef0b58b6bb1ca7e91e022d,947c4f07e94867a7344550a2b9969c13,1,,Sinceramente eu não recomendaria porque meu produto chegou só a metade cadê a empresária nada sexy da autora Deby Incour? Só mudarei minha opinião quando estiver com esse livro,2017-12-23 00:00:00,2017-12-26 15:03:59
1c2a44ce37f4d20ef66a3c4a1b6f974f,b2a7488d3bfedd8a8abd53fff6127807,5,,"muito bom atendimento, como sempre",2017-12-02 00:00:00,2017-12-07 12:23:19
3112afb21d6937fe445e151be731f9bd,57f7bb7d658b442616fce795fcc30146,4,,,2017-02-08 00:00:00,2017-02-09 07:19:06
96f847cba1f603068f5c3bf147cafd5a,b243fa91a6213ff97cc5ebdfb8e30a65,5,,Gostei da compra....e o produto veio perfeitamente.... ,2017-07-12 00:00:00,2017-07-12 23:15:09
5042844715eb6e208014991ab74ac8c5,ece7d51cf8bb9392bbef9c077bc32e62,1,Produto errado,"Além de receber o produto errado, não consegui efetuar a troca, devido a ineficiência do sistema, que não oferece ajuda suficiente. ",2018-07-22 00:00:00,2018-07-24 16:13:10
db6fe489c717947023e6306d5e7adfab,267cf5d5f5d44907ac3a107257c47290,5,,,2018-07-29 00:00:00,2018-08-01 12:34:13
1dad4f088ae37636482cfbbe7784d80b,9ffb8109facce85e8fca8e404bbc584c,5,Ótimo serviço,Recomendo essa loja produto veio em perfeito estado muito bem embalado.,2018-06-22 00:00:00,2018-06-22 22:03:30
c2dc76ac7f06a5e7b3d1d38f7d87f809,60b7a154dfbcedf1c0b7b294d0cfae7b,4,,Sempre comprei e nunca tive problemas com a loja. ,2018-03-17 00:00:00,2018-03-17 05:07:36
21073887b30d413f2e8b84e0224e1101,270c203303119d8cee340c3b736a8ea1,5,,,2017-04-06 00:00:00,2017-04-11 19:10:33
4b823356d3455daa0d5d53fb361db5d8,73de28dd75c1a15abc8a5fb46fb734b6,4,,chegou rapido gostei muito de otima qualidade vvrecomendo,2017-09-24 00:00:00,2017-09-24 22:17:12
b80213a0ca39b777280103a8697804b6,2f29cfa739331301e37ea8e0cc5c863f,5,,,2018-02-23 00:00:00,2018-03-05 10:29:57
e5a05882fa0490a4aa51468fd726734f,b2349a3f20dfbeef62e7b31baa22f84b,1,,,2018-05-18 00:00:00,2018-05-20 23:47:44
866301f3a20f0d27382a7a7c4a6dd111,0c9b19430ea3cf0e01b6686df953ad6d,5,,Agradeço a atenção com o pedido e agilidade na entrega,2017-06-28 00:00:00,2017-06-30 11:34:53
6b8453babc42e793fe0cfa4a3af46ef6,7916e8283be68b0f8c475ec68cf0f333,5,,,2018-07-14 00:00:00,2018-07-17 18:32:32
800a59e3bf75292c3855f20f2aa0c34e,4467dd578066b5d41c3c401cb0b3f628,5,,Ótimo produto,2017-07-27 00:00:00,2017-07-29 23:50:40
001a4411893b94d3f37d248e3586c63d,2e931584519b7ebc7b1a445a4f7cd8f1,4,,"Produto bom. Recomendo a compra. Entrega um pouco demorada, mas enfim chegou e está correto.",2017-12-20 00:00:00,2017-12-22 22:25:40
f74df6ce547eebb13c6c954e84dcd72b,fd5f72be11f7a4426a3cc9778f643272,5,,,2018-07-03 00:00:00,2018-07-04 09:46:46
691efd529599a398e106993d85836b64,c672b98a0a2c7259aefae3ac12397137,5,,,2017-05-30 00:00:00,2017-06-01 12:24:46
d3864eb9b3ade6685b99daaa0d316932,d6d7c431275f0029dcc3538850930046,4,,,2017-02-02 00:00:00,2017-02-03 04:48:09
aaac65fee32769a69e22e13613010c3e,0794929f95ad2d3371bf525e22a2603f,5,,super recomendo,2017-11-22 00:00:00,2017-12-07 23:51:04
d055795a562efffefe47ef81e5435322,20edc82cf5400ce95e1afacc25798b31,5,Muito bom,Adorei,2018-07-06 00:00:00,2018-07-06 20:30:17
fad06d1c48c539bc7e679befd224f7cc,65beeed06eb791b6c1026364455fdca3,5,,,2018-03-16 00:00:00,2018-03-17 20:46:11
ab9467b3dbd8135bf2ea697fb28e5036,3860898db238028285b1e05b5ab31238,5,,,2018-07-25 00:00:00,2018-07-26 10:31:56
28dcdf91b7878b376b189533d2c776d8,4947e751fe684314c040cac7a908143c,5,,,2017-08-11 00:00:00,2017-08-12 11:09:18
cecca98197b417197a3f92857c4d9d64,34f4394bcaeb05083b670513b73961c6,5,,,2017-10-27 00:00:00,2017-10-28 03:22:44
f266639fce13f7907e557a7be131277f,323dad8c483c7f8b818a825d257f4aa0,5,,,2016-10-19 00:00:00,2017-04-11 22:05:15
da5e0ff2a2090fc439c241af15e86962,44bba9f46db37145d420ff8e02b679a3,5,,,2017-08-19 00:00:00,2017-08-22 01:02:22
a747545b5f0921cdd6dfc1b922587487,ac0453dee118265767bf9c26966ccbde,5,,,2018-06-29 00:00:00,2018-06-29 23:07:40
7f710563d48903b146e72fd0c54a8f0a,0fafae9d817a5c3ce897f22d801b7395,3,,,2017-09-26 00:00:00,2017-09-27 12:39:38
5f7b06f58134e3aabde6b25b71c2331a,6bc6b07e448bae52d248c4df401d6157,5,,,2017-01-27 00:00:00,2017-01-28 11:10:19
da24723d934b4ba218ff0102450ebc88,b23014161ca1bc596a96e77112ee5360,3,,,2017-06-28 00:00:00,2017-07-01 14:05:51
39bfef38ccb8adc74a316d367a1aba11,4269e9f98b1e74f0732bc93de6aaca6f,5,,entrega rápida parabéns! ,2017-01-31 00:00:00,2017-02-07 19:09:53
e06a4c1173b7923d58db19ceb8764f1b,96a2b5167187b3cfde60cd245d421132,4,Loja pontual,Superrecomendo. Ótimo atendimento e bons produtos.,2018-05-15 00:00:00,2018-05-20 20:27:19
2b81395b80e5850a185f45813b24c098,218420c55032b9db817c110f06b85fde,5,,,2018-07-31 00:00:00,2018-08-02 23:47:35
3551f352e9e5f5fe3edce0311a048c64,bb06ae08acf9f68602e0b913282b62bc,5,,,2017-10-27 00:00:00,2017-10-30 11:20:51
9d7b273bb5d425f3a8926eac051073a1,d6b1ddf39835687468c4477c1aa9cba0,2,,,2017-04-19 00:00:00,2017-04-21 23:18:00
0566e05eaa861a73fbde74bffa685b38,71551c2db02730406edd5839f5e2a53b,5,,,2018-06-12 00:00:00,2018-06-14 20:01:03
f2131ed8573fb4c13d9078143cf411f2,f9cda286ca417062ff15bf5d63fbc70c,4,,,2018-06-07 00:00:00,2018-06-07 23:49:46
5e2ed45ec1cb21e019a89ea9c71747a8,32219b8b14d2170cb4d16cf24c5d6025,4,,,2017-11-01 00:00:00,2017-11-08 10:55:41
ec4d1e6dd7417db7645f399842964d02,6046bc15c899ee2dd06d1a235f9f61c9,5,,,2017-09-04 00:00:00,2017-09-04 11:03:56
b39f6c1d427fd4ef076263bcc31ae03b,e138166b54ea9292f505d07a4999db88,4,,,2018-06-15 00:00:00,2018-06-17 14:48:34
8e3a0687d52552dc06b0cdb80cde61be,417abe2ef3ebf13d2ce7606ebadbf834,5,,,2017-12-04 00:00:00,2017-12-10 23:03:00
89bb34bfa74a22b558bc17ccc2333f3b,e9bfa573b732937bcce0dfee81481cdb,5,Satisfeito com a loja,A loja entregou antes do prazo previsto,2018-07-28 00:00:00,2018-07-28 15:52:42
82c127d71e95281fb354851457fa6ccb,5d5bb894cb86c2b5aff1513531e63055,5,,,2018-05-03 00:00:00,2018-05-04 01:37:27
de1ebe4fdbca762e522ff43f1ca66ace,ef5025f48c69b9d957744cd6d6f9b662,4,,,2017-12-20 00:00:00,2017-12-20 16:14:29
ee88b8fcbbd4562b07efcdab574eb34d,67f8f676db053a060da849e36ee9da6e,5,,,2017-06-17 00:00:00,2017-06-20 00:32:27
3fe5bf0c6ecae2f2b6e45f1c0048c603,28e5cef9cc61c5abe004567dca778bbb,5,,,2018-02-21 00:00:00,2018-02-21 13:30:12
77be3fdbee65f7979e56d619d5beb7e9,6509efe5f7fec11ff1e44d9232103a0e,3,,,2017-12-20 00:00:00,2017-12-20 22:41:22
91a4a7edf1e3d42179bdb7ed51d02e8f,8bd792653995ae5a2e101887d982b39a,5,,Lindo! ,2018-03-20 00:00:00,2018-03-26 12:43:35
499830c89972bcd5192f6edb5b248d87,b4041542e5f602fe3d4f9f11dfcf709f,5,,Produto entregue dentro do prazo e conforme o anúncio. Recomendo.,2018-02-07 00:00:00,2018-02-08 11:14:53
c1a99837599f1377f2f167e88c8ccad3,5d5b8c94e2bc6b963da5af8a4b02bf08,5,,"muito bom, veio certinho",2017-02-09 00:00:00,2017-02-09 20:49:02
56e6b0bbaf936b9edf12c5323be7be65,9dec1346eeebe57e1353b6c2dbc06f94,5,,Adorei..... é linda......e chegou antes do prazo...,2017-07-20 00:00:00,2017-07-21 00:39:50
1fdd9a74fffe9d662068ff2e16c22e45,e35b67f3b9778766f35d9d6e11af1761,3,,"O produto chegou no prazo e em perfeitas condições.
Mas achei o produto com uma qualidade inferior do que esperava.
Produto vem com nota fiscal e manual, é original, mas é fraco.",2018-04-11 00:00:00,2018-04-13 20:59:45
e808e8c5cfca3f0c5be14df3183bcd59,72effeb8a2be92644dddb7dbf5df144a,5,,,2017-10-19 00:00:00,2017-10-20 13:12:28
6929283f2609118e9c8941ed9d2dcd12,582ecddc80251f58adb996143e81d6e0,5,Rapidez,"O produto chegou super rápido, é bonito e veio muito bem embalado.",2018-05-22 00:00:00,2018-05-22 21:49:45
c1f7f4ce21a3a99e689cffc2ae9dc724,6c8b41df796056dfa59f256768d11654,4,,,2017-02-15 00:00:00,2017-02-16 13:24:30
16168a5dfbfcaea056814f208d73b093,14b4ad3f2983687b458e0118ab3c1d5c,3,,"Eu sempre compro nas lojas lannister e um produto nunca demorou tanto pra chegar , mas devido o fato de ser vendido e entregue por outra loja , acredito que seja por isso a demora .",2017-06-28 00:00:00,2017-06-29 10:26:51
38324b179d74631345c76949f47e93ff,16a50f1f11876372829112e48b471e3e,3,Não chegou ,Não chegou o meu produto. Quero saber o que aconteceu? ,2018-05-04 00:00:00,2018-05-04 14:54:13
fa310d7119049166cf8c75c1bbafefc8,46081612169925ef8882b3bbf1c5011d,4,,,2017-01-28 00:00:00,2017-01-31 14:58:30
9aa56c4a4a76ad698ee854d2f8794d24,3443749ed04d4b33597a21fc22e24a4b,4,,sempre gostei de comprar nas lannister. uma emprese séria que se preocupa com o cliente.,2017-09-30 00:00:00,2017-10-05 20:29:45
2c2933afac8f52c78938c202f9be012a,e694b95a2d201f01906a8dc752659d49,4,,,2018-03-20 00:00:00,2018-03-30 00:28:11
9ada593d388662d4f28d181a302539ac,71e65504647428c80f14efcc2a85f666,4,,"Não há como avaliar o produto, pois recém o recebi",2018-02-22 00:00:00,2018-02-23 10:37:55
a2698b0a465207be657d2138d6755bd1,b4924647a0523d99010023d68b76c18d,4,,,2017-02-08 00:00:00,2017-02-09 14:55:11
f13eda1ebd41652235042c43b10c1f1a,c4c4d6af87a38d11687de496459bb99b,2,,"Bom dia, sempre comprei pela loja online e é nunca tive problema,mas até hoje não entregaram minha última compra",2018-03-25 00:00:00,2018-03-25 10:40:00
8e1c2e233790000fdc533b9ed1b063e9,2d2bd0487565c23b4bcc0b29a41da55a,5,,Tudo perfeito entrega rápida ,2017-02-09 00:00:00,2017-02-17 18:29:28
71b1b6026c68a546491027142624fa07,0dac831729de109c5f878882316eb43f,5,amei,Produto chegou antes do prazo tudo certinho amei obrigado ,2018-05-01 00:00:00,2018-05-01 21:50:03
5d4b9d006f25dbfdcb801b524747b172,e03758edc76b636006eb8f5bd648ca90,5,,otima,2017-06-20 00:00:00,2017-06-21 23:01:49
b655ad076c690b8d8cd608642b583588,9da2ef3ac1a6d4e6140835f3ba6e3f86,5,,,2017-08-15 00:00:00,2017-08-18 21:21:51
958787b5cbb6615e90b5215ec191826b,807d573c36fdd71594efae0ca1db554e,5,,,2017-07-30 00:00:00,2017-07-31 08:36:59
dd58af2639fcadea69893ec0ff94bdd1,bf57d88907afc221e0eeb3e12da03657,5,,,2017-10-27 00:00:00,2017-10-28 02:02:21
71374c09e48e895afe7c772c9bd41ac8,d6ea23d51e0f2c7ba19e7c5092db3088,3,,,2017-12-27 00:00:00,2017-12-28 10:03:24
3ed39aae04dca5211edd1cecca65b29b,8ef4bed1022c0f48012b556559e43f06,1,,Não gostei produto Rui mas é tão ruim que nem entra na CPU veio com problema não gostei odiei nunca mais eu compro nessa loja me senti muito enganado. Espero não cair mais nessa. Mas gostaria de devo.,2018-04-14 00:00:00,2018-04-17 01:11:06
7f45121d39a6318dff3f2fef124e542a,011af0959ebf2b09a062867811dc63b5,1,,"Qualidade ruim, produto não é original.",2017-08-10 00:00:00,2017-08-14 17:02:38
c2412572429234b36c2a65e9ca2da437,c63d4cef8337f938b3bfb0b96b7b1242,5,,,2017-05-23 00:00:00,2017-05-24 13:40:26
0a6fcc640c84d4cd543a1cbe69753fbe,547bbd260d2956c4b7eac06beac85ba4,4,,,2017-04-19 00:00:00,2017-04-20 11:35:03
f54d69b0d7cc51f4d97d52e80bf405a1,f5d82c89a8e580c89d24d874bdb6da0f,3,,,2017-12-23 00:00:00,2017-12-23 21:55:10
cb802825c90ebda5c463833c0bdbb1a3,97f0469c4d923101d383461947f575bd,5,,,2018-06-09 00:00:00,2018-06-10 16:21:54
d03c7eb151e07bb78e3e45e722dbfdfa,0087889a1c836be17f58afd7f1729a4a,5,,,2017-10-25 00:00:00,2017-10-25 14:12:31
b5e0d493a7d4c7cd0ac6c4ea2f2600e7,407c6c87763b40c6ecbdf86ce3e07d76,5,,,2018-07-13 00:00:00,2018-07-16 02:25:33
773a82f7f1628a047a621526db0351f7,a3ed04e61d69f848fe6fbc4c904d497c,5,,,2017-07-11 00:00:00,2017-07-13 23:20:14
226ba46ae4b953bb6423960120aa9900,77c34615b2963e4bf4b48d59da0eb5e1,5,,"Produto sem detalhes. Muito bom e bonito. Alem de que a entrega foi muito rapida. Estava prevista para o dia 17 e foi entregue dia 01...
Produto resistente e bem aderente.",2017-02-01 00:00:00,2017-02-04 09:20:08
dda76ff0e198f3a5c3f46593265b6c57,ff16d15a9ee89f3b65af595178308532,5,,"A loja foi muito atenciosa, veio muito bem embrulhado, fiquei assustado com a rapidez na entrega, muito bom.",2017-10-18 00:00:00,2017-10-19 01:40:18
dc1c8052c7bde16f4e3605ff571b52fb,3e46d4c127db26ad30843bd14fcb98f7,5,,Eu comprei três bases e só foi entregue duas! Estou aguardando pra ver se vão entregar a outra. As bases 221 e 222 entregaram a base 223 n chegou junto. ,2018-05-01 00:00:00,2018-05-01 21:30:03
a9e61054a0aac84e3346b255ef3d4e93,78c0b2e524faf734fa7ecccff7e492aa,1,Atraso na entrega ,A loja simplesmente não entrega o produto!,2018-06-19 00:00:00,2018-06-21 17:02:19
ed83ccbceb8dd5fadb4200d248619205,5b3f436dc53597ba05614a473a03783f,4,,,2017-06-23 00:00:00,2017-06-28 16:09:26
26ec162439bbf3647d2a79cd4f458a69,e3fdb4acd9e17c8b90cb9632990ee786,4,,,2018-01-09 00:00:00,2018-01-09 20:23:58
1ed235b461315d460bd826b82ded24f1,eeed16ea7d99f4531ac2aefa8dd79368,5,,,2017-11-30 00:00:00,2017-11-30 14:36:16
cb8a360d6a237b9fa5c4f89667fc4e2a,0f2bbeda958833e5a67ceb4368f282fe,5,,,2018-05-15 00:00:00,2018-05-15 23:27:25
7912aad1fdbc1785273a7979e8217e3c,84d965c9482e83de042bcb2ed7330012,5,,,2017-10-04 00:00:00,2017-10-06 04:16:58
6207c8c1b3c782f6b5e1218c4df6b87a,4152a677b7acfa7fdab8dc8e1dd436eb,1,,,2017-02-03 00:00:00,2017-02-04 01:16:45
01415c26934d97f56f4b7b40474b817e,ff8f8f9123b73422b7a732a02483d9e2,5,Ótimo ,"Gostei muito, ótima qualidade. ",2018-08-25 00:00:00,2018-08-28 00:23:23
d223527addf6e17b6978d2e9b982d26f,01094e169d4b14edaf6954eeddb83633,5,,Perfeito ,2017-10-18 00:00:00,2017-10-20 23:41:34
4357413bb7044dcb7e0665589c15815f,9f451cb2b129195fb4006bfe9f9882ee,5,,"Ótimo e pratico ... Leve para qualquer lugar e treine 
.",2018-02-24 00:00:00,2018-03-03 17:08:17
4428e017f22c09c4bb8dd3700cc521f7,1af47f4805c833e818afbc304a27de73,5,,,2017-06-27 00:00:00,2017-06-28 02:12:54
fae0ad298d39766d5492150c1c010910,9f6fd425786e354166bb381926773047,5,,"Tudo ótimo, produto chegou bem antes do previsto. ",2017-06-14 00:00:00,2017-06-14 20:08:08
f4075bff3f71fe772ad2555c3b545295,29e438b97b6d677fa72eeb836259ac4d,3,,"o produto é bom ,mas senti frio da mesma maneira ",2017-04-19 00:00:00,2017-04-21 19:56:45
53104a0fc44cb3349b50c3bb5e66a8c4,deb805b3a0cb1a415c66ddda0f92e0a0,3,,,2018-03-21 00:00:00,2018-03-22 11:57:02
3f2de81b62562b6567418b8e138e8b74,67c2939389900ee5ef95296df8691336,4,,"Eu sempre comprei com lannister. Com e nunca tive problemas agora recebi o travesseiro mas não recebi a manta quero saber porque, aguardo resposta",2017-11-01 00:00:00,2017-11-02 00:30:34
5ebdca52ca19b86af37e26fb92880133,1d80070bfe715fe0b628207297d72eaa,4,,,2017-11-14 00:00:00,2017-11-15 09:50:27
66f939cc97ee6274ef19b18edcb450aa,2548aa48f7db62d5579e7e20ae85ca03,5,,,2018-03-09 00:00:00,2018-03-10 20:24:26
72f4aa05001a2e69078401a8a7fe7502,3068ff17db7d22d0a343f06ae2687c5e,5,,,2018-03-22 00:00:00,2018-03-24 01:00:06
0785a492c4c477245e84a7edd46c5f1e,84b91dcef1e21e8151a9618564095dae,4,,,2018-04-18 00:00:00,2018-04-20 02:46:28
38c52bf69505839850e14836782c9c7e,08c3c0d49b3cb66764234e0fa980e850,5,,,2017-12-21 00:00:00,2017-12-26 11:51:16
c213c5fd42f6a0a89d203665f0fb9a7e,2f972348117659ed047953f60257c3cd,5,,Produto muito bom. Loja como sempre surpreendendo pelo OTIMO ATENDIMENTO ,2017-09-20 00:00:00,2017-09-21 16:16:39
0a766acfa2650812a939e0debc8b5725,ecf4a4c673715759b55b3be3a8ea99b2,5,,,2018-01-18 00:00:00,2018-01-20 22:37:25
8566d94f7bf3bedbb4ca6a29725fc382,1ebeea841c590e86a14a0d7a48e7d062,5,,chegou antes do prometido,2018-01-27 00:00:00,2018-01-30 19:18:27
722385a8096f0fc3ee9605a67278392b,c90735c78d397563ca13855251a0b5cb,5,,,2017-11-04 00:00:00,2017-11-06 15:52:35
617b68ac67fca22b4cf34a8f539fa3a9,0f881abda9658ce5c28cca333059224a,5,,"O Produto é bom, minha filha adorou, o material é um pouco frágil, mas atende.",2018-03-25 00:00:00,2018-03-26 15:38:09
31141dfed2926370722234f0f344ac70,96867881a8d245ffae18dd2f1c4898d2,5,,"Chegou em perfeitas condições e dentro do prazo estabelecido, produto simplismente maravilhoso.",2017-02-09 00:00:00,2017-02-23 17:55:53
cfa8db0247d20bf4d194eb2a3ba33235,d18ed2885838f867171afaae0176226a,4,,,2017-09-20 00:00:00,2017-09-21 03:15:08
867e3b32d44948073defb7fb98bb5a45,13c208c7221faed9cb7ac326a6f873da,5,,,2018-07-31 00:00:00,2018-08-03 19:42:51
074632dc428df290e9f4186611a43016,25857521bead5be64bf8305c71db1fa2,5,,,2017-09-20 00:00:00,2017-09-20 21:50:56
6766bcb8a861b0304e210d952ad6884a,5e7a884a951fb8fa7f6596c513bd8fa3,5,,,2018-08-22 00:00:00,2018-08-24 19:39:30
62e2aaccccfa094e91259f4202ff3950,1d7a6b5b87fcf498f7748f4790faa745,5,,,2018-01-04 00:00:00,2018-01-04 19:41:49
8a47eab7ea3060310319c51f274603d7,8100c4de96dbf94a93a19c78c69a006d,1,,Material muito fraco,2017-06-20 00:00:00,2017-06-21 02:54:42
6b33effc78d078720eb68ee76a393272,15a87de4d6c4996cbee619479ddfe71e,1,,"Tentei fazer o cancelamento do produto e até o momento a solicitação está em andamento e o produto ja foi entregue, agora preciso troca-lo e o serviço não está habilitado. Péssimo atendimento.",2018-03-21 00:00:00,2018-03-23 13:58:18
cb6b5f55da128bdec95389796e7d6cc5,a2a14c3ce5305a2e20126dac4cd05a1b,1,,A foto do produto no anúncio é cartucho HP 933XL original. O cartucho que mandaram é um falsificado. Tenho fotos dos 2 pra p,2018-03-10 00:00:00,2018-03-12 19:52:02
80c7598f683137a614f9704e4274d715,696e7a79f34c788e7b79e59e35756fdb,5,,Produto mto bonito! Recomendo.,2017-09-07 00:00:00,2017-09-09 00:20:41
aa0aefb73af27de135df1f14af576264,690199d6a2c51ff57c6b392d7680cbfd,5,,,2018-04-13 00:00:00,2018-04-17 17:23:15
9d18e11e7961e731b494fe0ea15abb3b,b25e83776a0bf6440214b6258416e4e1,5,,,2018-08-07 00:00:00,2018-08-08 01:22:02
bcf35822835fd5eff1fc508d05837051,c8375e79155a5bfc564dd3da053bdd15,5,,,2018-06-30 00:00:00,2018-07-01 22:26:15
1d2783cf7a04a2b804081fdf2729db11,abbbf52551bc34cd52a7851c06dfca90,1,,,2017-03-18 00:00:00,2017-03-19 18:02:42
f4af1cd9b0fe60dd1b3bad9096506108,49410e2fb311cf8b70baeea98a3cdbf1,5,amei,perfeitinho,2018-08-14 00:00:00,2018-08-14 22:04:13
a28bd9d897adf808675349a309bff3f5,36103705d12a975b5d3355253253f7c1,4,,,2017-11-23 00:00:00,2017-11-24 13:43:32
4cf34dc829ec80f501a9d0ab4824c543,efc734aa0895a5973f3e783a742f1119,5,,,2017-02-14 00:00:00,2017-02-16 18:50:21
651b39adf04c4745de144f2cfca454b1,6e63dcc83ec280b72783617737ce886d,5,,,2017-12-08 00:00:00,2017-12-10 12:14:29
40a950cf4c47ebb435f4a5cfea4b3656,3a667f6f00042dac8b2259c2b2c78869,3,,Aproveitei somente a capa. A película não é a melhor.,2017-12-08 00:00:00,2017-12-09 01:42:28
e57f878a05d4596d05a9d282052cc98e,f5a46e0d0f766ca0dd73ed331959ce00,5,,,2017-12-06 00:00:00,2017-12-07 11:17:15
16a71b16b429616c46b52cf139b9bf95,c301f64860cec992f8d9c532fb00f867,5,,,2017-10-14 00:00:00,2017-10-20 00:04:14
751687e8cff49a56b8d369bb39172123,89919c333a05c327cd25b1ee32ccaca8,5,,Entregou antes do previsto ,2018-02-23 00:00:00,2018-02-24 15:36:26
8170dbadf5781b0360e2867464080082,446fdc806b0c1bade7477c8adb83b9e7,5,,"Produto de boa qualidade, fácil de montar e espaçosa! Minha pequena amou! ",2018-03-09 00:00:00,2018-03-10 09:46:13
432b1d93dcd271885788f8c746785adc,09f8cd8a102b3f3fa2d5db0c6aee489a,5,,,2017-09-29 00:00:00,2017-10-02 18:30:52
5b7ac0ff000ad5b01af8f7a1a66f02bd,c0ed1e5690afee470f14fca47046cffe,5,,nunca tive problema,2017-06-01 00:00:00,2017-06-05 20:27:08
be384c750c6837d8b615cef1972f0dc6,1200ed0c118de7e4524b65918a42c990,5,,,2018-07-28 00:00:00,2018-07-29 05:09:40
a4a5a4fa2b636e5d245b21ff977e29db,2373908388bcaa9a225c34e33d9e9f0d,5,,"Gostei muito do produto.
Atende as minhas necessidades e tem fácil montagem.
Recomendo!",2017-11-23 00:00:00,2017-11-23 23:50:46
6cf24c9e6a91f64bd4419d58fca447cc,c44a0e141b356b764ccf469f82c3544d,4,,,2018-01-05 00:00:00,2018-01-08 12:47:59
c7457ab957071b8f71eee269d102f883,eff815e07af90858dc1de0952b153b9d,4,,,2018-08-10 00:00:00,2018-08-10 11:00:29
240d9c8c9ca781eadb396239bb200bcc,be65bdeffac02d6d8d3b667875e6da05,5,10,"Entrega rápida e segura..
Produto de qualidade ",2018-07-28 00:00:00,2018-07-28 19:59:23
72e3c64ab10976877eac371141d08c71,20550ea4a86fb3f3cc065b2598ebb01c,5,,,2017-02-09 00:00:00,2017-02-13 22:15:38
7078799822a6ebed2d48773d567c4235,c13f61a17915a48e0741b02a6b7a3fe8,1,,"Entregador dos Correios foi grosseiro, ficou berrando na porta de casa, me disse pessoalmente q não estava nem aí pq ele era concursado e, por fim, o produto chegou detonado. Nunca mais compro targaryen.",2017-02-03 00:00:00,2017-02-05 23:18:20
afe2ac92a64a4ff907553a3906b5ec8b,abddcf171f361ed313e1f191d71d046a,4,,,2017-04-10 00:00:00,2017-04-12 03:59:22
14b33ac24083bd93da570659da1630af,d0fd9595949095f91592a79bd26a2126,1,,Pedido não entregue (prazo de entrega não obedecido),2018-04-12 00:00:00,2018-04-12 15:43:55
524b32c45c6e03c198984e38522f559f,f2dd5f15184c73c0d45c02941c7c23d1,3,,,2017-01-14 00:00:00,2017-01-15 12:48:49
e6bf7559e986270393a6679a1f18cf99,27507e5396fa8fdcce6c0b40fd77dbc2,4,,,2018-02-03 00:00:00,2018-02-09 21:20:49
ad44154536b6ada339db4dd4e7ff7d70,6a572211b95b6cd2453951ff6aca653b,5,,Excelente produto!,2017-12-03 00:00:00,2017-12-04 12:01:48
78ce14a2e9f455ba981635e1374b0f1a,b0c24ba8fd93348465e99a9cfa27db35,5,,Entrega antes do prazo,2017-10-21 00:00:00,2017-10-24 19:11:00
9c5172979e997b7cd32056cffed19b89,50eff1a80cf88f66d317710f1b036b36,5,,,2017-04-14 00:00:00,2017-04-16 12:14:49
6470856f3a61e76acaa37fcad969764a,96d3d32268dac080180a2da0140a709b,5,,,2018-03-14 00:00:00,2018-03-15 09:28:51
e4ebf47662008adbcd78520b1824197d,2591dc67686367f1aa9b8f09497f8bde,5,,,2018-06-13 00:00:00,2018-06-13 16:28:03
283b56e90f01156f166233ff5fc8f06f,352c07bd942e2c6def34464d7d84469a,4,,,2018-04-12 00:00:00,2018-04-16 17:54:37
a353fabb14fe43744d4fda8896c50832,f2e62e5ce667ba626a17ef195d775796,1,,,2018-06-06 00:00:00,2018-06-09 22:46:59
855caddf244b88b6d99a9ae1064c725d,b8b755f4dbfb058b20c5c4ef662ddc9f,4,,,2018-04-19 00:00:00,2018-04-23 13:08:09
732d5a1c973ec3bdd8141d39ad6b2cc0,c9d0365e799572906dd4a83e17d1b6e5,5,,"Achei ótimo, era para demorar até 20 dias, chegou 4 dias depois que meu pedido foi aprovado. 
Ainda não testei, mas pelo que dizem ele é maravilhoso!",2017-02-08 00:00:00,2017-02-09 14:57:42
44eb89643e806fc34dd721a8eb2758bb,7f4ff75bb83f26aec27c8ccc039a449b,5,,,2018-05-12 00:00:00,2018-05-15 00:36:14
f1c83b1bc7e0ddbad6ed57a3503eb1cd,88f4847c75e52df56f47047103f4697d,4,,,2017-12-30 00:00:00,2018-01-01 01:33:48
23abfba7041fe3f2c57582a34fedb3e6,cead26525980a4c3b2709a02342422c5,5,,,2018-08-01 00:00:00,2018-08-02 15:22:34
8bb7659d3109301348f05832602fc13d,177b06f07f7d57b07c732247e5f3a179,5,,,2018-01-31 00:00:00,2018-02-02 23:37:54
c2abd5cf0b89fcfb964f46b6b6b9e0e4,1573c1514d9e6b02151d3f7a1e9b0b20,4,,,2018-02-22 00:00:00,2018-02-28 20:49:29
e19f9824bd7c140c8ef2ab5ab6b39217,052523fd2c735b15cb107afc0a413bc2,5,,,2017-02-07 00:00:00,2017-02-09 17:02:23
714d814176d4bf06f54c4d17d57ba256,2a80be7c365bb224ec513f04f13c9f29,5,,,2017-03-04 00:00:00,2017-03-05 03:01:56
a5ac6f556a3a9ad8392f9d911f354fc0,ba57df46d6c7801e304a57084265bd86,5,,,2017-09-28 00:00:00,2017-10-02 15:25:30
f771414e31d34a8b3d8c41fe357362ad,426d4272fc71353cab0d91dc2658b066,5,,Gostei muito do atendimento rapidez ,2017-08-16 00:00:00,2017-08-18 23:55:47
5acfbbecbf341e4de6d0c301afdbb080,76bd9ce8aa3ce93bd913f3ec17f66790,5,,Produto de excelente qualidade e entrega bem antes do prazo estipulado.,2017-02-19 00:00:00,2017-02-21 16:48:48
e56f04e51bf9a9b801e2f26154b94d08,f814e911eb0f9834305ddacbaa7e83e8,5,,,2018-08-30 00:00:00,2018-08-31 20:23:09
a6aa76a7e7d8d5cc16f841cfb1619dbc,1c3f752b9a4d09bf1e016439a427d5f8,5,,,2018-08-22 00:00:00,2018-08-23 00:52:09
ae21707706b8fac3d9a24738394588bd,a0e645abd6eb15b02cdf8a5af28ba8f0,5,,,2017-03-21 00:00:00,2017-03-27 12:38:25
0cf37e573f8d6bcf7ab8798351f0b865,387016f36a926f6d861f812a8aeccffb,3,,,2017-12-29 00:00:00,2017-12-30 01:27:24
f602128782e2e5ec00bed527aed42d24,3dc83811b95fef30cdbfcdae61bdb25d,4,,,2018-02-16 00:00:00,2018-02-22 14:10:02
18a4d17e679c05c07d5bb535b8515359,372fc04e6d43eb870979226848fa93a1,5,,"Gosto muito disso. Comprei, paguei e recebi. Simples assim.",2017-10-04 00:00:00,2017-10-05 10:12:08
c9f5681d4750acad613f274ab24ef40b,0f016423033058b7bef153a01ff9100b,3,,Kit cartucho hp original 122 XL preto + HP 122XL color,2018-03-28 00:00:00,2018-03-30 13:35:54
95de9f9425b71575ace2a5c284325be5,9325417ccf2008bcf613acffa684a24e,3,,"Realizei o pedido dos dois kits, até agora só recebi um,o outro ainda não chegou.estou avaliando como sim,mas posso mudar caso não chegue o outro kit.",2017-07-25 00:00:00,2017-07-27 12:57:32
a7941ed6544a15e24dbf3e546f20fd30,678b28f078641e74d50be86b4ecaec7e,5,,,2017-02-02 00:00:00,2017-02-06 12:35:09
24a04aa019228b6be05f59401c5f501b,7110bcab44594321876407867f1fc66e,5,,"O fabricante utiliza a plataforma na internet da lojas lannister para vender seu produto. Resultado: facil de encontrar o produto, preço muito bom e entrega rápida. Parabéns!",2018-02-01 00:00:00,2018-02-02 22:16:58
d8791b10926ff942fa585aad2d1df39a,317bfcd79627d89d54a917da6e066beb,5,,A entrega foi rápida e o produto estava correto e dentro do prazo de validade.,2018-03-18 00:00:00,2018-03-19 12:47:16
96679f0bf847d7b25857a753a4cfc740,a8cc5640bb6e6bf0280850917666c4d5,4,,,2018-08-28 00:00:00,2018-08-30 18:21:02
9d0b8ea038a3bca760a4e46217291c01,9c5548e522bd06824106a8713a019e1b,4,,,2018-06-12 00:00:00,2018-06-25 17:15:19
25f1d69f593e46a27af8531b5501ca01,2bcf195f4b476e9e1a4bd6d139db37ea,4,,,2018-06-07 00:00:00,2018-06-08 00:32:30
602f4f13bf6939dad0562a30d38d514a,db5aee77fcd1883e2dd15e342cc42493,3,,,2017-05-05 00:00:00,2017-05-06 01:37:25
2826553f5ac56568f1c909bf2d96672a,9d19b33124e905478b868d1eb916a01a,4,,,2018-04-10 00:00:00,2018-04-28 19:39:11
b6d4b9f58517f4d6000e70962dd39afa,6460c57b49a7ef155f5f1588ef5b4e60,5,,,2018-01-18 00:00:00,2018-01-19 09:34:43
0816ed9e2dfbf75dbede67066bd91bee,db5e341b9a765a33fd41da0b3f0944dc,5,,ótimo produto,2018-02-23 00:00:00,2018-02-26 11:11:11
5cb1357a4afe571b0ad97cde218dc08f,aba3d283b846a03d398d549db17b649a,1,,o produto não tem efeito como descrito .. vem num recipiente de acrilico então não da pra saber se é original.. não gostei,2018-04-11 00:00:00,2018-04-12 11:55:27
6cac69bf2bc5177c98bf41a5e4608621,164f61f77f7f2a8c90a1e382606d53ba,5,,,2017-12-07 00:00:00,2017-12-08 20:04:30
e13e0bbc9acb96d3ac85911509d22504,43c1be92476a64a1b407df92c9a8c903,3,,recebi antes do prazo; o produto original otimo,2017-08-30 00:00:00,2017-09-01 02:33:39
fbbe8c0a1a0924dc569327f0a9a21a9e,b107eb8ab6fb9b94db25911d4a2b378e,5,,,2017-09-06 00:00:00,2017-09-06 21:54:57
fcdf17e5c3272d4b55d4f29b0c508d6b,1bb74bdf991ecc937ab8901c6b412a24,5,Imagem da imagem falsa ,"Olá não gostei desse produto 
Não fiquei satisfeita
Na imagem é uma imagem bem viva
Chegou a imagem apagada
E não é tecido mas plástico 
Não fiquei satisfeita ",2018-06-21 00:00:00,2018-06-22 00:23:21
a0c63ab67e501925657f5260f094fc70,c818ed0d99c7998f73659bd934936177,5,,Muito bom,2017-02-14 00:00:00,2017-02-15 02:47:15
6d6d11db5d3a5b4890c78f357450dc02,0cae3692c0412d717beb36ce3faebcb0,5,,,2018-05-11 00:00:00,2018-05-20 21:51:32
b7d8c00bb92a5baff6f72bbebaacc973,82c997b659ae33d1e56c30e028bd7591,5,,,2018-05-23 00:00:00,2018-05-25 18:13:59
b7b89f7d333509e26e9492d79f9d3719,782b00205051ed11c71726e9554e788e,5,,"A entrega foi dentro do prazo, bem embalada e a empresa comunicou todos os passos da compra e entrega do produto",2018-04-04 00:00:00,2018-04-04 17:09:30
936696c949d42829c20c333a245daf19,d11fd4395b314a358cc155ea5c525c07,4,,,2018-06-30 00:00:00,2018-07-04 16:52:47
9e762eac70dbcc98d3f6dd63eb988079,8d9a9808c4a5546adb15d524d6ab2e91,1,,Prazo de entrega muito longo,2017-02-22 00:00:00,2017-02-23 00:56:46
3e0ada847f698b9fa15cad7d88ce25ee,09c55723561623b19ad72cf0299d58bc,5,Otimo,Amei,2018-08-30 00:00:00,2018-08-30 10:22:04
2e32f58371e2cd3ca69ed75f3e05e7a7,d00fc126358622ba5ae0ba1a334b3bc5,5,,Muito bom e eficiente eu recomendo ,2017-11-08 00:00:00,2017-11-21 10:26:28
977b8472f81796d64b73e31f8420bde2,920660e6627be7877e8f70d72c8e398e,5,Ótimo,Eu só compro neste site tenho segurança ok,2018-05-17 00:00:00,2018-05-21 01:35:27
ba92c1a74a13408011b2337085741cdd,fae98fd8dd9729af2c8c95e16f3719a0,4,,,2018-03-06 00:00:00,2018-03-08 16:20:25
300295c8e14b6fcaa5d0c99f7d400a18,256aeafecb4d20915af4655d87085173,4,,,2018-07-13 00:00:00,2018-07-14 00:19:25
9b152f254170283b627d339015b7d773,5a37429384be05ca14780e4989543688,1,,"Comprei um produto como original da Samsung e ao receber, imediatamente pela caixa percebi que se tratava de um produto não original. A qualidade é ruim, alcance fraco, som baixo, ""falas"" em Chinês.",2017-02-07 00:00:00,2017-02-10 16:35:10
f64d05f14c88bf6c67aee6079d053f9a,ae162713f33901220faa2a22c2bdba45,5,,Cadeiras ótimas. Excelente material.,2017-02-15 00:00:00,2017-04-27 14:09:03
f7652e6c3fd1c732aa4f13716be50e48,27feef8b6702f1d6ccdffd697e7f4334,5,,,2017-10-11 00:00:00,2017-10-13 10:29:53
fea74f6617874f9fed2967ca99cd132c,1676852853bb81a2a74bceb23c87ea44,4,,,2018-05-04 00:00:00,2018-05-04 23:58:48
93d7f3c6d3c738d59425eb01e8b0afbc,74a73605b5d8e00f1692a308a2ea566e,5,,,2018-01-24 00:00:00,2018-01-24 20:24:11
b669bebfbda06f210ec2ee703296fdf3,12fb5d0cb33d4e9aa4d07b4400346153,5,,Recebi o produto corretamente.,2018-01-30 00:00:00,2018-01-31 02:07:39
c20ad7fcb309a26933efeffe53d47d6f,d695ec0f70b323de0ce4eda82582faac,3,,,2017-06-13 00:00:00,2017-06-13 23:07:55
18d8125fd7a7c960ce5c4c08f6e66216,a37d2d7219fd59058812f25e500a9a59,5,,,2017-07-08 00:00:00,2017-07-09 11:23:45
15b7c395ee7fe8c4350cc525dd6b551c,07fa3b6d7ec7fa27de9d00bdc93d36cf,4,,,2018-07-31 00:00:00,2018-08-01 06:05:05
54c3096e4928cc7efacae058421f558f,6b64cb311a0d5baa18bc37ead02d657c,5,,,2017-12-19 00:00:00,2017-12-22 16:40:46
a4ee1890b0d8204714b26549f75e5482,2b98d5c9b1969095e65f74308ae2e861,5,,muito bom o produto ,2017-02-07 00:00:00,2017-02-10 17:20:43
d7548b7360dcd74bda508b667e7f1dbe,bb4eb3e71b30365a580e5a718bd8d1ae,1,Não recebi o produto,Eu não recebi o produto.,2018-08-24 00:00:00,2018-08-27 11:52:36
c444278834184f72b1484dfe47de7f97,8557dabbdacec1a9e250f5e70afe1eab,5,,,2017-02-08 00:00:00,2017-02-14 13:58:48
adde5f91d98ee508a5f9903822e86c50,c396df58ede55fc38761c0382b3bc791,2,,"Pedi duas luminárias, porém recebi somente uma ",2018-01-07 00:00:00,2018-01-08 00:00:25
9bd3362ff5bdb469d488b8ea2371307a,7a92ce27fd58082e708b8eb1eba5f678,5,,,2018-07-10 00:00:00,2018-07-11 00:14:48
f6995f9b834eff890094130191b60a7c,4a84096c064c8cd3d887cf815a923c06,3,,,2017-11-02 00:00:00,2017-11-05 18:06:25
f668cd503e8c9509a571f7a93a045644,f756f24c1fc9b46e384943ba538a23cd,5,,,2017-12-23 00:00:00,2017-12-25 13:53:15
02b04a05fca8dd721ff1f8e00e50415a,dc1e38158c000863ec33ac43a40c3366,5,,,2017-12-16 00:00:00,2017-12-18 20:58:17
26d1d643bcb0590a7eb9ca8424eba623,18bb4acb90913593d37049c601660009,5,Bom,"Entregou antes do prazo 
Excelente ",2018-05-19 00:00:00,2018-05-20 11:42:52
0a023f9aaeccb29579ec1f0f9f243d17,224ec929ecdaa7563512572447c65d02,5,,,2018-04-06 00:00:00,2018-04-06 21:22:25
0cfbbe0a68bd3c789f5711898dfbdd46,4027aaf151a408af313fee7a5af64c5a,5,,,2018-01-10 00:00:00,2018-01-10 18:42:02
a673c4b880a5fb8d80215321ad78d7e7,8964f4133f8364b5b7e09a6b274751cb,1,não recomendo,"Comprei uma impressora HP deskjet 1015, valor de 179,00 e recebi uma impressora 1115 de menor valor. O agravante é que na nota fiscal, descreve-se a impressora correta, mas o produto ´recebido é outro",2018-05-22 00:00:00,2018-05-23 19:48:33
e4aa4f42aa5ec7719063c3c8ebe792ce,96500f175401baa18ab94e059e3c7ab8,5,,Tudo conforme combinado!! Exelente negócio!! recomendo!!!,2017-05-25 00:00:00,2017-05-30 17:35:49
0a45fd243a38a058dec721da94f27eb5,f6f20338750875ffa91d23d6d6ff4fb2,5,,,2017-12-15 00:00:00,2017-12-17 21:24:41
91bba1bf5b27ba279f4fa06f91c99b6f,0902d364e14a1dc0b156a550d070cbb6,5,,Otimo produto muito lindo e de boa qualidade,2018-04-05 00:00:00,2018-04-09 11:59:01
13475ae7df58bea76571b7f1b99d8c84,1b8745ddd6a7e93533359bb9e6bc91f4,3,,O CD que acompanha o produto contém um driver desatualizado apenas para sistema 32 bits. Gastei horas procurando na internet um driver compatível para sistema 64 bits. Um absurdo.,2018-02-20 00:00:00,2018-02-21 13:41:54
e8109a7418b26f16b2a57e92d3586637,25dae1a0efc5bba5a14622eaf552ad78,5,,"Produto maravilhoso, recebi antes do prazo. Tudo muito bem embalado. ",2018-01-24 00:00:00,2018-01-29 02:04:03
8721ba038e7e675662205d216c039d48,17e3d1534284361efd337a39b62cce8d,5,,,2018-03-28 00:00:00,2018-03-28 20:05:13
e83a305c1c81d79366bb35844c94fdb9,01490a4bdacbafe6de009b317a0c8bf6,5,Excelente parceiro,Parceiro muito rápido e eficiente. Recomendo.,2018-06-22 00:00:00,2018-06-23 09:43:01
f6ba6c911c949d78ef0e14a60252f157,5d05467df1b7834684fe4c0783f5db1f,5,,,2018-01-09 00:00:00,2018-01-09 21:20:30
3fcc5095e584ffe45bafcccb6a6f30a9,1555d6b8d8b15b1080ee70dda21c8d02,5,,,2017-12-07 00:00:00,2017-12-09 23:28:33
94a8d79d8f1e1be7151b53f611e57469,43aacfeefda02bc2a69ce66910a2d4cf,4,,muito bom,2018-04-21 00:00:00,2018-04-23 09:36:02
de14944faf5ed4fc8bd10a5d70162c28,d7c877c5db825f754e75a32ac35e13b0,5,,,2018-03-16 00:00:00,2018-03-19 18:31:46
fd1a831120f959256d6b18101c271f0f,a92c76269cd2be64008c82c84d6e5d48,5,,,2017-09-13 00:00:00,2017-09-13 20:52:27
d3063144614606d1293f6f78a14d0277,4b79da007cc374ddaaa469af64c51cf4,5,,,2018-01-23 00:00:00,2018-01-24 00:02:53
8025fee63179210bda04102f6e15fad2,9cd88e173978b7414b46e60ddc882ae2,5,,,2017-09-06 00:00:00,2017-09-11 21:06:24
6e1b345432be1258a2bdaa0a2b95b896,d469b51abffc6d74299c8a0a56db5314,5,,,2017-02-08 00:00:00,2017-02-11 17:13:13
8b157610b01ecb165c48e27c3c4b361d,6df64cc2e8fbd99d2f72745f1388a760,5,,gostei muito dos produtos .. pretendo comprar outros .,2017-05-24 00:00:00,2017-05-25 21:16:00
cce57814024acb0edca15da50ad36f4c,387d999316bb3a42822318138fb1b0e0,5,,,2018-05-10 00:00:00,2018-05-14 10:03:26
25eb294e1e0dff5228c56846325fc0c3,d26c076e33054a0063c6fc94c51fc43b,4,,,2018-05-19 00:00:00,2018-05-21 19:30:55
9740c39fe70be3fdd5b610c34358a278,be73d4698f2f4939662dd7788cf3dad3,2,,Até as que dão no lava car e postos de gasolina são melhores.,2017-07-28 00:00:00,2017-07-29 00:11:21
4687cd3dc8cbaa6b8932ab101d02a937,6f78a74ebcd33afa2bccc0c0a82ff04a,5,,,2018-03-10 00:00:00,2018-03-11 14:21:09
08ae8bc19c37e43a1274ff5ecc1c0827,407c915b14e91ef7bfab0f2f272ccfc9,4,,,2018-03-14 00:00:00,2018-03-14 23:21:02
63a13ac3bdf5e460267cda2d0bf2f53f,9aea3a72c2f44a11b792cc58320bed77,5,,,2017-10-24 00:00:00,2017-10-24 14:20:26
40f0af25591c59646cf80e4022df76fb,8d362590a388a3c9c7de2dbb72edc957,5,,,2018-07-28 00:00:00,2018-07-29 20:55:46
385ac23b97282fa57cba66eb1fa6a962,caf07fcb4e0d35fb5e9f6e3eeb294ada,5,,,2017-08-29 00:00:00,2017-08-29 21:22:47
a4215b3b623cfb89495171f6fa19dcb6,71319d53f28cff9869fa0650f26e9758,5,Super recomendo,Entrega rápida !,2018-05-22 00:00:00,2018-05-25 14:10:26
8b95d2946e322db6e877d4afc22ea816,546fb5e88f96553369c04bd920b9becf,5,otimo,Loja excelente negociação ,2018-05-12 00:00:00,2018-05-15 17:43:34
5b5f7cb0601cf0a6acdddebb79a3d955,62a4c6ee1b6f43e8a1ac86ad87fb0f35,4,,,2018-05-12 00:00:00,2018-05-21 18:32:03
8c6f475182abb7257519083547511cc4,3ceb8926c7d570d68d8307beb320f2ae,3,,"Recebi e percebi que ela esta totalmente desrregulada, o peso não esta conferindo com o pesso que temos, como fazer",2017-10-19 00:00:00,2017-10-23 13:18:20
6dc926c614a5b467046f79590039fd2f,a40660e306af15d3771b1b2e0a3a75db,5,,,2017-12-23 00:00:00,2018-01-01 17:22:08
97e80ba95c2b09157f375a9271d2c343,80b0bd0c8f8cb86ae0c2dddb11693b07,5,,,2017-09-02 00:00:00,2017-09-06 12:57:02
b62a8529de0b68f02b681d22a8e452c5,a9240539eed71e70690ea5a026f9f419,5,,Super rápido a entrega e em ótima consevação,2018-05-12 00:00:00,2018-05-15 14:57:32
026c4eb5c65658cb56f1bd1a926b663b,eb871e7c2357db8ff47fae46e9bee63d,4,,Chegou até antes do prazo...parabens.,2017-08-16 00:00:00,2017-08-17 17:53:11
81c2440347e0f3dff5525414e6032392,50de76b6e07161441556b571d4e85248,5,,,2017-03-02 00:00:00,2017-03-03 16:31:33
13d612b1165dbd91435317d03f8b42a3,e6b945a54e2461068b09cdc3d465304d,1,Não recomendado,"Apesar de estar no prazo de entrega o produto demorou muito para chegar, fiz o pedido do mesmo produto em um concorrente do stark que entregou bem antes.",2018-06-07 00:00:00,2018-06-08 01:32:46
7f1b316930b9e0ffed2c207ed7c94fd6,0e79e80abdb81ad5003ede1e8d4ef4e1,5,,,2017-11-17 00:00:00,2017-11-17 15:48:03
cfb956a44880e5fe388c1ad890070e42,1e21edc6c6810b5779fa6685c82a6a89,5,,,2017-08-29 00:00:00,2017-08-31 22:08:57
15b167f0cfd4c18067cae2a4cf230233,20ef4f721610e50167d484f950d19b77,5,,,2017-04-11 00:00:00,2017-04-15 19:07:33
557c3d422c186f3ab25589afa06c2694,e77d85bec584c36b9558adc732947c76,1,,"produto de péssima qualidade, estou aguardando contato para devolução.
O tecido é transparente, mal costurado e não veio nas medidas.
Não condiz com a foto, propaganda enganosa.",2017-03-30 00:00:00,2017-03-31 02:10:11
f59ed1c9af9dd55864ae26305d95eda7,f5e3df1b6d4ee5b4e795cbd56705d35b,5,,,2017-12-13 00:00:00,2017-12-13 17:37:59
51cc55133c975a17ec616128574d2337,a76390702d2f24f9e0d5ad3c5e9ec562,5,,Muito bem embalada e entregue no prazo. Adorei,2017-08-25 00:00:00,2017-08-25 22:09:04
8bfeb5b07a00029800516382fc0af650,f90bee02f28c0067f1eaacdf188007b4,4,,,2018-06-30 00:00:00,2018-06-30 17:08:14
0d41ab8f294b87653206e51e845d7768,e381abcae5bf5ba29ff7855e91e40837,5,,,2018-07-27 00:00:00,2018-07-28 02:44:14
c89636f979b85970bdbcc6528bf82e7d,e3f7a673dd1981e0d7b330c8a7220220,5,,,2017-02-07 00:00:00,2017-02-08 20:49:58
82031818b3ef2349fe04bce0bb8582a5,cd7872c2e8a4aedd31e308e5005b220d,4,,Fiquei sem informações de rastreamento em tempo real. Chegou o produto é o rastreamento não indicava isso. ,2018-05-09 00:00:00,2018-05-11 22:41:58
1e86ca339533854d945cef85208486eb,65e6b525bace662c8db890bd33df5299,5,,,2017-10-17 00:00:00,2017-10-17 18:57:47
a0068425b43637af7be0ee4fa3b8d4d7,64c0c5937e0922b1d2f1124087499646,4,,"entregou super rapido,e é muito bonito",2018-03-28 00:00:00,2018-04-01 14:16:18
183808dc516fab3df74b087310299cf0,29210b1d48462ce1f12d87ed7ccd6397,5,,"Ainda não usei o produto, mas em relação à entrega, chegou muito antes do esperado. ",2018-02-07 00:00:00,2018-02-08 01:17:50
86e9daecdd745e074b9babe4443aefec,a6e307f50d1a494a1ad373af7a748e1d,4,,"olá , meu produto foi entregue , muito antes do prazo . minha queixa é apenas pelo produto não ter sido aquilo que eu esperava. ",2017-02-03 00:00:00,2017-02-06 10:45:42
d294f4dc4a84d9d812cee5d031e601c3,ee65c3f0ce51f3d58b772cbc2e662e66,4,,,2017-05-30 00:00:00,2017-05-30 21:24:04
410dd4a4de9f2e96a2817f791e352bfc,67ff89e045f61cd73790e9866d3dc6ea,4,Produto muito bonito,"O produto é lindo a entrega foi super rápida, porém me entregaram errado...comprei um de 2,5 L e me entregaram um de 1,5 L, estou aguardando retorno do parceiro.",2018-05-01 00:00:00,2018-05-04 16:41:47
25b8671a1c3cdbb52d1a5b9ba536b735,8d994f4a7b065361eaddea05bd528909,1,,gostaria de saber como faco para receber o produto que realmente comprei e devolver o produto errado. ,2017-05-26 00:00:00,2017-05-29 16:27:07
27ef9d40acc62d6b59fbe1bcb72708c5,2833a586d04517b0c18e17c24ae684c3,4,,NÃO GOSTEI PQ TIVE DE BUSCAR NOS CORREIOS ,2018-08-24 00:00:00,2018-08-27 14:09:28
7138a2bb91d07189dd4976c9bbf518d6,d9515cd3ca09c7b9b751f077d2adfc84,5,,produto bom,2017-02-21 00:00:00,2017-02-22 12:53:56
15249ba9320800c90cc554eebce5937d,b391fd34f5d52bfc8de47b44d609e490,5,,,2017-08-12 00:00:00,2017-08-13 10:16:11
ee4464b9b3aaa29f42193d0d4507299a,11746f9dc3d55313aadc6e6bf8464595,3,,,2018-05-03 00:00:00,2018-06-14 14:45:14
6cc36096ba52e06d992cae730a73a762,a00b897f3877d33635b6c8c9b8ef5984,5,,Seguro ... nunca houve problemas,2017-12-23 00:00:00,2017-12-24 16:32:48
0fa5a87c37393384a3db02c027d978ab,4054f3a02c9191a518601fba04f06742,5,,Veio bem antes do prazo e exatamente como na foto,2017-12-13 00:00:00,2017-12-13 09:37:55
5ae6e791d6e56c562c6fe522621c67ba,0d439757ecfbf3291e45eeed58215fe8,5,,,2017-09-14 00:00:00,2017-09-15 13:37:53
62c4c1c461609d8a15b4e042d6d63b4d,50a2d9e8f28f577acd594ba29d58eced,5,,,2018-06-07 00:00:00,2018-06-13 15:55:38
a7e6b9d80d74c573c5429f69bb157e26,8b62c0757b9c458179c29c2ea24c7886,3,,,2017-11-23 00:00:00,2017-11-24 01:54:23
bdb640d3a2c7390c90673bdf101d170c,4540273b4f01534b24124542bc34568a,5,,Produto entregue bem antes do prazo e funcionando perfeitamente. Super recomendo.,2017-10-19 00:00:00,2017-10-19 20:36:14
aabed7345c4682dbee8656d1806da0bc,1489856fc5e3169af6b06edbc1aeb1b1,5,,,2017-02-10 00:00:00,2017-02-10 22:23:53
00d08db32e963156fe770fda369975d1,7d0f5759a0eac0f20456bb8a36547bf5,5,,Cumpriu e respeitou o consumidor.,2018-03-29 00:00:00,2018-03-29 20:35:07
75e5cc93951e236e8462a08d6b470256,b84153f6ef50c6f07d2919e984c1f761,1,,Estou no aguardo ,2018-02-22 00:00:00,2018-02-24 11:26:21
d73f2d9608d7ee9e1b5ab3619bd25ebe,4854af5348bb406f4929fbe225112925,5,,,2018-02-23 00:00:00,2018-02-25 01:11:03
def7de733d376110dfef120f76753628,a37623c5552b35a449842d70d3f0922a,5,,"O produto foi recebido em perfeitas condições, e até antes do prazo previsto. Recomendo a compra.",2017-12-16 00:00:00,2017-12-17 06:12:07
8bc559eac89396e337fdd7cf75e9e846,0a8758ec6f399b52f2ecb7b1a0c4c16c,5,,,2017-12-10 00:00:00,2017-12-13 04:59:28
a58ffd765659d2e40e88c91fa77ced9c,e82e73273643d2baa933aa470a7308f0,5,,,2018-04-01 00:00:00,2018-04-02 21:57:23
34fb73e4b731ec22261f884bf969deec,28bc142035cc9a8ee9aa0288221ee056,4,,,2017-10-03 00:00:00,2017-10-03 16:58:06
67160dc0886db552dabada14a76a0f2d,dd2e84f453b5bd5297babe45f1183f84,5,,,2018-08-21 00:00:00,2018-08-21 19:41:06
8ee50c88b0c3064d0fe32fbf12544b0a,5bc4d0aa53124192dd06058bdf74a6a7,4,,"responsabilidade e correção com a compra
",2018-03-22 00:00:00,2018-03-23 17:24:19
d7d5928215e35c38ca83784073f24f1a,2fd573eea535b447eea60a9b4aa2603d,5,,,2018-08-30 00:00:00,2018-08-30 22:50:16
57e85aa636ce2ed97ce12b721dd8de1e,2dedcbba76be1566c5b983e07348d75f,4,,,2017-02-09 00:00:00,2017-02-10 02:58:12
b1f1d60caa5501af793fbd4e16bd608d,641b2871fe2ce7418e69b4c4fa21bd40,5,,,2018-02-22 00:00:00,2018-02-22 18:07:13
1044e7429bdbfc8266c3cc968521b9aa,fa2de0086db43d394d58f69a111f8f69,4,,,2018-06-13 00:00:00,2018-06-13 22:10:12
3a6d24d0ee5ccb11fffc6bed3c415660,5a34dfccd6fb223c870ad34652d64274,1,,,2018-03-10 00:00:00,2018-03-21 21:07:32
0f0c14bb0d338c9f7a381ee58de3a551,f75666bf6c9e09f6b3f4bcd797b57a3c,5,10,Ótimo ,2018-06-16 00:00:00,2018-06-21 22:57:07
e9b228a0cbb48d335c612660c7f693ae,f2dca318c079a2926e6162e12d08ca31,5,,,2018-07-12 00:00:00,2018-07-12 22:32:55
1541a6345bfe35fb0ac4d8644947802a,2b016617466b3d768cebf616e68a3983,5,,,2017-11-21 00:00:00,2017-11-21 23:44:04
5235eb587451a551203695cc1ff478c9,8e054d33e00ddfd994d389e1e7204d3f,5,,,2018-01-30 00:00:00,2018-02-01 17:26:36
9aff7a31c267ef6d97b359a795c14b9a,742bb86f369fadd10d68946fd903aaed,1,,,2017-09-15 00:00:00,2017-09-18 20:54:53
b4fe9654fe2b9a9167754a51e91b90be,162475e808583e34c8306484480badb8,5,,,2018-05-16 00:00:00,2018-05-16 22:15:49
bae472fad885da38be6f18b6ebf2b3d4,b86149c8139bc8a77792c2b24942a0db,2,,"Comprei uma lixeira para cozinha, conforme a foto com suporte somente para o pé da lixeira, veio o suporte errado para banheiro com porta papel higiênico.",2017-06-15 00:00:00,2017-06-15 23:59:58
126459af19b2f4400f1a9c6f8fbdac34,642bb05feac1a0177c93210d0553e8e4,5,elogio,Produto muito prático...bonito e facíl de guardá-lo.,2018-08-23 00:00:00,2018-08-23 22:50:26
80415516b098cb063cd777b0d56041e3,ea72009e972388b2881aee7fd39a094a,4,,,2017-12-20 00:00:00,2017-12-21 11:45:40
5b6ee9214b1327fe90cc4b0336cd0d58,ddc3b6d5a6e5e69a831ca246a5eefce0,4,,Chegou bem antes do prazo. O único defeito e o fone que de qualidade ruim. Tive que usar outro. Mais o MP3 em si está sendo muito bom. ,2017-10-24 00:00:00,2017-10-26 23:32:52
5dcc936952f7e67f7faa64c8f57e97a9,719a2a4825d52ce82cbc8698a71495ba,1,produto não entregue,"o produto não foi entregue, a empresa não se pronuncia ",2018-05-24 00:00:00,2018-05-26 05:11:57
adef34681a3f1d05bfb438f6e617d3ee,20914c76989e5eac4e2675de44f7275a,5,recomendo com certeza,Ótimo,2018-08-28 00:00:00,2018-08-28 22:20:19
2f423432c3e807bbf966ceafa04f43ba,c9b08bd33d449366d3b89454a3071b98,4,,,2018-08-16 00:00:00,2018-08-17 12:55:16
c7c1d44477938a50b8dfc739ff54659d,1d0c373f68c650322d4f065497cd4494,5,,Muito bom o produto. ,2018-04-22 00:00:00,2018-04-25 23:57:06
c9a0a59ba9c637b371de80c9fbe2e05d,7e03ea2749db964d64386d5ba76cad36,5,,,2018-08-21 00:00:00,2018-08-22 00:34:20
d996452bcb578d50d73bd9b92039b603,f7541ffd5bcc27d83193554028f9127c,5,,Veio por partes mas veio tudo certo!,2018-04-24 00:00:00,2018-04-26 12:34:14
