customer_id,customer_unique_id,customer_zip_code_prefix,customer_city,customer_state
fd826e7cf63160e536e0908c76c3f441,addec96d2e059c80c30fe6871d30d177,04534,sao paulo,SP
5adf08e34b2e993982a47070956c5c65,1175e95fb47ddff9de6b2b06188f7e0d,81560,curitiba,PR
a9b0d1c26105279e1b8edc63d06bd668,3d49f4455a3947c8dd7e972b3ad8cb76,05017,sao paulo,SP
8b47e5ba29a9cd9947ee6be2f025ed66,9bbfdf9f7f65b58481e1ed110a2eed46,71665,brasilia,DF
2f97782bbc64b71cba9e79d12757479b,7aeb8dc11cd50c32f37fea0435c4e9b1,05874,sao paulo,SP
9d46b89032f34a48706407829dbb55b5,8dc17b53543ee0ff19970896cfc6c750,79130,rio brilhante,MS
fd2767fd04a34f7fe8b2ebb51f86c535,8c2a5c47e0c02478c440038904724cd5,12215,sao jose dos campos,SP
22688fbe08d1209daeabcd6c40590d1e,aec17cb0c9dba3200a2c49c3ef0a07dc,03579,sao paulo,SP
ecb1725b26e8b8c458181455dfa434ea,b55a113bb84fc10eaf58c6d09ec69794,72300,brasilia,DF
082805d32249e17183cfb56ccb67b5cf,339f6d44a550afdaf2a4a9a29d091d16,02230,sao paulo,SP
f9dfd7942a2d7f1588b7638a9bdc8ff1,ebf40c0db4fe06ddd15a7a44238c986e,24240,niteroi,RJ
508c98640dab1de30b6663686fac065c,663a02b5b809485e2e0a1db9a6003146,45585,itagiba,BA
273a046207e0ef2179645ef8ef4892b8,67fcfe4915b93624867d350b8191ff7b,62740,itapiuna,CE
9fda2760c2553bd90eae1b616776cb44,c3ae72f7fe12701be16e17345697d359,09850,sao bernardo do campo,SP
24867a30fb114e68f333a0645f923497,2ca8ef8560c5cd0f9ddb65d1b1b51380,51030,recife,PE
35cba8240cff7a8485121c06c306f534,c98371c8c628fe00729bc01622b9009b,56312,petrolina,PE
dc7302a83e9681f614bb59a515df38b3,fc19fe9ac733e36ff8227c29435c2030,15700,jales,SP
a91290410a471b445d4c17aaa10a3c2d,55f21db4f9a353dcee5b774f750c65a1,29240,alfredo chaves,ES
a049689e9d5cc5519e3bb91f63ea9750,39d16e1ef9c58bb82e54cf87906c185d,15130,mirassol,SP
ecc7f9db3aeff66207a889c07a2eecdf,b20eaead1d0c121ef9f0a705ad37803e,03317,sao paulo,SP
33cb0e2958def1ed82a542a45b13c982,c8fa956730a8b291e6bada90a5c6db6c,29124,vila velha,ES
591cb16ea1a6d8f7eebd0a349593bea2,0019e8c501c85848ac0966d45226fa1d,78015,cuiaba,MT
84b5db55a21ad27366b78ad45b8b8544,a7a0990a0bc15359977148c0d41bd277,06535,santana de parnaiba,SP
ac41dfafea25769214d7e659ae04882e,a20cdea40f5bfb3da4c667e998086272,02541,sao paulo,SP
54436727adc02bac2985f7f95c883b72,adf2f3c1524855ec8e22850045998f05,89700,concordia,SC
738071368b2af5dbdf5c7b487426cf02,918d4b7f27fa3b36b2eb95e7faafa737,05727,sao paulo,SP
378516f0506604e67868c3517983caec,040641ad9a73250e1362678a81db1b9b,30130,belo horizonte,MG
3fe7926825b25dda1761bd01bbb4d44c,ea2cf3092f1a6b9641abe79f008ad478,06404,barueri,SP
0971e2b38bc165dd8bf1b9d24a054890,dd3c3c93dbf411c967feecabdf1b8751,08051,sao paulo,SP
c64e943126adfabb1c2ae21b4bc1e650,d6d67261f2634cdf9ec293cd765c8479,07063,guarulhos,SP
7ec72d9b883d87aef5ee43beb65deb06,a4297e8887cab7669f74acae48d8fc92,22640,rio de janeiro,RJ
364f824c824823a6e6dcfce11fa7cad0,a21a8c17fb2d281bb4890748efc12200,32210,contagem,MG
404fdcb6673196c53184a4e728b329a3,d7381970033691cee4a1dcbe8eb52ffc,04675,sao paulo,SP
645e4bcb4b050ff31253516e363bf301,126646ff7e983d825b46a004555996bc,89694,faxinal dos guedes,SC
1abb0c19ec88e40555c8ee5ba6f2a102,b57bae12fea3467502bf32351c47144b,49535,sao miguel do aleixo,SE
a515248d7329f35b368348d0068033d6,5faabfe6772088c4d906b63fa81ac63d,95047,caxias do sul,RS
7de0835c86a91b038913a48c54d67d4c,c962775fb252a325ae5206df9e9db84d,12630,cachoeira paulista,SP
3e0b799408f8fba30d5416cfa77c15b3,82375c4c18f30b5a9a5ff8da6dd206d4,04084,sao paulo,SP
349937c1b22f4f6ae55f248a229e0749,378c06babf08c70f32e748ac24ea33e0,14784,barretos,SP
ee92e58c6649ac95474430dab6fa47db,9460af1d681311224e08f4e6e00bf644,11500,cubatao,SP
65eb3588197e862f2f8b129ff7a9d3bb,3871b0ab0166a2f441fa762f5206cacc,07210,guarulhos,SP
e6bee29442c761ff0dfb9a4414922a5c,728e4a7d0db4845270091ded0923c71f,80540,curitiba,PR
3421838a52fbff1c4771a2d523cb39cf,3705f77fe0e8f958b47affc9f1509398,66813,belem,PA
c63304e16787c8a326c2a53765e5adb4,b237622aa3c51e457ec662d4b9f4bdb7,60360,fortaleza,CE
e3760886106b30a851372af1aded2408,65449bbaa95acbd1504811a1eda66818,30320,belo horizonte,MG
7ec34e03cfead59804e2ae99d09014a6,e60599551efd9a16671ddf0668aea5f1,39280,buritizeiro,MG
7ef43c3eb0d94e1f5e0a49b2f3bc34a9,8405f731b36baec7dfc9501225f9b117,03034,sao paulo,SP
a0474d5c284634e68266e32c11deb9b8,e482ebcde0089f879abe0634322f17fa,28970,araruama,RJ
252958ad9cd878e5fd02fdbae229fcf4,2a756a1116ed48189353ec50150b6d3e,08030,sao paulo,SP
cadcc766f52c62f7f08bbfb5712bc3ec,181d08e7dcfdac616bf321a7ca3ad0ca,77478,sandolandia,TO
cecb0cabf6394829a7de181e95a08ad6,63d9c37bacc98b56edcd3779d54bb3e7,30240,belo horizonte,MG
ef445a4c46458174d26228fea9a223ae,9ede21088a7d7e1d9e32c210cc88268a,24710,sao goncalo,RJ
46e69377adf8857c9ce9c568ba073b06,04120e49b42d9188cee40d96521d9893,12286,cacapava,SP
b83825b514ecfa4f2ac12b219410377a,6415a6a03e09f61409fe4509dbe0b526,11730,mongagua,SP
b68970b1f72d8c9bab15252cd1f69094,04ae0d3a4945863f5612f80fb3cb9c6c,24752,sao goncalo,RJ
af65b5fb2830e00789e56d7b30e86b63,8912a04715640bd8424d068aa9649b56,36400,conselheiro lafaiete,MG
2d15970d1c1a3b3671a4ad1718bc8c73,e308ebcaa4a772d62021970d05532860,97015,santa maria,RS
43186abecff556fa7c348f82d51abf06,f2abacc7fc5f774032585b02eb823d9b,05048,sao paulo,SP
df4c4273ca572a5dccb721c358e92c8d,f971b51b5cde228a6212927455e6a973,40325,salvador,BA
6f674b7499f63f1fccdb6a1e75bd3de1,89f5cc69eed40bff0b1fe35ad25d81ac,14300,batatais,SP
e6ed40b69433d15314244f3ef50bcd29,23dc3a062c6c097bcb3940a909e7730f,09842,sao bernardo do campo,SP
a70fd3823ab6ab1e61ed9d12694177c2,615d331d1748782f9c2e1b15b859809b,33350,sao jose da lapa,MG
ba1249c05a651c21b3e6a99caaad9525,4e9fed16983d17a7db116c9215ad25c0,68440,abaetetuba,PA
d08fccfa54819f3ddc4a30e30b4a0565,b0b057559c54c99e41a21c40c08f7780,04012,sao paulo,SP
2f7a8b448ada52d632c573deda7664fb,297b0df27a85a8c6c3ba6600a4142d52,07170,guarulhos,SP
a3809c8c58021cb804fc6c944aca6344,53740dd6b589027ff2c4cd033eceafe2,03758,sao paulo,SP
1287c8ba3475af023c0cfbaf3b13c3d6,539f77aebb5567f9644bca363b1419d9,32606,betim,MG
92d6832c5ec0be03b1bc69a3e9e60758,468d40ce35b561fdc6875f11cbc68b52,31710,belo horizonte,MG
78edb32c4f1ecf80a8d84cd09038f3db,7004156351731e8f639a27d9b33b3c02,35160,ipatinga,MG
73a3f9242c638f8dbc3efdbbc5339f97,71d790b151c0349e5f5b2fbb4fbe1321,13206,jundiai,SP
82dca5a0d58f3e7847e28a177e70f1e0,af4c1cf7039f636488d13fded958e7fe,78556,sinop,MT
f2fb8a49fc3012aa30f76be7f47eaaad,4c41f41b633d192c9142dff3f6743ae7,49045,aracaju,SE
b4ad286c394069077cd7a6119c5b3007,458e98f7db105650a2b7e43fe458fabd,38400,uberlandia,MG
cb2af73ae8790acc67766c8121b349bf,5e6a352922e29670caf312ca809093e1,05787,sao paulo,SP
0e8e2f7bf1242ec3421144a8c8c5128e,43c6df1e7e000a1a44ab1e7540868732,23570,rio de janeiro,RJ
b75e2045a8e8d24563db59cbe620e8fb,7b8bcdfaf83578e4f23673725df7f3ed,85505,pato branco,PR
95428d5dfe353e4188da40fd3f81f918,35cae1febfc8345355b6b53fdae6bb50,04107,sao paulo,SP
3e0c0674e2aa2cd249bc32ec8e472d00,60aa9fbdfb6f0898ec32c23ee2245b26,20561,rio de janeiro,RJ
16aab56360dc6f3038a11945ae3f04f3,5971177a39d41f2c0b62b8a0d4ccde6a,37540,santa rita do sapucai,MG
2fe386b4e59b034a5bef1045187284e5,df32f6d42bd9f59b65b57985b161eaf6,22231,rio de janeiro,RJ
03933bd8f668c8444d5307d9d5d171eb,9a0ee875afc94eecc7f41411782c13b0,13340,indaiatuba,SP
fdceca9202d57e4bbaa7a6f09d677c9a,915576ac0abe2ffd7a97c7db777108bc,37701,pocos de caldas,MG
921be88f79a82a0ae7053a435213ef07,a180108edfd35a0ea0ec49427a321ec9,06516,santana de parnaiba,SP
6bed5f3eb94ab029e369ec0cc3a32037,750d05ca464c997d77832cc3b43683c2,71720,brasilia,DF
23134959b3fc7b1cf51c58db01bf04aa,d82c19d618e01e02183fab874b43d73c,91330,porto alegre,RS
d127686ff1441587369d5bf73ab50e92,04d72e3bcf0dbb259f2c98550640a179,03203,sao paulo,SP
00302a0b99783c3d1d1e81c616e321e8,1b9872e035e88fc720548cc74a815a46,22210,rio de janeiro,RJ
1853bf4644f7a9f18bfcb54291c3cad3,fdb2f8a871f180fefdf3ba06bf7ab179,95300,lagoa vermelha,RS
2b161f95dccf57831d2e8ce51af38d19,29f4f2e804f0490f213d3ec3c582f3ba,08616,suzano,SP
8c92f7eeb893a210a2bb0b220f5d1746,c2a707a1e6c60b50f528c9875e721821,13830,santo antonio de posse,SP
ffc5e5000221495c2cbb2b099aaec969,5dc3d85ce50c06e5a1f6e0df57d610fe,25804,tres rios,RJ
2e50f32ef890bff070fc82627c078120,5a7491f11851f54e535df1d0ba43ba03,18470,riversul,SP
5cb5ff757d630a29902ea9b9699b936e,be7fcc357c85f653824260eed04cb57c,18550,boituva,SP
b3f1a1af87346b32841846beef824d39,86a99562930247218b87dc1b8e6bff56,36400,conselheiro lafaiete,MG
ec3b6e11ab1c02f49de9f09baef9c9e7,5b2402c844755fa710ac2144f9db61c4,30130,belo horizonte,MG
71fdbaa760e25ef2449d79d1c4264021,776469358dc5cbca9e8987fa110d804a,24030,niteroi,RJ
0c9e08509ff45e0c83521320abccc79e,4300cd67c6b7fb1a62cd046dd78e1897,12710,cruzeiro,SP
e34f1deeea3369207caab9fd7a49cee8,8e0eae873c0019e01182099a1c497b79,96810,santa cruz do sul,RS
88de5fdb28af4bc887846a98e23f6e5b,dc858be5b0bb881c067192937bf4ff78,06172,osasco,SP
3223f721ba6af6d7361670b433dc004e,4210db4456e5e1f786db193081339667,37115,monte belo,MG
67a649e6933ac4df07ddd1f379a6c773,b1ab3a21959a4b31d4228de6dddfe637,66613,belem,PA
a77cd04603184ba353fd0fd98d4d3aaa,28ce0e637b032b627bbcd5bf6bfcb973,46190,paramirim,BA
076523f7baf4359c0728c0bee2d8ccc1,b525fc8cce07342fb00ab3b2667c8eb9,35582,pains,MG
69d1ab2fd89df4745d920bbb77e5d50f,886fcfa9e4ca8563543bb87e4e6c94ec,22710,rio de janeiro,RJ
6d1637fdd19ffcde57f5e3f3eb6f79f4,67d825e1df23a4149d08fa45a102cd45,80240,curitiba,PR
8a5881366c8a17270865c025f0636675,de179e054de0c203fe910e0443746173,07850,franco da rocha,SP
5445f5f238cfaafc96fd267d5db851d6,53d142fa7c0e9dd1195df9cd87d417aa,12327,jacarei,SP
84b105f64811531772a6ea55c14129a9,dfc3fffe19ec7d3b45fc10137bb84065,03367,sao paulo,SP
6e9599527f2b3b47677de6623b1cd0e9,200b9bf6af757bf40bf77067cb265bb3,84635,paulo frontin,PR
8d0bff7849251c677974318829e488d2,999b7a8f338e8b8d6f94f865a810111d,83025,sao jose dos pinhais,PR
a5d4658c9339e6f25f8f2e7d9b5cbc24,b1c1982ae7d25948e2c9fbec7c71a17b,15400,olimpia,SP
aeb0c5aea1d62b3e494a86bad308f85e,5d3e6a61592164c2924ccec5c7f56058,85817,cascavel,PR
d8276321745dbeb7bd88721af2a181f3,fc0c8fedf06f4315139f755425a28b85,13275,valinhos,SP
6fec7996bbc8eeb913f3b92a79fd33f8,38da585fa717b63ca1ab0f5e7c06a975,97511,uruguaiana,RS
c5daa48d49abedb25f4bc9e7a1d9cf60,0d4dd8d9be7920cb9ce930c65ff04de9,87970,nova londrina,PR
51099d172d85ee8e5693acfcbbd0f0a9,baa50e17cfa4f8b6b85de04660cecd40,19820,taruma,SP
0b11c040dd62ea5e242382553c722a71,6c9eb4b9f14b1e94136aca884340b7cd,29175,serra,ES
df25809d2708a27863310205e3e224a9,b8cd1885a1f24d1ee81ab66c54b76f11,12530,cunha,SP
4f92b798813c32fae91a4e3b999d398e,db192d2bec4ae9221d36b4145e15eb4b,36051,juiz de fora,MG
8fa05383791a1be46455976f3b50a1bb,ff84121140b5715061b4999e72b50710,96015,pelotas,RS
bc20aa7ab38261667b10117ac0b169c5,e1594732784d8aee7b4f689387ddaadb,31140,belo horizonte,MG
ac3212e805cef78bb3b1eba49e8587fd,5e7def8a4af54e8312620aa5b8c78921,19970,palmital,SP
4d8c75952e09254a602a3a059d0ac367,c375736396906dff8414217e02c45661,13050,campinas,SP
3d5b84857f33fca6a8358ca21d1817e6,8ef9add628931053f28350c0ad4bc7f7,30881,belo horizonte,MG
6a79d93fbd5e7627093ec41e0262f273,0ae9645d954f0b8147008e5eba0d0120,13473,americana,SP
6a029307b24c4e85eb7f8b54d28f531b,ef3619723058855152c4c48778a0e656,39900,almenara,MG
f1158dfc03fcc951fea8e36d36836075,72450dc4ac669cfa92d31b4ea583b492,22290,rio de janeiro,RJ
a1dacdcfc9e9d6a31ee895c15c96cdd3,196d08c72c20b988906504ff7e8182cd,46430,guanambi,BA
55c9db9425ab8c9ee904753ebb3e9718,e1ea7d8ad8c1ff3197216e53eaf035c2,06606,jandira,SP
a779fb63d731a6f7af0e4ef34aebc9bf,c5cf9357698d4fbca794731fe22b1606,91787,porto alegre,RS
598fcd9e3b483f9367c752f06d7afd5b,eea6d169d9f5feef04a86bdf68011cf3,18530,tiete,SP
0c2d410b960c5762f9c574cf779cbc02,5a21363c92f912e70cb482c96bc03af3,12942,atibaia,SP
6585b54dd5ac7f69a3ea0b4c6d6ed130,6e90e6c9f3c5677e9d9ce080b95eb0ca,04001,sao paulo,SP
fde06130cde1fec674a5470155f9dcaa,93703e703e163c46a2382d695551a962,36280,carandai,MG
52c4b154f7f0625286206d9054608dab,c288d8909cbaad9f205c06e42c1a1d4b,13710,tambau,SP
e4187e722cbd5b6db4b0c68b68b8c573,7675ea22236da5d26f0d27950f7fd3fa,39530,rio pardo de minas,MG
a2c33e1a7269f9622629b73e1b6baa4f,a4b0c9f768a53ec95564eedbba5203cc,08525,ferraz de vasconcelos,SP
3651260dcfacc8962f8ba0a0df6000cf,300e292ab8b4f69464294badedaadffa,78320,juina,MT
e3f6b4dae63c01a950abb74a779acd41,fae7f4b13ec5faa2043dbdf28edce2ab,11065,santos,SP
fb43eef14fb744a98fe655d3ee9547c9,f9dd8f66ea0fb0f825c156b9480b1e6c,91260,porto alegre,RS
f231bfa6a643f23fa187394cf9a8c98d,38cfe0709a4c787caaf63fcce697b8e3,20521,rio de janeiro,RJ
2827c6ef386603030760339bd1976189,f08f0644c6d477364a685a7ff366085d,03210,sao paulo,SP
fdbf999a073957ff252e8f4897732299,75895bb7a9969719015969d1fb7fbc78,85400,guaraniacu,PR
e0ac205752138fe132560b033be7f9d4,661d61e36af76f870eb3ad6c7b8199ea,95780,montenegro,RS
e01e54289a0e7f4106b62a90860f4487,57177dc06adf1de662462de7819c09bc,11950,cajati,SP
16164e94f3a6460de7a0700e99b330ae,44c6a4a11589e4fe071e1b3af881b16e,85867,foz do iguacu,PR
7f6a345ff92095fba2660f11ec6574e4,fdb86bf15a984dc8b14912e4ddc78f79,87200,cianorte,PR
983946c69566f5620dd3e943b936cbd3,910c48f83f660a32562ecf2f1e5f4ae1,26010,nova iguacu,RJ
ad3011507c90255bf37450cb9fcfadd9,d29ce524d5d75f07469be01ed7d8fa16,31640,belo horizonte,MG
69a3dbdc444fd4620ea62358f213491b,84030c68114a33d29893d58886a36796,22245,rio de janeiro,RJ
e2c3928e4799b07c3d5ca6fb95ce2cc9,f2b01ffdd71554a905eea4ea1243a32f,37408,sao thome das letras,MG
f9e02bc10bfffa9852c78f6c9a5d06ec,61a4b58907f77c00708c478fa419af3e,03508,sao paulo,SP
d84a9738d613b69719f0bac7a49a7b65,2c1909908a8785c7c8bc786fe9c201d4,06864,itapecerica da serra,SP
a596a519d885d2cd292e329de18406f6,405f6492f9044e2046871cab35da8702,03977,sao paulo,SP
7e99e9b740265fbdbb624fe55328cddd,30b29a82a2187b8bf68bfe5d3eb435c5,20550,rio de janeiro,RJ
0275161cf1fc69fd8f5412ba423a3004,a3ec147258387f5e0fa36bcc438dc265,02802,sao paulo,SP
afa7ea93b6c193ba748e3c5a8c4a47aa,e5b6fb6c5e7e4adc25a5e400c0104508,88070,florianopolis,SC
3703dabac361c6249a0d8d21564fb925,edbd256c62af7487800128f3c7ac7e9b,05017,sao paulo,SP
8915549cc658e933b96113235c64ad9d,249847a6866de0a2ece910f8aea10e4c,07904,francisco morato,SP
f4fd1f42308fc47dee6d73ae1f6c9883,c57aa906e4aca12c46c1c6891db2c8a7,09130,santo andre,SP
0205014bc84053ecae74d11d89f35f3c,15c55096f55b5bfe2ac3a08ab95b807d,37137,alfenas,MG
1e343e03e0136219d697f62fb5d9b962,76aa828a180266cdd5d1b32bddae4047,22280,rio de janeiro,RJ
310b2ccafef3236ae0d753c09ce26afd,9ab71138a8522cc94a49857735854ed3,13343,indaiatuba,SP
3a53fe43a64c4cb6a29c66e54185182e,b608532e04a3070b4b31178948f5c43b,09371,maua,SP
ae980a87b199d9bbd5de7b78a3ba312b,025fef1b215081d46d39595c7b67c9a5,18215,itapetininga,SP
e0064e1417dc16cadb558d1c5c0db377,27d59fe7ff2ed894f826fd4a7e5466ea,01203,sao paulo,SP
738ebe48e12040500665dd143aa28cdc,ae96093146108e55367c723d76ea54a9,57975,colonia leopoldina,AL
7ca21490a9d1f75bb84871b6e57177cb,00b9746bf8ac2964942d8b969f015196,30190,belo horizonte,MG
abbeb6ed95fec1971a0502dbc128470b,4e22025a6deef88bd555d3f198786181,09683,sao bernardo do campo,SP
99ed295fa7b1f749594ce5f709ef1073,ef026b181b8edf96c9ba24e7a989f7b4,20921,rio de janeiro,RJ
f8ead8ee59c35cd73f3960fe570bc5fc,60ad2dfe15162be5e47aa1ca1429130a,13092,campinas,SP
d1ecae988f85309f883f1769e625b565,e1b1d16249046597bdab717ed54c3bdb,29055,vitoria,ES
93c18d140f4e52abc28925e224e2c781,ab5dab8dbb42be51348423af4152c2d7,88385,penha,SC
e2d332efaa3c6f6c394d00ee57547fec,1a43917020d9c84f3c37ca03f8a61e13,18055,sorocaba,SP
fba95f073ccc6b98c94f3c000b9c1472,b735c34299af89879b386c332e338374,08545,ferraz de vasconcelos,SP
fecb57edcf7693f7bcb312957f3a5ea0,fd301b685263a41db35c40a9cb884c0b,21920,rio de janeiro,RJ
faff7a9ebd3cf671ce836dc47a1daec2,83e19af9cb7591106ea19f1330771a33,11740,itanhaem,SP
5a956bc385c532ba9d78bd4948e7f8e0,9ae2dda41ec3dae4c5c780e251223272,06421,barueri,SP
48d35ccbcd1e85743d67b4e0d564f7c9,a8d5a736f4170bac7347f216bf803053,21620,rio de janeiro,RJ
bd3235c8b16f3eef2bab89dd3bce20ce,acfed6b9e693acfa8936a2238d5e31e0,11900,registro,SP
ff9f37a06f82b3db748599da8b08eb66,01202da9afa875bce3de24c92b764099,37580,monte siao,MG
a0778b853584b734d017247ce2e34ffa,f58bfa7fe6c7b7f7c7e2e1dc1321740e,91787,porto alegre,RS
3f6c3d9854506e3351e40a91f8b85b7d,ba77e9b6506636dcbd03e463d4786f24,95059,caxias do sul,RS
3d9ff586104e795e9cda5d0fb1705c13,95ec7fc6a1605502060075958c3f9852,16700,guararapes,SP
9512f6c2d4c5fc7426cc9951329f8b20,efc3228e29419dd0ef4ceb6f4df7ac6e,27345,barra mansa,RJ
1f567c8732fb5317d6ce391624d34cb2,3556987e5b22d5372214fb48fc9fe02a,13495,iracemapolis,SP
4dd66b17e6ebfe130ef40705bb44a1c2,29dc4aeff866d6a940c471a3ea4faef0,05752,sao paulo,SP
f65fd8fe4095317b5aa176ee72300f02,497e6896f865cd31297512144f700e1b,37120,paraguacu,MG
adb32467ecc74b53576d9d13a5a55891,11f97da02237a49c8e783dfda6f50e8e,74885,goiania,GO
1291eca2bf609f2a91eec6c581ef0643,addd2028bd92f052c0edefaf2aaf0b4d,67200,marituba,PA
fd3dc25a11b7d0957569a93d6fdfda07,06fc46bc1782b92141eb4c2de72a8096,04074,sao paulo,SP
93af7e4b75f74f04187970ba13ab3873,fdb2f8a871f180fefdf3ba06bf7ab179,95300,lagoa vermelha,RS
43ae0f58c3e63919119fa948c2efee95,b703d83e085a6a8b339dc548f4878ca8,25070,duque de caxias,RJ
f1c2169cd128b7d6dbf34e74fda43d55,3932704dadd5df21c9951ef56a0b72e0,30570,belo horizonte,MG
79028b5530181ecc652433ad2f88df2e,d535471db72095137da93810c98af688,71650,brasilia,DF
386e4ddbf54f557c9d251e49d32ca7c2,272c0b6034c4d5b0b42252d40a9b53b4,35052,governador valadares,MG
24c2d36dcc7f3ff6e41738c77dcf2def,6b50feb99c89a4b030544ffd55793772,25665,petropolis,RJ
ae1df93af04a6e463230fc1966638537,ab78e3dc0a9ba374d7cd4aaf92254371,07787,cajamar,SP
689e1d17d1c2e9698a2859058b24d535,207d998ffd9ef906e5b11fb465e43dd0,27520,resende,RJ
f03c9c80de7a0a901cd92d8507717007,72b74e3ab8b2f7da203dbb50344879bb,11360,sao vicente,SP
29451cc18357b45bc8cdae2b9ead7953,10ef2ca870387b4af3ff7bf84029109d,45445,camamu,BA
d5961401e349bf22024305eef5fa9119,13dde2bba8c4d6141b5452e3d1b22738,78120,varzea grande,MT
cb85fd1337a9b227e49fbcb893babd71,9b953c95d48d666d4a7da3aec936f1ab,13416,piracicaba,SP
161b36bf551dd0e48ceaaa02688d1300,a6d657af9fb3441e21a6d4cf7054e165,04753,sao paulo,SP
4b86e3f4e081916feadba12c94ea8912,d0f2e94b4d406f87c1a9163ae90e120a,09111,santo andre,SP
48db5996674ec9678ed781d29f8489fa,db805b3c93209de1af0f032450f33cd3,40150,salvador,BA
dd95bfd2410a54c97b63e01887047d83,dfbf27046730e7663a8a31a5a8f05ebb,11065,santos,SP
7d03956727a1a2962e0e669629917bae,0387367daee04c9cbcf57eaee0d699c6,09854,sao bernardo do campo,SP
e046f992a304cc92e1b00d7fccdf1c42,09a3f87b74828b274d73ee9dfef43b68,89633,zortea,SC
ad1d816777885a62a3a72320d21861a2,167c4b188bfb3d78528f2d795400fa15,04911,sao paulo,SP
a4788192f4152e96cc73fcc1df791f21,7fe9dc21448d5fa5a0629aefef9a2375,20973,rio de janeiro,RJ
e75e3f20be32a23e4cc20abb982fc31a,9e527c9bc89a4228e5d8e136712ec63e,88034,florianopolis,SC
4b5988f858ad9f6e8b3773e13ee2c771,d0be859f85cda9d896ab14e4ffba955d,02557,sao paulo,SP
30488ef22c9f0f381eaca4ec8e54c1cd,97cb5429cc1f7f15a427152a50f404c3,34505,sabara,MG
8e43a72ca4287806280d0daea3cc46fa,e2ebf2a8b112fe192cb13433227baf54,04902,sao paulo,SP
45fd0f4002588ad41ef11b08ec4cf2ce,8429807edd4ebdc06a75b12d95e64cb5,20720,rio de janeiro,RJ
090d8c30005e20451f3514a654cdd9ef,658be5b23fa4d143e2bf2c35f9401f9b,65695,fortuna,MA
4860f134f8d652b3d93ee94e9d3aa185,ada75a4fe78965ba507a043fadb07ce9,20940,rio de janeiro,RJ
15bea20cd005ed59d34db54c6b32ec98,02c639f8dd288caf7cc6dc66513c23b3,35610,dores do indaia,MG
8c9bfe4267c768c965a7a3770b06899b,3e106ca9900549d3fe143694d984da50,04674,sao paulo,SP
c41bb9b32eecfb353668815360270496,edf8176bda73a45c6a47235c7a7726b2,17490,piratininga,SP
47c4599db633af989a9d444ba9ddd844,52c7d7c1f37b0c0772bcebe5fa463b15,17512,marilia,SP
acb64e2599b38fcae12dbfd6bc07859b,1020912bed1cd8b8e0670800229722a7,13973,itapira,SP
98a13a25160f30babbd81bb1d9b3e61c,44f80f943d7ac5d486482b715019014c,28950,armacao dos buzios,RJ
bcde4a90c6095d70bfc2085e755383cc,32fb2e7038700592a88dc95363e6a7d6,29056,vitoria,ES
f6c6f587eb8cc972d92c7efa7de1a208,3c6157c764ac6188a901d1bbebca7e2e,06421,barueri,SP
b8f3c05805a908d846c178e4f3f0e875,eaaacf9177b86ea5969fcdd92f225a1d,02542,sao paulo,SP
c63812833200850d116bb2ba25ad634d,0e7605b7d6890bb5d98446a80b91bca8,02617,sao paulo,SP
deb7123f2e2f5e7e0997e3af67d058d0,7387cda312de9273ab3abdb5d5693709,05010,sao paulo,SP
d6851a9cf4328debeddd2f63212ff9e2,9bff67cbd491a775eb1e262b778da4e6,02758,sao paulo,SP
9aa6f4346dce412af1c614f252bebcc0,b114cbd7897cdd2c233f77095ae808f8,39330,brasilia de minas,MG
172a8d88b70c30286a8d76ac735b779c,ecce47b0efca8ef66e9321e7eb431478,04362,sao paulo,SP
f55e489fa5e3fa5cdab0588fb2cf9f0b,c8beef897465bd87168f7793cf9d0981,71693,brasilia,DF
ba06469dfb61ced36ea2962bf482aeef,ad9ff8cd876fd0c70ee6319f79f5fbc1,05103,sao paulo,SP
c9dbab4b73e48bd978bb5a5114ee6e3c,93d21068a4b6b2beb2c3cc9d44f948c0,48370,esplanada,BA
e04f1a56c179e5072f239aa83ee0b5c7,8082996e039c772b71d8df530f5fea4f,81810,curitiba,PR
0677048b122422b313b96967d64e8cb6,d0bd3c33ffe8ebc807b6e0c06b945bb3,27700,vassouras,RJ
002b24cb2cd0c3e575040dbd278885e3,f422964d43fc7ecdc3e51443af0705f9,79117,campo grande,MS
b5121f7fd1b0aa4addd65853b3b2e1b6,2a5ae004864e4817ddc6b39f11473922,88780,imbituba,SC
e9fc7edd6cde2e8c4f7f8617ed9cc8d4,8d101c47a4c3fb0d038d454668b1464c,04709,sao paulo,SP
6369ec1eedbd7401fcababd597382d90,23ae1bfb4297222c1b522172809a7ca1,04447,sao paulo,SP
e46731ed04dacfd209c14dff32d96e58,8a5ebddd26a21185101e42434d23de7f,04746,sao paulo,SP
b2817df30d7390a156ef1514c284010c,296808b56f85ae255d58f4b2d0d1649c,54410,jaboatao dos guararapes,PE
00a2277d94755da60c916bab098b9b49,9a4874151836dd0388acb83657ab7367,11035,santos,SP
19d8d28432946239ce9f75e1990f7e58,d6fdf70f71d5b82ae601638a446bd228,64770,sao raimundo nonato,PI
80b26789f069971fc4b1483f33f545c2,0e78a1b66adee5bb3a6f014714f79cf4,21853,rio de janeiro,RJ
5fa09f396373904956de2a879ecb7e2c,3076903f485de72ca886f5496ad486f5,13370,rafard,SP
0766e8559ca223a62bed916c91eb8e36,ad91efb8f88ea7f1c79dd02fe04cd355,02401,sao paulo,SP
fd6ff62eb00548fcb8744d703ddf77ea,07a62725db1b6ab611d0cdd89184f39f,74333,goiania,GO
450c27e5b2962a410207ebdbe0d15f43,c57c7db7dd5b915076d7687f7b2c61a7,26600,paracambi,RJ
e0b9262d01399885847c98481b33da06,2cf556b203080c71d49c3a19f1b96aa3,05210,sao paulo,SP
1628f353cb4fee7be799eaae47575ed0,eea3ce136d530bbbb64b37004756820d,70716,brasilia,DF
5666c037aed4dc726ddf2e0999782cc1,e8bf9f048f9a1f488c2a261d5efccf7d,77453,cariri do tocantins,TO
8a863458d761a9b40faba0ea98094eb9,37d1cea760ff9b96298e678a10b02c85,24445,sao goncalo,RJ
4c01cd397da9c3d496e8ac9db71bf078,2f23c8a1e98ba86fc5e2462c1d12df9e,36955,mutum,MG
45d40275f2be030c1ea7198a16a53e67,3ce1fa9f478cac95922954b388345677,38600,paracatu,MG
4bcfea5b436d2fce8a78497c515a56e4,3c943fa0307df17ea17cff5d8af3a96c,13635,pirassununga,SP
f2ab252accb7913d65a397454e010e95,9279876eaa8bcd6f1ad8f02678ea251a,04124,sao paulo,SP
01f122c4617c17afeba8f9bf49babfbc,9e7dda935aae28fb55d7170f335e9826,86046,londrina,PR
f71daf549aff62ad50e839ea1086d9a1,522d1f87cd0763c5fe91a7277b41197f,07242,guarulhos,SP
9e34ec8b56a283cbd0570abf24ea2e5f,257296c7675330e1bf543f35d484034d,35188,jaguaracu,MG
eb8db7e18d24b66f2d3681195c85b2b9,cb8661d6ba07d255d5fe1bb9dae9b79c,20520,rio de janeiro,RJ
a2db5b8ebecdcc046aba7a1991e73c6a,d15a8f57cbba86bd46d2cb70f975951d,41635,salvador,BA
e7679548f90781fac8359cdbe2e2c729,eb95548b5609bc72326178567edf6f69,07600,mairipora,SP
41d70a2081e8c114ff1b6a2e2af57737,1177ca9cc49e2b6cef282e0a3f7e6ea7,04547,sao paulo,SP
b7e1cdbc345ccda77104fde38f626d5c,6d51a2478f601d2b0382d163a5a01958,37950,sao sebastiao do paraiso,MG
93f44a625d614fc2af27b2bd4ce2874f,a5a169a9ce0d3f227bffba6810abb8b3,03158,sao paulo,SP
cca3a432a978d0171edb9e9ccf167bc2,fcd67b63461ba5df4cd7934c5b11c6f8,78098,cuiaba,MT
c1a2b2493078b7f26bff65b957104f58,f091cb60c97d35a42101a95cb825f821,03340,sao paulo,SP
23427ce8578ef103e47c305b7367ca95,1445dccc658aeb4907681059ee30e68d,06824,embu das artes,SP
2d4f85e2a666df7f87ce6af544523dc3,33cc01ff459c8787f6e59dbfbcff802d,13178,sumare,SP
6303896fe7edb9feb7b93bbc17bafc09,413efc7550a8ea15ce303ceb7bd820c2,76929,urupa,RO
0b8cca6cd998b579f4a0556a31f388f4,4d5db20ccc7f8a5f045b475d9fc6d8ec,17250,bariri,SP
532b34ab6e14da3ebbc775ba61bffc5c,564ab8ca31faaf89e0ce856cfd7472a6,03928,sao paulo,SP
456a071d45cbb3cc872071729ec31dd3,09bc7afc3e8d8dccaffd0b16944a91fe,04040,sao paulo,SP
cd7f52e725467143b7ed30100a8bd63e,150f4a8d730c3973097062946a5369ec,13035,campinas,SP
66f301b13bbabd16970b1f7a8f4e40ac,cfa0dfd65182c8bcbf31fdb1f35cc0fa,12246,sao jose dos campos,SP
d68901955dc622165460ba6cb4ac49f3,daf7dfe5576b8c581e8353aa8608a008,12954,atibaia,SP
ff8bccea0f872d28efb3170d1be104a9,18828c946a31502c8b390bec28aceddc,12225,sao jose dos campos,SP
44cd1a39351e20bfe0d358a1e10022a8,dfc415bfdd4c7c65422d3684f77205aa,44380,cruz das almas,BA
2ae5164e3ffd4418ba0b70fa40265391,0a386ee973ec0eb148815ad8a0e64b1c,13188,hortolandia,SP
ac4235b361fa3cba41eec937e58cdcee,ca5ee952d96f8ead031e0ba820164b45,65055,sao luis,MA
29bb15e13f62057599589a7ab73336f5,534b7c48b552c1aefb826317387d64d1,19400,presidente venceslau,SP
c6d3d8578f934785cb4abae7ba2d5c0d,76d1df67cfa34a2c4606537d54aea0f8,09371,maua,SP
da5ee995dc45623f40c45d715502e09d,81c56b23aaf4d8d2658fbd644da888a0,04948,sao paulo,SP
65bdac23aebd44af1c85c71c4acb5c6b,c89d91308d60d2f2076d20296962f2c3,82530,curitiba,PR
14475fadcb86e53123bfbe43d0d69380,a32a8a96441eba200ef870b4dd1d3139,13569,sao carlos,SP
38f1fb4bd44289ca591479b76905cdbf,628bdd93abd27fbdd50f4e2e91ec64b3,04616,sao paulo,SP
67dda4d650a7d633ae5849308bd98dfa,c65cd71596c64eb012337d19ec8c7ec7,04114,sao paulo,SP
8b5444d8ffafc506f189fcfdf31204fa,ccfdd7a6b19a129c8fe7530b0e8cfeea,20071,rio de janeiro,RJ
b76858182a9cd7f6c1ba482c53fdd2ee,12ab04e66183730ce8e55d4a0df64e00,75707,catalao,GO
4dbccee7e5cb46bcf06f78a7fcfa9c21,35337be503b4bbaaf0ff2c6210875aed,39660,turmalina,MG
71c29cebf4b6b1bc7d2d1e596161687a,30dbfe87657f768ff646ec83ab82c4db,18601,botucatu,SP
0e8ada3654b94e0d569b44233db3c9dc,430205ab3bd4700f1934a49b0f6c610e,71503,brasilia,DF
eb64c2a4713ed54aac3d2d9b078b413c,a6772c2a46551472ff77fca0e80d99fe,35701,sete lagoas,MG
f41285f949fc7f25a0845316f92bb7f2,cd2e300f9584229af9e692e16b542438,04945,sao paulo,SP
021833e9737a1145b5a6e3053f0f4329,18af4524eed79155034a9374880c5078,03211,sao paulo,SP
0d2aa9f205cc47cd8ffcfe0f43499f2e,7b32049d8495d56c8b27eae575921a60,50940,recife,PE
cf8ffeddf027932e51e4eae73b384059,6cbe8a392b76916e84c2faf69d0d0da0,13454,santa barbara d'oeste,SP
666a4eb7699fdccd19518171e0b5a069,e301216623168d227eb0b0a3aabb1e62,21931,rio de janeiro,RJ
dff35e4b5a960daa3287033b77b1c965,d38394128f8cd8161dd2227b9f3c58ed,39868,serra dos aimores,MG
cb783202236a8f0f033742f0381fc541,c8c2c89a2e1c59735805f588d5b2d2b1,13181,sumare,SP
e399faa66b9c2ca682f2d6272eb04364,c76a5e4a90af9c01a66ae893c261a94e,17504,marilia,SP
989908db06fd4a53e3177795a0a402d9,342f97d3ea88fc52bcd5af2ec5902e0b,24422,sao goncalo,RJ
6bb27f3a855cdd5add35978c61c8fb1b,240f980f7c03e873c538e86792646919,49500,itabaiana,SE
835290f13da9e4cef839def4f4fdfb20,843b52855a59201d7f3939d6c87d34be,02450,sao paulo,SP
839a0aca2e489a773724ca101f3f5c70,39d28c99c5382bfc238c047203595443,75135,anapolis,GO
626478b0f57ed4bdf6f462568f16d5d5,5d3352f7a8f2f9e5d159f83b645a170f,68742,castanhal,PA
825f22f11d87d6a84f2d728e622923eb,f13279d72188bad67ecedf9c1c6a0cf7,25520,sao joao de meriti,RJ
be64c6271cfd483f027afda5aae04cd8,fe0487828b7b11e29b3e05c1b85eb8b8,25880,sapucaia,RJ
04cef6b920c0d8f16702cab269b59044,6d0b86c615a3aa7ef4a13555ea965ef7,03183,sao paulo,SP
7b499c7dbd0d6d1cc3c4bee26de8821c,e25a9027ddebe5298cdf1d4432211e9d,22710,rio de janeiro,RJ
63b05f55c0ba62261a42fc7a48bad9bc,a51ad6d24ddff4eb2277385801cc4962,05038,sao paulo,SP
cc6fa5f972cf9cc0bff89b6811a40ed1,f982853f2882760f3a52e7bdfabb1080,03127,sao paulo,SP
f958c0b8328c460f2e99dbdc9158a8b7,e1364425c3a46ce9c717711a76583486,18016,sorocaba,SP
42990531f1c563abd40f0a87b783c0c1,f70071755f8beaa1d2b64ae9bcb62af7,14930,boa esperanca do sul,SP
6d70d16ff8b3a0131e209b2bba542930,44a744d964ed677fa34517db79feca6f,35420,mariana,MG
3822955d34156d07b88be9848edfd7e9,fbf136c0e5ffdcadcc5f66139e3ed394,48435,adustina,BA
28c37425f1127d887d7337f284080a0f,175378436e2978be55b8f4316bce4811,09431,ribeirao pires,SP
a0ff04ef67911eae8a588690b2149379,70473c38b2a45f3bd53dc2e72226b182,27163,california da barra,RJ
d3e4ad6760adbf81d8b379877e6293aa,90e353304fca98d75526206e02282af0,08223,sao paulo,SP
7ff490f567ddaf9cec90714d3d40ade5,7daf73d9a9dc80f4778b681ec5632fb8,28380,natividade,RJ
44531082b3d85aa153e1da6af94114f9,f31f7af539e4de2601c4c2df9dc9924d,06693,itapevi,SP
f6ee49baf90162ddc222152b08f625ba,b4692b07ed65562a4dde93d828a9217d,85790,capitao leonidas marques,PR
3d81e0983219c68388bc93a067ccf4b6,a8e1fe44841fc2a19044f100aa34ff15,04841,sao paulo,SP
943fcdf63bb3f4757a902d8837c2dabd,f9bfd06239b3ed989017fc7d2ff82474,29194,aracruz,ES
14e618e8adb379c1d9727e4cfb189daa,58b2572b34b182a7b5b04766a86bfb95,15057,sao jose do rio preto,SP
5f3e50e8dc4c51b4bfafd5f7039a65c9,77bef31f6f788d1649b8b918295c738c,04185,sao paulo,SP
47072cf880ed71431fb220f937f63d5b,4bb176788486ddcb78b776113c086b36,27935,macae,RJ
47d251314584bda53f70e982b513e90e,52a1db3377daa828468f007600e81cdf,40313,salvador,BA
5c495510e9f861b83aa5fb7c308e8d76,28989ef45087c96e5a4346e88216c2ba,69912,rio branco,AC
35da1bb3d702118ffa90db700d531c35,1dd356a5b9f5f8625c7947e4c2d1db8d,03506,sao paulo,SP
1fe7ee22f6ae1b8dff6b6c83eaf1cd54,9b1635f25fbf04a04231d707fc61b38b,29785,vila valerio,ES
0b5065817c2e406c9d9416fd353330d4,67ef79c4785a569d7ab5511473b019ca,13219,jundiai,SP
ac689b1fabb72a1bb917134bbf6f0d23,e684fd5150dda0614327a268066d7c52,57900,porto calvo,AL
29509a171c5d01602fbd7afb4ecbfa06,a52ac631c202bdc67ee904e0a6eebaf5,03286,sao paulo,SP
681afb2f3720c1aa3d3fee254be18800,07f765655f560c8624267665ce23675a,96880,vera cruz,RS
14ec0af04aab4398a904a77ac2e1c68b,9b8459e95c991a7a5ee914b88bb2d791,15061,sao jose do rio preto,SP
117b1c66b1089ece5c2254144f37cfe6,52f8d257481183eb874e5ab0558227f8,95110,caxias do sul,RS
7fab87c1778bff3566834e0a48fff0b9,272fe23cbba5cc6c8fd54636eb56937f,21830,rio de janeiro,RJ
8c1196de2dc3d4e69e8c9e37eec5957c,37315219c68764dfe5e46f9074ddf8df,13070,campinas,SP
0cc776ad105d3e0339e5e3b846edd129,25ff2d5e834347cc0cd494cf13f0aae2,89870,pinhalzinho,SC
1856438e1615630ccc65ed9a11394213,3ab195a29a2b0e131d57df59024d6d50,69309,boa vista,RR
6e7b0f93dfebf606621b18ba1bbca33c,b4a5f3d0becb4574e563e90cc42024ec,14055,ribeirao preto,SP
c8989858ca604ef323b30deed0422d02,738062998bb2f6f3c570fcbf82a86c49,02335,sao paulo,SP
1a0d6e9c1a8483fbeec12da522abc4b9,1fdf90937088c83e969d2d20a1c73116,19913,ourinhos,SP
e15320a1ba99c3b56cc50e492e6c0c48,c78e2fa7d12ec69be581bebc5885d9b2,03582,sao paulo,SP
2945f7826483e9c7360613af4d7e6426,334cc44b9272d44bcc16e37e0a22d69b,05630,sao paulo,SP
7225c41233573a5e698cddb894951e51,9c4b024163c6d94789844c7966458f3f,86490,ribeirao do pinhal,PR
b7c8e76e67ea70f6aaa55aa9f847c0c3,bcdf4386a30ea0fdeba75d11960d7918,70686,brasilia,DF
7c93fdee2bef9805081b51d931b99bc7,6c4e5fafa5368d585420a705b9582df5,28893,rio das ostras,RJ
2a3624bf4c3135d19877f48d340c8613,d3195631b2c66e9ad4cf137285ff57f6,12243,sao jose dos campos,SP
68ce6b05de7e3b0d5103fb9952c9c959,a4d6f5e61e07e006e41e7ec382f3db1b,13300,itu,SP
c8d8df677303b51ceb3ebd595969502b,eca99c7b0bb707d3f08b027e8994b79e,17340,barra bonita,SP
0ab26918ea357128c0f6f9acdcf8f0f7,057c2691d1064a864c78eb7e34307b46,05372,sao paulo,SP
a0822dff344a63f5484f6f09dc6942e3,0637b8b30ad31760ec80e9338b17fee8,20241,rio de janeiro,RJ
aaf8739dd1632d44d51e010a52695f05,b2b9f2691a107ce19b6976944c6c5649,21330,rio de janeiro,RJ
ca9aab3e58a7f76466087f26cfe4b41a,cd827f7f52b0eb015e6c47ee63c619cc,25266,duque de caxias,RJ
5e02cb9fb59349f6b16383308517111e,0489334c4348c0937a94a7dd5c6c8f25,11630,ilhabela,SP
ad1e6270f2b9ecef0068bacaf3357338,b563e67983132284e5f6cde72d2d308f,27321,barra mansa,RJ
259601eb3d9959930d3b49499a4a3a80,d3fdac471469bb98181e0629e781d017,30628,belo horizonte,MG
7302e92da39fdc7fa8b02048113bf5ef,b08151a30ac8321a74af864d51aa27cb,26053,nova iguacu,RJ
761a6661420ac3fe268bdb4140898575,991c252d91c948d7759202f7072a85d5,23595,rio de janeiro,RJ
c4f67a171b27e7cb73bf6052ea780f32,25104d84ead4dc8dc8d6192c77533cfd,16450,getulina,SP
bc94fe53f5ac2303375e8030edfed971,861e2a5848de1a3e8fa544236a8369f9,03888,sao paulo,SP
f85e2cc1f55bd805121094b06905af7f,cf8c2c98dd39a8d3b996f47f49c6ccc1,35930,joao monlevade,MG
a7f1b7380cabd2fb2efacd2df11ba224,53310ffaaf0aeac192ea840f0804158c,95650,igrejinha,RS
f74078b8c7665e05f5192f8c7bd95046,0db6b854133b3ee6a248e68e6ffa5476,93950,dois irmaos,RS
4dc4eaabbe6f83dcfce7ee1b31af8c43,4e1b18809b98d358415a6aa0e4a8b84b,06465,barueri,SP
8462196d38f8599936be39dd008f9e7b,c02a093f9bd733ad82049a6ad1eaaf15,95680,canela,RS
566782b45e70b898cfccd745e3fa1223,1fe8fcbefc8f04ba316f4afd0b034a67,03357,sao paulo,SP
5ec721f1279b850510ac109a5cad14c4,af116fbccaa2f1d9db020b0625f4db08,95660,tres coroas,RS
1c874c4cc51fa0c5401a51943cc3a174,5ff2f91ae5ef493cf7070eeacc099110,72250,brasilia,DF
145b7ecf2c0aa47c15bbe20d6bd26a90,f4c8f8a862c73b83c4a9895e56dd67a6,22450,rio de janeiro,RJ
982d36c785912f44bd0f87ac7d8a7073,449f3747769bdc5e6bdf1a49c26fc8c1,39880,aguas formosas,MG
efa32e2c1c2454217b3c5c9b09f648cc,3d93772915efa454a89bf52047b0b285,32050,contagem,MG
565ef96c8b329e91ee596508371be62a,64b58e8ac09198579e411a860973146f,35790,curvelo,MG
bb8bc452c4adb3027f2d7e6c47663e1a,47dae9705bc097617f823f7cbedca145,29055,vitoria,ES
a2fa3925309e440a429a5628eff166b2,092c26cc34bcee8f7c16cc1cf3c55c1c,22471,rio de janeiro,RJ
551c3d5349e8367c1edcdf2ebcd1b47d,a061ea87fe96fc6b177a6201161c7847,14882,jaboticabal,SP
f3576e2845514e8c7a3a89fd7691c745,a5676d84cbaa52218865e55f75e9ea36,19010,presidente prudente,SP
8a3339f252e9dc4e354d7a2984558974,65d786c10a2800d96bfb1d3051b07eb5,14660,sales oliveira,SP
ec797945bf13ab061fb9cdd8aec60b34,7ef3aebbec03e03f5a358f09486d4e1b,13347,indaiatuba,SP
d14c86b99a98e85b5c256c081e3cea03,297ec5afd18366f5ba27520cc4954151,05549,sao paulo,SP
f40ed29ddf8d56ce6055e1a37094ab0e,86c1cf9b50b98e75441353563862cd14,27916,macae,RJ
45e50a6d3f743d175e0d778bb74e0c85,69e1952fdbf5f5a17d0e3d2141c275ab,07724,caieiras,SP
8ff142e1e53169103945b4bed865318b,37b113f4154017cf046482c756d5c7af,30150,belo horizonte,MG
e7958b1dac84719b0e9250e063421045,dbf9d2d8651aa98885c12ec29829c6e0,66830,belem,PA
dbc9d5f0f7b887d9ff2a335aa790e5c0,ae34c047daead32e39200cad49c76ac6,13255,itatiba,SP
629abd181c1d9ef4bb09740b75ad1cbc,21f3e8fc2cbd789feeb985a80f6a55b1,09321,maua,SP
ef6b9ad0f75a3e32cd2f21dc4c520de2,79a515575bfb55b9ab59c9595df5cf8b,40390,salvador,BA
bbf91df4f0a88830237a0e1ee1b9f161,147b29ccaccc9ca1ce2a67946146409e,13670,santa rita do passa quatro,SP
22c84693fe0e3b1dce11069c6f7f448a,69e86568c7a3875c1be33c2b47c3cedb,63051,juazeiro do norte,CE
51620c2de1a1f0ef6e6ccda2b0c1ef11,727fd1637068f738000769f328ccbe4c,75840,santa rita do araguaia,GO
f3521c6dd56bd56fad9342c57bdb6b7d,fbc6a43c55d022b0705eea269e3e940d,37464,itanhandu,MG
e350009a3f9ed178e32bbc36e989b431,b487cbba285da81fdf182c562bf8c1b4,41321,salvador,BA
8dc4c1ba3c81aa79d96e459b5e8a8b66,adfc21860c222bc8b607b5ef86341153,18017,sorocaba,SP
2d2946312ddf1d3549995ea0d0b7801a,0aa7b4580be383e6d299b583268b3ed7,66060,belem,PA
7e19f4a49cf2f5c0ea08901336e3d9da,7f9f63509a47bb5bdf82c647d57dd2dc,09434,ribeirao pires,SP
811e55e5f48c8f37832963ff509ce85b,c106df929ba7c1b2dcbf7af4d0d60ee0,28030,campos dos goytacazes,RJ
7b1536d40b410674d6580bf1a6883985,6bf33cbc32d6feef3072bf6a6ff13769,87045,maringa,PR
653f5d3367160dc1985d939aa321a3bd,cdc8b0d152b868db7e28de59f642c94a,07132,guarulhos,SP
1d450b71f24b14fefe1d31b16fc1155f,a7ac7e6fb7b2b6670fc5c5c593ac4622,97020,santa maria,RS
76fdb94e980edf0a4a7b1aae1abf57b0,2023d2b0225103036782dc7ebdefa443,77020,palmas,TO
3c68b8ef8203f45f52448ad71ed45c5d,cf42449dd4825c8f47ad49b9dcd07b47,87900,loanda,PR
ff2c29eb45040b08d93d6954637852a8,477f7f182e8da105ba6713c0d5a24f15,36052,juiz de fora,MG
81d28859d6c278c6511fb5dbc8f79672,df4a53f073dff0d99338b5621236ba15,49025,aracaju,SE
4348815275d4689bcfa8946f858bd222,7788031452c2462fb27d5225237abbf6,96211,rio grande,RS
0adbffeeef81b01449777e0ac65623bc,622be3abf5853ebb483f789b34b08d1b,06250,osasco,SP
ee218228d0ff9d569459b1f1e7a2c2b7,1e833a2651ffdd54786a1743d54e3e9d,75828,chapadao do ceu,GO
2707853be7df8de3a4c4e8c718de99ba,012e12f54f6e73b1faba89a119dab849,75930,maurilandia,GO
fd8c1c13c5a8e810e542362ffe896cb0,4177106411d91f66e786890b5e745511,05056,sao paulo,SP
db857a86c685a6a3a02a705961ec1ff1,c83d504c46170342ddbc93c762e0e4ec,35171,coronel fabriciano,MG
66e959a44387b5dfdd7e743181715998,66996378f67378346454530b8affe13d,20540,rio de janeiro,RJ
923c66d220bd6cc4760eb719e35f0b2f,0045e9ad4d6c85d2323a7ab374b76183,36200,barbacena,MG
92c79ee0697a68bcbd251dfc2c2fc779,d26c616e241736e0c1c1ab14150239e7,24110,niteroi,RJ
8297d4f2b469f1b4c24903373384b6cc,5d6ccd599a65d5d17279660536476a0b,15400,olimpia,SP
a57b48bc16792fa6094d5c839ca7d653,082c9b50e9877ec875c0f6c14f68edf9,07857,franco da rocha,SP
8bb3bef4e75a95524235cdc11a7331af,d1f24d1d504e27bee13b415e40daeab0,40055,salvador,BA
c0723ced6e0b4ec1af136c0cf6b86e3e,c2a3897a7b0f66194905d20cb06311cb,39925,salto da divisa,MG
46ab44938c2037edde737e7c0a90818a,e4cf8c263af80448527b5497d9be8034,12630,cachoeira paulista,SP
f5011243aef5abc8d53d6956ad074c66,9e4c1e8466ff1c0e9d7eaed108b74bdb,22710,rio de janeiro,RJ
8d7bcfbe8caf1c7d288c6aabb3fec69f,d56341389b1f3e965dba4e5db4bd6b6e,96845,santa cruz do sul,RS
447e1d91885790660c82309c87fd2422,2cd86dbe4ab909dc6c4525da850e4ccc,88117,sao jose,SC
0681069ba05876a097555609e2496d1f,ee04cc9bca4c9198bec5c54c2542dd3b,08676,suzano,SP
42c0680560a944fda8f8410597dc76a9,7b04a6bcade4f93bedf6ff26fcbe39fd,12307,jacarei,SP
7bc9b7017eab15299f2e16233739e918,183098e8a2b68ad63794031d5b719d69,29056,vitoria,ES
2fb8001fa90031486a508d2796dcde4e,da3fabb668f83ec5f98bb888852470c8,03047,sao paulo,SP
5d0c6c3c37720178553332f2509b2568,ff44401d0d8f5b9c54a47374eb48c1b8,13070,campinas,SP
58e67afe5b8a9fa07e268e00776afbdc,b35ecd06a7c3782667b5a035e40f9a0e,09726,sao bernardo do campo,SP
eec86eb10f3bc01629ab99ffa32ea05a,fefc267869d19d84e64c7ba061565ac2,36880,muriae,MG
8daafb5e7776c08e384b8bdd6b708dfc,8262788edf806677acaffdbb1709ed3f,68792,santa isabel do para,PA
30618802562d31117ba648da7cf54645,18ad234ff8ab86b33af5664c97e0712a,75350,guapo,GO
ddb4b59eafb402e9e5dcce9204b5aa21,6d010016ac86b19d9b3a6829cd9e7f03,22770,rio de janeiro,RJ
8d20d2912617c963476533288442aa2d,de03caaf3b9d75aec934b7998b89b454,35502,divinopolis,MG
6d4383b15f32a02ba877306f23f38588,9cd5e0fdd79e38f97953f786d8939901,37447,minduri,MG
ec26ff9b46af83d9c60691c89bf24895,60e6fe581610db699ac03fec61f4d53f,30130,belo horizonte,MG
4c64c0731b98ff02f7060fbad0d85c0d,9b4cdc259611cf2a829ef7b6abb584c3,05145,sao paulo,SP
3d06c5a21253c48236d840250d9f8a6c,02a7760053385280fc193a50d86f69d1,13575,sao carlos,SP
fe9c6eb008b730c9c343725234c31027,6389849dc41c173de15159068c5ea710,31035,belo horizonte,MG
1e238842f13494d776b0a2a0f78b1e4c,da84448d24af1fd94640d23b77adc858,07151,guarulhos,SP
adfc29e0c38c693aebe6ca25a7e5d72d,63ee13860202f30402703a30e9871633,13069,campinas,SP
cd483fb7ce181dd4fc4c8c77d676536e,f8f6ed51ded0d4757a6153f5ce0f8906,88330,balneario camboriu,SC
82051ce87c5771da69cc903239d13ffc,d8d0eefc0e1f2e1ee67bdf6f7dec62b0,78575,juara,MT
d812ff486ec5070d45ce3abff665d5df,f0f4fb215b9f40de47a8e6d679466d6f,13490,cordeiropolis,SP
743033460f70e2683a86178ac4ef7351,cc4a523745078991df9b347bc94f00ba,96470,pinheiro machado,RS
59fb48431c37f2c42e245df4cdace347,61194a973b4afc068e049f5317ee4468,35910,santa maria de itabira,MG
b4f19e979072ee328598342b2db466cb,65ce5ba03f36434838ce04d66b622735,93220,sapucaia do sul,RS
4a1435c406b7c8bf1404a88a197787b4,39b56719c0ea74b79ee77758001eb6ab,13566,sao carlos,SP
7c94da97db6fe83e123f80baab533a97,aa811dd4c5b1ca28de6db905ec51ad5e,82030,curitiba,PR
bf0d532260f2716121748dff1564a117,d580d4c926cb10f3b0cb66fca7f40e2f,26140,belford roxo,RJ
d0c07cdd5cde8cb9b6fb2d7a32060211,840a0a147ec1a7209e1092161bd3ebd4,15041,sao jose do rio preto,SP
c805f98a53f91cc2794ca2402fde6cd4,06caeb75009153db427a6098d7974115,84268,telemaco borba,PR
33a3023585bff9c06044bdcd92c95b4b,2e87695ef69b7236c17c1f1e021ed36a,92500,guaiba,RS
b294b26e9808dad6725676239e3898e0,8e63cfe3d18707975936bd17a96699b1,73270,brasilia,DF
1af2b6993c484922951d0017979e65f2,111c4c23485ccdc83aee34a4dd40c0fe,17180,iacanga,SP
24eafdf1adba85219732e8ec88a8ba3b,c66d58cd01f9383afcbbbefb063d00df,78340,juruena,MT
644b4d8b650172b6275f565595f2adec,ebd180e7bb2c89b98fd2d48d8c2fbdc3,23075,rio de janeiro,RJ
b0609e4e1e28ba6d9744ab92d21c05a6,94bbded6a4ac8a3dd9887f99861bf608,03920,sao paulo,SP
ff2e5564a16076f9e0d973371c33a393,8434fe4bd02178f461363f95ddb9d826,26564,mesquita,RJ
ca9e758a38b2f83b2c1a31e00aff1c30,6e10ec635e9028014714f4d14130af3a,84600,uniao da vitoria,PR
c796c9785a45472c03b45277e6e4c2c3,d4249bcd094470f3628d3ae817095128,07724,caieiras,SP
90abf5b0ac7c7b7bb763da066ca7e60b,e048d4f04bde3e12f337cf38d680345d,79950,navirai,MS
90b628e6e1e90b38b06cde74092a0ced,b5e04fc588d13ee10dd2257351fbb126,02871,sao paulo,SP
521845e4dfaa5fa0f913a3baccb38d61,ea484338b14385e793e1e0157fdd8ec2,40296,salvador,BA
fde4a958c856e15b4dcfba719b967366,389ef60b69fa6a5d58c75b159bced310,85902,toledo,PR
e5e5ed68f5e3c9e8153910bf408b75d5,b64d7d3d6c9cad23a169c178b6e170ea,39705,sao joao evangelista,MG
c94358f47b136fc8e5fc75123ff15213,a0b50063ebe682edcf2c6e0dd56ff3b9,05858,sao paulo,SP
7b706262b29ae6d4b3523ec628254c6e,9624cd1c369872142ec96f3096cb848f,12950,atibaia,SP
9993ed85cbf57e345720e3cdcc8c47c0,78085f9ff6f99d4a1406f6c469b1d453,02186,sao paulo,SP
fbc1bec47970c387d5f4962d518dd268,e03a1bf47d42257f8e8e5e8775696622,06900,embu-guacu,SP
95389eec1d6f5e5a7ed3a2439f08cf62,bc0cc7fd03864119501b931413dde0df,54120,jaboatao dos guararapes,PE
7dfd921b8d5eeee59b1b012e6696a99f,c45bca52946a193b21364ad877e60342,29304,cachoeiro de itapemirim,ES
91e93abb370cd3dc6af2a46b988c593f,b9a1e1269bd753aea97e6d559acc1eee,22220,rio de janeiro,RJ
34f852cdb25124b22f5b451449f3a91c,261e8255730ab49376999aaa118e65b0,14403,franca,SP
f26dc4fb2f5373199f3430bda158626c,2bc9f216f6d8aced279379467e7975fa,19807,assis,SP
d2ae704f9d199bd4f701a59c5f7bb914,de86efebaba5ac81ff6b32d9a55654ff,11035,santos,SP
13ace116fc1cc03f12a0d4099635f5f7,cddb4f086c47a45b8bd01a44e117978c,79140,nova alvorada do sul,MS
8f9c6da11c5eb0ca12404f81d092499f,da65cd05348eedf66503a52c9f288b91,83370,antonina,PR
6c1521328c187bc1606678a7dcfa955f,16b74dc30cc690d1bc9a33235cb03b9a,41385,salvador,BA
5445838dbccbe82afc8f04893d954fdc,89f45a94b5db6e63e09a1bfc1484d67a,17512,marilia,SP
d022cc2c5b40e84f1c19866f337c7a68,bbf0d1ddbf8bd44d192f056919e9b706,86802,apucarana,PR
e6ba3a0e166a0249bb57e6a3bd2b6e89,139d16a50a91087a259d684e64dc7379,28430,cambuci,RJ
a3a1d7f2336ab253cc97e55324124945,c801058168008981fa0a971af4b0c119,16200,birigui,SP
541884ec125bd7f617b86a0f92b8e3b7,c52d06680b82af13464722a1abe3634a,24455,sao goncalo,RJ
6e285c210944dcf1f2ee784dfd24fa3e,9e76f3915edb389c53e9a959ad369793,35519,nova serrana,MG
136f4c1a0629b4ef8681a46dfeeddc2e,8c4eb133c4a45634289a9727130a32e1,89560,videira,SC
dd2dd4b75b0a223fb8c234ff1934faf8,bcfdca13b3b657eeccd2528bd38d0425,39467,juvenilia,MG
21ebc323917f5faf55a909e786e6741d,c18763c83c08d3b2336993f102c43111,06010,osasco,SP
06297f06409ee00a3cfdbf2f1a016afa,f08a9f4828806bfcddab58e530766b9e,29701,colatina,ES
0a0cb67a965b9c7e35f5595053b79bd3,730ae8c327cf72c645de5fd7238ae4dc,04311,sao paulo,SP
05fe48df6ea41f403217b5cb88126ce0,7acf19ddc75a0935581845e1c89edb3c,12233,sao jose dos campos,SP
f98b0694c7517f313358ea9f05f47612,71cc49dcc859ef150badb7ae623b6b96,04088,sao paulo,SP
9d69b5197e3e9f67c753cb6389f1c3c8,4b1d6757fbad7cc721dc384757e2433a,03637,sao paulo,SP
1cf722ec2d1f484c35c1ecfe752b263d,ed8d3a85dcebf694f8dde843f3cef35a,93032,sao leopoldo,RS
fee7cf49127308e2b5402c9984b6f1f6,78e1fdf5955b14b03809a8a8accec102,95770,feliz,RS
e6529280d21312196f2b9003c89a53fb,ebf40c0db4fe06ddd15a7a44238c986e,24240,niteroi,RJ
d56fc85fbbd22594447cb37f68c02e95,a8bf743f769f980a567df950e56c4d62,49037,aracaju,SE
8a67f4176555ddc74a6e897968988a74,14b79aa03b656dbd7c3abdbecbcab862,29055,vitoria,ES
56f735ffc907f93942f622dfa0010ac4,a098e7b256ad9d7608a0cd14addce234,14300,batatais,SP
06ee09badc38b922a88d417e5134e3aa,342b3688cdd90937ef04134ad81f9cd8,23585,rio de janeiro,RJ
7513c4bb10a41cf4fae9d29535e31fa7,9fec5bf436533b92a3f6e2c8d974ab5f,17607,tupa,SP
2ae1291d11904be5f9315472cc178cbe,62234bde75e95fb025e2499a0a3bbc2d,06528,santana de parnaiba,SP
a46a083b3986c2b0accbd6b532fdf37c,811d109a807cf9b235d6b730b3fceee8,49070,aracaju,SE
3b30358d0925561c9abffb926e3ca0e6,5eabb9851f423fa3d729105cfa254173,04251,sao paulo,SP
f8f7d4e55bf649020b5a93305a0ba042,d6efea3537ef9c77185cd36905c17bde,41334,salvador,BA
2591b8425f1f3f363d644917fbc238db,b0e456c406192d77c8ff45ba89c81d61,21820,rio de janeiro,RJ
29c3dfdabea255ab06e66922a280d4ac,c83c41456526926a16e2f95d3652b6d3,29216,guarapari,ES
374328bf8679040ee5e84ee3b8b6f33a,314945ddf0337d5bd23bf42a6873cc15,22793,rio de janeiro,RJ
94592fdb883217ce1d1c1436fb77890e,ea413c4de30a628ab6c8f0f2cb35197a,06182,osasco,SP
3ae0ee80becb5e9de195f3cdd8487ebb,6e78e2666b4b338a66581a849a2de1d6,20540,rio de janeiro,RJ
7cd7d781203890be0d18accf75bd90d5,55dfea89540867cbe96091b82db0cb06,02835,sao paulo,SP
75f14c818131a7f552dabb5a34faf9be,b68e32a05cf2dc9c60449e6cd1f98de8,18530,tiete,SP
83630d4bc2cf2f95fc1e41b054deb8ec,51f643617ed8c8731ddc5ac12ab06b01,95960,encantado,RS
cf8d32a331cf6e8701c67ada9636e563,a4f4a8b5aa5bce63d52682d078514a71,89790,ipumirim,SC
a8b4e86b09a6751205acdf4a5d8e6ee0,c7db8eaaaec6095c953bba3bb608553d,95707,bento goncalves,RS
e9d4a08d748f76bdddafcbbbaf1e9fc9,d3691bf5f86bd67dd077416d79458138,21241,rio de janeiro,RJ
795b7ae8e06558aae3a68ce5c74ee36a,43fe8dd64f7a6328782c63d08e4d00e6,70843,brasilia,DF
430fc891a146939e7337da2a8aec525e,6eb44ebe2e1ab11ad3bfa6c8a1652e2c,18185,pilar do sul,SP
2c4801b37ab30b93c7fa391bb6ce2262,8165d1d25f74386543d08fe9fa82e3e3,88804,criciuma,SC
35d15ec55b747200f78c492b3d9ddd72,f9d7b5bd17a1c2623a4d73d9a166c869,13087,campinas,SP
a820146409b46b535505aff7d58f3ffc,4577881f7a6c10d8eb6bd7f7a82ffa86,03510,sao paulo,SP
898c951d2faff7482c962f6ec525adb6,941c336ba35bc4cbd3c5bda62cfaa767,46550,rio do pires,BA
bbd6514b6c09971bdc16eed023d04f51,f2f42cdcf50f93b06b166895a3919f26,89683,ponte serrada,SC
ff6b4cd2177f2ccab82ff6ae151ad0e0,f2cb0a40a1323af33946e25741177d55,06775,taboao da serra,SP
6132860a5328ff1bcb9571bc0040b78d,5d1fbc54800abf1e1e85f65c5996bf23,22790,rio de janeiro,RJ
8effdb78a610cf0b7452f1fb02e7ab9a,9735b1a02ad4d2b3747e9a74cad789a1,39560,salinas,MG
1d00e4153e19570adc3862c093d0d071,2cd68cd1b5bef221314ed99f32ad33f4,90040,porto alegre,RS
f6181cf38d7a4b108b7d4ccfc72543ca,b9fc1ffdd7894b8ab1c910d26c415a4c,30190,belo horizonte,MG
cb8142639e986f3ffda553fea7e60b3b,a6e1eb7e78b8557118e99b34281f66f4,88140,santo amaro da imperatriz,SC
07f531d80eec53e83d52e270ea6538ea,fdc8b2ae6846c2c904194654d61dbdfc,08730,mogi das cruzes,SP
0586163eeeb604b6a6da218de418c829,8f8ee6a66f1926514d9cf9da08fb26ee,20011,rio de janeiro,RJ
cba12036a88407a37770dc8ab725de77,d753459418d268407f19b64be28e3c5a,80030,curitiba,PR
dffe34ca3527d5eb4d985e7a3ace6b27,ea2a4a14c49ad9a9d64d2b7f91f0c293,15800,catanduva,SP
ba00af16d846533769f19fa6c87aa62a,e68fef8768c36419b3092774add45a4f,21864,rio de janeiro,RJ
dd9a54bea0eff3f69bc420353f20b52b,76e450ad0dd910adc304127c01dd8ab4,22261,rio de janeiro,RJ
8f1471ec4f4620be6659239dc9b8a47c,c2d1e7d0b5c738044ddb4ddb0ed1a16f,09971,diadema,SP
1162e7dc369b967089d15a728f133289,191540df60a54c180621cddcfd18f458,24360,niteroi,RJ
b39004c388b1f2b9191a927a99b6cb79,270c0ad2a232e4a10be51000bc69eb03,36972,martins soares,MG
c6f9d741f10022ed6f9233f0ee079978,735b3528d57657121bf180701d085568,02404,sao paulo,SP
b95d13b18342b38a42c82dce122ab381,e50ae92018dfbfec73fd020efb5ecfcc,89650,treze tilias,SC
932f6ab5fbf15a2b22564cce2a273fad,64240d7b6620f8fb1126edad450064b4,35700,sete lagoas,MG
c81491642e6cb5de152793df9069b300,a8e372a8df64d1e9250c093bd71f4cf0,74975,aparecida de goiania,GO
4aa5ea2a21bba03f84782a1b07679084,8b429fe2fd8755277abee28da314e18c,36083,juiz de fora,MG
14ae92ef4c5da09f8158657a1531eda1,4a209254be80c85fbc7b0138a4d5f52f,13561,sao carlos,SP
44624c889935b95b1b070efaa459de42,c0779cfb3d6695eb9a6c14772852e10e,29300,cachoeiro de itapemirim,ES
11fa2de1bb5510a94dc0f632cda6dcd8,d1868c53d6ae108f01e3df92a8d5401d,03577,sao paulo,SP
372c809b0a64a795234e537135754dc6,0a4872ccd069dddcc8870e7ad4df6214,05663,sao paulo,SP
969678c7317657c3a5855fe90a69894c,d47c6631d67f856392d0c8040db162d2,93990,morro reuter,RS
91a10aff1998894aefda53b691a5d6f6,4a1256ba59833d19d91b2139da81c1b1,88301,itajai,SC
48f7707d8436ab3d8549abb02f4715b1,5fce3567a69e158290a6d73138f4f69b,87430,tapejara,PR
01d87bd7900fc721cf5122c47b1d3a71,42649711a50f087d98d6128339e65899,84500,irati,PR
95e503072b755cc678800adf674febb4,256187f83f10d50f61e0e565943d2687,18285,cesario lange,SP
ab23392115ab5083ec640a5c781c2820,17238e33fee2b88c3ed8eb91b29c007a,29057,vitoria,ES
ad3027360ab7ff592efb16fb347d1e1f,d5ca668597a3b40c1e527db8c761f03c,04143,sao paulo,SP
7a506893701d28bd57d183384f4cb225,43f937345a0a85d0bcb7f86e8eca38f1,98200,ibiruba,RS
4c6646f19dfcb0bc05ebccf4ddeb745c,e27f3ddcf51ef11b17c7801428999156,21235,rio de janeiro,RJ
8e5368dd904948fc2fddb6b8b3178175,33abb6c6f7f4097194a2b5085450b53e,26220,nova iguacu,RJ
0e50c6c7561c15b7879e4673e876fae3,bfc88ad2f4a7c54dc245cc22ab468f73,06180,osasco,SP
2136055ed9bb96ae2c2a47e727f791ae,fdb1f3e0dd15b657acc64314ce89688f,37701,pocos de caldas,MG
4100069ffa623d7dc3ae8f1dfd4bec10,6a583f4c6790a4c8330beb7612e17f42,23520,rio de janeiro,RJ
0c5acfd4c2e4abe79d500e8340cf81da,98538bbc1d61e50cb8d72f66d3fc1a5f,27700,vassouras,RJ
e6022a26468e5fde67d534ec06417962,7a3c32228a5f4e30c013b5a32a403e8c,31140,belo horizonte,MG
7d06054cef84d3145a1b1b71bb7e1072,333b5385521c387b3b77f75c8887eff3,38414,uberlandia,MG
b8cdbd2d79fb877b224b27ff548c297d,717018d40515ebcca772cad60799b58f,95775,tupandi,RS
8a8c2e93d6ec33bb908f101211d78227,ce6932a8f9402aa406573c59594f2ae0,29101,vila velha,ES
26986b28dd538116e65c5b88c0e050b9,b56d31572e47b1e6d1b88d3128f2226b,09280,santo andre,SP
6f0e037423a31f6b624f905700044d26,b896655e2083a1d76b7b85df8fc86e40,07998,francisco morato,SP
cc483e04990291b36653b10bf8b7b660,94522b20d09262256d0ef263adf3ff78,30575,belo horizonte,MG
32e6efa64c10e606729663be1b71c863,861e2a5848de1a3e8fa544236a8369f9,03888,sao paulo,SP
5f2944c022285e2b6c109cc0696069d6,481666869b5bac1090000f8600e42b69,13565,sao carlos,SP
036c04b97edba65881be384d9ef54ee4,550be95d95acf4e2d0de916442d1435a,88495,garopaba,SC
6c2c33cdb59d110257017b087f67a883,167a476da72506840e14c50546aebe62,30310,belo horizonte,MG
a6dc8c80c0a118ee2500ba81bd939cf3,674e2cf1e34b5485037bc74aefb8ff43,20511,rio de janeiro,RJ
340abbdbf0c270cc10f99d9f6c98864a,2432bb200daa4f6aaf5ad5ff1638bac1,13173,sumare,SP
c2a1a15a515ad0cc603955060a46a30c,c75509730accfee9ec98da9f7f91bed8,22231,rio de janeiro,RJ
b612bd8d705ec705c7b05c06af456a4f,3782de169bc87c8616a06bb80ef561a7,23890,seropedica,RJ
4bd05c36a7af81eacfdc7dac9ceea97e,35a1007186a62507552a6f3be39e7367,20940,rio de janeiro,RJ
0d507db4606f81ff5d5211c8d3047bdb,3279f77315e1f85892d965c2e0418225,95708,bento goncalves,RS
d269e75ade2fbc369f8225b85b1ef069,d8127f3c612f4c33dc3a1d8246fd0884,01425,sao paulo,SP
13e1bfd20542fb44fba2f5c239eb02b3,e2e0e8c708af27b692d419af3bb3daa7,97542,alegrete,RS
4cb8a348a32b76300b86cc1478882be4,d022f60348d070258d57c290636badea,54325,jaboatao dos guararapes,PE
12658d23a028a4fd61c6ed1baddf98ad,8a84816d00bfa9d90f315a55e0e9bfd4,09351,maua,SP
3c8735c5a045fb31f956e4ab8f23c566,bf27e53164b2385d9eecc0e04a566e3a,06868,itapecerica da serra,SP
b4e369402f94a6036f05434ba8ac3a21,f62d6572c9c25b3796d058d7b833f8b7,05756,sao paulo,SP
1b5f04113a525155711b0603c69ef723,47dbdc82cb82f41c494f9a192176ec54,83750,lapa,PR
a8450fbdf52fb6fb3f3f53b03ca99ecb,2c87baa0d0e26d8c579e587a4bb8fea4,17501,marilia,SP
6f77c9578a65aba965ffb1634406249f,ca1de4d44721fe19fcec76ddf762bec9,20031,rio de janeiro,RJ
b1ee4fbe44dc61d64d62717783b66164,280698c34077e5039c911cba6eff3b24,05020,sao paulo,SP
7cc773cce3ceea8640c54a88b0f007a9,0aca54eb7e0e261cb6d9781fecaf6e9a,83701,araucaria,PR
80c33f6cbd2a66817b9961bfb0f13be9,8f6ce2295bdbec03cd50e34b4bd7ba0a,22230,rio de janeiro,RJ
5aa8afa0ae712a56a4bb2fb070d575aa,16d8eebdd78173ebffb58eedf2544e68,11740,itanhaem,SP
0968544cfbeb92285311bbdda670509f,09319cf17ae35ad6d3d24ceb287381b6,01541,sao paulo,SP
1c282323584deebf1025c4c72dde565a,2a20697e5508f62175c47760b460bd01,31744,belo horizonte,MG
999485f0598dd6ce766c09164bb7a5c6,85730e226e2f3a1608433546133793e1,04105,sao paulo,SP
1a3776751ed3dcf149859b769566fe0c,5657dfebff5868c4dc7e8355fea865c4,21321,rio de janeiro,RJ
2c12c50306eac1f3254f0975a2d1eb7b,ee04cc9bca4c9198bec5c54c2542dd3b,08676,suzano,SP
82e537298d0d9ab2e0f7d1a2c2b6a3d4,1208c8555f90541f4ca397baeb16a26d,49100,sao cristovao,SE
6afb49b08ae306fee3f98b95fe395a47,0c5545d02a08235ea2cf14e973d78ed9,21625,rio de janeiro,RJ
d5de688c321096d15508faae67a27051,d49f3dae6bad25d05160fc17aca5942d,36400,conselheiro lafaiete,MG
4c6113ce1061af072c9e439ee436fba4,264dc62a6daac49a2968fbba65fa6166,08660,suzano,SP
f44874b79296f9379e81705ae1aa9a85,6f5181f5390779c57a8ac958a1c548e8,62200,nova russas,CE
911f3d97487d2d823bb88015b5a61b84,7fc74b3e8f95059240d2682e9cb5fec7,04116,sao paulo,SP
8cb9c96288df5e44d44d767b4d3c4cc0,7a114c4d600e1eb56f331eba875d38a6,16010,aracatuba,SP
3d89e437bbd02dfc96b7ebf2d791bfc2,911a7d4fed122180dfff1453bf5a5094,23020,rio de janeiro,RJ
85a9defbcbb5d1fd61c959e35d48fe5c,7c8743466f3c68bfd4420683f411b100,11940,jacupiranga,SP
c793cef016cf6426573a2b698ecfa174,5bf7274f42d022ba05ae7252fc4ccbf2,95940,arroio do meio,RS
4359218ab99c76acaab0ab7a42ecbde1,981665ad276011294ada8eddaaa56d8f,95800,venancio aires,RS
8e45de2e73431d2fb731feb8112bd110,2a01b3809c12c71b5a54f5cd7fbdb1a7,05734,sao paulo,SP
58744880b7ff3ca8c7f5fdb3c6eee4a1,5a195ca956840994196d99cdf5575734,99200,guapore,RS
4718c9b5ecaee126f5b4db1bd06e3cdd,e088a4de3e5980614855e4696c061f0c,30535,belo horizonte,MG
3ce492ad96766976c6673d3e1abf681a,f3e619dd22c300e005f7d3574e9e0eb6,18650,sao manuel,SP
cd396d4d2d4083e24b7c345df3b54e84,39e8d4c774173ccefd11a79927fec342,29070,vitoria,ES
08e4aec0cb39467c0d89548c9e44e28b,ec5cb2f49e18391a52f4cd8bcdf4a5de,03376,sao paulo,SP
aed712020ce741154262e5bfcb7745ab,8254813baf9d7549e605899e91ad1c1d,03210,sao paulo,SP
bb6b4fb08e29775ec97351f44f1fad1e,e8becd5d0bd454d3219ff725ec9010f7,85501,pato branco,PR
45f294770c10f58eec67ace0aac0cc5c,73697e3ae3d92e1666d9ce8cb7c281b0,64870,bertolinia,PI
2de12f428569afe73e5e6b1b4e2f8179,6189b291a65a3209d34b330f8f0e8373,65760,presidente dutra,MA
41061f2a3a70683b176c48c221612439,a865a3f8b39809ab1ba53cd0e8122999,04564,sao paulo,SP
e45d7222b87e8b15b377853dba5be723,3798afca0bdbf833d43d27ba3211d3a5,01027,sao paulo,SP
a5942cce62180f9c3f7ea610f1e8bd8e,14f15be8609809064cbc91c44b2e9044,72425,brasilia,DF
a7dae4d5cb0b74e8ecc394fc48b6da06,589211c7448e6c3b58b0ba98ce089ee7,60720,fortaleza,CE
cc1052040f688d68994f5645c551ff78,c99c4af82fbaef90728d0cd6488ef32e,32240,contagem,MG
a7a833009ee67f3712bf47e987580d15,c23ce6b0b559fa63a837272f86bbc0a6,13026,campinas,SP
a44c6bfa12787e807a919f755419edcb,1953527a2476d4e701c4bfaaf80890aa,37750,machado,MG
6722ce55e2e440fdbcf925f4b3c01f31,e68e1b61896163cdd7f8e07b2ae814c9,20261,rio de janeiro,RJ
a7086654d09a3fadfc0ed962acba11d6,5b54e8dac0a9b3f1fa37f4f9edaa1ff7,03121,sao paulo,SP
beeca8af57f7cb7b42b1877824a941c2,bd9cb7a13da43814b1119382185a9858,29060,vitoria,ES
77089f53d5c42c03dc08dad99b373989,aaf2735264f8c3c8663e37137a9913a8,28894,rio das ostras,RJ
c2719bf8e555adcf1fa503708bea998c,e1708ec558c8c1d8bd5e24d022cd13ce,05705,sao paulo,SP
39a6ee9489fe63680ad9b1fc3b2fb332,0e13c1c24097d0c8564611784c1092b2,06900,embu-guacu,SP
8e7e85280f437070c500377689720d85,0840420dc92def32b1fc1c577153c30a,83280,guaratuba,PR
5511dd149c4585a6552aa75a1dd6ac8c,acf91aaa6f337456d3c506a5a494552c,36420,ouro branco,MG
4a4f956bd9b42fe75897a1f63786cf06,30242b01548a825ae54ef3ed3d5f33be,01323,sao paulo,SP
4f614c6f09ba481a66d79bd39081da60,0f6ec9285708bf10047949b87f716567,89080,indaial,SC
df260d95c577d15b5163902632a1ff39,87246c03fc534e6b1c56ab40f3e4cb52,24751,sao goncalo,RJ
2d9765abf313219e40efb7770ea42025,ac164cfa528bd7b6619aa0c952969393,55560,barreiros,PE
086996a8ac3477231df1f33d2698933e,b6a33694a61ce90b222b3d23d9ba5f4e,36400,conselheiro lafaiete,MG
c2895b6e8e550f6b2f424e5941ec1e68,f7ca6b044cc46ab9fe26471d63cfe270,31870,belo horizonte,MG
04861ff600ae6fcb9356b57355ed641c,3067372c1402a44e9172921ad83eb8ce,20950,rio de janeiro,RJ
f01265d4a727959f6735b9029567b708,c1867eddd348156db74c8f64be7f860c,13188,hortolandia,SP
a0d430c59b700550f20303fa1d6b2ba4,e17408e3713638b24626610417449cb7,22710,rio de janeiro,RJ
6cdb70bd1221c6913ebb68b580713161,2734edbaf3ea5d3c5383fc431d10ca29,13417,piracicaba,SP
48c75023334a516ed72d8dfb615be9d2,739f7b409586922461ba4fb82369eec1,21071,rio de janeiro,RJ
15056ba6cfdcd8cc72654472f4efa085,ccb0d50210917c1efff5d08ee607413d,81650,curitiba,PR
a21aafe2dfc5afc8565390c8459a28e8,4a5c915f7941f1511797a0ac65dc823f,09120,santo andre,SP
98965f2e554e2f75fcf1411133f41245,23ae1bfb4297222c1b522172809a7ca1,04447,sao paulo,SP
79a8a1cf74f02d3c312f7543733b8c85,82e408d35b53ac7fd55751ae4986079e,14801,araraquara,SP
b03183c784f431b0b4d56e94d9461427,62dc5036ddf5d7875bae327bf6d41dc9,03690,sao paulo,SP
0454038eb49c9d4f0fbe5f2c7896980b,a17d31fc1cb76c6249430b960a117928,14790,guaira,SP
8682e993cedaa7ea1535361f2dfc0d6e,3248c9e1d493588c44971693045340e7,58406,campina grande,PB
2c2bcf944b97315ce5d725bab871fbf1,a0253ca05ef6c8ec37d19afdf5a29b6d,29108,vila velha,ES
af34d22284fae5b9e2fde31b48a6966c,dafed84bd81b77b98a60f77155d1a592,18132,sao roque,SP
dfda52c60be1482823570ad5721b5e27,608f53c046944cf7b3a60c13415938d9,28540,cordeiro,RJ
99b1186e2fae32c38bfaa3f00ea6f973,23371fcb2f92f745b6657e4a27e34740,94810,alvorada,RS
7ffe655c7441ccad969a2cca863acafb,bc93a3c794ce47cbeff2d1651f4787c2,27570,porto real,RJ
9ec7033b5e74a016be27ba7e31905e7b,080da170b6d87c6c6e261c68e1673320,95084,caxias do sul,RS
6d642bd3b5d938ac910451c9103b2100,709a0275a84ba69e6b15a07b1e6247e5,76230,piranhas,GO
f9985b23d4ca672f9b3086de24187772,aaa3bb03f41b0d1717519d6752df97c1,44380,cruz das almas,BA
e1cc0c87edae7622f8c073c5629afbb4,6112542268909376036b4150b9a99489,37270,campo belo,MG
c267e32fea07ffc4d9d388d44c4106c7,001f3c4211216384d5fe59b041ce1461,08240,sao paulo,SP
95a614f4e894a20b406e2e5f866b8347,c4df0c046a22510a34f78f64808e9ccd,01405,sao paulo,SP
fc3e5e2cdea306080a59bea96d94f4b1,183b6a83ba94aa13e76b09f2df8ed4de,77380,pindorama do tocantins,TO
575a192461d4a325e5f9667e6ce5c2df,e3ea295349259fa59779c6a8e18e5bba,08140,sao paulo,SP
09b5561e6bad06d4ce5d5b0d107a8817,1307d6e6528b4c009008594ee8d16260,19880,candido mota,SP
de1bf47c6fadd8c028c7834a6ac27a1d,1621f29a853c3136fb67312f5b4e5fdb,21862,rio de janeiro,RJ
7cdb0e1dd6b7da9186fa0ddef12d9817,212bd1dca013e0b1e466c735ca6d3bf8,14140,cravinhos,SP
a2d424dcfaa53fa97a98bb99d7700581,5db7f1850c41ddc2a8b0c1699ab35ccc,48490,inhambupe,BA
e5583a36cc70b95b339afc5d67c5efa2,c1b1eb8a5a67819956718ddddcf038e6,08715,mogi das cruzes,SP
a1c991feff10a10e9c9e4d0bad6fe1e9,da15d74b6a2c61280c0307cc93b32876,27351,barra mansa,RJ
d711a88fdd3d5d149e3448061520dd71,f15b71e1436f2203885623aa3ca4f470,86300,cornelio procopio,PR
375d01fe401c4c2f0bd0b34830e7deec,3e6031504a778b58ba135d793a3b7205,32900,igarape,MG
27e1ac8538b2c0b24d62cbfe0f1c69d4,67fcfe4915b93624867d350b8191ff7b,62740,itapiuna,CE
d372561ad1022927871150461a0a85ca,ea74738436e9be0cc383049234b5ad51,22780,rio de janeiro,RJ
62d5c37f279182017dcd13820676a511,2ad74bb684a664f51ee6dad7dad60c9b,58706,patos,PB
48961cfec533cf17b135ded190707882,ddf701b98740be6f2798814e7f730fba,85960,marechal candido rondon,PR
2b572b45934f53e724ae672aa2a7ceb1,17c9ae49ef0e4b3597e57d2405a8f128,05171,sao paulo,SP
ec47e17cccb7d09149ab2628270be3ee,77ff6babd6fbffa27c787adf3142c8f4,06273,osasco,SP
9a07fda0035700318ceb77ce80c7e42d,4626807d07906818ef7f102b1b250691,22250,rio de janeiro,RJ
93f7211c2d0f7213bdc94f51f0d25cd7,8b4dbc06f4caccae42ee7da8edd22f77,37466,itamonte,MG
7769eebb90b7a387fbf8087dd60024d4,af05dd1db4c070b2c2a3532ee0ae89bd,04810,sao paulo,SP
926b5881aa456b641318d43e6e5d5721,8682047f148ebf261827618e5bf19d22,09520,sao caetano do sul,SP
e4810f3375c0f016838e715c1b7a0339,2a6199c92b3235e85ed80e9a7c6848d3,79290,bonito,MS
46d53525c7c06a217335907695daae66,5884f473dc49754fcd3ae19b17466d59,80240,curitiba,PR
e74a6338773e24b2e8a94d82cab4ea45,ef017455ae2472c9e8779ddeb0df4d6a,25515,sao joao de meriti,RJ
8ba8dede2ae41568b572c86c79f3a5bd,c7c552ba8ac0a78286b626557a7fd306,13486,limeira,SP
eabc0ac2cf33061b6a498f226194cf8b,195a7a1cdeebc3849c6196079a1ad59f,03318,sao paulo,SP
ed64dbf702aba15d83a4a85d370780a5,4ffaf81cd07b185497342886d9f0ec2e,89205,joinville,SC
20bac6eec28d792b07e92ddc8fa53b90,4fe31901bad3e8ed986b58db4e12a2e8,22770,rio de janeiro,RJ
b480fdb7cc6b24ef1a4ca5613f495e81,f55adc2add1189f9a49d317405ec2a76,35162,ipatinga,MG
a0984e8d6bd840b4a63a18fb2be49008,aa070601e92391e9e647f20602fd9a1b,28570,itaocara,RJ
7cae09298034fc9fe7723f6336e5e113,153b15eb9fc2752d9617d2411b96f982,75083,anapolis,GO
c860a72a0da1a25ed1b3b3f4d2fe7691,e9e06a3f61cfc6be643914629535b519,89223,joinville,SC
2e0339ff984d6f41f11dfdbc7c93dcda,fc54c2c09aee36da48881e5bf37ef795,47520,ibotirama,BA
c8dbf8c6c3026ee3158b95c9baefa58e,dab6f017f0e803977c7f5c61372c3bb8,04304,sao paulo,SP
a4fe94a051d268fbbe8e4ca932ebc460,b4b88e47a9a425f0652ec4d2b6502fee,09980,diadema,SP
057e4c89062122b06e32f9e0177fdb4c,dfb1cbcb4cf90f6ac411e0d59921116e,39718,nacip raydan,MG
57c0ca1180ca7cc6d077b34a91cc685e,a638973b93de612bf38218b2e8636eb8,13564,sao carlos,SP
85074ebbf507a1d5e46df973cc4c05a2,942a5e1f3f7b206e11354f6d84121a3e,35790,curvelo,MG
02a0567ef769f63b6e340fcb6eb6b618,f64ec6d8dd29940264cd0bbb5ecade8a,25665,petropolis,RJ
bf10e50eb561c7452408cd5bd57216aa,7c5cd64106c9160122fd28b026cec28b,05687,sao paulo,SP
3b1a260815b673185573bec5daed5853,01d1444a9676bab441621b52773035e9,29060,vitoria,ES
a5cd42f5d1eecbf955de47ff1245b5d6,4910006053f92928b62910d568d4ad1e,05580,sao paulo,SP
97e8e95e37c4ac254684884d50ebfa0e,100f480d33281b45b97c07395968e56c,29200,guarapari,ES
cf21fc5ce008e8d35e01caeb0ef028da,0fd77103b2734193d2bbb936e774418b,07438,aruja,SP
d88ce61774a12cc1525c4679797dc2be,81de0b5d3753b115f251fe476f3afc9f,05713,sao paulo,SP
de7123a14192ec3066359926049b0f28,dd23bb62a5c9ad13651fb6281a15b3bb,37925,piumhi,MG
254a99b66d18dc590fb0b5e226382afb,9b97ef812444a46c3eb4d21ade18bd94,36010,juiz de fora,MG
65b9f936439ccafa20f0d6888a5875d3,04e6136a14d4d23d0b5d79443b94225b,08773,mogi das cruzes,SP
2af13ca2d0e14a998266edf6afa7291d,172a828e0764f11e9b8f3c96072589bf,02402,sao paulo,SP
5569c91b24c912d71c6120524b91b30a,fc247d40bc8d0658c114e60ff4263d09,06462,barueri,SP
9682a05903a210e6e44b0ee88f3e6cf4,7cedb859c8e4969dd05c93f857257df2,39680,capelinha,MG
f449680b54a3012d3a608866fcab9fc4,89f3536023b05cd922e063b99eddef50,45988,teixeira de freitas,BA
7ea865da6505a5ead00679c077371742,4e21d969b86430e1315c6e0f3e01cf7c,07113,guarulhos,SP
a11a96019906d49f5d01edda79022941,7ccbb0145aa630a84998d6584129a96c,78065,cuiaba,MT
812eae943fb8d191851edb5039b93aed,ab58f2fb5f71caac6366303095c0cd41,80060,curitiba,PR
0e0af490d67b53659df4023f40355891,b737080f3fe9b5ed96d127123d62688a,13213,jundiai,SP
f46cd0d55f9a7374df0fc224f138f238,aefe006dfd9a37a3593b54f95ae27386,36037,juiz de fora,MG
0ea7e975722227d74d3df0dae03de8c2,74668e7fa84c15e1164a57cc0b7c4f30,60834,fortaleza,CE
29d768c153dabfc1ecfeb0c1c389727f,b5ccc57b179210bda569df984bdf7df3,57200,penedo,AL
d0f9758f9967e058470f9b0b7f18e1cb,e2948cb31b99c0b3b68368993fecfb8e,12305,jacarei,SP
64951dc059928ade3849eec4adbb689b,9261f1b6e91d365ecd776fbe29d03cd6,30411,belo horizonte,MG
65e65a6d8fd1db7166ba4811d3c5457c,24bae4e0f7e3daa49147b006d8f96af7,15130,mirassol,SP
de7493ac1a6cbcc74e201b2b082fb08c,9ef51cbadb21afdfe1d532d05c6962c4,72130,brasilia,DF
332ea0e2b2e87e9ed11f7aee42cf698f,44e2da016dfb42c8d28e6ee043a812a2,06624,jandira,SP
fba1b16ea69f821d782b597f71ce2fc3,84b73c5705b4ab02fc6556e377ccef05,88890,grao para,SC
36b3d8619300c9c57d92f7a175452db9,d08c29302907086e8fe823369542f3ae,23900,angra dos reis,RJ
71d8b370aaeded50c1c23aee760f79c0,8d83eaf05879f1f71dfb26f7027f1b74,26112,belford roxo,RJ
68afce1222a45541ff5fa4cfabb6cbc7,a190ba94d3b565f0a23a1769a948c65d,24900,marica,RJ
b84c196cabc8cf2fcc056696b4331a3d,0dc3eaf24cf75264162133014bf17419,07600,mairipora,SP
efe8a9fc12246a46b2b6ee7344b9d03b,db81bb2957d6c37e26f1d2436ab13e49,25655,petropolis,RJ
cf97ee37711c253f86497974524d479b,ee93308f8889d7d12be43a9d18bcb405,35720,matozinhos,MG
0a431c57145b34aa4645a7c3b85bb149,e6b62862f16a5a748d0b9ab37670a673,21231,rio de janeiro,RJ
6661e2a6cecf3a60ff9b6e614ebf9926,575f0e44fa21ab93f4cf238c3eccc1bb,41820,salvador,BA
c15b48f4ecdff9e9e4096a33d656341f,d39cd67625ea9cd9b2ef7f9fc8861a83,35931,joao monlevade,MG
ad6c28fc517874a1e80044ecd92f7841,f66a390070ad6d68ecc6c535cdf19faf,37503,itajuba,MG
f84720b872b43060bf682acf0213705e,3d813c6fc035353a9c632760e2d3703a,26450,japeri,RJ
5758df8163a3dbf93ce402c6e0f0c4ec,bd6d9c57e53cfb0a30f623ab2f369d83,08032,sao paulo,SP
7a6ebfb04fcb2e21ced42bbc8794892d,09f0d1b94bfc27a5efabc790ba056f46,25025,duque de caxias,RJ
58c021d7a27ccda0f20f3c1658b0544e,f9cb5dc7e731ae82e0575be2255c14e3,95270,flores da cunha,RS
0b70ffeae43a2bb3a00b1ea07b894e2d,301d3a28e56b52080aa1de9ef5541139,72737,brasilia,DF
e74cccae44bbcbe44359bc665e6caa19,9f41be4770ba8418526ed3773650314c,55818,carpina,PE
79a569c7d0617c27504aee953f5ea4ca,15784120f1ae38b286ae5659b7eacace,80320,curitiba,PR
359d58b88a05cb6227c101f8574c3cc4,e19a91277c833261a709ca05240a09ff,16700,guararapes,SP
33fa216102707aae73b480aeceb71716,ef93dccaa1ae54f91d510a7d5bbc79c3,55750,surubim,PE
0f3e1ba8c59cc73f5957cc74d9e25698,6e461ec96c9aad81128aca921cfe901d,09271,santo andre,SP
ba800c3db2f86dbeddfb9824aa2b35ac,11e95918d6816403858e8314a3503f4c,03333,sao paulo,SP
23e780c22619d49ab6dce5c99f4c45c3,6036881055faefffbf23fbeb6e1545a6,15850,urupes,SP
d0ed961c7140b7f191442b56f46aaf2b,634420a0ea42302205032ed44ac7fccc,27175,pirai,RJ
557f75df416b80d4b2572587202ed6b5,4666aeeab4a5003dce332f601df259e2,98803,santo angelo,RS
de4686899a57f8be675fabc4c73fe80c,cb4c9c8546741b62c47dae1e1e8638fc,13480,limeira,SP
34a0068027874fad3e0d4ff1519e46ee,aac29d117aa9fe4810db795aa5d6f292,90040,porto alegre,RS
6b21a323b942df56524b937b5b063953,31c0ba774c4b6f5ffc6190dad6bd6503,17340,barra bonita,SP
ecd03985c15a896c85a422875492ea22,2fb17d901aaf96439e259ec89ed36d32,35060,governador valadares,MG
6ebcc946fecf3e62b0af4168f99a5e9c,7539138e26d0cb7e38835cc7b00f56a2,35910,santa maria de itabira,MG
4161d3785c2c4c6517a57143ecb0c466,71683fbf22478b08ea6f36050eb0994d,64006,teresina,PI
cc389f4eaa50512f8de37f3109aebaa9,7e7099557d7e8307cac58b3df3768882,75804,jatai,GO
5dd777a48c8124ad7284bf0ae14057e9,d58063e0329c70d19363e6225ca43128,36660,alem paraiba,MG
0b1cbaf9e8123b00a50e3fbd846e10d3,3a65a0b7fc255e67261cca1112bc3c1c,57041,maceio,AL
127e6a719a57d7d8c0e5cb93c5a3d610,dfa10c13bdb22f774fa4a908f6644e87,01409,sao paulo,SP
ad99fc380a7ba9017f035a67c4c36e1c,4815bc7357e665b8b250366b3a808837,90090,porto alegre,RS
13a094bf5c41e311945e058c7a2d8ef8,cdd9ac43ed28dd47c08641f1040ce277,18650,sao manuel,SP
9bca12f2eb7f971fea59d3dc857f81a5,fae87031c4f2631d0115d651abb7c942,97547,alegrete,RS
d0668834f2dd0876e74574b02aaa7af4,ba2ca51c94b0d7c91c6f8f45f5d6cfb5,13178,sumare,SP
537cb44dbff1ab7529ad8d5a4e4f3870,de163ee2f500f1e26d0415a1f7dbff69,30150,belo horizonte,MG
120c8df146de37740fbd8d7dee9c0137,889fc057c77157659bdef1206d47d08c,40335,salvador,BA
7582437bba4cf37d2cad8d01a138504f,839a6a8d2ca0b2ca53770c3b8b0ed8dd,05350,sao paulo,SP
bc84a275a23f602e572ab923a8156c4b,1a443bad32a8be155fa04969493a3bd4,06330,carapicuiba,SP
ffe51ba924ffabbb6e1ec2c92e582851,7b5e2c3263123b70cb9961f8aa7f0388,05527,sao paulo,SP
42e0649143d64f64e6d2ce5ce06e8aca,10df6064a881e4d81b287e37f0b216b3,23065,rio de janeiro,RJ
3fb83e207757e8f15ff70d937c86929b,334deb4a736eacb94c6305e4e8278d54,38735,cruzeiro da fortaleza,MG
2c05e0fab14a8b027ea735e5f68c753c,a23f32bea5b7b72d42da47dd84064251,22630,rio de janeiro,RJ
7e902211ea98633032e5cc41b645f65c,c3c0a8514a602a363d7249d5f1a4b3b6,11714,praia grande,SP
57ae561786f80b4c665519e147319629,35de25c73544f00e8adde226a4d1bdcc,05323,sao paulo,SP
6c73bfa4f394204981e1c9217056e5a6,84a4df77cc69445fb6bae09b56e25a5e,70239,brasilia,DF
b5f1ba3e1e06b34bc5e7ad608a7e3b3c,b90f9e6dde6fbc67e66b39880bc8f583,15440,nova granada,SP
a892d89a8126134ea70ec78d0a0f502d,58fc225498803fb46cd5555de70220b0,18230,sao miguel arcanjo,SP
e3f70a618d0f9b0d7c21d43b5abc463f,f4e5cb6321ff7e6acaf8eb6dc0bc3580,13253,itatiba,SP
e7a055b4b4b6a31ca43d235c54d87897,8810ba9ddbf9f21e12e7ddac3ce887da,89500,cacador,SC
87084f6cae9abc94b7fe9ada355137af,5e093be86aa4039c6d9eaa146d54c64d,72220,brasilia,DF
63b964e79dee32a3587651701a2b8dbf,85963fd37bfd387aa6d915d8a1065486,12940,atibaia,SP
ca345cb1e12c873647c273a2a7985f92,0ee0424f2f4840a282623b8eae4ccaa3,30360,belo horizonte,MG
9a4df08b3ba855822a7d5e8c8a4c4f9f,3a74b8f2bb21642f3d1a27e612ce0856,35588,arcos,MG
498127813f503833772f017673c2942e,d15d612a2a2f4499c1fdfbc7b3b02476,01416,sao paulo,SP
7c852d7bbf1b4c00b69926f3b380e288,65ab3020e6a929e4e9a4b61e643da832,98175,jari,RS
3327920ff65dadcbfc7f2a44a772c2f2,1fe85e555c98c51d647d78ec86593c60,07270,guarulhos,SP
3a03bf7cb204cf7573e6e88b6ff92c1e,a8f8322acce094f1b97d463b74ae94c3,01433,sao paulo,SP
fdb36c22d41b103254e36859f1ed9b17,fb4accbcbcd54672a8a8b195d9ff0ec8,64820,itaueira,PI
e9042972821553d66af10bb64fffd0fe,558840a2856f4e074a6cff1e954f949f,75180,silvania,GO
666c901345a407213ee5493214b87fc0,4c96fe3f1bd797b86a71953f09b6c72d,85900,toledo,PR
ede9a1daf58d256c0d648ef7e1479010,90b68b6163beccc6f471d64de5258367,28613,nova friburgo,RJ
5a1a3d8af7807e5570135ef3fbd66b5e,a6e56ce065f297714559452de03a2ca6,38300,ituiutaba,MG
fc2c4598b5694563811540d01c98fbf6,88d6f82c6e7cfdc3313f53a6836f3138,89023,blumenau,SC
ea4b4e3e3f339a13d491b41ded5bf3ef,eda69f0a0907da23f1dc89f9d6fe6877,03660,sao paulo,SP
0b9a25915090ecc0db112277977fc2cb,88011e4997978a92a1d851b267f0038d,13405,piracicaba,SP
230b221fa3e4d32fcc7525860fc8069e,61461426c7fae2826a509f4364b244ee,07740,caieiras,SP
b02ecf867fe6e02059318f0496ca67af,cbda48699ce0eddc2bed9c71fab9757a,03729,sao paulo,SP
cd865de179ad020a8cdaf0d6ec45c08f,b1e45bddd6621638cecdf5eb6cce0f92,82130,curitiba,PR
5af78bf1a82a2660d1e3fd78c645f58f,f006d7920bd71c252f61ec355eb50dcb,06712,cotia,SP
926c2d5207d5bd5ad5e003c776ed54fd,e9fef6d991140bdee29d828a7d4e8471,12215,sao jose dos campos,SP
83b52613d1bcd8c6a66b41526405bad6,2e43e031f10de28e557c35ef668f9396,92410,canoas,RS
501e5b016fc09bda702e55fec5be78dd,0f69b4a32db912773a707dcf9659450c,09530,sao caetano do sul,SP
ac221e82c9c26898be3e04caf10ba338,97b31571caebea17fc4d600e3a24cea6,04726,sao paulo,SP
d3a6febf47e02bf9635d6b8e8443092e,995bb1c47d900b47cd32436d8a622593,30380,belo horizonte,MG
b1c2e425a3415a98a88e997b86bf3f67,b91544f0ccc8481c157810c3378b2fac,04843,sao paulo,SP
9e9244c4b7e622b39a13b1824097d976,d9daca2cb55639456d4aae61b298bb91,98995,porto xavier,RS
509466c13cf576e803ed0a1a39cc0792,219129d6ffe3b9ff5364f9978392189c,19053,presidente prudente,SP
6152d0774bbbf74f7140541c0569dafa,12f5d6e1cbf93dafd9dcc19095df0b3d,82200,curitiba,PR
a50e4e7bb24231f021e45bfed188d351,9a7472df8f82e3e8686e98b39052807a,38600,paracatu,MG
2fb25213583070dd575f4d64ceb760d4,43edb5e13058ed02b2828267451ae295,39560,salinas,MG
8c0a910554ce1592ec6402e94e232ab9,ac1025080589ce9b5b2a2c75ccd1d420,05018,sao paulo,SP
9b4f6cff492df6f19b4cd348fd0d0853,b7474898d0dccad79a77bf2b0d23bbab,04822,sao paulo,SP
bb2ca86d2b1f22b960feacd1b1de87f8,2ddd50b61ee4a82b40033feecac1f863,95020,caxias do sul,RS
b685b86521680ad31716dd45765f5e47,d8bfe3bbf611a34f336b242b1b1684a0,63500,iguatu,CE
79e127d6aaa58c519d5282a80e43a84c,34149b6095721ecf9a7f75c89a02e2c4,06620,jandira,SP
f6611745e44d78a6632f02f45c51e734,61235e631ba89f302161d88c5b3e9b44,09310,maua,SP
07b7a2a5a3ebe3920967901fd96c0a5f,34adb50767b04238054ca1f76ceabe58,09688,sao bernardo do campo,SP
05a9e7f2eb9b68b7b7a74696782af52b,09c6a4fcd6627d39d373e22df24b54a8,28070,campos dos goytacazes,RJ
0edb1a9da9bdabaccde9a0551d8a56b7,25d357716ed6a4e965d2c2ca9dfc88bc,03281,sao paulo,SP
148058a31cfe793e8ec06bd886364af8,253f234895915adfbbd6e7f14b41e64a,91755,porto alegre,RS
d178f8dff09cb8ae2398c64c4a32f66d,14b5f641da6b00894b557476e6d05aeb,11045,santos,SP
20570aa103cfe5906c5fd29bad4a31c7,fe3b68fad5c51c31c9f8f4c907cf1826,88037,florianopolis,SC
86c796d4eb109a1f7401bd93f78c494b,ea3ede35015877c1431d30b997773944,50770,recife,PE
8c7953eb37c293e85b08127802daf589,ace3470acecc74a70907233266cc44d3,20040,rio de janeiro,RJ
4d7f34d701f198e39e1c0cd92c3ee12c,430e6e24b7e95282f6e8fb4299a63082,98335,boa vista das missoes,RS
743b67cc7a7606ddba1a6fd675355fed,3e6dec79ecbff2cecc69cb24e1741668,28800,rio bonito,RJ
bb897f462207bcc6d9517184aa0c43c8,6196129bbb35e46fc467b76e272fd298,09121,santo andre,SP
309239af9998f640f8572abd96482709,b9fc2d4c90bdadc7052fabe8353084ed,75709,catalao,GO
093cc8dd94c7aae7b33742a5ff3be232,b2721cd583ed718f04e636e3cbbaabc0,12246,sao jose dos campos,SP
793c582584210cd597c6a7d23af54522,e13a3db531d2a3ccdf7886e75ef8f752,49097,aracaju,SE
483bee82533502236b68f79d985e327c,0aa1a77f5508e70a597bac267939aa02,26083,nova iguacu,RJ
ba852190288fc72ca2cbd7f1f891daca,80d883b596dae7ab1b3adebef1ca8ba3,06263,osasco,SP
4dff08f22a5b8992c54b951f8fbc6885,a79483eae1c5012febd7a93c1adbca21,28680,cachoeiras de macacu,RJ
fe89d4293f6810dcfeffd77a09f0969b,39aa89a6522cd9e2fdc69f5165bde5f5,74935,aparecida de goiania,GO
987e330d74e0482b2926096aa53470f7,81d767ed674c1bf4665e18c0eb0e8e18,60455,fortaleza,CE
367163bdcc25d2ab5b6748c0068e0e32,f702d3ff30b8cf5083af2bf140043067,30421,belo horizonte,MG
644182a0f196539f214b3f8877fb19bd,969df6f6e673e73cac594a693bcf7524,44002,feira de santana,BA
35f26e073ace0e3cd12f259eb5c75fb8,83e75db9c4f88190e300f1a6cca95540,76510,crixas,GO
767e4ba055522e74663c7e2de6630844,16f2c763fb39cef72b929170a8ba7527,82620,curitiba,PR
eee59a7417089496b809841d6e0d41ed,c5752c026096348f9d760b778b250e75,12235,sao jose dos campos,SP
2de73f1de26fc95d24c3f33ba8ed023e,806dc5677f50c4f394407b0f6d820d6b,39650,minas novas,MG
9355c14f322f84c4cb4e0bf6162dd714,b106847a772fb305224a3270f85a06f0,31995,belo horizonte,MG
acb850d4b3d1f49d7c90ba88e74c4c78,6785f9b64fe63d1010b760826d03a8e4,33933,ribeirao das neves,MG
028d32c15ebdd9b9516b7ef159a84f73,583b12b8cc4cdaa757b8b0dbf8a8b32a,38411,uberlandia,MG
e797152fdefa439f05ea2077ec78e2b7,21eed96e79104d31feba790933629e5c,04208,sao paulo,SP
cd2f24505004f52854f50cae51d90f9b,f6311bf66d80ef8e7bb9f95f3bf79a56,05138,sao paulo,SP
e53e1eedc9ebf9fa7a3318c60ece1d25,ff8892f7c26aa0446da53d01b18df463,45972,ibiraja,BA
366ed69223476beea6b38ebc2ea2eadc,8e95d16c392e65af9ff9625417d3ce07,29106,vila velha,ES
f30d0854de694db1793c12eb3e78efe8,eb9c572266aa5f579f393bec9a792639,24425,sao goncalo,RJ
6d9754a16df71866ee34b146153ec9a2,bf47fe81fa046641c00c85d63df7ce58,09560,sao caetano do sul,SP
29c3f22c6edfc47931efa5af1f254fd8,944468e73ac0ec81ddd80c7f0fe4f952,15410,cajobi,SP
428ed8065f1b2eb32338b0ff5f30c8d1,2d9355ab664231a2eecd5dd9890934ec,12935,vargem,SP
3e01f558830af4f3d71c760a6869b0d2,eaafc177ef025ec3e56e5b989df9c081,18208,itapetininga,SP
0492fbcccc19cfdea66d667173ebce63,928c822f6eb7267fe1669503d1a24c89,08390,sao paulo,SP
a8cfc4868a3293b3f56a9da031a35e64,4ece3c23c89ab319574f257763c717a1,44001,feira de santana,BA
550290db9e0772d476e9d9aeea14afa6,3046b0bd43b0ea4bc6d0aec70bc96e9c,30411,belo horizonte,MG
e9b0f3b800151f5ea33a39ec85f01e2d,0b967b2aee0bfd5e38d020413e818886,02178,sao paulo,SP
bb5fc199a7fb4028471dc5325587f0aa,f384b670963f2cf3ff4909da5a5c93e1,05109,sao paulo,SP
e2a1ab008932ae1211651ffb0cffe7ea,b35bbea722303bf6e700f2b67ed6a88e,19906,ourinhos,SP
c16e6733b2b7304db7bc73b930d75c96,dc858be5b0bb881c067192937bf4ff78,06172,osasco,SP
6e9b72d0362c6e0175d0fe1ee39a154d,54de36107560e6089917c04b705c6ba9,36087,juiz de fora,MG
324af05f4849ced7fa7bd242fd8c4900,18cd74276972b2ebffd8031770b114c6,25635,petropolis,RJ
f7444d23b5eb50854ccec43d9ae163a4,dbecdabd53ac1b2f126499233f8bcbbf,40720,salvador,BA
be0e2abfe1e57a99b37f471ba7380aa6,fb3520ada3c1bbc8b1b978ab735370aa,65740,pocao de pedras,MA
228a573acdda157d7d9cf3f40d86f5e4,026928fd79018e3c6b635da82781eb62,89300,mafra,SC
a4ed3677add2e1f5d0429d8822ea340d,7fb211f99a01b4971fd1e07e3a256458,66063,belem,PA
dd4a80c1daa4fc1d5b27af36e5f44f2b,976a39626eb2337ee3258d4ad73f1543,90830,porto alegre,RS
01e0d4fb731e6ee47df3f3f179cc0a0b,9a47f3ac5c51599a24bb848c16ece5f4,05633,sao paulo,SP
c95fd5ec9cb15e99cbd4b8a9ff814ff6,542736940dd0e914178cbc58a979c303,34535,sabara,MG
509efbe31adf8f6409b0fdb484d79208,a4c6daf94bccd97601f8a793df390c50,02166,sao paulo,SP
1004ffe8679b2e76e70417c5224b71ee,9445e4dd2324226ebcb8a09243046a76,86840,faxinal,PR
dd4130b29fd8c3ff279241f7c39f124e,9282de16552dd121cc9c9b47a271ecc6,39700,pecanha,MG
f877c69fd193f8751c04f0fb24bfcdaf,2155332110df74d70f8781ced4fa1ec4,73370,brasilia,DF
9986aa6bfa30747f0b86533756c7b355,c7b18a035ee7a50d919b2ad186f826f8,90010,porto alegre,RS
cd7d7b4d8d652f2a44de11261fb5f749,10ac97e970f479a6fc6be89aaa6cec93,78075,cuiaba,MT
26c382adfdd9057179b948deaa54c2d6,4ce5cc650e13fd7001aaf17e3f424edb,28906,cabo frio,RJ
0b5ed41783e17d8e75af1284dff5b43d,37cb035c10492203946b0089366008b9,66045,belem,PA
0f08b80da14cc5ee19ccb36e9cfb2b15,f384a648741616e0389aa34f53db96f2,35170,coronel fabriciano,MG
a5e6bf4ac91d2a0df7e87ad00f4b35b9,159bbeaf58e0b4c5cdca4d998d669fdc,05011,sao paulo,SP
4a3ceccbd2b8304e6aa7c986c1a4f755,746db413bf377af701e6dabdfb3509f5,05409,sao paulo,SP
9af404eaf2690b333084dfaeb96b8450,e310ccba5d2a65840ea1123b6291b0f7,46540,ibipitanga,BA
e50d0472f1fdd87f7bcdcde4138673fb,fd450bd0f888b06ff2bbf2f01f512761,22783,rio de janeiro,RJ
6348d8e73c3d01bb030637817b424016,6afb8e9e3a0620858ebd365bf6454c93,55590,ipojuca,PE
7a0e84fdd2b16140c23afec336362877,945041c387344cf82a668dd2076dd072,05364,sao paulo,SP
cec5fb258ac2eb3210402449e54f4743,9c200afaf3a89243b54a6ee41d303a99,04622,sao paulo,SP
614f4db4fc76b38bf6691690a5c87dcf,3b0bb03a1592b488c3a77d5f6ddc06ac,88310,itajai,SC
c07f2bf6906f534e25308dd71d4bb97c,22aa818d91760f0e8ef6515d8b6af549,39243,inimutaba,MG
cb389847793403afc3326a7036bd58ec,8d524dbfe607ee83a4447069a34a09d2,13201,jundiai,SP
891d97a0573cb2e4c69db4e87728829b,f6a32c842b68a86a92045fc0534c0a3d,35541,morro do ferro,MG
a5c00cbccb8ff7ec3bb8715188412b83,ad1e1401517d0c579608a2eeec740c41,13091,campinas,SP
13b4a30f07976e07d146e1d615f0812d,8b33725ded59c682ee7cd08837c996bd,70875,brasilia,DF
dc9e82627f0e62b0ea6e7dbfd3de003f,f32ad8fd503a7697e3d1ad2b9d710e7a,20941,rio de janeiro,RJ
85163f5cd854d552b1627f12e52721fc,c84bec9314ced846300a26484ef9a52b,35970,barao de cocais,MG
fed4f253cf34addfd6bbc74950f85f9b,b53b27d7c61cc80d2b2eaf6f1ff8a861,13080,campinas,SP
f528cd2e64c47c4d65c1355294c43323,6228bfcc46762217dfb30909688d80be,13250,itatiba,SP
d86db9ba23e719eb8c1ef6ce74c512a6,a9f2ee3ac6f8aeb670c23effec238de2,05416,sao paulo,SP
c6793321bb9d2c481ce86d3bc984e110,48e1a3e847b35714a75755943ac1005d,01409,sao paulo,SP
ac5a1cbb563d2114e713fe982f58e819,054151a8eed2b75f007d3be0957fd5ed,89052,blumenau,SC
30df93bd0e2874646d39d37dec1764d5,faf47b5b5d6da79375665838f42e5136,21221,rio de janeiro,RJ
723409d11424a9f6ea00c73150a9ee1c,b6d926fdda95c5c475fe48cfd35435d9,59162,sao jose de mipibu,RN
a4306b0d6656a3f3ca5630b4c2ed08a2,0a60bb46bc8f8311a2211ddfdc2b47ae,11335,sao vicente,SP
f564999c9ed6db59430410f9472c8bba,aac46148455c5cec5aa879c45135bf7d,14170,sertaozinho,SP
7330d34b5bda6028598cc40d357a8874,d344aa2e0449484a02060bdc34cd8c1a,07144,guarulhos,SP
caed27153d7dcb652fa5d30fa4a08930,5cf4e0deb70db6783df2d23d7db1f9b1,11740,itanhaem,SP
97b022c15435bd252146590f7d05e314,7e15cb8c71052e9010e175b604900929,82020,curitiba,PR
9ee66eb44f775d666d668af72dc76499,c9d3d62eee5be8ce2cd9a94d188c965a,94150,gravatai,RS
3b2b96751131c948164edc5d21d27abb,55b3a0a9998356016bbb072bf8c188a6,60830,fortaleza,CE
c8c236ed3d37d2c3f9c82ab51b5482fd,18eaafdd580e724d84a7ea1d710fd88f,13423,piracicaba,SP
87f45f57efec3372460df1f4b8229630,acf71ea71c1d8171410444fdbd886043,75803,jatai,GO
cd9844b06a03c881a223281b601ed8eb,84e0688353bf674f564e79eafc025b5b,05208,sao paulo,SP
44f360f66ed7f696c225bc804507345c,e594376022f606d1006b1bf7c93cf258,07196,guarulhos,SP
b9d66a7e824f738db300bab9fb4f5ee0,0d6b9a91ea74552ac4f5fb2fdd2f50d8,13405,piracicaba,SP
fbebdb808932c68bf8286924bebd2f35,05669445931c028d97b7c0637b5a2359,21012,rio de janeiro,RJ
00b7dcb6e32230f09195eb0e9aa1a94b,f42ed5286ed2c811df0db5d230eb8383,03572,sao paulo,SP
c0d8087ca82251a651b555a131b87e5a,a62e2ce3064953c69d01ac6bda86f2c6,11020,santos,SP
771599593e37a3e2f6b20cbfd31bf90e,613e666e3bca361445747f748a2980f1,71680,brasilia,DF
ea28df51bed45fdaa24c4fddfe7cbaa1,0da93f0b65c2af1b3fdd5a74c58857b2,55680,bonito,PE
40e86a3dad650ba87f73f66396ca34ef,325e19085f3017b73be3d9fd98a93301,32400,ibirite,MG
feb21f4291037a45288a6266d66a0096,7bc7dbe918ad4e7bd68abd2479727ad6,22620,rio de janeiro,RJ
ccd88d5a028a8673a1f2e9b98af66132,c9ed110b8918fcd831073636349e79a3,03978,sao paulo,SP
42c4b5ddf0da0094426dcd5a1f889d33,0adf44c3e8a6c03dd46457908ebd9b82,15600,fernandopolis,SP
062d526eabc36e995e3a9ce353894fcb,039024d7c7249fe937d2e306af33e446,67013,ananindeua,PA
5a5ba707171db1cfa955d1cafe4a347c,d4828cc3c4ab42b6dc2c45a99d8435e7,09130,santo andre,SP
204cb39c49cd7750704f5a22034b6133,d33e50addbc423c61a2dbb3a51148e51,89707,concordia,SC
ddd15ef77c83eea8c534d2896173a927,853ba75a0b423722ccf270eea3b4cfe4,21843,rio de janeiro,RJ
8ff313e25b25345f237b434e0e497869,d24e1d0902dac57dd313bcf4f9c80160,02138,sao paulo,SP
1a9e43268e5d612e8f5794dfc526c0da,3581c8549fdcf2a7f05f922b348bae3c,79500,paranaiba,MS
2a9f8b956621aa122762ae3cc892aaf8,be1a858fe94dbc3cb2ed6c8844a8b0cb,22775,rio de janeiro,RJ
211175e4201bbe5eb654b222cbc1c582,cec7cf2229672c915826ab4698da3014,55024,caruaru,PE
7a9ba3048545535bc0c1d412fa47f829,19416a0da35288cfce110f84839ff052,72300,brasilia,DF
4b1a814941557a1815eafbecbba17199,62478e432992b8756cad2d8b6fffb06e,99070,passo fundo,RS
e2e763654987a355699fe26e00edf776,46746595e31bcb6d5baeb905b33e1a52,01309,sao paulo,SP
b5bf62f40eab9d069c94486fc3c7479c,fb51f201e03ae4c1660697b469f3333f,18120,mairinque,SP
934cb46592d9125ac95165b62fd4a737,4463f216709dca955efed45946f43c71,18560,ipero,SP
f72224709e8bef3430441583b08a2d64,3a04302647aab2b73c7d64aecc4eedfb,12092,taubate,SP
4f7b2f92ad2feeff85cb8762ba1835dc,4919dda3f4b213104acc3d25b84c44ed,21235,rio de janeiro,RJ
e7b9bc73f30f476a29a9a805d3817504,fdf2ac320bf7064c82c5940346adadaf,94950,cachoeirinha,RS
66637c0e4a801a4cd3ba72818e7b5b11,35667b792f144ffbcb90d64c5abf26a7,69305,boa vista,RR
e3a0c6f366f4c42aa1ec172813c88492,da1893715fcf0fe9b44be82e8a479161,03721,sao paulo,SP
84fc915ffe98d917a067b9096655997b,4995ab8d8bc03be253ed31999ec06190,14806,araraquara,SP
329a43b53ea6c822baaf29e41c49874c,e3025454d0247a7693b9a57d1ee41b52,41750,salvador,BA
a99d98a0d509d3f6930bbe4a7f8cd9a3,474306fa75a18e039c27a0dd0d2c5dbf,72930,alexania,GO
43798f254097cd1ae79c084d3c697ee3,13abc50b97af7425b5066e405d7cd760,06533,santana de parnaiba,SP
c45211185ff26d002509859f90460211,729af45f0df3dd93e0f855e07da55b66,62320,tiangua,CE
6417ffe5a43d420cf962d23a5057fdf2,f387a8774c3b76ed95914ed9e3bc42e2,38421,uberlandia,MG
15ea74654519544cdcbd136566f47a8e,1c634267830730a9acab5e198fd500c6,75860,quirinopolis,GO
40fa299dbe587c5c6e159511e90b66fe,7ce58b1a94dc54dbb1e9744966158fd3,03416,sao paulo,SP
03e4aa263433c6741b5d22e28272c520,5a3f5fbbab137680e842172402d2f291,09133,santo andre,SP
d4c547df5739177e4e0b58fbf2004186,bddfe291329cddc03ea5da8ff92f677e,13345,indaiatuba,SP
2ac065cbd96608d279af3d61ad96b3db,eac0d6a5f0864123464fff8650e03872,05305,sao paulo,SP
f01a6bfcc730456317e4081fe0c9940e,e03dbdf5e56c96b106d8115ac336f47f,35502,divinopolis,MG
bb9ae08977cdcb7fea21891f23631993,25cac425f64ae1b78c60c2afae3ec384,36160,guarani,MG
35e14d7c373d7060ed667dcf1b35f211,b8aced29a3e644673b246ee841e8e1a3,04740,sao paulo,SP
86bbc4a292e9d3f4191ea8a4c82e6c10,e1f24958eab121f153e4f405b6e9c843,97210,formigueiro,RS
74d3b928afa7a5a2898679551b835833,3359a47fb58dd5540f33982a3a3fe4bd,29785,vila valerio,ES
fe7cfc486242c6a6860dcd3d9099a123,0412b2282e02ce84ae6c1a837862f792,02177,sao paulo,SP
3edf1142901dcc868ace8ad17460326e,4e68e8b99664973fbc6b833838272bdc,11030,santos,SP
95392238094a3a79b527b5f760130af9,0559a73000c8e1b9a50beb5441ef6046,95720,garibaldi,RS
1d6a944bceeba3cdb4ad7a1fe2938fd4,86bad679b2105392469601cac375740d,98803,santo angelo,RS
daa8453225636e0b071a47d14745259e,0efabd89fcc2c019940f0616e34708ce,05054,sao paulo,SP
a1af950930516005763b142d147b079b,251eb333cbe00b01b6257bfb31cdf5a2,88132,palhoca,SC
c04d524b349a3ece930bf77e623cdbfd,5b5c96a57b90dd238dd79f6079021707,84470,candido de abreu,PR
532719903d588d324f360c02d3b1706f,f20b97897894d369d80ea3a23263bad8,74823,goiania,GO
40568f04c85dd2a9b73fd39069b89a6a,13c7bb8997669ff7cf0b97f39681dedb,30525,belo horizonte,MG
fd0f799263c58a9fd3c65d72963046aa,8f2fa110f45a5b5592f1593842b7e87d,06700,cotia,SP
39e52e1fc6a7010d5955e2ad06340510,bf27d6f6aeae8fc063c84f8a45e80061,30310,belo horizonte,MG
369fa8413084d3ca6d64c8532ed1943b,2d5e5796e7901464c00407e69739c6db,26515,nilopolis,RJ
8c4bcd3c3737198f62421c18e0348554,45a529e4af8f502a189094332e8ed24e,95330,veranopolis,RS
28ffdf44f3266140740ff47770879765,f5f988cc84c3eebe07da6c0782262a1e,30310,belo horizonte,MG
184ef3f8d7677a1d6d43c8478637229e,fb4accbcbcd54672a8a8b195d9ff0ec8,64820,itaueira,PI
5b7b7de303afbe0e48035449a3e86a5e,80f272114de4e7dfa88629b9f3bf0095,80730,curitiba,PR
ab4b0bfd313365452ffda5e09d7d9419,7107b93604e79765cd9b802ce6315479,36820,divino,MG
cca9827c1bf2a5adfc9f187794c67b4e,efc6c92c49e75f4f1615e905395d724b,35500,divinopolis,MG
b64829ad9cd22c94718e7000539cd318,d3359a56d96666ac0c21bb01e7a61c95,03162,sao paulo,SP
f129bb049aea10d6b7850c6252cdced9,1a04215423e9c1efa226c23c64be4326,79150,maracaju,MS
72d50ebc689114498efcdd7b68c81d04,db6e61cc87c906f26fac2c4adf7097f9,24445,sao goncalo,RJ
84246f284e7d0de50e53ac2abf96ca98,135635093bebc04b4b89ec10d4994fec,05460,sao paulo,SP
d0dcfb2170fef37e3e3804fd0f51f761,4fcf56f1cf3d583a0cec41f7f523a852,07080,guarulhos,SP
3887e889fec8574f573081115ab2ddf8,2abd1358778a9cc18d04cf7211b799b9,95890,teutonia,RS
10a28db6b47db45e43477c3ceaa1046a,de226a12fac20b56580d731ec8ab8623,07120,guarulhos,SP
59562d0459db0b14e2563711025d2e99,544220df9092d2ffd9cf9523b7a1c561,27338,barra mansa,RJ
f46837583188d7b1c0c09395eb4e0611,6287d15cdf992224e7bb7010c69c4095,79602,tres lagoas,MS
2ffc1f71cc3fcf1f2baf2d9ebac6b29a,ea2b0d7a0a90d48af8fa7962e12a4210,26323,queimados,RJ
2d6fc313e9b54c69f0e3145d19ec6894,d6903bc66ac9ae94d0bec00ea5c39568,13500,rio claro,SP
a7b8f9ee5992584fcb84251ee5671f6f,45a1f95249146b8f0345b7f4b9d5a021,55012,caruaru,PE
c630eb58d4776ae146e9b25b93caa58f,19f8f9892bebd09d55d0b148287a4b00,81050,curitiba,PR
be07f06f183227b5c2b31c30fbb4f382,436951eead1cce602da9256d8c59e093,41810,salvador,BA
3a38221b09bfb907e18edee4e1a12645,77d0b64c3b3f1e8b24c38a007e66a8bd,05842,sao paulo,SP
683d4350de84ced70a81bfb3cbd124a5,edcb67f66dc6757acf487503c8b202aa,05434,sao paulo,SP
82667734cb3f83fa00ab4436e3a7a8e3,bcd59f96a133c26d1b4d778be7ccc033,94150,gravatai,RS
871055bd7d5ce8c492d02ad3ed010793,5a174bb71d5ec2d4acce5732fbad85cc,90430,porto alegre,RS
f36730cd9d5977ff27850994555cc6e6,324060e94627a5c00178be689f358b01,24120,niteroi,RJ
0eccbe00ed4a0a2dc61fcf5a3a37d8a0,3624922ce5eb67c51426dadf911508fa,07161,guarulhos,SP
b79bc49c04e9d0f44712b00179d4a909,ada60145ed9a080e6e3114fe436815e6,20210,rio de janeiro,RJ
c778451490bd2d62f6748492ed4068ac,ec243bf26b7986b3aa3d3e60c02405dc,30575,belo horizonte,MG
3276e938808e31ea43a1fab43dda3707,809066fe287041e342b6306ac985efa3,88040,florianopolis,SC
2f0d1c8de308c2884ad45bec537ddfe0,9edcb50c9c13497bb464419e68d054f5,01451,sao paulo,SP
41c148813f6ddd461988059f73e8a24e,ab59824b3eabcd466c4eb205c3945702,29290,rio novo do sul,ES
2da1ba0c63163f633ff084cd90fdcc25,50284a22a99935cad4630ed1a81a566c,03610,sao paulo,SP
1764be73caaed8c59deaeef7793e539a,6871b052a835417d6d2e11153e0d3c2c,11250,bertioga,SP
2b784701261a664c8a3fd4ce83c9679c,5806bc4407f79e8de3fa8324c3313476,07844,franco da rocha,SP
92feee9c4c01dfc0bfdacf52eacea448,a4214e8ca6af8a29515bc907ddff8256,89160,rio do sul,SC
c349ba43b52928ebdd45c31c6f741d6e,a79f36eeda1b76d13d0eb3a534981bd7,36970,manhumirim,MG
13d44a48280d6bd29ffbbf23c3680afc,d67aa1ce7cabb93451a2795dcea925ab,04857,sao paulo,SP
52e6df27100d10fcf3d0e809345e9926,33f7721aa2f222a4e896d017d25f5d88,04058,sao paulo,SP
6e1149d91b737dab3f76295f3551f73b,8bfc0e49e20da0645b97e16c723de07c,52050,recife,PE
f3378abf11c5e60a9d1a6aacd6504ae7,db8e8670fc0cb9e2adeba735ae379ea7,42706,lauro de freitas,BA
6f1adf4c543653de220d53925534c94d,c05d0a37a8757e28fb8ff50c1c34cce3,71910,brasilia,DF
57963369ce5c1c7b0b1fe618588de83d,1b765716e166ca699d20c4adc8bb0f7c,04543,sao paulo,SP
5883f965ac70043c2e908c3657c5d548,d0db8f74fe8af2b92d1e7159472874f0,73015,brasilia,DF
b001c30609da9b8618f69ef5bd322b5b,9193694c62bc1e1927030603e0ddc905,25946,guapimirim,RJ
219f6aa1ddc83ec7dbf2498e664129c1,92dd9c8abb3cfdd902e9528cab9cc3cf,16300,penapolis,SP
0e0be5d9e1789c55463f4366acde4d2e,86df00dc5fd68f4dd5d5945ca19f3ed6,90240,porto alegre,RS
f314ce5a7cf4b04c52c47d013cc2fbee,f5d11e0d479bf2338256109dd7d930b7,04651,sao paulo,SP
9337a18877ba0cf7c209c6081ff451ef,666460795fb697dfbf23ad82315b2148,13600,araras,SP
7ec1ad452ada8f78aaf18022c32ee61a,3a5637533760619eb56a39f880797af2,15900,taquaritinga,SP
9605611724e3d18d409d01f49f56ff54,ea7db74b1a04a7a1bbfab5c7d67f3f25,14402,franca,SP
21541c3afc8571eea3457e009fe50782,d2cee784ebf047acc2414f491e814f61,21011,rio de janeiro,RJ
bcbd6cac6872d044a9ad40f105793e57,efef56f940137edddbf599029f31b2cc,35300,caratinga,MG
00fd2c64e6e3f94a81541196fc536f4f,bd1e7855a39adab1461658e3185a3e1a,89160,rio do sul,SC
f7a9176c3749939280666964b4df0e35,996106e7fedbb633a950087922b13996,90010,porto alegre,RS
ed87333e69d2709d374534505818c9e2,5e809f39163aadeda694b51606b02d49,37600,cambui,MG
fe0d2c3b6048199a658d47a9c023d81f,96977812f790d5dee60611658aa71ff8,20260,rio de janeiro,RJ
6a7100171d73419693ebd1b891f80b53,15d8f37566b079fd92ae48b1de6ecb43,38022,uberaba,MG
222e2f8a40cd10ba629a1bc6dd7848d2,d1e4258972639ad1aeb4f5391e2fe666,23065,rio de janeiro,RJ
6de0a666300c444a5e012a952ed9469e,58a0881ac45d6c7a8bc79fa8fe2305cb,09842,sao bernardo do campo,SP
ed9445dc99e654763cc4800426235e7a,7d928f93629614adf7a2ef548cd69622,24130,niteroi,RJ
d8511462421830ed1cee388be55e76b4,ff4cee3f89dc5c041bd7fac60e9ec8a6,31515,belo horizonte,MG
d7aa6dbff3aa2d202d96f917d896fed4,696bcbb6efac684825aa192edaf8126e,64120,uniao,PI
c99c4573f69475e34c281d72617283ed,0480fb293e9b6ecd62e3696ef83dcf96,66033,belem,PA
459f6d9169372a39b0fe1f00e96947b4,cb0a368f530b99e9016493d37fbd52ef,07160,guarulhos,SP
0496ba4893dc2332b957b3ac5cc5a60f,506a7ad39476ebb95b1da579b34c668b,14801,araraquara,SP
822d3f50f2d532e37c9fbdb13cce5f77,b9fc2d4c90bdadc7052fabe8353084ed,75709,catalao,GO
823e4298ffc2c644adfed042817a8322,078411797c626f6c0d8be1ac4858fe36,23575,rio de janeiro,RJ
3ad2516ff419427995c53ac22ac46ea0,a369a5a27775a06ca5d4d499a88788a0,57680,boca da mata,AL
ce5c2647d9125a115851c01b5b356426,14b2d7596cff635e839b14b4bdea1a16,64212,parnaiba,PI
3e05c1ad118dc0a4304a93b6b6012d5c,238b4747ee21575ef870e6c396843bd9,05595,sao paulo,SP
b2b10558413c0708b753f3e7e1f69b5c,fabd02c36d6fa70951b94d92d70afb02,06786,taboao da serra,SP
e3c94f7080293bcec3facb041c6d0f7b,a26e07ee73082b847d16239481de39be,37704,pocos de caldas,MG
d6a0262aa7ea8989db06e29f944eee82,fd8cb1bbbf12eb443bc2876331db7cc1,04296,sao paulo,SP
4bfb2494e1e38f25d36f128b44a04e06,6c50a1d82303c16736b2ee32920f0d30,60326,fortaleza,CE
8ca0f6c99642f9b515617efe336fc33d,3c5276d533ca5696a685494f7f686432,30210,belo horizonte,MG
b2b13de0770e06de50080fea77c459e6,8d50f5eadf50201ccdcedfb9e2ac8455,04045,sao paulo,SP
83be2d70d23dff8950d003f73cc7fcaa,6ed697b9444ce95cffc334c586a4b3e9,02422,sao paulo,SP
78507601d58635378ae8d1b0fb325a0b,b3e1a4c3e4baa995d151cd0e88cbde0b,35162,ipatinga,MG
698a74f33469466fa4172e829505d1c6,c6f624cf0e9908fe310d59a80350bea0,36240,santos dumont,MG
3824319059ed4febc68d625e63f29eee,b088bc1ec6539752bf408ac1d9c694da,29800,barra de sao francisco,ES
cdebdd9b0e6d04c6a6c2ac526fc081e2,caea4a019afe0ea13b6092c93af7943f,96065,pelotas,RS
d12201dcce98c82854236c1bba22d6b0,8fea95cc720de6081d306b0dacc25353,94445,viamao,RS
0e29b397ad475f246592749aa80c8821,11c295be3896cde597bb0f31405919c1,20520,rio de janeiro,RJ
d0bd0b10b6696336a0cf1df6a25ba21d,c29d36febfa766ca995aee6ac0526abd,51021,recife,PE
97e5e50c02504e32d222320d8c4dfbd1,350e8b23ce9d4b0cb07e219f1735b04a,88103,sao jose,SC
e915ad11d2e4bcbec4bb5422ed04025a,9212f4ece8a51010979efe6751d3d811,62115,forquilha,CE
64dd91632c353e908b5ec176a50089ef,a9691b8797461b51c07c829bdb54d8c4,02815,sao paulo,SP
ce5adc4a6936d649dc3c0757303dba08,a3de27ee03b2524eaad00c76e9a54a15,41612,salvador,BA
aa5c0aaed0105f447bd7e6198ae88108,115f80601d2669f3a6433d53d88a3112,01419,sao paulo,SP
52128c30f27e3166029ab4ad0b502c94,ff580ab4901e3619925a27db44eec095,48905,juazeiro,BA
a9b9a53638de923fe716af6a58c14a68,3e867d20c6cca77c63edeb445abb6a7c,27345,barra mansa,RJ
75b4566b8f4d45ada46ff30440e814d2,1e117846a71b946b21f941ac57e42ae2,37558,pouso alegre,MG
d6390fa5ef00fd7645498bdc63c38e50,2c9a49473b30bc138d8e38e73883ec02,13290,louveira,SP
5d6c8ab30ef2d0469ae465f4fc0df0e7,574d2baf4c0842db3c07cc8e144d727c,01036,sao paulo,SP
eb9bb0ce9f79bdfd32e6fcb1d4a1dd0c,d86023a65a17794a46638d9d508bc2b4,22031,rio de janeiro,RJ
101f5ec287c719f599963ffb18a1f38e,9d8a3a20b4a2ef45fe997f89a7bcd5fd,06010,osasco,SP
aa2ec7384c816e5766350628002e4f43,eaf28e2a9e480045288eb9019c5ba909,54410,jaboatao dos guararapes,PE
53bdf757344da65bdfff7e0b2b23a020,7109096acbc6d83d5ec7cf28a1919c7a,35162,ipatinga,MG
2c5231dc7965bc16ec4e2b8dec37cf72,ce3cf3ac5e131ddb0c0949c86fc73ffb,65062,sao luis,MA
f0b68e35ddd2c5191d55d6191faa4397,8a89338f1c84dcf01a8a914fbbb29f28,04105,sao paulo,SP
eac9c7f6f691a424305e7a98db80be34,1e51a6a24372a8bedea3519f13f80e91,92110,canoas,RS
deabe38b10927cb85e6701d3f055c690,fa8c2cfec9eecf82e7f3c3d2dfb0405b,72145,brasilia,DF
aff59e4810efb674d1efc783f003a25e,22843e20c0f3db36fd1128f134b707f0,06764,taboao da serra,SP
a6fb9a183a4cf39ac1e24653da0ec6bf,13e262867115ff6ec4f99423d9ab6a77,33120,santa luzia,MG
1818b3c40abed69918807911cad86ade,b8cc2a0133d62f6aadc62534421feac2,80330,curitiba,PR
4c47ecc85fce7602cc1989de3f83fe4a,5da8fed596e0ea9651946c43cea95676,21910,rio de janeiro,RJ
f2df5610e57acbb50214fa571d833bc7,cebc3d975688ca71a4ab6ef84693496a,60181,fortaleza,CE
28026498023f3d6b3d8167d07ba85cdd,dcf5d7c33ca32896fcb5c0bdb1aa7e96,34001,nova lima,MG
3c03fed2df425b8291c5913c52b51b84,2e8eb06baae199a63d3a7b603efa771a,28375,varre-sai,RJ
d19813c8754cc82d0add67df8bd8a38c,0a289ff546b41e561b900c97b7bf6c78,04018,sao paulo,SP
092e7549898890c03675da13f2561938,132887169bcb5123730977ca9a99125f,09180,santo andre,SP
164b2e68b56b3a3c524b71946bc521ed,7aa393c28bcf957b12c00e8586e50e10,13181,sumare,SP
d709882bacabeecfcba6ed0cb415be83,39b34a4c39d8914f6a4e949170c9b1de,12943,atibaia,SP
e4322cbdee560cc80797f69526a6ca49,298015567579b5d264e8398e6dec298e,03357,sao paulo,SP
ec980872eea3778facea3e17ec48107c,ed18ac3d4b68e1401845d3e48636a8e8,22440,rio de janeiro,RJ
cfbef476e3977219a4db308d8decc763,15a3524cd2406dccbecb1273c407165b,05847,sao paulo,SP
1f644d50069ed395d45d2c18e3e4ceb8,4fde90ce819fdf2427f6c37e7bc84a03,09931,diadema,SP
2f9e8eaed5dc638e5b884a9a37268fca,ead79f0f7e56bfe34b76c5712e623363,35701,sete lagoas,MG
b6ca512b8c0c1de7c9ab1a742da52d4e,a9e21dbc0a0e69348c3895c18f8d8d60,04116,sao paulo,SP
377f28aeae8dd99d9a5209e0b87837bf,fea918b38379929f8a6b73c77360e0ae,04064,sao paulo,SP
9615c624ecd7387b5ab8d1b86b918056,988528dfe3cfc94ed050d8559c06a366,60125,fortaleza,CE
ce9c84a5a9d089aee9b8fa2a5fe5bf77,9e53fb0e13cd5d5f61fd0b8a3236ab93,14800,araraquara,SP
42791e4b0de64923954b7905a4d523c6,c3fcb03fe74adff0bed2bd510ab06691,91230,porto alegre,RS
4796c2456460470023bd65ce1ee39f6f,11e95918d6816403858e8314a3503f4c,03333,sao paulo,SP
2e6bfc32b964709f5b065f57c809db2b,d3201e9d7d3f88bbd8f6b69b49484cda,32185,contagem,MG
3c680ab7d6d1de8a82f5bfa92ef2156a,1b50852e28418cb1e5878327001e1a92,72640,brasilia,DF
60c1ae14f523c5e43ddf237644b7571a,788cb725f403d1aa1a9b5266ff31e405,81110,curitiba,PR
77e155485a013b9fa61ac6b8305c4882,cbb624db9e91cf3b7c20d324662e5269,12225,sao jose dos campos,SP
a2310d62bc1f94364d79dd78841ea25b,94a9b8396d390038496e3e2154213e76,78043,cuiaba,MT
19fe071421f0c3e88b95a638f494d4a7,3bcfb921ad1e10ee41c67dee1dc7aeab,11075,santos,SP
d7d19b248d66badaddcbc1e2277712e8,707a5179306d8c8221d739592a602ddb,78365,sapezal,MT
bbc82b85b6867ca7bf1380c64f8447b9,60a5eebffa1776fc17cf943de2bc847f,37195,santana da vargem,MG
b94a28d76c3a1186c1d20f6b23d5f6f7,ffa46fd1f769dfbdd6c039550b420949,88037,florianopolis,SC
77cc3e952b4b134d8df91b12ec9696c4,5ead1596b959b2fc6ee4b75b863e7591,26265,nova iguacu,RJ
0ff24a24edd69d8774270ac863c8e230,d386a136dc889cf681443061874caad8,97450,cacequi,RS
6d67ee4d82190aad1716cda46991ecef,c5257cb21dc4c3510047ffafc9c60174,05365,sao paulo,SP
22dc6c288a0404fc96f83cab39a4e734,975d871f4d53cf89c6d11b1bce0f8077,16900,andradina,SP
0e9a1a195d9e737e602ffc9cfe19053a,1a195982d360650b48c729ef241d8150,35519,nova serrana,MG
f6a6ff9806cd24a90d1b1f7463df9d52,f80f8939945e7124d3aa21129986b932,22790,rio de janeiro,RJ
5370c3ce53eff7fb75bdcf32a9c5d6ab,0deda029d1441fc004d8a5cb7bbfeea2,09780,sao bernardo do campo,SP
d6aba909671bed4ffb393c2c4a9c1cb2,7b9c999cbf57b46a5f0f2cf8f652c3f4,06683,itapevi,SP
12002ccd72a0a43cf74c0a1def33df71,f1b0e152c33e0140c7f4c3573d9ceaa6,04167,sao paulo,SP
4f670eca00f599d947c8bae734bb785e,15a52a044cbf18c87283f8c460ad5ccf,18150,ibiuna,SP
aebce423ca24fa5fe5b5becdb9eea4d6,9b852dc7c56a6fbdb4de7a155f24bbb3,28899,rio das ostras,RJ
41ee1607f629eea5c7aa658053748326,53ab246426bad17ebfa16c1a84e67294,61663,caucaia,CE
dad733d24b13b2b00ef4c1f1d2aa9a32,f00e99f043c33da533ebc107f5a68c4e,72501,brasilia,DF
12cda441a80c2b74b985dc0c412c26d4,d35020e46db97a1ceae46ae6219fd6b6,67146,ananindeua,PA
8dbd900d6aac6fead528237f425c51d6,c4c49bb84c2b1cdcd7980ef859718d05,37445,cruzilia,MG
5581f26ba2dcb90e8c250e0850c66172,b7f8a7b85fdd98bc5fd951c67b6e1684,48770,teofilandia,BA
e7659c6f9fc78ba546ee2b0615258589,a5d3bfee5b23b430b95c4ae295e1028a,13844,mogi-guacu,SP
a6f67d35320e71554f65e226ffa21ff3,5153f64d5869cba5f29fee9d9c59da5b,13309,itu,SP
bf1b0c82d25e07c1c4ce59c3b6033648,7c56a425e6d5b03511da3db216967db7,37474,dom vicoso,MG
316639548b42fa621d9317afcbff05fd,03f19e532a8b6cdbc7c56ec70516ad0a,83260,matinhos,PR
8b23430bf8df60f04bbed8294460d612,1249878efeb4064cf3f72d3bfaf18e97,03362,sao paulo,SP
9de78fd4789fc08ad15c6aff15ce3d48,5531d719e72f20e61f0cf4a4ffdc8f00,04459,sao paulo,SP
3abcbb18503daf89323e9588fd12dfdb,545473280a6a2d5139ffec53a0b93a9f,09030,santo andre,SP
4b75108e04b3276463ab15e3633d73e0,bcc967b7b6ae5c124298b4a977a45a9f,45570,ipiau,BA
5dff5fe82f3bfdc45f07589a4f73bb3e,ee83474625e350390d32a6815483c405,33200,vespasiano,MG
c6b3ec6d4ebb93cc2ca09e6329d38f5b,b553fcaa629a8358eb9c498eed5343af,04836,sao paulo,SP
964343a3f8a65e01ffad1b9bfaa7d7e9,d9643e0f17a9f63e44217990f46a96f9,28892,rio das ostras,RJ
4d833833ec5cc5bb9e6c230820e4bc54,9a9ca2ba7c7df7918e058df64a36c739,36307,sao joao del rei,MG
ddd3b9ce8e10bc277c120c9a7bb007ac,5aaf768822b756d0cde0c99971f927a3,09060,santo andre,SP
556960436775082c323282512ab48129,a427a6c44aec3df75fbbf7da7ce3b178,39801,teofilo otoni,MG
c3c0ea16776e0d2c79a9239c552700f3,6140f784703d4b478385ac73b9e3eef1,08470,sao paulo,SP
c7e36e97f12db1f22a857dd5d6e50215,a4256a04a7078f478e598467d9727225,22640,rio de janeiro,RJ
7b47b0a45536529175e846fe1301117a,f7e8590591bc95bf247598c854a2b599,05403,sao paulo,SP
a0a77214faef45bda6ff573f33f39f2c,d7c6335139cb055ed0ce1125ddc788d8,04270,sao paulo,SP
6e31c1d461e13b18d437b31fa2ec127e,e176ed7148a93be118cbfb446e359374,09550,sao caetano do sul,SP
ffbc52ac99e6184f3961fd791be5ff62,c901c1eb28541e5408bc209979abf4cf,85155,inacio martins,PR
0ead8cb530e0ab5664bd793cbe2c3f91,0b6a5f567c6dcb244c89c7ed1e1dc76f,39300,sao francisco,MG
f997e4d637c5824aa3f892266bac8ebd,c8e6353cdefabcd9ef58240358e5f6b1,70873,brasilia,DF
18e4dd593a3162753b5c6081fb581862,ae5267c7ea681b3b3dee64aeea737d9d,04846,sao paulo,SP
8bcd44b6828a0fcfb459b14f5c4a6ece,b5251e6658d4006fd7665a561a085855,07856,franco da rocha,SP
7b6ea917ba465f240012834c675c56e5,ffadd77f6a8541b2a36f62faa416f8e5,32180,contagem,MG
b9e06a1af0969890a829b391cc05cacb,11d04dd567528a93cfdc592090d5b23f,22470,rio de janeiro,RJ
2316633184c54853747f4eba40532234,be85a442ce2240355c868a2637682399,86430,santo antonio da platina,PR
8a84ce464e8139c8a6a20ed9289b12a5,b608532e04a3070b4b31178948f5c43b,09371,maua,SP
7605f444e5bcf26b5f70de8d62094a8b,f203def2ea3fa4802452e8d195706cdb,14021,ribeirao preto,SP
63dfa1e41b4a47aa7479bdcf7c61f77c,b0cd3c6f4698495878458b6525de2e2a,85195,reserva do iguacu,PR
2c03e5b9680aeca26ed87d369d4e097b,b77d9287064d0c8130947b0c84166a76,15990,matao,SP
b9e638a669b54b921ff08dc261cc173c,5031508103ff7d3a841cec09922e33a6,04746,sao paulo,SP
520f054a1dae283f1d09b11e621c27b8,9bd8e34366dfff8f1a825535737eb7a4,96501,cachoeira do sul,RS
00da48d824214ffba48ab43f5b1d29a0,1500da334da019c68fda219f942ba38a,95040,caxias do sul,RS
4d916e585f3bb295dbc15dafaeaae8ed,9433a8f8dc53df230460bbde1f7cc734,22060,rio de janeiro,RJ
91a62d192859b7c2361a6a3b3329b4d8,0a13bd4a8b422707fe6a780e40987f81,29500,alegre,ES
3a992e6a82ee84aa0877d9740bd50325,669847632976dec8e615a869b2f7dc0e,74075,goiania,GO
75cd35c0927c7331c98da835c8718baa,ba5b2d7207ce8a884b2fe3d4c1ba872f,63475,jaguaribe,CE
9834899aa900947d8832062231831871,6f01b9ac4c9a8eefc69b60aa64325a12,42700,lauro de freitas,BA
6336a73ad07dc9ca8f5b52e39f23c51d,b045295488236fa73d8d9c37dc4b03e7,64049,teresina,PI
04868d933fddca2e3fc9b32a6ca0b921,0d51c3b389b1778a88ebe889c12619a1,20561,rio de janeiro,RJ
885ba72f5da34cb4737e67487ade6e6c,113b3f090cc1df6f405ec326a1765522,07031,guarulhos,SP
71021b16c54b62203d60e527aafc7095,d278b814a0d0333c7fa5d64c9cdaac53,80730,curitiba,PR
366926d8a85ea42152d28ab83c462119,9d9d1b89047588241d03772768201fc5,83320,pinhais,PR
ae110dc6d8fbfd770a279c10fdb11356,59d70280e586b9af0a548f9e0fe68cae,05832,sao paulo,SP
c2e1075c630ee8fd3da52cbc1ac79dcf,cb4e2d70ae728a3defbf38c4c6449108,38200,frutal,MG
591ff4992a8a79c6dd2e72a202c728ff,2381f8e91d5722b85b133e5b2a27dd54,33170,santa luzia,MG
e89602b2442a8d65407ba198d614502c,7a9d69fb7ce2ceca5c5c2a4f7f597250,17526,marilia,SP
8abaaa8223a3e5974fdd567bb01088f4,647603966855f7046a23e805ef8f1e4e,05018,sao paulo,SP
01678728396c1d107b1da8e70cd63423,8db2896e35e735bdc1b49059eb94f606,24435,sao goncalo,RJ
2732f28bcf2cc84ee0b5ff194170d79c,989aabc133cd6097fb2fc9c4a919af4b,05409,sao paulo,SP
a26ebecf1eada5cc98c25bfd8b36d71a,99bfd9e7019de57a9f0d1a33dc1d402f,38410,uberlandia,MG
0139721501e0a6fe8f79253f6794ab2d,1925cc188b54d035fcdcf391546a675f,06463,barueri,SP
45f5c9d984dbfa2105e3544cc85133bf,86a2b7754f964102510d42ab30898f63,13056,campinas,SP
f1afd1b05c94e42923ad3cfa6d34c344,41d57ab847e5ccbe403f46b07ee577d6,06716,cotia,SP
5a17549a68364d8fe0c4af22e7c83adc,66651cb1e94c5a4a6c080e415f425c3b,18230,sao miguel arcanjo,SP
b70dd1b7a273c0378edb26d95390f857,9ccff5067614ac5510320fed6e4dda46,13403,piracicaba,SP
cac7078135671db755ad7c162f2b889c,0d7870ad4151e22c0f561053c55ee7a1,13070,campinas,SP
a250f613f6bcde8c736ed7d5e04c26b0,f0e11eeb833b5f8681afbbd9c0cd5ea9,09641,sao bernardo do campo,SP
5c3f787f9f65d352f896f5ddec1e4403,399b2910844dab3d844e3d3625e6c2c3,60035,fortaleza,CE
d64904edfd79d4934b8b06ce77c1164d,748cfd1a1ed22cdaf4076d9e3748340f,04842,sao paulo,SP
0678f749ee34f9175a0f054d2dd19131,2fb6dae4fb3a2f917940978144362cd2,84900,ibaiti,PR
b5046b474af449caec29ccf426c8fb73,c115029b5079bddc63dc1efa2d54ea26,58103,cabedelo,PB
055e117cce871c681f903f52d7a866d4,c40388c86f0334d1d69f33fc43322a8c,45985,teixeira de freitas,BA
562dd29ca3452640d5238819d119fce4,665d348433e9565fbe92aeb59e1d81df,22261,rio de janeiro,RJ
1e7862bc2a60cacd519ce1af310ac766,c76762dfb642ac154475239639f7f8f4,20541,rio de janeiro,RJ
51e7020a5a2e79b5fe980eed4f9ede9a,127b0b24adcbc2471c59dd8f4e61c443,04144,sao paulo,SP
70ff28da691fcd6722d037a4eeee3bd6,610c5bce475cd21b4571e521219e89f0,60160,fortaleza,CE
4d44a73097bff381fc95fe6d86a96160,d9ee7056d3b273526910787687c3c218,35901,itabira,MG
bd7f6754b4afe66c8b504002385e9079,71d790b151c0349e5f5b2fbb4fbe1321,13206,jundiai,SP
867ac9a8fc8fc9611ab69114e719457a,5d2c057bbb50353737f8eb80d08e82f2,06653,itapevi,SP
dde23df9318a2e048149054f17aedaf3,106160f93a08c796a79ec8239ea7c76b,13490,cordeiropolis,SP
72c264264a67e9f5aedf2ea52b8cbe65,a1e8031f1de34884726a7f690823f1c6,03531,sao paulo,SP
707fac20a2b45cac1486d1ba891b629c,4940b91a3fa4f12b278323515e9eac62,05451,sao paulo,SP
4eb34c6abfced86e2424dc23945875b5,083744765db229cad6129488fb24a17c,65076,sao luis,MA
1cd53452b9fbe5e67eb6d89448ed09f9,da257c6b246dcb35d5af11ce76d232d1,85540,mangueirinha,PR
cbdced3b7732432c679e661c4bcb77e4,051cb410e248720e71b4ef51ff5044db,89010,blumenau,SC
9c5d4f7696c5995b5f6034a0597c8a40,c0842fc6a034863db2d8479df8435492,03227,sao paulo,SP
edc72f4b90998056fa73a1540ac41191,04f2f663f487d69ed819642a845d53e3,13480,limeira,SP
6a3e7d824a55ef5821a0e327c66cc979,0326b453e609278b3b5251bcf3c157de,88035,florianopolis,SC
76fb9d2ed14cf5608ea6306c249b8789,6c45a9350eb05fba53a297c2491a32c5,35700,sete lagoas,MG
df617ecf75e122f5982420b0495cae50,9a56d30e286ddea1374c143d111de34d,05730,sao paulo,SP
1537ca382e272f726154251d5c2789c1,ed51fb992035af8795d5e3130f53dfcf,85960,marechal candido rondon,PR
954e58351016ce296c9b714dad1c5d76,8751da86cb76035d42bfdf41f28b92b9,95034,caxias do sul,RS
843b7d4774939fba2fbc6fa2a014bd81,1162303d63c2a9ad69b51ac7c75920f6,91310,porto alegre,RS
678e74c9b366ce75f5c373f8c1562fe8,f1dd3da0ed3a1ba8643a2e032a051568,17201,jau,SP
3d5c479107dce026a67c0a78ec5f87f2,d7a4ea17f19293f471d6dac189d74e66,13184,hortolandia,SP
e1691dd56ea0646a2ae3fbac45b1d181,27f1d849500cda06b73f883fff734a5c,01123,sao paulo,SP
1cd42cdd99a937e2fa316e8588ee5044,0e5ed1cebcefcf0347bc73579470cf83,35666,maravilhas,MG
9ce4680135f65f93297fd3f5ea750eab,4577881f7a6c10d8eb6bd7f7a82ffa86,03508,sao paulo,SP
9f65a1d51f5341781029bdb70e6724fb,515ad1425968b763973d8cf75590d580,30310,belo horizonte,MG
7d33b236218941a7bca694abb998eeda,d0c62583f73531eba6338b2390e7a861,13636,pirassununga,SP
160ac713dfef7d7f57a0f61d8a0df5b4,6bc9bf98a4897e4c512e8bfe808fe584,11666,caraguatatuba,SP
50b2c0862868194601674a9dd330d234,f6160b5a0288386a39be748d232bdcad,85892,santa helena,PR
6eb39dd9d1e69c667575f339f084347e,891a64e8fdc0f8fb9a47ebfcdb9c28a0,09090,santo andre,SP
758aedfa7a88fafd333878e149379e0b,ccacb2d2c7e00b77c81f59ab13b8415c,17900,dracena,SP
b7e5d35a0f8b9c0e53532e8a4088225a,86c374f7d4e3e26bbca7c4de6d6acf7c,32280,contagem,MG
cc12cc40c551d10e0122e34d2f0e1342,dcc7fb04fd4a19d3099e9f6e505ab08b,09405,ribeirao pires,SP
0c8050459705eab48d6faf4b118109be,23a77d53d020df90a645854f07cbd8ef,08735,mogi das cruzes,SP
9e73731040bc438293c93f43d07e71b0,f31744151d55d93974729a46923bd1e1,29101,vila velha,ES
1f49021da1642fde361de30ee4f1c935,ed5ef953c0941dc977aba367437e876c,37950,sao sebastiao do paraiso,MG
640e434ec3d0792f339955ac55798c63,ab3ae2b67d11f63dfd9ee1899afda3e4,13240,jarinu,SP
327d7f521d79dedd1ec483d0ba129414,06cda0f6b654274ef36983dc027aecaa,30580,belo horizonte,MG
3b4e125304019edf064d24a81c22815e,5f00d3845a093d4a2802457b287d2180,97574,santana do livramento,RS
bbeef4c749841c05d99c16fbc63a89ea,620f32b6cc324a0f6b00348eed5b9f28,08142,sao paulo,SP
39d06b1f324058984a562362a55f9b1f,2630602e9535f2b5347b3e9fc77eab65,68005,santarem,PA
df5c29f85be81da0fc70651fe54704d1,df216761559a67b7054a94dcad12d54a,05663,sao paulo,SP
81921bafc07562f0142847712f79bf7d,9867cae4599bd473c80e39643679e6b6,31814,belo horizonte,MG
8cfb41228dc47d399f7c9e7187c345a2,58752d5c8bc90fbf26aec10fff7f1931,30260,belo horizonte,MG
9f5aeea297d6ddacd404fbb57347c6ef,7eb4eb625e5c407cd636dd8e1068a19c,05171,sao paulo,SP
30723c815d1d366a4c0fb9c59762f8b8,ba70a43a337eea22974f873f0f4b3768,22780,rio de janeiro,RJ
b2fd5cda6445986a32221a9a29897f67,996fdddf8cd5bbb99b221fcaf5ba1359,60712,fortaleza,CE
cc0921640905363b59ccff2a82f9c415,dd697a01a74826cae527ce856a5052fb,97545,alegrete,RS
86c420c75e70aa42c68655dca896b8ac,d0be859f85cda9d896ab14e4ffba955d,02557,sao paulo,SP
d76831a8621f75ed2c625ebf14d32f4a,a5193126476d6add0588e22815f2fc59,26297,nova iguacu,RJ
3a8786a9cc39793482bf265365139cfc,c4785a393068b519261cbae0b30b72a6,11030,santos,SP
81aa7cc874954b14415ae4f6da25ede9,295fc02c10baab90b016dc301730af2f,29171,serra,ES
6b18fa3dced515841e3d09e216f4974a,3660e33bc132658a08c234cc82e6d0cc,04578,sao paulo,SP
629bbdb95c29abfed36d1dd1b8715685,d007dda28ca775b3ed4212702445e808,14530,miguelopolis,SP
4eef378ad98a010b62ff45bf2f9bdcfc,1c3e84ea9c122476f6079b8a8f255941,83324,pinhais,PR
51993c208e83ddc0d8bf2423fae35e87,25303bc46489df09b03bd275c3772d19,02271,sao paulo,SP
49c2ab6071500a48ac48b8c4f910ef09,9618466fdc7675b4b868c44811a8159a,22471,rio de janeiro,RJ
0715d45e32d1a8cfc84dcb9a447ac955,93bb3b99d1dfce71499c593c4ddede98,78555,sinop,MT
329e57e436b3d2e6629801cf5724368f,e1ebc1c1629cd1ec850f8aa6633bbe7c,18060,sorocaba,SP
92757035e85249f3d30f26b354c8ef45,371c26bac078c1bb919c6872022e3b8c,45005,vitoria da conquista,BA
ef68f44cd44c15de0cb8bc53c4fe3782,979c7ce4919dd462f9cd4ba4608b829e,07113,guarulhos,SP
2131f859f33715756b10efb97d873a85,5993c0ed4bc51b72a8332bb7fa4303c5,71680,brasilia,DF
05407577e5802a22cb6f5ebbf5781707,c332a049f42341d2f662f3bf7ef51fb2,89711,concordia,SC
c08a028e3cf76efe09f3ca8526ea2dcb,e3f45535d368b824364ea91c9f8003fa,09896,sao bernardo do campo,SP
dd06327b9cd00c337fc10125c744c4d8,f34ce380d15cd715095110eb0cc52641,24360,niteroi,RJ
40a3b852bc7f051670b0ad197fc59aca,fae6cd4c8008e488b84c58948828b46f,33913,ribeirao das neves,MG
a8372809f71a1f5a3f3f77964964a8cc,e1e0cfbf6626352684efe58cbcce2bd2,60346,fortaleza,CE
b5ea05c72a89dbe101d94083e18df207,3e93369535d8f45643c5e1dc4467924d,04075,sao paulo,SP
17f0bf3ee55a47f1300daff51d479b1e,d85a7ab6795106ecbb0d410538be4f3c,75901,rio verde,GO
4965b9be66de662998ffee51521b53bc,0d5b92a23010a596b2902a35dce097df,74373,goiania,GO
e895647c3d61dae1606151534adb3acc,1d4b7f1c226ef793c9b1c3db7fc9713e,64202,parnaiba,PI
b1a6bcae800140def45ddd009ae295b9,73c98b9fb2915e310beec9c7b126745a,14093,ribeirao preto,SP
e5c9bafaa0e039d46a1daa031a7222d0,7924945bec858beb74b38f9e1345d40a,60833,fortaleza,CE
f55bb246eecd1cab4ca24d89b196488b,40f4b191d404a10a6039af0b26dd62c7,65393,buriticupu,MA
01531516bcefc94ae2fdde494db9fa3b,34975d20364a131ad6c6339c4f5c786f,01307,sao paulo,SP
c17d2be37ef7d75f89a60427c9509ae1,2818ca3e861f7bc77e4acfdc1b161a9f,07020,guarulhos,SP
eb4201ee621ab44ff61deab8ce0e2ee9,79fd243f3f81176107a29b2036579ce6,92500,guaiba,RS
f246a20a11694afad71d2d9be547fbb8,92b0705c6923fe44dd71b2b737687a7c,37540,santa rita do sapucai,MG
a9fda05a43c3b49daa87bbc1058f1e0f,609adc68db390a15fd21648c496f50b7,21020,rio de janeiro,RJ
e9fbe7886163acf808479322d2b87ccb,2f749dd89d87f7152b35121a5693a684,45028,vitoria da conquista,BA
c2d4ca05c1058ed1b1f59df1255cd148,41dabaa1150218952d2c8b00f459aa61,78435,sao jose do rio claro,MT
7ae76f3a7ec39dfacbc944e1aea6fdd3,5d5b80c31f832f14aae3b29763e803ca,09321,maua,SP
8a320a211ebebf7ce02c6a514f0aaeac,35052a34c8cddade15549afde5580e83,01011,sao paulo,SP
538e86a098b00ac8113f763fb5ef2900,8badd2acf0b811e1596aa558df531668,38350,ipiacu,MG
cd74bff5b8cf35e0caaa4b73077831e7,e6eb5f0fc22340b606008acc44ff47aa,09550,sao caetano do sul,SP
9dba33766e5d1426fba004cea912b1f6,a0fb70a2f827809daf55d4ea33aaaa0d,78360,campo novo do parecis,MT
60c802af0877256040e46984f351f3e6,77e2810a122d29cebd1a38c1feb2cf70,02311,sao paulo,SP
92c20486bda026216f613e3e4406f759,a35e6ad969a4298593c504f69c03efb4,12230,sao jose dos campos,SP
ea881d44e7e735dd3b154baba6917f3b,5a86385578ed60106d47b031a96b5f62,89252,jaragua do sul,SC
8eb45c23e35fbd73046416ab84202f3c,75d82b28131f1ba46370b70141b7e222,89803,chapeco,SC
fb28f41718646324c1ff91eb6b8c724e,c89d91308d60d2f2076d20296962f2c3,82530,curitiba,PR
7e05131e3f56be54a923fe156b2f60c4,de1ab95f073a4e0a7686d0e3b65bf116,54765,camaragibe,PE
b3ef2e15b1f2d5598a28e08e3536542b,106fc159590d2e39a532f3f56259df49,04501,sao paulo,SP
5d19714e81cbec2bfb9573edf9e1346c,4f6756b26fb93a1a7874f52111830b52,79780,bataguassu,MS
29faae90992b74d512970ce668410f81,575e8735ac3203bfb92c7d52919faf70,13474,americana,SP
b1b141a3e687373c558ceacb977199d7,a0f0460d74aef544b6b19e27eecba180,13950,lindoia,SP
faa5236e556d27003bb3e013a8d72795,f00830589ddadb1494fea0c98f165fcd,08412,sao paulo,SP
c1bc1aaa41d83c84f70faad9a89729b2,5b739e40ca3a2cdf70114f04e4384634,13616,leme,SP
b66e464c6bbb6acb17a4bbb1c1c99bc3,53e9da4c7a9d53060628784c2d2c2921,88106,sao jose,SC
1809a4d9621d6e57cbee32249da47055,eb4520b16c32518b6615f2d50f1be1bb,17022,bauru,SP
7bab8a4106e1d9feeaae4b19d63857b8,713dce1a59dcbe31feec9b36073fa6ba,78345,castanheira,MT
d8ca929efa35ce0ce7386db3d0f3f7b2,14dae59b1edc9d335b0cafd0f9bada06,09540,sao caetano do sul,SP
6dbc1688502d1c05c3022748d524d8e0,07522c9e3faeb9e86aafa0dc95f2db2b,29560,guacui,ES
42690ee9d3a727a176e4ba6272ab6feb,e3cf594a99e810f58af53ed4820f25e5,98700,ijui,RS
a9c2657d6325c3a16a14172b79188fb8,f327bc8aeab6d061c4c573c7e7de7d17,02938,sao paulo,SP
6da0e50fe88c3fe4ba7f355751ab381e,611810630bb3269b187e65b1fb25e26f,89212,joinville,SC
e9185b3210712b4d59df466551941825,e00cd514464e677a426819a99c2846f0,13275,valinhos,SP
542225aee88bf09fe21f73ffe2fd9bff,0f4fa7085026f7954741aed96a172814,90810,porto alegre,RS
8e7d1141a6215378a176dcdabbc6ebe5,f72c4e2b6388e3999f569fb70613253e,88400,ituporanga,SC
682380c5455a7716b8569a535fc4d31c,b429f454ae59c31efffbce6cf260b267,14020,ribeirao preto,SP
916eaf991fa5c9981e39f525efcd4bc5,ea15e413c9a4d096e10b095c6b44a778,13073,campinas,SP
b8936eebb611c6af9b609ed39594c33a,426f0839fbb0679c6f1ef8f80cc30c66,78048,cuiaba,MT
451ac8c45d5de89e09a153692b248176,ce5c89c2ee6feb314a1e61ac31295650,16075,aracatuba,SP
91105b71b2fce387050df6f91fc0fcef,a664475b319be56b8b754e8bdad7615d,78735,rondonopolis,MT
e3e47ad0e26636dadc729691ce8b5e86,c53487c25585fa559f629f5293b2eccf,09320,maua,SP
fb9c9c6bcebbbe6024d75155b10ead23,8b7db08e111fdae5f59402dbba003d34,88085,florianopolis,SC
8b16b8c513d302bd3d2f218644fed1a0,1e9ebbaa6a3a66ad3f47d4480be0bb95,39120,gouveia,MG
2b3dc71b4cce6a5cb97f6ebf5d6ede5f,62875d300d81b5f33990d8bd3ef103be,35476,piedade dos gerais,MG
98e1da5ee50d168187c0a16835e7018e,ce5fb61e49ed31d6f92a1b96556280a0,06654,itapevi,SP
62dee8b517273bba680eb604ffbb7726,473d9165586cfc6708841d07adf6c020,02735,sao paulo,SP
bdfcde44c62495b7eeb742881cc8a4a3,6d9cdc2c73e65c443351811fb9039bfa,37701,pocos de caldas,MG
df326c1806d432cd11ae4ff65c1c2483,104c5f67acb03a1751fe8dc0cfb66833,11075,santos,SP
0a99af6e6eaf8487f52d2d02212ff2aa,b67c986980cc181b140d2334e3ec4150,86060,londrina,PR
e2c852f36be265c817eafd880884b206,a93b7ffb96986b7ae5bef50b9f789ed8,26564,mesquita,RJ
7758f8c9eb07e1ce83c75509cc984af2,1744db0771ee6dd8387bd75d6a21420c,86170,sertanopolis,PR
f0dae1e937bb3c41846089b13dde866e,45c09dd7c031515e6a0ceac3d0fd160c,29280,iconha,ES
b19ab8d36d0de6602c4f57aa41e8dabb,580561d937f063a0c4ffe1e4832df2f5,85660,dois vizinhos,PR
30bfd27242de04156cbd74859ea23da8,62731dc89a8e8ba70048f25adfa5d661,76240,aragarcas,GO
9c77fb557d9f0893953dc65765db1ba7,e35a835129a95e9bdd82d2274258ce45,13056,campinas,SP
42d857e22f61f10476f0cda1aacc018a,728e4a7d0db4845270091ded0923c71f,80540,curitiba,PR
e5db9d4fb808c1d1a656dec250ca61ac,9a2054a51cf807e1fa4bee356f28a9c6,05639,sao paulo,SP
abeff1410fcd658ea605208ba4ffb9ea,edbc2c563c362f512885b9638445891c,97574,santana do livramento,RS
57387a39a0f6661c71274d64eaa7646f,94850583a3d26d706750eb5e432e6708,38600,paracatu,MG
1ed42bb6bf6c4a6dc85a7d2a48f209d4,8f04fef2dce91c11e36b75f180161620,38600,paracatu,MG
a61a8a7ac65e21e8b19eb23204cd9a42,1d99a25a91c1e04ed8abf8e814ca0b42,85864,foz do iguacu,PR
88427d6cb0325a6da3f9a0201a17338c,b6e333234b9abfc51d7e00157d29f8f7,88058,florianopolis,SC
b4f0291560dbfb345245123a068f5209,69c18f4c2f8f504cd8b57cff9dea5d79,27913,macae,RJ
dd32ce6c2b55f4746c288375a89ce176,26637eea80412340159f0d7d9bac0d77,13010,campinas,SP
addf804ff9cb78ba46f8347beb614dfa,9b9ceeaad1b990f974d6fc842ad6569d,05665,sao paulo,SP
e46d784120ec7a182ab6f26db4487ab5,a44b727db340f279a25c81eac87b8aa7,05047,sao paulo,SP
0d82d1ebd453d1f27f89f3999edda575,b065a51c02cacf81aa7511607eb96d9e,14680,jardinopolis,SP
2f4c70dcc8ecb401ec2a1c43c3e777ee,746cee402ac843df98d143ede25ec692,36680,sao joao nepomuceno,MG
9a87ecffc7fa5774d977fa4630769a63,e9693a4ecdeff9a711c21f77230c2c96,14031,ribeirao preto,SP
1e82589c6c7a1f0d30ecd3e87cdeaf0f,35946f04caff0b0dfe7096c7ee125cc7,64082,teresina,PI
d85a33fefc77c4027226b4af1683e21e,cee4b4591e7b82254d2c518cc30333a3,90130,porto alegre,RS
be552266bf47bfc6fa6c793fd74006bf,7a84515823bc6c15b7b0e1ba70a704ae,78850,primavera do leste,MT
9898e7a6254ea0e7e8bd2bd10a2ce2f7,8a3b2a4cc28d91f16a8e0dc4d08bc0ba,05754,sao paulo,SP
cb58cd7d199d31c8320261119c8eca20,8247de12f35a00cf569c5b6a00a746ec,80020,curitiba,PR
bdfdc2c56283f7efc3f5a170ca983ce1,d607f1defbce29fb3a69ff5e2f9df99a,39900,almenara,MG
31e510eb6e824fa8188fa73386334593,323c445b946cb0550e2d361085cd220c,58038,joao pessoa,PB
cdad404012d87f4b60979ab87a197661,5cb0e074df43a9cd0f662f776c4ea0b5,77824,araguaina,TO
517a6168cf0a6fd2b59beece3b70b9dc,b8d5624bd4c409fcb66439651dc4909b,04119,sao paulo,SP
0c972ffe540bb0560f264c58899f5dc1,083ca1aa470c280236380973a48f77c6,58051,joao pessoa,PB
60277a3e7abbb02da56b4a1ff79f985a,165c5f5fbd6a02afb4b39d24c5fe6651,97040,santa maria,RS
06a0072ff4abdf1a5928eb6a66f75246,5cb74e761978ddd59b8791592ee38cbe,40715,salvador,BA
97efa29b4cb6dc4b10acb8f9baa46cdb,9ff65289796499ec62ee319b027dcff0,21020,rio de janeiro,RJ
4fb3dd18946b6b46d97df8aaee3fc552,fb9764436dea481226aa5072d82d5ee5,01139,sao paulo,SP
4f7d09d7800186530a64236919693655,37bbbbc2dbb5e91c6d75dc5494332961,04049,sao paulo,SP
ba17f3083626c96ea274189cc1011df8,bff65783895343aee750c6415314f5a9,09080,santo andre,SP
0a40d14cc5b7e11effd9b7a72ddbb24a,46b243ee048230f4654606f3728afbd5,37660,paraisopolis,MG
ad21195ebbb59e7ee06a5f4a769037c2,905b89dd80ce65b3247beb9bc387019e,02275,sao paulo,SP
7ac7ace883b08e0cef262870603a1728,42f70a03b39bd3ed199fffbb836889b5,23010,rio de janeiro,RJ
feca0f935fcce79dd42d409d96af9645,4182d20f129b3679e6808317f1e95567,13059,campinas,SP
b1416ec5bad2d6fed050cd451470e76a,12886ac2b88df7aa159e84b19b58a414,55870,timbauba,PE
4805e7338e8e237fe634d628e5be2c51,362f53537d0025a9258a595596f710da,06020,osasco,SP
91508c285297e223204b0b2952d92344,818a54422350b38d3fb1cb3a1553889f,08830,mogi das cruzes,SP
9c0e3045a57e330c4f5665cbdf7dae61,bd3d1b2b49d28a288759bd3433ce950a,03703,sao paulo,SP
771e9ae78c4416f6de0bf7821e34140e,8b2a763a17a3a6288f740b7280763603,80320,curitiba,PR
d18cd4e15b74421f0bedb7bc0db2ed2c,dcab6749dea9e9411fd400cdf978f3ea,13255,itatiba,SP
065e7c1d44ef05198ae2fd617bdfa533,69f77a5c95274b457961a385dad5edd0,22775,rio de janeiro,RJ
0df62d73f1108bad0d46174874a5803f,445dcdb5609e3b22fd35eb67b1f085b7,92200,canoas,RS
88322ac54c0a72042d0dac336eea9fbf,5dbbda7fd2a3d5d3e748cdca489b68dd,01226,sao paulo,SP
8a2b7d85cd74e69ac62108df819c154f,ea8ed37bfff5028e9dc8684c4e95e50e,36212,barroso,MG
01973489089879f533dd627cad53e7e2,c9ad7084604c389cbcb85ba60d8a157c,18510,maristela,SP
9f6e2202869cbf505420da86479ee290,cbbaea5202ef9862de6f593cfe06c23c,30110,belo horizonte,MG
4f606249b66141d3a22b6ed603fb3771,b61ca21a9f10b3373c257ff5a1a1ef65,13272,valinhos,SP
ad25199a971f5e90e17e19846f615d7b,5b3186d7cf904f2f9369aec26faba4d2,39401,montes claros,MG
b24522673df202c02062231154a3675f,00842c7d0cedb9e1edad8e9b7d148f09,88200,tijucas,SC
622fd8de19b9462bdfd1c15fada2e89c,84676d519cd67b76559c1a34da362aa7,13720,sao jose do rio pardo,SP
b829375aba0fe46daa0cae92cfadfa95,97071ed6fb1ac261920c48a146e86c66,39270,pirapora,MG
41ab2e5e7d423b1a7796f181cce560cf,d38ea3b2fcc900afabd4423cbf900924,22471,rio de janeiro,RJ
59eb71336fbb39a683b38f0d1b9f21a7,540f29d5ce58ea2f58640e0d40795ffd,68515,parauapebas,PA
e49b50780a322146eecff0b0b3603454,cf5f997ce06e6afb5cc7c856ca28ec92,01324,sao paulo,SP
d5b00ed5152f1e7956063b97cbed5dde,dc8a6cdc8426f5ceede410e0dd67aa22,73402,brasilia,DF
87eeb28945305ef199a618fcb6b33197,c431de9075ea553ff0168e19327fb554,13188,hortolandia,SP
223f7c012cd83b966c33b46e5d456508,ce1ec44632999e8b0a3c638c822ac2e2,11346,sao vicente,SP
aa98b0ee899c4f787d88f11b88b50fc2,0ac4d05bbe5f9dd1011eeadba1e76955,24315,niteroi,RJ
2e19009aaf5ce281eadf19914ea75b5c,dfad52af74ef4e4efcd09c4f00de979d,89675,vargem bonita,SC
af77f7950abbc218e7256a09728e3486,5cae4d2e1ad16f70f4659080c57af067,88535,correia pinto,SC
038f88979c9816294e2a236465e8096d,32203277565d5e9a28b9f0da4ed32698,44059,feira de santana,BA
ee46c93e6151b7c853a1fd784065695f,2fb6dae4fb3a2f917940978144362cd2,84900,ibaiti,PR
9c0b57c0b36a9d3ad9eef00e104a174a,9fa87261e8ee721c46b398362db72a5e,87013,maringa,PR
2ec93611c4a36c30917dcc0ba589d5d9,fd112c3dfc32899034375e5354cd4bb5,06341,carapicuiba,SP
7d0ff11552c535ce8179ab49b5f0838b,b2d1929493cdc221883eba2f1deef82a,09571,sao caetano do sul,SP
a4758d80c0a920904ca586f86360849d,4561d997178b39b27c642f0d23e0702a,95045,caxias do sul,RS
5110f48f7609169fbec145320da4512e,50929a718f4feb5b89b109bd36ef6039,97573,santana do livramento,RS
a8cf5e4ad3d3c90e47518a21b0b600f9,d5a4d3f6a9aafad00857d4dda28f98c8,84165,castro,PR
234de0249c0d24e311ce8652294385c1,b550cd5d9d6355b6083a710d713cca50,04430,sao paulo,SP
b25242aebf03ddfcf46480887d9bc8b6,9cc5367471d83a17c41eeb85c0075372,98025,cruz alta,RS
5b477d525dd0c1eb93148e22ce5d3ba6,3855608848a57e1e3c776ac5c336b813,28623,nova friburgo,RJ
06f51feba23580cfca0f581994fb7789,1d2e1d611b6f49dda7adc03a1a061d9c,30310,belo horizonte,MG
3c25754d740689baf315fde841fe8062,f4ffa053a9a1db666a87c39fbe416967,06766,taboao da serra,SP
62c819c053d16bbdc6cf5794411443a9,3db4e2c1b4e880c0abd63248621873e4,45065,vitoria da conquista,BA
947973a1b01d190f9df10e8f289597b4,d688cbb6c8b8a8fe283f1c172f495ccb,88065,florianopolis,SC
fbbbf9c39662ec023c52d0169700b4d6,dba72956e7ca473630bf358179962b05,97300,sao gabriel,RS
4974be94784b655505e37fdb610a8e78,b4c4f3643e0a12224cf57abe82ecd677,26535,nilopolis,RJ
9c2344a071565e12fbf3fae2abc986da,293c7d76ee9907ebe673abe57a230ba2,06663,itapevi,SP
a2258343416fd06f65ea824cf277279d,b0f8b29e1c16a1056056c704ae7a39b7,38660,buritis,MG
626d58a0cc568a4f0e5fca51e22b7761,b50e2c316ac14c5ad88a269716fe3662,01230,sao paulo,SP
746c850fc3309628645b7b22b4603e55,81c553db2d819c53f841bd93b680f35a,02469,sao paulo,SP
31798549a2bd00104ac9b9dbe884b455,7bfc31a41c322c45f4f2121489408f44,40375,salvador,BA
a63e6d9ad4758e94c0aa0d3611efc569,1f2c5059dad2c277b3b338163b49ca73,17360,torrinha,SP
1e88b5f20d4c915f63c41dae61f1c23f,3274f2b2174433e889854e791974e48c,38055,uberaba,MG
2ac2009b6df5fb2fe64b6665f29f2405,2c8baf984ba1a5cc7b56b575f7feb9d3,38400,uberlandia,MG
03b971e3d286d50f6136487edf61782a,9e5599e07107ed4f7b6d522492b3a489,21610,rio de janeiro,RJ
f836b48f2ee74cdb3fa9bcab656902df,a8df4001abe77cf8473902c2b7efe418,05161,sao paulo,SP
047c0b3a52864c10c09a8ca87bb9af7e,2c193ccf494a9cd26151b453161c9343,13020,campinas,SP
54c5c9dcdc6cca32b4fb425a215d39f5,f5b61c2866612d66de52d3a44a5e86dd,72005,brasilia,DF
a5347c1cc1b3e01cce8d58574f6a7210,2b4ac15332225168fe3a3ddd4031275b,22790,rio de janeiro,RJ
6e8c1982f98054e1b60a4a3ecfec3fdf,ad155bc0931cb6bab63d4ff2515c3159,23017,rio de janeiro,RJ
b8c19e70d00f6927388e4f31c923d785,0c6d7218d5f3fa14514fd29865269993,09625,sao bernardo do campo,SP
973d4d86f73cebd0e362b5e7b1ff21b6,5e8da91e476f88a5793468512a8c4ea0,67030,ananindeua,PA
211b6b842344829a0e56b92942cd83c9,c0eb233d5c837f1f558e8ec36bbaa707,38610,unai,MG
b8fbaa3e26e3e604818d090861f162b7,51d749720bbcf42fb9f553160011b42c,22793,rio de janeiro,RJ
2047d319716b4d8b858394394eb760de,10392a29f932eb4ba6c6483ce413efd1,29706,colatina,ES
bee149e10d51ea292fb297cbd35414a7,270c0ad2a232e4a10be51000bc69eb03,36972,martins soares,MG
839e0b6ecf44591f3cb20e0e4f1352d1,88c99e6b93f9e339e5d20c7bd6f34d5a,14530,miguelopolis,SP
b7db6432ef2cad09b9f6983eff19a04a,dbbb77929f0b3b93e19f5493b5934d0e,72215,brasilia,DF
90f093b16c1977166c8e28f32e871c9b,6a015fe2d51ae41c3a73e35aab508644,24350,niteroi,RJ
9005de3b7e1a3343884c42045229d360,dfdd9655f4a59d95b15b27c0ce6777c3,64835,rio grande do piaui,PI
1841fd04cb90d18f82330850fe69994b,f724b3ce91442d9343e2883ef1bbfa96,35420,mariana,MG
65587a73fe6ed4b379bdbf1f27f95bb3,afb67883736c4bfd7bf65d0a1bf6d372,13403,piracicaba,SP
471f625b14c432a5c0944bc2cba5aef9,1dff60947ba05acddc2703b32bb118d6,44088,feira de santana,BA
ff3c6d35b4927c9b965aa6a68dcf56e4,83e7958a94bd7f74a9414d8782f87628,80030,curitiba,PR
292fe6d44f8a0af68671aabb4682a730,4c9b3ef0fd7298b3ed6dbe0ced8893ce,04945,sao paulo,SP
97531ebafad8d20f98c8d2a6c6ce5369,2e45ea9a067bfd664d3759aa47073e68,13225,varzea paulista,SP
728c2eca7bcd0381f461f7567b5aa8b5,ce8ca2507641be0b2928a3e72b9c57ca,13084,campinas,SP
f57e0db92a75b273d6a4901c2dbc4453,ee85f92931be433f1dd09fe6ff2951db,03573,sao paulo,SP
07dd0f56f96437f103f6718cc9e718c0,781e46c8c808ad035cda5041057c8eb0,89970,anchieta,SC
353d47f52847eb30e1e0efe4696f1e06,443228b6482c48a974f57cce036b5f58,13490,cordeiropolis,SP
5f4228ef54e408563a162a0a80e932d4,a3c7ff0f0ea89336b1c0f0587bdb3a38,12380,santa branca,SP
df01594ad086f53bdbbf927198981446,6ba3c687055589c6271f660f1fbf6595,26022,nova iguacu,RJ
636fa509660dfc8277a18ef0e7c4a68a,489937c943d790a39af5092fe2326d70,28430,cambuci,RJ
36a7b5df049b796271525f87c41ed0e8,1f59d3c3b06cb7af1f689cbd62f03ccf,07124,guarulhos,SP
c05d551ecfde09e27798866394a1f888,58982102f5d0d232928a9260c03c685c,05752,sao paulo,SP
5a651c7fa178025ab3f9e391714c4de8,41348c09a551501117e31f8a4149950c,28625,nova friburgo,RJ
95b738395bf0327a8ecfd0dc17118bd6,92c414ce1265e0100c85104e52d1c27e,14620,orlandia,SP
19d189579778a415f48e0ce76f07109b,977a711d79ba286fefbf12c04aebe730,86810,apucarana,PR
e31c85fc7143c3cbe3bf90e43c5c6fb5,f3614734af84686da8c277c2e041761b,79130,rio brilhante,MS
1c3c91349f4842b772741fee593827e7,6d870928c1d1d6b0956068edd155a789,78307,campos de julio,MT
6c9a9031dd1214977dfef7ef3338988e,7c5cd64106c9160122fd28b026cec28b,05687,sao paulo,SP
c22cfbe35fa59bc8126c9be7d1e6a284,dc539d99d32ab632d7762838ed9518a3,24711,sao goncalo,RJ
190a811c6565fb843575352f492144df,ba0d2a824a0ae3a33579faaea671462c,82820,curitiba,PR
61dfb2ae9399454cb12545524d192978,82c6b7c46730c47b413b6a163563486f,76820,porto velho,RO
b3533b37eba6b3bf4c05167aeac93673,368c35b244c7bafbebd6481be7a74a57,15885,novais,SP
85edc80a16b4badbc1e58061b6ba26e3,93b6131ab9ec17f66ed8d5104307acb9,22240,rio de janeiro,RJ
48fe0a56997c0eaac6fa6f50fc9d8020,64fbafb2935c7a2588d6a26a9d750487,03063,sao paulo,SP
a5fa0fc7218b8e86907e98bc906d5a0c,95dd9b92502a995203fad959a4ca1695,03623,sao paulo,SP
fc1543dd064b168304316b8113d3bf16,be21709263d3b8eb12783937f36dfe17,91230,porto alegre,RS
9e2124550af4e69423ee717012e6f23e,97babdfdd49a90b6aee3d17729812665,85550,coronel vivida,PR
b430789bfe8fd6a8ce1be69cd5cc35de,0c25f212bf983792b82adf65645918f4,45208,jequie,BA
06497bec842a481bd823944e52528944,33cfb533d01eaf2466d457037859aa20,04211,sao paulo,SP
6a84735b4b1a1380e3abe5b91017d69d,2969fd9a2254ab21d3a9ad9edda3030d,03801,sao paulo,SP
05c59c1adfa648942fe0966db6296ff1,a8890e03c9673f8646efd590b21ebf6c,01526,sao paulo,SP
48ddea2904873f05d8f627b165dc8a77,6610d515513db539a1f5db20300a5485,06703,cotia,SP
58456fe345a47eddb73e11a8c91a1b69,defbae0ddd4aeca563944124fbcc4bae,83070,sao jose dos pinhais,PR
6dc2df445e3eff17ac265b74560f93cb,2afe882179ea5c1eb6c9f527fb19ad4a,05724,sao paulo,SP
665c06c713395a778be10e3672163e2c,2289931e0313cf972b6710b22bb15655,02433,sao paulo,SP
6a8cd2fcf8edc180f478cdb30c2db869,d276fb722cd56bf609a6bfa894ebffb8,16020,aracatuba,SP
7afdb6b1737919a448daeb749ee49758,0f5f758216c397ef8237f5d1e236e9b8,83370,antonina,PR
303020d38fd6cf2ffae75ad54e1b7a8b,da9f08fdfda2affa2913cfd587f50841,14091,ribeirao preto,SP
0d9406fc091e557580d0d2171f268d88,8beb6684c9cdfea633ec7f48e16f1a84,38400,uberlandia,MG
fc1930db602f4e5c3ef7aed98aed36bb,e3527bddd3f016dfa0e4ae4dfc2f9ded,89140,ibirama,SC
14f78603f7b2d6fb21d975186229cc2a,893d467f49ececb3ba48d7a0e43d7adb,06843,embu das artes,SP
36907fae21e0e2580f53529e419203e5,5d34d24e04df6b3113de895541d2b1bc,01423,sao paulo,SP
3aaf1aed94e3b857dca44be88ad136c7,5b778b979576ae2dba334ae8f5689ec4,66030,belem,PA
ab65a308e13faaef39b0370e82dd6fdb,fd59b2040862a3c5f0956eeb1193f239,12507,guaratingueta,SP
98e935de18878156bd96e6b845beb7fc,4b979b432abe14a88cd0cde893952677,05174,sao paulo,SP
c7e79ac0034b4accdb78aa403ba6f68c,8dd4b0771b20160bde2b4fb598c3f554,29338,itaipava,ES
9e2edef7aeef3c2fef91128e16df141d,6388880e94b5614c9ef2fa8b975b80ff,71909,brasilia,DF
6af12e8e6fdd92d3e49abf9eac301d63,8c60a63f751a4c744a3629ebf560041f,31030,belo horizonte,MG
416b717e3c11cf6c596c624c76630afa,122abbabd602cf9a5af359b07a3c0a38,13566,sao carlos,SP
488dbc161f80c337a895a4096d7f288a,ed309929fe05641d43b8081d5cd98852,27143,barra do pirai,RJ
6fd61b91ee774187723f8ab0077f1570,0f41969b0c37aeb078908b19b828fbef,35058,governador valadares,MG
7da6514c119b3cb64b80ae289717626d,43cd4505417d27ed0fa2b3f65b0dbfde,14706,bebedouro,SP
3f6b216f1586e1e66cbf463d0a2eb535,f86d945eb9f57db4ef44bb3a85a14dbf,85065,guarapuava,PR
53eb76954510c8d2cf430ee48ca94a88,6d8233fd7ed301850f5d518f841d86e1,07804,franco da rocha,SP
ca4586d803c0e407f595a28bd5e7fdb6,37f3625f30163e5711a264da33feb493,05850,sao paulo,SP
3e6997627c5c910984100b9cb2c304da,035462b7a8b9d16de18102b596a17a1e,86015,londrina,PR
71225a0d901fde1ab429bb0c14978b41,2e6576a0e0e4b19d7701ac6abdf2c616,11035,santos,SP
afcd4050c3409ceef1d6fb4358e70014,11d952f7b426226c968e95da4f99783d,29101,vila velha,ES
ec88af0313a04a591597b79a08501f2d,9d5e4e0b8d8a62ad31df73c7b1d8e8c4,07178,guarulhos,SP
d18a532953fbe5fc32410c6637e07e80,77c6d9952d01633f433469a542bd5917,41740,salvador,BA
4298216f047325fb69c2e6bf63e99c7b,344b644d9fd344490c599727371dc99c,14887,jaboticabal,SP
6db9ffb75f1ab4e8ff22cd38c5c32579,81d8b633535b84af3d145ffcd021dc4c,37810,guaranesia,MG
f3fb0bc387b5a0742130f65abeecb5a7,ae20947231d4d44dde1680a7ab14d90a,22080,rio de janeiro,RJ
1298b31750ae11bc372f731e76d3a6f0,b2f20c3ce9b8f32ecddaf35bb9338546,05350,sao paulo,SP
a8f423ab70e96e28a8e4878179ea4505,696fca7af7f751e1749087433a92c790,73950,alvorada do norte,GO
b6bec4bd1c7f54dc8260bc062359b1ad,fb190ecdac72f55f9d06ef59cca1f9d5,74315,goiania,GO
b0aa4e154cca1e3ce961c7267e5b975d,0d4060cd9fecd2c2dab97a161facffe0,14920,nova europa,SP
93efa40fb4ab15f038238252720a512a,afcd7724e6b3dbf3aaf9d5bca8e7f28c,26255,nova iguacu,RJ
de0fe2d8e55644484ecf77b35622bf8b,6bf245ddc29953483253de1f6fd2b538,13502,rio claro,SP
5c6db305f9c93964673f2c3f02d49549,fb490a070c5dbc385afadcf0e56270bd,22630,rio de janeiro,RJ
9e7fe4ea65ba59140cab054bdbdf018e,6d94a894c28059c9703befc3603704cc,04530,sao paulo,SP
db2cf4866a8f96d08f711c99f9d5cbc3,bbed9cd869f4fad214a79776336b932f,38810,rio paranaiba,MG
796d05b11c21234c1840086faa0be307,8e25c4a071fe91a4a6fe083ec1d10425,11900,registro,SP
c00da0a10c9e68d17183e84653fb38bb,2682a5cb362bfd3245758ba272e7e248,15091,sao jose do rio preto,SP
d6b8d52c4a09c762dcd7e57533768f91,08fbcc1dee82c31badc83a638aa345e8,03802,sao paulo,SP
ee90f96e60f6d84ca036056c4f1f638d,fd4f1bb778159835b762d9e0a19de23f,86300,cornelio procopio,PR
442fd67617440e5d001f5e5206f9d40a,71289f58e61bb9977ff1c6f7d91a5af7,30720,belo horizonte,MG
c4bfb61a02fa753432f5e5cabc107e28,47f9b7a621b6a928761424c657e8c1cf,19570,regente feijo,SP
25228ecdc91aec16dead8e113f1ae4f6,0c4de6166473ebccc47d8d045657540e,09170,santo andre,SP
0e7c17ddbada5df557b2e5f2f90dc0dd,307ae087ee4a0b407cea6569ea34a719,09290,santo andre,SP
27914729140e0b9e30458f92c83baa05,7c846ea8433e8b3160ddb020015c51b3,31260,belo horizonte,MG
92dc1467d2ba256b84a991c5a3218221,4bb56718dde10c146405afbebf7b9454,18212,itapetininga,SP
8283002ac9ca2ece392746190b152185,45db875949ee3ef18fafdf817076165f,95052,caxias do sul,RS
181478b61d7275cd79afb1ded8ad7f41,472bb055bdefb40b464e87e33ff5cb81,07124,guarulhos,SP
0176d6c1606400bd49c88871e15839bb,e359c198636cbca8537e6c073d2d9551,24421,sao goncalo,RJ
f4d5a9f02a2d3ddca3595d199242badd,89e66485ae825f847a730b07f2161d69,74922,aparecida de goiania,GO
07a527e6169759ea7d70eb694633e951,9f3e953fb01bfe34f6d1c7f11c1bf4f8,71215,brasilia,DF
5fbf764940fb75727525f6af71eef49d,6e3fb31caa2b7dc1177aea46a7483f9b,01508,sao paulo,SP
1288b6510d1115cdc0dbb81b0de73743,8caf90d0af455ede16cffd08c4d0d87d,22790,rio de janeiro,RJ
77f22e8b0c6bae08b11ada6ef930f1bf,0895fe4cf72747ab76d855ad89c93dff,31255,belo horizonte,MG
e24a84b778dca41f3760946e3ececa16,62a5a02c3428d5ed0ae54bbecc2531e8,57035,maceio,AL
b9f3a86f04f939473dbfd9002f5595b2,c914157f8f00a3b4fb31e9e4f02efb0d,17050,bauru,SP
d9b20c419765754169295dc0aed6da34,ff9c04f464ea62ad7787a0218336b942,48410,cicero dantas,BA
f253cdb921536ec2a9ff9a11cab13aea,f425cc47151eed2532879b2861b9b7c2,06246,osasco,SP
1d088dea8732788ec35dd4ee6dd76112,69b2b29382af03e03e486ad307a76000,90160,porto alegre,RS
806be13e55f43711b59f751f9ee83022,7eeb6421712844795dd8ff9ec6a58b18,33823,ribeirao das neves,MG
915411390c6b557e49b9cf369572d189,56866c2bd443a3330747d4efa3541c6b,92020,canoas,RS
310ae0c5db4a725df3d7c74f27b403b2,ac632f3aef3b65fdd24382d53636a308,20775,rio de janeiro,RJ
56033dc0fa885647a8cc84db067729ea,58c2385a00210b1ce3ad1542d4ab16fe,63908,quixada,CE
97cf999f275f1388e6ecb91f4b0d6e98,58776ff19ef06d5017a4dcd0c0062148,13208,jundiai,SP
8d3b3107ff3d5416c2aaede11192d34b,fb67e36c7821196d862282dc44ead86b,37503,itajuba,MG
73c65731f86095845be2da68f658284d,15a52a044cbf18c87283f8c460ad5ccf,18150,ibiuna,SP
f19ab40f6dbb02cacadf51b9e3157f56,a0d59ddeee1bda4328abd1fe8a1fc5bd,08247,sao paulo,SP
5500c1fe2f5362793e7f707b9062ee17,670daf87858a7295184c51effc238d60,35640,pompeu,MG
b11668de4b31ae737a17321c8bd45876,6313e1a8cfa9306fd61ac6abda4376b5,13238,campo limpo paulista,SP
41dd55a5cc1d3ee4e4cd29c5049078ac,9366a3ccc524325095786e1844f25bb8,58033,joao pessoa,PB
bf8408dbf7fb19840ec21ac0c8fa345a,cc17c84ae98d4254235d357b2b38c266,06543,santana de parnaiba,SP
30e6e854c81fa16f46a5d7f3ab025e6f,660786ed04a09347d8820938113f1df7,93260,esteio,RS
fa4a5c28f404695fe4d6fa20d3822e58,60038144dc3c3f74464c3453c39bfd6d,20550,rio de janeiro,RJ
8deb2c11cc255a4da7c7349d18717ef3,5de232a50715c5cfbc80076ae05f5bcc,18272,tatui,SP
d47938597c090244539476d45ba3c238,4bc0f4ad75a4b0e3284d0788d8fa18da,09334,maua,SP
10b70116f12d6f64f25e04e219a8036d,5ff35578cd099e98396341404ef288f2,89117,gaspar,SC
b187c25688ba0cec4743c82e159cc091,9db6a3363a3a5dcc40b04408b1d02eb6,49025,aracaju,SE
a2ddbf4db9d0f1bb35918b4d567f1705,d5c9515a662f5a58070f1861f9a38e85,18057,sorocaba,SP
02fcd25668a084094acb25e5e6211544,9f0fe68b9767ca4c4f2402bcdb084e51,38702,patos de minas,MG
a02c2320d8817ed7627ed4135a5cb33c,93365b38e56abac3d02bae772a2c6f58,66060,belem,PA
d9d2b41309d4a7d5c6e1819e1c724ca2,bc7e7da8f10a64c6179907b74fc920bf,05024,sao paulo,SP
c576a1a325ba3b60368566f78dd51aa1,4afcf7ae2181b598259d121795fd628a,48905,juazeiro,BA
4da02003088ff69e3a0ae3db17d648f6,3d93772915efa454a89bf52047b0b285,32050,contagem,MG
5f9d934496cdd0317bf9d307fa131859,9aace06a372bf894a10503c19033c2ec,22270,rio de janeiro,RJ
80dd6889d1cd0b80f9ff71789a835f18,e1953c90ac89e51d2a22932191ce0c43,07140,guarulhos,SP
8a9a1deb4c40a5a158bbb0db08c821d0,cbeccbbd36ddd0bcdc38ed78bdf4df13,29050,vitoria,ES
acf9d493618557e6bf542739f7c1ea8c,a6871717bea370207a49a2cfb70607ad,38800,sao gotardo,MG
e969dc5c6a9219727d0b39cd6757e936,6c57e6bd11b8e9d85e77b3e14fb42e6f,28140,santo amaro de campos,RJ
dbef78e82a11203edd5b1c1726378edc,e0233c751408137ec5cdde0c37e6a61a,37550,pouso alegre,MG
907dbf4707a4cdd67d3f2c87a976c2c7,2677cf09ca76d24d69bb46e7ec2415fd,07700,caieiras,SP
b1a053d99f314f3641d2d09f356b5701,7f3dfd894190e75971209dc602e43cb4,06550,pirapora do bom jesus,SP
1e6cd369cf26ded4ed75185d5605241a,6a586986112375fd757133d6a052b16a,40296,salvador,BA
1233914219140e9e67169768bf6ee593,3de43e16883dec171c5a142367cdfa03,88034,florianopolis,SC
d02f55b09f69dde4c0ac66e778039993,52563c0dc9f758424f26b9f226d568e5,88240,sao joao batista,SC
4553d174357510751fffe2519aa1b501,65e16ec8e4af797c1cba349b779042d7,90150,porto alegre,RS
475a8fb3ecf9ce05d2ee1b6944d1a04e,c83043f2a1e980a890c9d34bcb3987a6,84030,ponta grossa,PR
d7ae7f2d5024fa80f505d65c7826e40f,529e23abf678508fe2eb7f01deacd95f,07091,guarulhos,SP
c1d6df990d7abb2eb1d898aabb91c142,20ab2e4a55a8425135cf9a7d0bb3f92c,05734,sao paulo,SP
08e6bea8018626bc5edb8c3eee3c8b85,1ff0504d2e5524b97f481f478f6ae770,22631,rio de janeiro,RJ
a857a82a40ad62cdebf6683bfa5d6858,4fce08bb64f8d392226d876734e6cca0,18704,avare,SP
e448981d531c5708df0b2dd15692d246,770c6c524fc389b4cab878d19703745d,74635,goiania,GO
1d1c736115642f774623a24b4253bfdc,f5b37fd5153213f3df6525903a8221c9,91450,porto alegre,RS
3acc9474e20338145d7a9e31318152ea,d0c62583f73531eba6338b2390e7a861,13636,pirassununga,SP
86154d1d9f7bfa63c082686f2c694d94,8cfe342553b4a1db7bc8ba9e2f98b596,33145,santa luzia,MG
e48501a53d46298c8bddec23af2bb4d2,38dd3f4e8a4cc5e32dd0a4426a1961fa,13847,mogi-guacu,SP
436f56dcdaacb0a631a8dded7fd62bdd,f99d6dcdeb904bc1feb8750a1a6a47ea,95650,igrejinha,RS
da511073eaee0419031bfaddcda9c4c6,49cafbfd9396463447ed16dee066305b,24210,niteroi,RJ
b92024fd84c1d4e5308b4bc99f092def,1f1ab863d273f133c7c9a9ba38f9b073,13567,sao carlos,SP
40e7a663ffaa7aa2f2ad20d6d40d6b14,c69e5a82eb301db90128811f6ef51125,13360,capivari,SP
39747a75c12f4c803a205a1625fdf7ef,b56105b59a417275e17fde4a8176f3c3,13312,itu,SP
9302b40e3cbf7c43daae0cf4bf7e8895,3cbe4dacbf014deb61bf6a4b2b7e24ab,33600,pedro leopoldo,MG
9f865243eedd5290cf1d0f8b5d2d1d5f,2c8c7b6bbfa1eccdb70ca22be6739a7e,13403,piracicaba,SP
0b3c2ca66f7847699dba330aeaa70690,45bb5ba248ce0878c360173c73263bc7,21675,rio de janeiro,RJ
392d8e8daaf2280f75196bcd79728099,0dca1a86dcebe21bdb6ecbf5466f0d39,13211,jundiai,SP
88c1c3d0d402ba73d2fed9d5b71163f4,986ff90db14726eb2bddffbb797e3f54,83075,sao jose dos pinhais,PR
b705b7bcb8909a7b65dd36a6c2653715,6d633223ab8f4c2153dd08b44d6f7be1,29800,barra de sao francisco,ES
428ce83b5723026d8b5a9e96a91c6127,a69b49a731e9a2b5b55176dc54c2eeb1,32600,betim,MG
dbb71dc9efb3e86f11b03e57afea00b8,45003601a32438990718ab4c20ad369b,57420,batalha,AL
99fe1741ff5f8d3998bd806d58d61243,b9747ab8b937f636ee9f1cf60e036b5d,12460,campos do jordao,SP
a567aa193920afd2dfc4ca7d94e9c832,182a53832b938df728fab38fee56ad31,14870,jaboticabal,SP
e727991c9f9c297620b5d8e6ff320f2e,0379a6f96d9befaf749609ba52b17783,39401,montes claros,MG
56cabab28ceaf3ebe6980ce08fe843ba,8a6f1d06599f1b41b7a45098151155b7,03881,sao paulo,SP
23adca7b92ea9f7c40e60be117e47c6b,dfc02cf6b5c4222c8d5408ad15acb02f,79072,campo grande,MS
c77434d6053c5868ed0b00c388bcacf2,c40928532e1615f1e2be7fc5a537a400,18290,buri,SP
15e004d388d75132c9f43433c4073f2a,4c7c157b7ca1593ff4b83309db3a3255,36415,congonhas,MG
d1414632a5108888830c4980c98fc52a,7003da8d1dd0a6cbb730d5db8f354070,59071,natal,RN
e0ea4f96f422dab31934d5659c620dc2,cccea89786378fa8bec9e9bbbea8f494,26281,nova iguacu,RJ
30ab7e538292e6130a456c371778d595,98133dfcdb0c24fa03c9eb4f0d69a6c4,38447,araguari,MG
e8ae9955aca35688f3e7c8d19c66513d,ef3d552d3cea17123ee50ee92a373629,86400,jacarezinho,PR
13431a9121307b4780fd792c4d248684,13e39727a16c31cb2f91569351b31d13,60765,fortaleza,CE
14c40450842463a4e86a52654f2e3ff9,3720ce768cc8e7b9a23fcb794ac67179,02111,sao paulo,SP
7a60c49de204bb732d997d4382b7a0ec,4706721f3a6d9c24567ee139423d530a,13478,americana,SP
b6302ec7c7b78367c0f804f88b7b8461,dbe6429f609e8f239f6247c48cfc3e8e,19010,presidente prudente,SP
ec25fe55c673e43d4b3a9bf813cc189c,2f42854be89a364edb459d2eacd2defc,29163,serra,ES
9bf5b0d90ce42a8216c828b07d44b528,c216ddf05dece5d199d21e54250658ea,45450,gandu,BA
9794742e512848cf1c6fc1a01f0d549e,5451dcc40a5b3ed99be461fcee2d45da,88090,florianopolis,SC
bd1b88786f972966bf49b41f47fb09ba,a070cad67f4e6aec6c2efddec1444258,32185,contagem,MG
2ef0f7f70617d7905b13028bf5c25a30,2efe9d6713d954402ab23d4a838b1c16,51030,recife,PE
b846152f6ca2bc8c18c46c3247c33426,1650819cd492bbf4b9d189c7d4126475,59080,natal,RN
cef102e266fd2812ecd629b5da0d4dc6,2cf17aab29f83986b5ecc3fb90a245ca,35540,oliveira,MG
86b054247fca7d67660e38d08900d129,8b94a68b29f6ce8064c9df431542beac,03402,sao paulo,SP
ea5cf2682d61807e35798707c940adc8,a78b060358eb2d9bbd19158b0d542f25,51240,recife,PE
bc81405ae7e0e0bb10ae88990ff202fa,b3d058d052b1ca40cd60c15f71a29a63,20020,rio de janeiro,RJ
c3fb17f728ce93cf95563c72cc009f09,28339c3ad912ffe9bf8f0822b586cbc1,30270,belo horizonte,MG
fd92bf50851f9d351ff9f16d79a31971,6fc559606d61b5b64523ccc04b5dcda7,22451,rio de janeiro,RJ
0ef019361fd1cd11940c8da0e1c55d96,6ced24aed2a6671127ffe65d47ac467a,36420,ouro branco,MG
d256c1df237b8ea64ecd66b77cf142df,6864d1ea40530414cf6b04c740450443,65075,sao luis,MA
b987d527657e243b4f3e40ee0c54f601,b3792b4ada73207434d84fc6262ef5a3,88034,florianopolis,SC
35ccaf85cd6559f85e62b1968fa763b0,372bf744ad9bc73879c7e0ff2ce8760a,16800,mirandopolis,SP
498ace7478636fb1bea4357fb62a30c6,6bb7418cb646c318b0b970efa5937287,83820,fazenda rio grande,PR
bbcd801cba7b655a6aab583778eb6af8,4007a2d7f7a4fee746b203c1320c5408,88070,florianopolis,SC
6333de0023805ceebcbc7303d94ecc33,2fa44db5844b13327e8352a5bc056d55,13920,pedreira,SP
99de4444dbc09f097afa14d4ac4ae448,e028094e844981adaf6de76e17d60351,81350,curitiba,PR
b0941d2a497ff83097f4334c9ac59d8c,09cd4e5e5f5a8adaa9e5112197979136,09195,santo andre,SP
86dbe8b0de56e7464e4b5a4bc77eab19,797430cd135c3d6005425357f9805296,06407,barueri,SP
aa0e3f93c0b17970c0a95ed100fbb6ae,f5cdbeaf2f8a5b1411cfb92121e3b078,07428,aruja,SP
f1e72e6212d8f92341aefe99209898bc,2ba3b74dc3bbf6a4b1e3692fcce257d7,30626,belo horizonte,MG
519fe7375966b917ba9d1f8b7a8784eb,aaa1c67c77562ad0d99806a54088fc9e,12460,campos do jordao,SP
19bacb562bd43bd4eaf05b6c0a59dad0,c5f01991eadc43c924dfd891e9026217,87323,alto sao joao,PR
0bb40a0d7f0a7d3380f5543254ee0dbc,db2f1a41ca73d34699805d7f4c1d4de7,31365,belo horizonte,MG
55079e53ef36aa309bc1f0cc5a7b9ca0,d9d7d235596859c088e3d0f553585757,08253,sao paulo,SP
df9c907a19d1c599e071af85fcb04f92,6c1e77450766afe18d4a99135d322d89,13073,campinas,SP
0edba6ec24c2864c865aa7330cf297dc,8d1f0528ce4f4396ead8fa47b853099d,95900,lajeado,RS
0f785087559e9facc142d63b1a81d70b,6e4afe450ee7ad953724331f32967158,86605,rolandia,PR
884b6c27805ad0872cf7293dc876bc41,8a7e2716ec5ffb45ddb789c96c86d4bd,13172,sumare,SP
0603e61027d99341d08fa2c64fdf5915,807296d62da788dec65e395496233222,07434,aruja,SP
6cbc59fd1d1f852406689ea9ad5fbffa,bd8e0f3ea9fb694fc53c7a358643fc06,74580,goiania,GO
66c53652eba1381be9df548b07d5ce6a,282daa1e301ccabe946194d1275c9eef,86700,arapongas,PR
b952cebf2ed1323e49c7e74b60326345,7cd747a15b6eb374e2706259c27e96a8,72005,brasilia,DF
1b2ab6eda1946a6ff386b1ae51431344,94183723d784d37f33a1f6dd09ac7567,11740,itanhaem,SP
ff5a0334a979c80401bdb686ebe6512a,bd8ee6a65c4d647953792da821444580,04543,sao paulo,SP
a0f18dd3d5b853e05a329f09ced35fdf,0a7156ca5095f2943861a43ff6449d2a,17523,marilia,SP
eafceab51b7f2121c2ce2f94e0152d3b,5301f2f2142439cb77b84547ffb4b721,64600,picos,PI
eb4322f80db384bab3386bbcb619ecc1,bb604d28677e8ad3f3bb80495fc6d9a5,89850,quilombo,SC
00a7f9b60493b4b11601b42e5f31eac9,adf61ad8994414035684cea95e70549e,03435,sao paulo,SP
b07937265615c5e0deab6c26429590d9,8eaf94d7f543eb3ed4d730db92ee70c0,13256,itatiba,SP
3154dbbe8510dde101e639552ba0ec4e,7cc882b8c6b9017716e362d74026e850,12215,sao jose dos campos,SP
a01b1970efe8b573e00c01cf5ef8b758,5edb5e94dde197f8fd914eec2975b891,06543,santana de parnaiba,SP
8b12706add8da11e0633415bf6def248,ab243cd9e788d689cc822380f59616e1,13098,campinas,SP
642f858f2d65c052cfa9058e21181a88,ed55471664939a48022e6319811608dc,04569,sao paulo,SP
9a37a72e01b19af73e41b1491d8d9d8c,8aad7dcc119010c67a8da185ca85a38b,09240,santo andre,SP
553e55d7745de3a3f32d8d30914a3212,b431e4fa975171eec47c6e346c4dfdc2,52061,recife,PE
327886570f6c5d99eddb5677b1ad9c72,d5b4fce33a7ef8e6025bff334e6bbf1d,27700,vassouras,RJ
f10e5fbd994c96fe6abc21c3303c9a40,6a0ff4c1287f59cf5a07a3852ba6bf7f,09580,sao caetano do sul,SP
92ea14246ba314c5642045e9152b75a1,c44accd62100515eee4c93d72f232cbc,12440,pindamonhangaba,SP
71f39c371308d132d7633895477dd307,ca77025e7201e3b30c44b472ff346268,51021,recife,PE
2ffdb3851fb34c5c1fdfd9b9116c0103,de7463eebef1b2e7a62cc2c80bd27a26,25525,sao joao de meriti,RJ
bbec89f3ce9883659829232500271d87,55e4961112ecf48f62b785a19694ad5d,80610,curitiba,PR
5fceab89c281b25423f0d31ed83d8a3d,a0d437205924fa1c0211acddd717b5ce,11250,bertioga,SP
403d065ed4e3882fb44ac77fe8297132,3509c8111bbacb04f27aa58752d99b47,40255,salvador,BA
c1785b084efcd3e71a83bfa29576dae6,1682c2c899bc883a9a2f86bc5eb43f12,91750,porto alegre,RS
571f39ee08cc1563a8d7ee70545efab6,3e3a414ad6cc9633f79ff0179f560b31,13845,mogi-guacu,SP
40e7f92901dab91f3c1b9acbec7d05bf,7465b59810cbcff4636277053dfd7bbb,13920,pedreira,SP
c218c0ad64ba488d6abf967e0e346fb2,4dea07b5dd15f4087a2b00984f3755f8,64020,teresina,PI
e38c25fd0a93092fa341755e65cd3631,5fbd25db0138045fc198fd215d236767,20520,rio de janeiro,RJ
d2713b16319699ceb2616a1a387d0ce0,503aef0e352ed6eda254599e6ae6375e,70790,brasilia,DF
0c5f7a031b2d75ca9866d5fba3382b9c,ca816559543d86f6229675d454014909,13277,valinhos,SP
32502607d5a44f34e36748b136e26b11,0ba49a67bbc6ebc3f3099eaf41f3194b,21911,rio de janeiro,RJ
0b712b6da4fc29dee43125037bead5fb,3cd80edbe9aa268593282e5d0143fa86,13360,capivari,SP
8ca7c9ebd7fe862bbe3af6866f1b2d20,129fa4e40e804351b0739ec68ffebf46,05406,sao paulo,SP
5406b9e94d0682bfd3c683d5c54147b6,19be5923f7d998e76b9f3b1eb87c32af,88763,santa rosa de lima,SC
0629ffa463b7bb65e62829ee41b0934b,d6a47604b551804c235f4794b23065cb,01220,sao paulo,SP
91071294e01490e0b052deff9a5b0ab5,6e78e4c50eb9d01d0ff6aed4c2ada2d5,59145,parnamirim,RN
f9d2339edf823b102c15ac8157c30574,bb00460af4cda6bd1252e99ef3168b56,15170,tanabi,SP
584f7f6c5c35ae99caabdaa223783764,499a526473db72c33f89ed8ad779c129,04161,sao paulo,SP
80326990ee607892a2a6c4c8baca53fd,9f62f7e0d0cbeab75bfbd518bf2d6566,68516,carajas,PA
933d04190021321a552e32ede56bc054,32661f8d3b12d0074a094346eb13106b,02255,sao paulo,SP
33ab326883f37b126492b8a58a1dd3f3,30dfe23e1ee3c31f7af260ed5459b930,06460,barueri,SP
4f816c7b7e7242b5e542e523130af049,e2af1e4f7b1b25b6b9edf561515cc304,04142,sao paulo,SP
fbf7bc76c6c3f2fdd47489cc38542f64,1a7f7fcf7abedb7d4ce32f3ab25b0536,71925,brasilia,DF
2ec7666d1077597d4e4ff2116a319530,f171039a67a78b3d57475168802da70a,72720,brasilia,DF
708e93cac3d323459af22061a0556f26,24778d486978a0cc32ba430ded33ff1e,65980,carolina,MA
f12e6b52ea56e2cd7e96cad489976ff5,3e92bd79f056e6579392911db6344007,20021,rio de janeiro,RJ
5b894cf9a0b95ce53a6ce010fe000104,d2e96fc998d538905a948410e26fee2c,02346,sao paulo,SP
3bb0f1d5881cfaf2de8eacdbe88b2d58,4079d39cb3fdea47201540107c1673dc,07804,franco da rocha,SP
09e038e546d675d90397d0069311cb0d,47cf41d2e19da7110df5e5a6074fa873,12235,sao jose dos campos,SP
672e77494e53c15e0ff6f6469c9b1c4a,01c19b1261325781dcf2f82c9892f80e,17280,pederneiras,SP
3dd972e6e681a4267a0540e552b77d1b,e9a37e4d903e37170ea081642cba9ffc,75840,santa rita do araguaia,GO
d3eac6f3d395fdf17814107b34247c62,3e720608d10c93f40324a355df2f15d8,82600,curitiba,PR
d8457d5a5e980f0815434f986cd24227,d0d0d8cb93d0feabd35791a3502593fc,89820,xanxere,SC
355fde2e1bf1fccfd0b734184246deba,27426909dcd8c82c90ef8498a0b171ad,03613,sao paulo,SP
fd7bd7bf90e739374de93e267e197779,d6699b457652e531b12f4c6a9fd44e00,30160,belo horizonte,MG
ac2042ae043b8f859f71ff914f863cd2,069ae72e12aa7c92b8a87dda4ccb86ac,07070,guarulhos,SP
640c3b3d8f8dbaf9c95839f3b7944bba,5cdf4ac69b03e14c4d4817b53db660fe,73035,brasilia,DF
b299a44de561de2dbfc8fa91dd704af8,67b657ec047f29a2f42ec7e7be4d03e6,98807,santo angelo,RS
e8d19c7ae749d892ea35e91da2f345bf,3333f0287d8a19d37985d4920dac1ddd,06542,santana de parnaiba,SP
88dd9d5557adddd06ec7e12980596cff,c4e4a1fe80a28587efe3eef105f24a24,18052,sorocaba,SP
8995948deb6e45a15df3420710e7f836,4ff5e0678ba1b06288c3f92d26e3e20a,18130,sao roque,SP
fe8b3a40ab3d9ea1b2e38aa24a324207,0341bbd5c969923a0f801b9e2d10a7b8,25615,petropolis,RJ
59e4d7310198da197337571749b47ff2,753edf44d14afd72110c66fb22b69c91,21820,rio de janeiro,RJ
a9eb0a1529c5219cec4f13899a5a58b3,9cdfe712401ae2a44d3056afbc2b77a8,04851,sao paulo,SP
8a7636a8f5d5c27a5cb9aa255586a322,da9e4c6e24c2b5aff7d0bd5d98b12fbb,13060,campinas,SP
76d021f040aed67b05b1c76350fa4a35,2ff5a158a294eb0441d9a1cc0135826e,42802,camacari,BA
7e8df4633a3d714d6f33e277b12bb4e4,7c1881c1e7fcd694d895da56a17884cd,12942,atibaia,SP
d8fd572ce0ee17f76fae769f2511170e,4dff8ebbf016e43246f4a6a16e55f849,90230,porto alegre,RS
91fd5aa21b364a805141f532a7bfab2d,dcb44a6d9e33bca1bd008f7faaf3cd68,64049,teresina,PI
a2b2a36f8fc933744ce13a81e2a28291,d0ed132463a9628efc1f089d52414d84,80310,curitiba,PR
2cd0fcca2f6a561b34a5ce1fd920420f,1bc24291089150a659ed2bb81589db34,17507,marilia,SP
24813b5d127493c4c67c871c4ed7f2bc,b0281605f714c77ffde78190411ee2d2,60711,fortaleza,CE
3453cda7c1f2565886229607f31e7ce1,b137ef0c791fd6fce92ddee2b926c875,40140,salvador,BA
bacc1ee57dbab94891c502caa0ee3af3,afed5a21e94b4e3e5fbe6c7e4bc92f4c,13321,salto,SP
851fa3e0bf415f6945462c8359258618,c4552c6440f8fdd464d06bc7691b8cc3,53413,paulista,PE
2612be9fa1c54d759c1f40d7927d9bfb,7e77d2206e1198060426893237e14964,11454,guaruja,SP
591a5073a1a1ba93697460e7b802558a,754d6051ad0a7cb9382e899d9819f835,09041,santo andre,SP
aa5dfb0872b3828aa250acb54d387266,1b3b0b055ed21f7ce245c233772bb5d4,04777,sao paulo,SP
d3488e0fe542621a715eb2b6a4f203ba,571b2d4e1763ee5b0c5a6995f2672798,20521,rio de janeiro,RJ
8b2ad21c897519e83fae6357076e7720,d57abf41b8c0ff61d15d0fc06f21258f,06417,barueri,SP
e350a18244c16257e0bac342c17e3d1a,839b7048886d2386c4cdaac164e77423,05787,sao paulo,SP
396327c2beeede33bdfc47d59e31cbcd,7d10152cb7d145696c69a726540a1afe,77880,xambioa,TO
d1463df09d68e404ee13bdd4494ea9cc,e1cdf692ed47d0ba0429839e43913966,44380,cruz das almas,BA
81a1275bcfb9293d363987cb4150d435,01f173d576ec0a01bbe13dccf0942696,35600,bom despacho,MG
4f2861247d5aadcb075836a5e43bed28,f7015ee0a647cbe1b7ee001f57593548,13181,sumare,SP
d57d800819fe0e64bbd7b60653cb4168,3906f8113531d94413a0b6b7cbe11bef,13087,campinas,SP
204d0477c079846f2a02ee4d0b15e267,8550e6d95d00cbf99526dae086244929,07600,mairipora,SP
94ac0b7d1d98d01b218caf186fb00d1a,80be5593177c5863d92b84a8b3e2361e,09760,sao bernardo do campo,SP
7e008e5ec21e044fe30c34ec4e9d0747,d06f106a141c540ca3b3cc0a3a8bba39,08141,sao paulo,SP
e643215d64e8d8f969804bfdc98e50f1,6e0d94e83bae00a64c12c9497158ee1c,88350,brusque,SC
e88a38745875de352d6a135b7d3f11af,2cd2f63f783343de79fd5a430c8b6d43,18603,botucatu,SP
b629115d8a9ab4d7c46a9a8622ebf2c4,6345b744eece6f95fc5f45abd26cb7aa,29162,serra,ES
863b6381550660b774a6f43d857d2b0f,c4601f3d0e8da101aeba12d2ed530285,12270,jambeiro,SP
2c72b46ebe2c2bef0b66aa223dc030c4,6ed5cfabb7f27d5a64e8f7ebbf0bff9a,59585,sao miguel do gostoso,RN
7af0543c8b2d3e921f6337f59a72fb34,42d07f9538ceca728bff607681d046c0,05617,sao paulo,SP
bc94fe20172cefc3e041019d0192caff,609adc68db390a15fd21648c496f50b7,21020,rio de janeiro,RJ
a3a80ba0dea267641017665d0f9b144b,a49541d03e056ca867d3b96f267b8a9a,29015,vitoria,ES
5da0ca7784ca3dee567abe4c07800952,0a609db8d244100909a15d65eadf8539,25745,petropolis,RJ
c02804339297de6f018d91e5e928dae3,ae912dcdd2ca9b98cb0fef04feb2f6d3,13140,paulinia,SP
2237144a10689251d71b7a4d2784cf81,6a7e7be8e652da4e4777866459f9b007,72445,brasilia,DF
038677c6bb39caaf53d27c6d46fc13b3,bd731a72f769936aa508d75770626679,30170,belo horizonte,MG
3c8f71003ac0c80c105ed834fed4f738,18a2a03ff64c5d3a193b607e0cc72fed,74860,goiania,GO
f33c9d0eaa22a1be86ff276c1516e17f,253dd87d06a70cf96ef4c39c8fc646e1,11920,iguape,SP
2cb0c084ec56c7fc7d6278cdd8787670,259a143b745a93c577b929e9fe90adaf,40150,salvador,BA
9fa6f373ffbaf4c8dacd572551406374,a009a4009fdb7456af9e59dbccfdc3b1,13034,campinas,SP
a8dae326e70d36bde8a49e2207f1f0d8,fee6634d946e08b185a6d0152110f92a,57265,teotonio vilela,AL
33297d2af8f199cd9cc87abb71a3b8a6,6a8fb2c3e672cc4a55abaad6b000ba49,03685,sao paulo,SP
2798b51a189b8834e9d8d5907659a4bb,b6bf354e3f1ec6dee74be0ca2b9aea61,05319,sao paulo,SP
391ea9f08646bb9c99de7a3b24eb8641,6bda5f629d7f63fbd492f48da584b8c5,27600,valenca,RJ
3d3eaab3a5b6e25af213673e7c2727cb,aebc59e8819e9f43d427e3d1ec19e3c0,06286,osasco,SP
ae32169ba42b71cae81b26a243c88254,3bd9e0cb53a95db314b55aa82f814502,37795,andradas,MG
a0b3e86a78c7bee0145b32c4ba44d500,f091cb60c97d35a42101a95cb825f821,03340,sao paulo,SP
ee3677ab84c1a1241efb3116201c583a,b088bc1ec6539752bf408ac1d9c694da,29800,barra de sao francisco,ES
28a204eb0f0f081ece6295f4ce42a1cf,d2787622df9fd933c164f7cf696a4e2a,77405,gurupi,TO
a59d04c9a76861580b6b7c3491570a5b,9e3b0e8e372cb1b5bbe94f58905d9f7e,20051,rio de janeiro,RJ
e9bca2aac8f400109e997596326d9227,83486a65903aefe02ed3bac7c23b5f65,13222,varzea paulista,SP
eba3f6407778bb04d46966a1d80f84b9,323f8f14acb90e50f86f1885b6b53c6d,13219,jundiai,SP
30cf24ab088e505768389f0be27ea37f,ad60ba535e4fa2b72c924290d6337913,76100,sao luis de montes belos,GO
3233ac56f87817b5955345af54dbc7ba,392feae61144aae9e719bfa700c095f0,15600,fernandopolis,SP
2a31b406c87cb5527f853c2b0724678d,be5265dd02029471d41aaba10b7f3979,25953,teresopolis,RJ
2a974ce06a6887b9765a5f15f142e33b,eef4e718552ba7cce4c79049aa384f78,13476,americana,SP
7345796de7fb5b3566b3564b2b10f9d9,1c4b42ca9386909cddeb8ae649be0f9e,40296,salvador,BA
207df7ad3a701cc5f0a232000cca51f9,6bd4f06d5599d085d7a367cf49626155,04021,sao paulo,SP
04ac10c2ecdfe490a4bf9339c3c145c3,caefc77a8afe553358eabe1d28061b5f,40301,salvador,BA
1b2e930fc7821a521be8b5dcffa540e0,437377ad0f9e456982709a56a513640f,81830,curitiba,PR
ae084cb1e2a35830d07bbeb2abc2210c,f36aac9c0bc8fb5e9e1f7ab0522d6d27,22793,rio de janeiro,RJ
ff785d347271a777a570f540796d284d,aee5f6629ae32b0042736c75b6e67368,30411,belo horizonte,MG
9206446f02c90ae87b437e8273e6acb1,03325912b7c52b58176a168e21017be2,13334,indaiatuba,SP
c17a0046142969fea0916761156c6806,08eaef84580a006e33852550ae75f4d2,06083,osasco,SP
dceefd13308771abe30e2d60b31d8036,0bd0b4a708763e74a231d629b7b881fb,13042,campinas,SP
a2ca0ba8cb6271f95f286421b60681aa,15bc17a24fe18da7be93a48546fcadab,18270,tatui,SP
638737b0a93bc3480cce7a10b5ef5d7b,204605e46ef3b06c33ec02d395cbdefd,05372,sao paulo,SP
d73ad9b9d4bd1fc0dfdc66db5052d09c,9fd74c4f8857af9900779476b7050114,80050,curitiba,PR
ff68e8842edcab65d1f8de4dfe4236ed,f3a5ef0810576a742eccd0c933c8112e,35196,perpetuo socorro,MG
11cc55966ffc7f3db445018a66231359,ac468091d4656aff5479629d06427b1a,05885,sao paulo,SP
76b10e7807773c14873820db20ae1b56,4febcf117fb1744228c5c3fb7e2a1c76,88330,balneario camboriu,SC
758573835dc9cd119b2395c5cf9d4b76,4a686645041b9b707c2670d4ba1d1128,14955,borborema,SP
d5dfe91af956d7349cbb8ef18653c6de,9cde2485320efdd065a76233a3612623,85890,missal,PR
166d8a3eebbd35ac3c6013d0226d7e6b,8c08102fd27c24adbc8c3a9995fa8d77,88047,florianopolis,SC
b88d262675f908d6b0a3958c6a091e74,e635f73415c2f0f580fa7bdff6298ab2,13611,leme,SP
454b89aa74cc3a41ac6a964e7f6c9e67,b2e8934f422de1d0ac11faa427c9c90a,14800,araraquara,SP
7c1566a8236807fdd72aaa3c44c1d3d4,8a665d83c1dbd3bccfda3a4d79f66171,80620,curitiba,PR
f87712f15c2aa54a6fed9be2010db5e9,202071f9dcb1c67ea10e27a67248a519,14730,monte azul paulista,SP
97a7421fe26352e0209f4800087ee817,5408f0f078022fdd1954e4b13abd0bee,04534,sao paulo,SP
65b8331f36ef1247c8b665fdb5b2308a,d2e20ff389a9279d9dd515f5cf857e76,12604,lorena,SP
9e73b20ba4eb379917978219be55ac56,10932073de3cfc114c1e40ce68bf67a4,55153,belo jardim,PE
94ffefe39393f5189eb81b8a023fdb3d,c94e204556c17e5bbfc959a68a6a8c5d,22795,rio de janeiro,RJ
4232d226aaa704e6fbeba6ab06ca578e,7c2452862c9eedace91eeb02990756fa,38706,patos de minas,MG
9ed06342197fde512695b88ef49400c2,64529bfbbfe1ab1832b1bad404aa249e,35400,ouro preto,MG
0c6402878bcf4a5a361d9008210101d4,94093e4a8945e283282180e6aaae4fc3,32015,contagem,MG
fa52fccf0dfd67b8d1ed46b288088853,074acf213b06cda604400cbbcc02a4eb,35164,ipatinga,MG
6b7c4885e1dd12bd058d809f39e2d660,5ed603e92ce43d47e8f3a5ec4b1746d4,33040,santa luzia,MG
bd7f3abe8cf23c1f80aff58fb4d12861,9955ae9211487719711e63d871502b63,59092,natal,RN
2c7e836fa2d6ac331dc914cad45ceb12,26cdfe10bfc63921b214e74f9a295487,13466,americana,SP
1e68eb446a32f445dceaf306cdad90b4,539d73a0159ee49e8cbe5a5bbd6fe6d7,03179,sao paulo,SP
31f1355f8fb5f71f4a9526d0fbdc69a8,5c77cca292d68963bbd2b5f8aeb8ec0d,07113,guarulhos,SP
1217bf0350d846210fecc72bfa663ce1,b25c74b16e09b4a3390a6db984004c44,13930,serra negra,SP
ab8c266dae1e5c8476510ef4dbe61890,05b3574712df1ac8343c7f3a6ebc6e2a,09310,maua,SP
db4f1408d600f8309bcc822caefba43e,c03dd574c7ba647edd64e7ee79d1dc7d,89805,chapeco,SC
758b633d88b82063db189810084f4ea9,4b3207464f5f7a48a7f63fa0b1251d86,14025,ribeirao preto,SP
f94bd0795b4e39a9250f516c56ee4309,7e706e55aec816de5d9b8b8799f5aefd,37701,pocos de caldas,MG
09e3d93a7fa1a9ee761515837305909c,d57b4e10da28296cfa28892bdf51d8cf,20551,rio de janeiro,RJ
3a367d4ce32b3b029e2bbff5f2fecdd5,85db25d30383ab4e5d5034f6972a8f1d,33820,ribeirao das neves,MG
fd8a1ffe33a6ae6e7f9c21f08df6b62c,a8ed8d0e49d14ec62d0642d6aebadff9,04342,sao paulo,SP
0bfea02831694ac939ae7d1ad14287b6,52d33af1de49df72589cf7e348835ba1,05404,sao paulo,SP
8ac4417f93e1cd022e92837a030182a7,e440787673386c80d6a962882c5eddac,14094,ribeirao preto,SP
4f336a63def235358526a892db1e6271,a4b3cf3225b3e3cb1a61e63091692b4a,84020,ponta grossa,PR
9bd73a761be2687367ee5276e14254de,46fa86cb37d17bf9bcf3dfafe8796f93,38900,bambui,MG
784218b26424ee2726401c5e73df14d3,9c05287bdc440e6109e6174e2879699f,35190,iapu,MG
6b396d9b6befa4b0deb7b570ab0df6cc,ce839bf77a192f7bf02be8b01ee3af1f,21550,rio de janeiro,RJ
bd33c2c896c5ff73c205660af316b420,5faa665d5980f821e7dfe72d577fe35d,03755,sao paulo,SP
889d677f2cb18ab09f29222f50db131f,fb013a426ec7b8ba8545ebe909f0f4bb,13385,nova odessa,SP
7d7f08e05db9522cd32a297786532d45,62967b91729dee7de7cd8e03dfcde0c8,99528,coqueiros do sul,RS
743eb1a642f457af79087cfaa894a63b,c8286434bb87dd80be297fc3e6bdc49b,59056,natal,RN
34a015971bd8681dda63a6ac74d6c825,dc12569409e7f9dcd01e3449cb883571,65922,joao lisboa,MA
76f5c40bbc0e6a67810993ae4904b081,67e22f725c6a78733941d8681d3822ef,31975,belo horizonte,MG
3583e7045ba9171afe0674eb209fb6ee,85730e226e2f3a1608433546133793e1,04105,sao paulo,SP
878d8c63b45f5785836732d642ec2a16,2dde781a67e75871e72fc33cc353fa18,01403,sao paulo,SP
895911c68d1a41f344eb97cbc3194d2c,48d53a8484f7ff361b30707cf0632000,78850,primavera do leste,MT
9c7698f6d1448481356f97b24097ae65,97fcc22215c1b14eed7117f8ce9370cf,03209,sao paulo,SP
5667ce9b9fb068ffcc82902f8ad64c63,355c5fff422190fa2474ace9e1582d5e,98035,cruz alta,RS
bb6f5cb50f73e0680998b7ff38f23977,684d07025247677b1a011a9009d62c63,15960,ariranha,SP
dfb128d07f7da6edf0fbe08f7cc89c4c,0dd0948583d738cc0a0cf8e1d8f44807,04084,sao paulo,SP
d62e2a8953cee3aee784eeeb86287166,7cd7e96006e1351b9b950cadc5c92be7,50721,recife,PE
8ffbe0a28823d2a5ff88a9e4b1b7526c,3ba9c1404a9c6974530ffbeb5848aa53,89032,blumenau,SC
f849baffc31a2b2519ca2f66092fb39a,806a6fb487f516c444a869530b6eaa6e,20551,rio de janeiro,RJ
0165da25e09d5c73a6d3ba6443d202f3,f01ac5999f4a605533a8648ddf717b7f,35054,governador valadares,MG
754ca6f0a4efa94136ab04789648590e,b7474898d0dccad79a77bf2b0d23bbab,04822,sao paulo,SP
faf4094628be1cb2e660fc9bedc2d72c,f937a59ce3711b1cf5bcb7491fadae10,13760,tapiratiba,SP
a93610cb4263f961a306a0b70c41400a,b3a34bbf1a1d11885918ad3ad99083ae,45400,valenca,BA
19470ba9e004b052400bda6485bf0125,681f292e3d44049750cab0ba5d0edbd9,38700,patos de minas,MG
b7e037f53626373faca0516277bff49e,4b0a54ebe2cbaf1c5b1c0183c42f9540,13601,araras,SP
25d440b7b000d8bea79037e4a382d558,f0663046f4fb8ab7073364aa3158ff1c,26255,nova iguacu,RJ
f6776493ae32276dfb0c49984b8cba5b,70d4c8dc887b11ce64d668a2b37c2678,20770,rio de janeiro,RJ
1c9d47c53485b0745f9b85d21a13581d,05419d806a7acd2b01320e4909a933e8,02977,sao paulo,SP
477a484310a6e08c81b441229fa2c0fa,16c5ed163d09d02ba10a18898be7f621,09572,sao caetano do sul,SP
e4df5880b01ba6d4f9cb7b9188bc80e5,fec7e965217d1e410ce557c3717ebafd,65665,sao joao dos patos,MA
4ec69c7b800374eb21ae088ad7d707ff,bb21eb7a7de7d4886dfa152f60505863,04716,sao paulo,SP
af42aa6cd70a1a5faa9b3549ae6aeaeb,060a6620369ce19e52208b3f8ab6e27e,13020,campinas,SP
231db9149e36c4d25ca75472a9ea4335,c3e86b957537fc853921574ffb577691,22763,rio de janeiro,RJ
2db629e8830e736fb8869d8cf28e1935,c8060d3780dc605de76f35961e0bf2da,01536,sao paulo,SP
b2ef679648d3600d19b9eb1ee8c853e7,df1f61c43368a8ed99dc76b43594fc4b,23587,rio de janeiro,RJ
529f243a6ea4d5957aec54e94b49d136,251ba2e0913ff891b1783d27396d8636,08121,sao paulo,SP
1ad07b0c4441e0b5550631b23fc22312,4935a78ccb4610047befc89c31602c36,13087,campinas,SP
bb8c7236666ecd5eeb745a5452ad3f10,3f67cd4269b8c6c43c47fc8595419fe1,08245,sao paulo,SP
0574cae13bbc7aa1bf0ea2f16ebc138f,bccf4ab3959cdc57e57b10e7cf35c5aa,13413,piracicaba,SP
cc220e7ea3acb606f74a9ef371b73dd5,ded30b380b67fae26a797e0fa444fdbe,13506,rio claro,SP
09321f51c8b1b174dac932353c44a386,439b3aa6accc99d94555c181fd457352,36280,carandai,MG
a4a7d48473dcb6c1c5f918fde2542cb3,f5faa1e1b84bf7e9fab33962688d2be8,04894,sao paulo,SP
323df320706fa4a1169889c343831762,10eb42ac58a65967e9448c1f0e6d6679,13690,descalvado,SP
55078458f6622b6a47faf210f19c838d,9bff67cbd491a775eb1e262b778da4e6,02758,sao paulo,SP
94e9ce89950560f017f6f411e9819093,bccba73d6d84666631a4ad5960f9fe9e,04657,sao paulo,SP
86e6e37908c65b70f0216acfe7c737c9,7541ca5fd9891ef6c2f4bdc4d6c645c3,44790,campo formoso,BA
7ee8a4fb1f82a72a8be3b69fccb683b6,e61a2dec56d5ac6c3216edd21b1c92db,38600,paracatu,MG
5d0a1762c0f0dd867d87f1292aa74222,af3b088cc032929684c5b18cefc67327,52091,recife,PE
e1a40f4760020a947e78d81935ffb882,4c0716ffac399a5480ad1b6cc496e804,31130,belo horizonte,MG
932eaecbf57142d67adbc8f4508ae87c,e0ec68a8b0e7ef75d72bc0dc54aba121,57038,maceio,AL
0f7e05d305b397dd18acb5dbc69a39f1,968c2ebf038fd9f685ca4b227416b55c,09750,sao bernardo do campo,SP
ae4dce7235e0aac52e4b82c54f7b18de,f992b70fb02cdfadc277f493997515b7,13660,porto ferreira,SP
7ece2b3ab3eb5f52ad14de91dafb5c65,ea04dc2bad9665ef9b9791c517601f05,20561,rio de janeiro,RJ
eb9e7ff4a097e2ddba2ee69b9983bc32,7783e58bd0d152c3db3e0ee908bfe9d9,05586,sao paulo,SP
a6889c3ee5e603ff3fe0a580721e2a97,7a4591dcf645dd250996956667f6b160,95020,caxias do sul,RS
cb3caf08929ebfa13fdcffec28f3cd6f,9181f2d98576cd50d07143f36fbf3845,53530,abreu e lima,PE
5e2eb678bf7712ade6ed644acfd44f5e,2f0a45d60154020f24cd2d0758e71028,04552,sao paulo,SP
2dd40a5b6b9d31ba875454cee402c2e7,f7920a4a0e17a3dc362e9b073591fd54,05572,sao paulo,SP
7330b2142fc963806f7ac2f27fab4e42,21de770aa4f3a60388b97b416ad38343,88101,sao jose,SC
b550f7f2a8a11e5008ad16654df66999,f11821d908830e74ad782532ebed897a,78400,diamantino,MT
ea3f9a4239a952f61df1055303969be3,669791771aee1eae68166cd813cf8b90,06472,barueri,SP
6fcb5ac7b4954d40331c7e378f0f1c86,36444531764d5aa765254bef0b4ab722,90450,porto alegre,RS
594ceaa56731ed8539ea1b5437d9e311,040e4df45a02c9d398c233227f207f67,71503,brasilia,DF
ed0830b3e26799e8fd0b0c3e32e34ef8,6bf29f2216d49bef85259f3944f69738,76901,ji-parana,RO
9725311a745485cdbc57eb469008bab3,cfbe854c0eacc830d42e2a70595fee02,74917,aparecida de goiania,GO
aba0612f1bda6131d3058084c31511ca,f710a2488480f6d18ef5066c1dfb7803,11081,santos,SP
3ff64bf4067f2b8c240397252473423b,dca82da75297f7cf5596674a229c89c5,88804,criciuma,SC
dc837eded61982cd9978632a52e3bbc6,c314e75b4010c52c80965dea2596378d,88010,florianopolis,SC
fa3e66a76d31a28e713552fbda8af62b,b0635c2bfd67a248940a19b7c05b8e0f,93260,esteio,RS
3c255c641d102c35a65110f8dbc27c98,3d7b664a655e81ab09be4aad1bd186a3,70743,brasilia,DF
aa5304b7b30d0035da0b2538598d8e1f,1542f4959076c8f963e17602962cc837,64022,teresina,PI
6775882273c160e7c61df402719d4ca6,213dc56df4763e3150c5972390f9b2e4,05465,sao paulo,SP
c6e5dc26706e556b6e6cbe4321670954,363e10681301da394e9e505ea41c6e50,30260,belo horizonte,MG
91da5278c565f5d5d22b3724ec4839fd,83d4f03665f228247540e9d373cbc65d,89037,blumenau,SC
e82226492769c23271bcb128343105bc,031886d262097a55a2fafa6e9c5f4b32,07170,guarulhos,SP
1fb9f3e7704d50dd72f6adfd4f6d8ffe,028ae0b8c77250d12323b40f2cbb38c7,35901,itabira,MG
e494ff798e6549f9ba9747f00f5681c2,a2b04fc2ec07fc6fbbdfbf8fd1fe5a30,27345,barra mansa,RJ
b798ed6095f45336ec47d8709b987d43,2a28e0b997ae772398ba763df638fc66,13500,rio claro,SP
39edf0ac747c7864c5883f9172060c31,14692c6ec706221b31a6501968dd808f,82820,curitiba,PR
b875c88c5bd948b4cbb747e90e9c412f,d3857f98166ef23ca95d44cbe9b1828c,74063,goiania,GO
5fd5ff7ffe7e0800c360a4ae702ca230,a31f8297f82282449688e257cd824bb6,22775,rio de janeiro,RJ
8a37841ad3480537ef81cece1aa55083,9a6ac62957a9c8380f53505bc6763972,39400,montes claros,MG
961ccc7ebd066291ebbe0aea52b5efad,b1667d1833c649999401e36e75781208,21840,rio de janeiro,RJ
035702d60604fde0df3e3d975fcc3aa2,7f8112eefdcd5f49770d46f5b140445d,09831,sao bernardo do campo,SP
66f3cdf21a684771cc01fc141d5b0546,32153f0c05ad2bbca95ff1e2596badc8,14080,ribeirao preto,SP
22d36fcccd3acff33874992a456a2d39,8e7940db6d9e0dd9438a8ace2915412f,88309,itajai,SC
32a3c332dcff5e891680b41ffb3be4ca,dcf3e16f8c16a3ad4d4cb222f7cb41c0,36830,espera feliz,MG
d0715495890791e60e858ffc2b414cf9,aec80ef34b077632b58f710c6d9476d3,58415,campina grande,PB
d1131794d82aa36cae0aef34908b9536,2361c29faa7eef8c0f3ad921a2d9657c,80220,curitiba,PR
0f0e4d2d4465dcd0451d474922ca94f4,85e8a3f9f175e576d63c46c1addbdda5,35162,ipatinga,MG
2ba415ea226886658975ce7d79ecad08,1dc45b4cfbce30c703c7875bb8b6af45,08775,mogi das cruzes,SP
07ce73dda1f76ae4d7828e4b8a352431,e6b16f1c51ac79a25ffeb0efe69a6d9a,41338,salvador,BA
4d25fb9f5e7979383338f6c96ef28de0,036d88bb3a8976ea8273f92ddc633bbe,15150,monte aprazivel,SP
b23ab0e59ed0b8ef4cdb901dcbf5fdd1,baafd8de89a5494d996110c24698bb48,02219,sao paulo,SP
ae76c44184338c1561d13d5639fbd726,720223ed3527a73ad741ac38eec7f6ca,38880,tiros,MG
aa5b7785199c225fb6938bf1372d6026,280dffddab1301eeb08ee0be0bd0ca2a,59150,parnamirim,RN
69fdb7db243eb360952366fdc4c4929b,f1e73ad158b38954c23f5668894b3d46,08440,sao paulo,SP
3e7b6a143331d0a923dbe940e123797d,beac12def06ec1525669fded6252a812,39510,espinosa,MG
45cb0fe36535222805dbee60662f9dee,72190b69b96d51e002b07103b1e0c809,45606,itabuna,BA
2a94748098414e6b930b6900a2d27bcf,be08ef2ebaeb41941a53aa75db874099,35488,itaguara,MG
75cc2d098cc1aa9cb7ea863100b5c200,ad025c560160b103fa526e237381ece7,88340,camboriu,SC
c6ad98f73419be6655a1f88f97e8c5d2,e75ed76f494fbab8e9383b40c1a75d6a,79090,campo grande,MS
967cb8f7540c4e9fa2bffaa0f8f1c63b,782dffac0f77aa5b5f950dffcf6e238a,13272,valinhos,SP
b4926372ebaaa9b32844322e6b094162,3a5af37b62b6d963e8813dbac7763416,35900,itabira,MG
68b62859e3953143b9a370d565e81c44,c2073d2ede0e46fdf6f5c971dfe19924,51030,recife,PE
0e665af399629d6d496da8998a5ccbae,34570e2bf8f90266547424791cbe480f,05021,sao paulo,SP
f87e7eafa193599180f8b7006aa01e51,216ab90e27f18940cfac8f9f02fb4239,12246,sao jose dos campos,SP
e3ab519b9f2681e43d1ecc7f1cfa5a81,860c936c4d3e0e0374b5a3fcf814e813,13142,paulinia,SP
446f3fb430933df5a26345961abf84a0,09bc7afc3e8d8dccaffd0b16944a91fe,04040,sao paulo,SP
2dffab2135e36d25087cad94f4e559ab,82629037a1fd4821b8645ceae55845bd,58051,joao pessoa,PB
d727542c0e0a218efe5ac4b614f08833,3a537ad954f862d23c4f6a90066ae37e,32611,betim,MG
92074364e1af80a6ca822ae3141a7d77,0dbb020311cab46ae601709149df24b5,48400,ribeira do pombal,BA
b7dbc8874c0f2dca8ff7b3cbd24c4f00,50d02c9ae56997f6e094f25ed8d4dcf9,95032,caxias do sul,RS
4d950685a82e9808218883d6be7b15d2,2e65ee196632087d6595b3396bb5fddd,08790,mogi das cruzes,SP
961adc029c2b1f8a955922a9eae2af4c,696398823bd7c7a17e6a545145387780,06097,osasco,SP
327c1945b6d3f759f3ff4a9f89f8058d,120790cc6e1dd501c54c03a3b7d8feec,06654,itapevi,SP
bf90c9739e44dd9e3f1af117ba6ab250,0b504e5d0d04238ccbfe246fe621eb33,97110,santa maria,RS
0dd6b4d2aa909dece4da90bc178f1db5,6d812133ad29904d5a6b7e10bc64b960,08220,sao paulo,SP
5abc46c5112594d06d0350a24ec399a2,c8ab29209bd01c10eabf70afda7b4479,08830,mogi das cruzes,SP
35807456295f80cbc6491f27cee2ccb8,12882d8fdcf1d98bf3b3ca375438a339,27110,barra do pirai,RJ
0ea66986b3704c6a5212c9327cb5a27c,6b2d7f91275bd405af986115bcaa5fa9,78068,cuiaba,MT
36be2e21057fd071db7cb0db8c84a103,681bb8df054e4202535bb91b4f1cc612,12248,sao jose dos campos,SP
0040b00970e2139e8c43b647c0da5305,8dfb9fff0eac6a63f34ed7707068e988,12942,atibaia,SP
88489527cc5297af6ef25ae19ed5506b,49df2953f839b0897d219e25afd33772,13405,piracicaba,SP
173dc820ddfe9158a405a66f49c6b016,722bb37576f5e23b122e3859544ace81,65068,sao luis,MA
940f2ce7cb288f723f854cdbf763b43a,3316da424a95053075ff436157c0f931,02804,sao paulo,SP
44dcf012f505f08758861bbe8348c0ab,ddbc18ed86e1049268db81f16116d2fe,88809,criciuma,SC
f2e6426b75732148c1fceb5131c79ac8,8c9f8b4839d69680fb42ed79cb9a45f8,16057,aracatuba,SP
32140932420c55308ddd876d2b6d7c15,edad2400b07f7f0421c2701b545b42eb,96402,bage,RS
2fb6a28105827799ef2dffcb4f4f4e53,d23129eb062ab70fd6cdd1b790273018,44830,piritiba,BA
efba5045b71698a3f669f71d972521d4,95615be38b35679e3a4a2b3d6e33912d,60810,fortaleza,CE
3088d567d9a1e008db4e3be276708b80,7ad4c35f80df773844abb3ff3d6cc298,04608,sao paulo,SP
4823dd520ba3df9205403d2d51e241d0,1ddfab2a9be0a37956850e36614de199,03423,sao paulo,SP
4d4f9c5434e6be54599e84421b48e384,1a328a664417dc7cbff0ed7df49f5a3d,13564,sao carlos,SP
7cb765c85242eea08f1aa4dd273ae02f,2a87b667d8f245547f3dad4341d8b850,39205,tres marias,MG
0e90259e50e8d5619e3267c5f12a8a41,1a14d22cc86107dd05170d20f7feb1e0,85861,foz do iguacu,PR
9465670791e0f1a1ba60680fa2677f3b,b8d76f06a0601ac8fe3fa52e6fe8742a,11462,guaruja,SP
45e81b9e07aa8660f88f592878641ff0,9e7c7e14acda6865a5497caa58dc0748,85770,realeza,PR
7ed1f44bb8badb060d8c66394242ef45,e55696bf27c8cccf559550ad0b288835,79021,campo grande,MS
7ab83c4dcbf17bff5832baf041f71fab,69aab61687fa416ef601af332bd0ff0d,12230,sao jose dos campos,SP
f28dead4549d1753510b2f16df5724c8,1443b4d9d053e73721c7ae1f5afe5f69,25850,paraiba do sul,RJ
a32a92d1ce4dbb02613186c1bb03a16f,771342358e6e01ca26ba76471beef529,90420,porto alegre,RS
cb549c1deca0377593482067838961de,0dbb5af00b870407d4129d36bacb64db,39480,januaria,MG
8ad7eb18994a144bdc93494bf6bcbe36,2331fc58970dd3da84b76949f81960cc,90040,porto alegre,RS
536b315e47f318f8144a85175c2a1769,1a710c13209bf26814086254192fe740,29285,piuma,ES
a47703d55341244bf9e82521834ad64a,482b83576bf1699dd0a448805e211146,76265,santa fe de goias,GO
0a7ddabd98798908cf291b4186d1fc1a,42618546545527e0b228375f0a0b2941,25963,teresopolis,RJ
412974e7c238ff98dc3775a84b88429c,5da065e6ebf3b883ab8da676c8c79b9b,72241,brasilia,DF
6809549888389f4ff97cab54a5d25065,9a9c99d9935776de5535985e829bace5,09820,sao bernardo do campo,SP
9c2203adbf4d1a125282d868ee0df322,4664f627d5c347246564d2df85a394d3,01509,sao paulo,SP
a3e063a0fa6c25bbb150f73f9ac2ff91,a77f14b2f8865a4e64ec60d9f116b55b,14180,pontal,SP
c636e0bd30b9ba3bab0e3069bbeae770,8c79713676e402d5fda2e117bc8247c8,14900,itapolis,SP
3b7a43c4128db23da1f07118d415ea5a,2ed6a3eda58c447a3d03d84baee994f7,62903,flores,CE
a1e3207213fb4e743661d253b7bf5b7f,3b8e35acc6e08d9146f097dc1efbf471,88351,brusque,SC
1150ff8f8df8c315396b11358d33666f,9041d30bcbca9f9dbe5bd24cbb2c7420,41180,salvador,BA
dbe4e04008988a0694a108eb7ee2e57c,50a5c821aebc6248b4529d9067de2e52,02050,sao paulo,SP
d75e4f8cce76867c2c1c1e9b6961894e,1b46cbd3b96de421b80ebf96c56093b4,06784,taboao da serra,SP
64d1731909bc780f4dd163b9c94b7372,a30df00a22c69239b63f02b32fd233c7,01333,sao paulo,SP
c900738d9a4481241c132177fdb51380,bc624479a8f8e44679d596fb37084fff,05881,sao paulo,SP
d1aae36e328d1f069a025fcc997aaf69,11db7316e450c8fb9babbd97ff229cf0,74160,goiania,GO
7fe022a904d647429c6e08a8f34c9b22,931a4a1a3e2cf8b4b4d33922f1469dbe,12243,sao jose dos campos,SP
f19dd3335ad4682efcefd703e6cdcbce,ab0b48ece456e2d74da82cdbc8367959,93010,sao leopoldo,RS
28d68be5ae44019ecb72679a1402840c,4f7bb3934f31ef1756b319e9a4c51207,08331,sao paulo,SP
7774aed347f74a1c12aaf3c628cef273,4c7d1c2a797c67682dd1fa54486498a2,88015,florianopolis,SC
6f392cfb40b84e0857b16c23c773aa31,5399c9213ca365a480537a1b21423d2c,28160,santo eduardo,RJ
a7754bb175bf5375594d0c18deae3e7b,2caf50a5b8ef9fb80ef39e54fb8c9f68,20241,rio de janeiro,RJ
bd7cb78e215c62dd6de90af929ce719b,5c6869e88d93c5c95f03f7553701861e,15600,fernandopolis,SP
e0928cc529468dafa064634aa8de9756,ae9a78d6e57098b9f5a5053f72d20c91,04213,sao paulo,SP
3615bada99d458b1fb522c5436065843,b98eecd39d6fda501e8f169721085a26,22020,rio de janeiro,RJ
fb7681ad22514aecc8cc75fd507b63da,798c34ffa9047399853eab8ca7c0b9a0,37200,lavras,MG
88e6097804f37b62bd32ab8705bd6959,118e3b2dff5a302828822e8f8cca5aea,05446,sao paulo,SP
d5d8b3a49845e7291be73ad610ee09e4,35a412904ddbb1be0734bfe8dc2c6796,25990,teresopolis,RJ
42528556eaad6bbc96bb8eff982ae387,bf56e7a0d1d125f0ebf7218b759752ac,68780,vigia,PA
ea330b398b2ea97bf0ce6b3d36fa0698,4aeadd2fbdab9bd2b850353470b50bfd,22790,rio de janeiro,RJ
00f3b3a7cd0b6566435090c7fbda03a2,c2b845a86c16b519c0c1d9598576f276,37940,alpinopolis,MG
8e6af5909487bcdc2610d60e5eac1f81,c87450b6cbce9c13ae3cfd200fad71a7,20210,rio de janeiro,RJ
6a2d6e58eeba8f38a5119e50e82878df,ea330a58e40735d6e4dd731349d0f4d7,37640,extrema,MG
dadf64b251403ae6f5a9edd7b6fe76d3,36c376ed4b37b55c76d73b4f75086c6d,14020,ribeirao preto,SP
bfc72b25d90e16298aa5735c248d08f8,bcba7868e02e9ae817e38bd543bf503d,18690,itatinga,SP
f8bd07c127a4ae4a6674d9af09b1934e,9f4017b249266e585fed4d44c4c1e600,17210,jau,SP
d4dd8c03527a45f25fffb55a071fdf21,6ba26b2510af11f4a83281318b9cdff1,14400,franca,SP
ceb8245f2da49e83dbb3476ba25faf6e,8367b3947cb0aa76142bc24d69a0cd69,26010,nova iguacu,RJ
35e9e8b0b64b79c90b6047dbe5ea2728,233aea00278924d5e47ec03b2bcd5ca6,25780,sao jose do vale do rio preto,RJ
cdc52f69c17d2edb73646f3834bf5488,4ae7d01b0aa2f9fad107ecbfb6943225,56330,petrolina,PE
7c26a3de94d7bc7a532974bf3de191a1,7a8e1b0645e380061ad930228297b7cd,13370,rafard,SP
a3cdec9b9b26126bc064274977f61cfc,736b4f90c78e2647e201962c51a48134,03104,sao paulo,SP
82f7c186aba09154512a00de43c9502b,b2f19722e5bad6a47b7a4b2967e8f683,68909,macapa,AP
b615633a738a73059b49ddadac8cf1e6,2940005a8d20389b300b668a879250e8,69087,manaus,AM
b7c31c82d8f6bedc8da47d41ba963167,2ae1c58b259e5dc3f215ebc889d38701,13825,holambra,SP
5e2ad1cfbbd5ff1eb07d7612befef8d2,8aafd6bda51eeab15df1bb50be299db1,17700,osvaldo cruz,SP
08b0db04ac8d73532750572156241d88,0fc4512b047ebec6da8414a427494244,36050,juiz de fora,MG
a1d3d78e83da30d70783ff40f8c9067e,5f0358c04b9617e30c47c374c476fef1,14091,ribeirao preto,SP
576bc9e57e0e6b4470c28334f5ba123c,4da565e71f1f8e3afb57d4757f257c72,38183,araxa,MG
bfbe1fd99d9d53a58d06966a0f4eb5de,24d2610d6b2605ba1fa5659b57f48205,13280,vinhedo,SP
744712b9c80935dedc6c1995e32bfdd9,323f8f14acb90e50f86f1885b6b53c6d,13219,jundiai,SP
593a817730f547335a1288508b49b35b,b0ee012d73e45b623c092e8d3e2c3da8,05093,sao paulo,SP
5c8484a2f90eef08c69c1295b3d33049,c01564f6ced87418ab8821304f4f0cfe,65415,coroata,MA
63e6159a468d15ffee3037bacc550c29,d13a4ab46ea23d33230f51b87e8ff9e3,22790,rio de janeiro,RJ
a5895176fa92a5df2669d7575bdd1292,e973edd68791bae7747c986eb898cd00,81210,curitiba,PR
68d67a1f9155f67a999de845a292ce20,ea5bca346ed8b948d6ac23fd0bbbdaaf,14808,araraquara,SP
9e4424cc993d9e0c8042f150f89a0a9a,745cbae3ad0a811ab5cbf89c0ecdb280,03462,sao paulo,SP
84670f973f394ff5609861af7d0157ae,c133266c3fa2b7e61977e256dec074a0,82120,curitiba,PR
759395ee0edd9984b572964443e98a81,d989a7fea8031d257298863deca7729d,14500,ituverava,SP
19792d55f9db2e2fb3864dc90966eb86,9cf60f4109040cf85537b7e9d4f91af9,36045,juiz de fora,MG
eeedbeccc3682aedf564836354dcba74,68caa6484f6f485da6d53dacc2b4e102,06665,itapevi,SP
51cfe38e55dc309dc27164c60fe75107,6d133afc66c51d5af4326fe767296f61,90010,porto alegre,RS
f7f197973339da4aa7ca6b82dec7905b,4c074bb1435cc724b6937a95b88c9841,40140,salvador,BA
d02fa4b924573610e9a421cf8658cdcb,6e65cae85aef8105ffd672e471346d21,48110,catu,BA
54145958306ea638f01b8f3817d2d434,814731ee4842ca7c10b5cb589ebd24fa,04080,sao paulo,SP
bc4426e195e7702bf83343db924fdffa,d08ab974e10f76911019491179ac636e,14887,jaboticabal,SP
3bbc87d35ec2db3f1ac09c6c55ce4d15,4664e264c981c09c0480426419f57c8b,77021,palmas,TO
c0451262dd7eda80d7fdc0277e3a6326,1b94082edaec2e4ae13bbf3510969004,24456,sao goncalo,RJ
fc30386d1f0ca6d7f48845275ac0cd23,6222ef69df52b4ed71be551725551cc0,82600,curitiba,PR
09e2f116cdbdd143542837276b1e91ea,3a690d57ffe6162386eade1f0ee685d9,03925,sao paulo,SP
eea014c782415250bdc329e49382557d,923bd12318b8360bc40a6e4887f43fce,89865,nova erechim,SC
58304aef21701bf4312b0e0c34a03906,be1d0995c5d2e3db5a79087d9590eda9,13177,sumare,SP
d734ea4ad80213d54fc4325c5094c955,45cfbd91fee8a108c0a0f905dd6bc5a7,79095,campo grande,MS
1df603a36119050f00614b6f35a2461f,dd162f2be22e534992b3f874cc57eda0,11451,guaruja,SP
8100182ef5153393aaa0b0ee5e7c0fb7,065f8d269e0518c6a8cf04149063a2e9,03506,sao paulo,SP
ac062697fc30d35bd5bd10d4e71095e8,61b4260aa3892f7f714ba862cd42fd0e,17205,jau,SP
8452bb25abb611f34c607c66537d209c,b8002a7a105ea13b689df46fa9d5d9ad,39378,patis,MG
b3089a062b28ec2e5acb0e545c078ed5,af1af7ad74eff1faa28eb972ec695e23,05685,sao paulo,SP
9ed458b6c128228cc98433539b2027b2,15132b853d5eea515cf6aa26b46e5ad9,81110,curitiba,PR
7175760685e41c5a8c27adfeef1f55e2,42b8f94c2493b091c315ba386440b734,81150,curitiba,PR
4209c2248f1d9e2a244d179a52053ffa,91b721d32e8d30023ad17bddb6f6eee7,79083,campo grande,MS
623edf812b63d58f3d26804f200f4aab,c8e559a002528dcae0cdf29dab6f1e3e,22713,rio de janeiro,RJ
a76120dbad561450be157056582f5163,6f1d94e7bf3b50398380fa2a21081830,18055,sorocaba,SP
3bb3946913ea760c53bc4298f9ecf5bd,08c64a66736d94ea0a55c397c9da85fc,31365,belo horizonte,MG
3183ae586c7ad93a3d009b21237b2996,8df826a31ee646f6fe5c45c796777bef,30690,belo horizonte,MG
db256fd07ff78521a748e1b8f516cc9e,69ff0dc79e2d41cd986e6b794964d70c,27130,barra do pirai,RJ
35a5f209fb977870cf57ca5564033679,065dcef61d5f66b30d2ee51b5343d023,03254,sao paulo,SP
9026aa2a4b854ef18f281eee09434801,7ce437bd982d7e69bae09a055b564893,11390,sao vicente,SP
6e2ea2d31a295948feadd5a4fb03eb26,de2d91ca627f61447b0d3670c0019bba,04052,sao paulo,SP
212a3604c770c9b1fdf5523e2b702dbb,d8ca95d946a44bf4af460bc5eea8c00f,05386,sao paulo,SP
6638d6c704daf2772787e6c5fdac4a3b,fbd11c96273ccf29c8e3078c5308f837,78556,sinop,MT
41db6f41c726aa7d57947b56d060907d,3b3a5dc253a830203a620b47b309a25e,13024,campinas,SP
e8475ac6fc6c019a6bd0f861a852d153,7990e67a56061b69a0044631500f4cba,39547,montezuma,MG
ef6df80448de23799ff246c3c898c8eb,92ebc42647a2339f0ba0c33f84d9bdba,11432,guaruja,SP
368c60fb3449c4dfe62b3b23358f8966,efb60ee8379abfd0fbe7526fcfb8275c,64915,redencao do gurgueia,PI
b64d179608bdee7945afe4f46f62c2e1,1fe94445d73fea2425589dea8942c3d1,08270,sao paulo,SP
cc5fdeabec9462ccb11a9514b7132450,2fed36ca51df437a31b0b01403e0482a,65056,sao luis,MA
54c196a036b31e7af51aa30178be083e,89e28a7f526e236bfdd3a48fb35998f7,04113,sao paulo,SP
80600605c908c076d9e4073f2cb9430a,0a2acc24796a8a33d615a44dcd2a5fdb,96610,encruzilhada do sul,RS
22dadc8b01014f9b0d7fe7bfc7a72be6,01626676a41ff29901f7b42bc8e09dd8,41630,salvador,BA
e27262035bf937a0f1e1d333dc678b48,b2db987eb3dcd354d93efe2cbb1c10f9,78625,novo sao joaquim,MT
010ff86be8e9b1a1ae1868dc64b05f21,f9a7da36a22b5ede9d2e39b5fc0458e5,59015,natal,RN
279a09411f28ae559c302075deafbae5,2faf78e5bfb2808753f951e111b1ba2e,65066,sao luis,MA
86f88f01dcc9599c9734faa1cb606a94,fbab790836a80473425e37664c81d984,18407,itapeva,SP
49162725edf59a77fb0d29f4f2e1af83,ba251814e60bbb77ba39fd4e8f084a1a,06030,osasco,SP
19f3c83341ec348811baabc1cb10aa6c,d3616f69d07e63763ec633baf604ee50,87201,cianorte,PR
7ea5e0cf1199c4e783c8989bd28f9561,fc298be014ce873fbaeca6a82d01635a,98540,miraguai,RS
3bbbf089a6d913378b28cc1849c98b7e,f74eaed533215c3f83c9a134eeeda378,64028,teresina,PI
60fe1393f116cdef02aa0dddaef478c1,ef31dc303645bce3b18a77bd835e6273,12260,paraibuna,SP
ef9e714771b71928467a30d3492973db,d48d38cf62245af9640114e393a1a50a,12450,santo antonio do pinhal,SP
75e945badd2a39af63ee8c8b05af8fb3,34cd0f2f38a66796cfbc8a33ece7448c,01226,sao paulo,SP
17eb76b7c89a006386dc854560588172,8bf7d6de7473a9ebab56426d67e7811f,24943,marica,RJ
2407f7da08e4ac6c1e2fbd698bba4d9c,c9f15f93bd14420ed8b91babf73da211,86220,assai,PR
8b318ddc93f0076d90f07847ddf47567,fb933c9426bedb13e71038fa146fe6f2,88420,agrolandia,SC
0f866e064924e6caf059c4d0bf0335e8,2c52be45856bc61f6c0fb93eda79d5fd,28896,rio das ostras,RJ
55af6da5af6bf6dde05f23dec9502c33,35c93e4d836fd147e577b1725f19f0a6,91170,porto alegre,RS
b867c3da44a39181b0c4a1ef9c644673,a4740e809e3d5ef5731e07bad80990f7,11040,santos,SP
223811908c4b45b0238ea546789c3c4b,fa3fda87f7149d65fb083ae77a611085,08780,mogi das cruzes,SP
482de42da07b82da35bb97fe0c99bd09,f40ecb069c4acc54019e3912a48c21e5,42807,camacari,BA
138e0ddb0ba1dffb0f7190b2399c4a3a,4d21ab2ad42af6539bf60f7d05cc6e92,05017,sao paulo,SP
6c990de7a53efea103cdc236119b5c1d,e8778333232db29aca33e0c882156665,79045,campo grande,MS
aa49e266efa5eb9965b01ecd940833c3,d2b0d2083933eff2f5c365b7f44cfb14,44790,campo formoso,BA
a7b38ad4f96bb76aa8900033476aae3f,f6c8301b8d68ec4e16a72196ac6d75a4,88817,criciuma,SC
7c2bc48ba5bee6418d508edf9d76953e,f1312d8f693bd671ddd63cfc4909acc6,13329,salto,SP
d74b39df7717e34ebe07e263211bfe52,c823614af4977d762bb41c573d869535,02883,sao paulo,SP
389dfb5774ff4738514d05e7165f172e,834fb6fbf803ce3a26e00ddae5324764,01155,sao paulo,SP
8cb4d4ae78fe9aa67a08a4d8c322c201,86d9e56cfb6bb093863537fddea0efb4,78635,agua boa,MT
1c960186a40f56265429edb6f3f60407,7e0d88162273d619f566200f1164e0e9,97546,alegrete,RS
9ba9c35fa0972a58c9397672fd9e0111,5b3186d7cf904f2f9369aec26faba4d2,39401,montes claros,MG
4e59370bc614afb54393c2f03dda271d,5aeb954efaab26e8df9dc937c322cbbd,12230,sao jose dos campos,SP
55a736fdef3f978c92f0477297b92973,7ddb0d297fb4a3562e2206d219be4445,90620,porto alegre,RS
10be035a9bd22d830de5c1ebf53e1877,3a68b7cd870be17efad7bf925fc1ea79,04508,sao paulo,SP
e5473b64d1c3e774872b61231bbab4cc,91def939002d33dcbf6a038b5c879f7b,78530,peixoto de azevedo,MT
01a7b4df1b55e01c05863134a5e587be,ebb8eccdc37e9f5778467582ad9a78c9,04523,sao paulo,SP
32a0f9a935752b492144cefe01ec5da3,20e8875098c071097b14f2d8dfdcc15b,24240,niteroi,RJ
08fbfcc1b6c48f73ddca8312c78f6f53,4d30f9e0514e084c4ad6368a3afeeceb,35170,coronel fabriciano,MG
bcedc39b5161851e34292ddb63cee414,63dfbd8f45b63fcf5c5aa1f023209592,09090,santo andre,SP
b22ca452dbb41139048975084d8a8f1e,1e13be066b12fd9fd852bbbfb790dfae,88132,palhoca,SC
2fad1e5ed0a50e12c9c6e22e5548e1e7,9eb79c299d98b2ec04e2734edac73666,04325,sao paulo,SP
82e248420607446b60603429e51ff8c2,3df4912077693dc7933267da9542825c,89165,rio do sul,SC
b498c982e3f7163502774d5d250b59d7,f6fb801d4acdbd2a0de39961877dacba,12947,atibaia,SP
5d582f1e23008801810225562c7cc50c,939caa92993d9e0c743a19ef572d0da9,38408,uberlandia,MG
3fe7a525d5a0a4f3ab4f5d548267d7fc,7264213565b94c69cb19e296ffe83d4b,97511,uruguaiana,RS
7c4b99c0b7dc418cdd03b6b5977f8a1c,8b32e709ecfd2091fb82496f477b3480,22420,rio de janeiro,RJ
e32ded4c09ef9207932b87ad9db49e5c,d7c6335139cb055ed0ce1125ddc788d8,04270,sao paulo,SP
097384aa3c0d8e6b6646c11a53418cdb,e19b1b527d63a12e9be959cd085a5f13,13295,itupeva,SP
c179c63e0432790a7ed37decfde65dc9,9b74eb2e52bbbb88985c2fb43e02beae,89136,rodeio,SC
a1639709d81006ce206d27501840889d,8505734f21396405b5477c75a45734fe,08615,suzano,SP
8ed1eac4a6e3270d12bc685cd1c5267b,42dd498d625fc72826dbf3463fea4d93,13572,sao carlos,SP
af74a1a52803a27d264a94205c651446,5926b04bda3a482730b443f283a9ed24,96211,rio grande,RS
dd2b0396d98a4435d214a2cb44d60663,8c11cf5f6401ded9f456995a689dab5e,21032,rio de janeiro,RJ
7ae85381c48ff61620b51be6c33eded9,b860cf8691d09c106b5c6dae76361e96,17213,jau,SP
7dfac2f8b35d57481de621c401fa4733,46b6a239a832256313fe411679bf0473,06528,santana de parnaiba,SP
9c85b029b22c928f95accc8c6d8b5343,cdb5b114fc4f0bbe77349f73ba0d497e,37225,carmo da cachoeira,MG
223b6f9fabe9237128ff072d99701307,7fae115999743402d055e4e73f1998e4,04565,sao paulo,SP
95e838701bbc7791a50ccf58140ebada,fe810d4870b11964c5d0ae1817aaa97b,24350,niteroi,RJ
54cca8020b69fbb204ac117154b079b7,6b5c621e7785587af556b3750d9e075f,03572,sao paulo,SP
081a2d41949e652a50988fd39febb4a8,d462d9e30ff3df8b64ade2aac3cafc7a,04963,sao paulo,SP
0eff840a67ceab65fe61ccffdb12e3f3,8523dbf8d5d81b9b1e723c2a7631a9a4,13843,mogi-guacu,SP
ed672ba37544385256cd475cb61a468f,06f118042228904ad8c1f2271e80a3e9,97700,santiago,RS
e9b52538b701f2947aa6fc2f788ab9bc,4edecdc20ba574d202b84ae59e078423,14408,franca,SP
2b7fb0fbf3c88895ab581f348ebd8534,eeb659922c842d2dac682c1971b30a20,22710,rio de janeiro,RJ
9b29afbe5be6f07ceca7ecd44ae83a4f,b8bdfc9a2e1db42608cef6cd5002e32b,55805,tracunhaem,PE
8e1dcb9fdd757d18e53f82a75249abea,e6d0123acf6f32436162b84e9239f6ce,22451,rio de janeiro,RJ
ec512aec44574fceef73903803b3b382,13c8cbdeb5bbee831faae66bcd11f9ae,85540,mangueirinha,PR
c11f2358b2ff06ac8283b334b97b4f40,f34dba306b9b0952ae463d995f11d785,35570,formiga,MG
6edb12d444d40648c4f9fbdf4ab42cd7,81bbbd1679e9785333667752239e2b8b,24942,marica,RJ
a1834c0ebc51d0c1f1165d4647daffa1,410ff93a8f2fb60433114a20ed7fcb89,21221,rio de janeiro,RJ
e44da066db72fa43e6bc6322590784db,fe3a33b7358670c417e6fcc2718b6109,23810,itaguai,RJ
82ee6cc00eb5d6c88305f81e38123a22,0b9af26a5052b75fecb899c87503924a,04349,sao paulo,SP
628c270864d9dfcec3756dcd5632bf3a,cc229eaf28082c73200707e40b029888,52191,recife,PE
2b70ac59f738e900a7d1b8b6c29fd0eb,8104ecb982dd3732001f64eb7406563c,05435,sao paulo,SP
33add7528833f57795e0549ea17dd0b3,198dc221b76657718f8c38d49daa83c9,14040,ribeirao preto,SP
7e25c3cc2fb867d3fef223c50fddc713,9bf986817c20eaeccf70a4cabfc7994a,18745,coronel macedo,SP
7efa4ffd3323a20dde6d1b3fd22c1152,5e48d718af7ce9cfb2ca5a9b2ca2b8dd,98960,santo cristo,RS
a340a31c375e325235ebea62465f3f24,09fcc57e55d6ad4410ba53c762304320,24451,sao goncalo,RJ
8b9ed70ea2b09f596499dcd77b577ce8,8ac6335b52338b08e4f607ad01c0ca75,22743,rio de janeiro,RJ
f89e4237764a0efd10acddd6f0bd18cf,1b0dc0357a39353be33366b9488ebafe,18055,sorocaba,SP
36a9fe16e0dccf8efd8b98fc7002378d,980180a4942148ac612e397ca716cad0,31920,belo horizonte,MG
7abf142cfed13b532d7f881a9e76e133,933840334378c6ddf7b13c45379dceab,13478,americana,SP
a852a1fd87371f874c3f2c1361dedf1a,b21368cd6c353d45e66f61c1ce391841,12210,sao jose dos campos,SP
ae2d20677bad5f0d74cc44d1c1d6d878,6262a6b488bcda7fe06023b98f1355ca,41231,salvador,BA
0a41d003cc1f61f988e15625679c1d67,572632349b72abc4677277f1faaa9af7,88330,balneario camboriu,SC
f55791b5a2b3a4f027ad2523dbdf7b2f,6ad3401228c2864c4158ce9dab5169f3,85770,realeza,PR
b479b095943ff69c66d51e278b3378a8,740da3d856993ea1b31cdf06223f9645,75840,santa rita do araguaia,GO
394b045eaa57c5395a95bb541807222c,72d2afa4f030e3c9cf45a0d6ede1b21b,04880,sao paulo,SP
3e85b5da17c2db572111e477730e5179,6e90b8bc3398f3bec616203e99bb969a,13177,sumare,SP
60dd5ea5f8bfa751e88c6ba644c486d7,06f660202926f97c1f4fda2b62b64d10,77500,porto nacional,TO
df9e5a16c6e9ff85d78ca7ecc93af46b,d4017905e4548317a2065065c8cdfad0,01307,sao paulo,SP
76a5a351fffbceba0b0767a5bba5cc6d,f74f1d6a350eee4e9dc08bfcfc7fe590,35557,carmo do cajuru,MG
f765ec8cbb703a2467541a10355863ce,fbbc90758764567a8630c142c3b84402,36400,conselheiro lafaiete,MG
617e79a8f584d33d7cd446ac3d1519a2,581718884f188057afa54a3da0349dd6,18160,salto de pirapora,SP
b97d64297d152f677ab011594346f786,9ab7e264a4fe8551657555d5bbdc6258,08285,sao paulo,SP
eab8d39b5241abcb22eebeca69547491,585eb4f23058fdf743cacc442469e263,04081,sao paulo,SP
f75cda7d644f2586d2f3f5e83c00415f,3a131e6c88849b1d0b28020c3809ea29,80410,curitiba,PR
359154f73b6e8ebb538109ed96becdd1,cd0e1d42225b7f4cf78a382e4f57e704,04719,sao paulo,SP
696519087c698748e61374ff4f3f2624,b02bd9f01b3253917bc4d51b022f1cad,38400,uberlandia,MG
ebc2505d558c0819880f9d3da77b94ef,0444928793cc48f75878dbb46107da14,03259,sao paulo,SP
4179f0f32ddf0566ae204816c4b1cb3b,01b53609a2d3710857e22775bbf8ec0f,21710,rio de janeiro,RJ
18fa70cafde8f76c4d24f23f5002e00a,7020078859b9015b76e7469322c2c415,02464,sao paulo,SP
01a0d45a369a4356ac4652584652109a,611110d26326c28456ebe437516be00e,14806,araraquara,SP
905e293bc89899eb20502ddf4c1ab279,28c870d973fef4cc44351a68ccdd1d0b,57052,maceio,AL
0b68c93058ee253e88751545308f2797,7ea594c84734eab39f86b4cdc75dc6d1,13184,hortolandia,SP
e18e455d09f8bdb9e3754303e9b37b85,8567dd017ba3de541173ea9c6cc0e94d,22411,rio de janeiro,RJ
ac9333a0622593a2af3c26cbec36576c,78b47e917e6732e91b9fd5e23205b830,18145,sao roque,SP
93168e8e25b26fa8eef878cc62adb380,12b3c35f9498deca802f387aa8cf735d,04895,sao paulo,SP
386e96046ce0e77e5c9a9a4e818da93c,1175e95fb47ddff9de6b2b06188f7e0d,81560,curitiba,PR
15de606e20783da1172ce080e95389fd,430cc1365df7acdf3e62dab6febce102,13306,itu,SP
d7c5773821f77c5341e5f00dbfff4115,4e8caaf8af5022237fc1925279afbf94,20730,rio de janeiro,RJ
0e8be41ec287f1d9753fa200dd8741c4,da2edba0f99595361e7dfd281b1d8b11,56308,petrolina,PE
0362a48ef2ac84609a1495df670a0f88,03a4afe75c961114945607707b9f3b88,09182,santo andre,SP
f5003c157ffa6c1e541146ddcdade179,46fd21f8a3b4a07a38cee494c93b13f6,20921,rio de janeiro,RJ
cb93a9fab20aef775dac6e14672ce6df,cb01dec8c9d61f6463b9821f1c1aca05,96815,santa cruz do sul,RS
90e3a45b81c14374795f25a8fea67c8e,f2981021fc462c200e6345130c216f1b,66812,belem,PA
7f938220d2d18d58491d9377786c3a64,5013f16eda3d3e1d2388f4464edea370,05564,sao paulo,SP
d7b315396f3a4dc9dc604579cf8307bc,1b237a42e6228733b8cbc9c862a292f8,26087,nova iguacu,RJ
756a7cbb629f4113996b5c33b8b73736,3c14b7ac3a3898d1d8f9e61a72014d4b,74922,aparecida de goiania,GO
a80e0e8ad3f8721eadbb57333aad5957,3898798771d9dadc45f486cd3b558494,22783,rio de janeiro,RJ
090c54303fddc5393a9386f0ce454d62,87e23f836bf7853cf7056d6b33ce09f4,13219,jundiai,SP
5608d7955091f9b8660dd79e3e418b84,829c0bd85f9bee538a8ac036ec8b19ba,78010,cuiaba,MT
f9c96252874067d98cead6b1f3859c02,2ca8ef8560c5cd0f9ddb65d1b1b51380,51030,recife,PE
1c3d7a65ccd05610b467567d6879a2f2,4b599442ff4a54a2bd46ec60a441afd5,74140,goiania,GO
cae42b13efa7b8b3ef6757d1c2aa2d06,a996968a17a2817d8adc4209d42ee72d,82800,curitiba,PR
e74832e906e0ab3d12d7d52385ea2cf5,ea2fdb081a59dbe22b0838af95228e65,02209,sao paulo,SP
6ea6599690fba2aad65f1ac0433a3af2,b2a8277624dd3a5048145024016f980f,03343,sao paulo,SP
03b753419e88796de2c7127ff13dce58,f6fe57d378dab85208a1fdd0172548e0,23020,rio de janeiro,RJ
c5c064df6a4c428df004ad4759092dcb,20b074769721090b564c189bbd5e8efa,01012,sao paulo,SP
60f01437dc8c6ed3be94b2062394ccdd,425d15aff689ecff86fc322b288a5c23,15035,sao jose do rio preto,SP
8dd74bc7874323d7948b25debd8488c4,c4f95f0256ba9b1a8956eaadc04e1d77,09860,sao bernardo do campo,SP
04cf986f0c5486033b0790fbcb6452ed,5a113bd934e8b75919fbddeef0f9282d,37275,cristais,MG
0a69b1982841326bf633a5073f8f4c00,0304e4d219a41f8976eecf4c06cd87a7,12091,taubate,SP
9eca35b9c65ffe431d1159d7dc618355,5540a5059478be29d0280d0c8c01345c,20775,rio de janeiro,RJ
a39f84a6a9e158a8f74014d8ebe1bcea,da092f20061b44340f4f94b8ea4561e5,27521,resende,RJ
bb69f8f77059a3d1c6bb2242b10b4f56,2b59751a554698e90b9d4774588eebf4,13616,leme,SP
3ac536aa3b70068437132144e3a1e1ea,8e12d069731871e72733b1b77c5931bd,15385,ilha solteira,SP
5156283c24fef4abea13a6a6f4469a98,28989ef45087c96e5a4346e88216c2ba,69912,rio branco,AC
72a4878a79935a45e5acec3b541af15a,7a44821edf14b2b2ef3ffb2c6e837e5b,68902,macapa,AP
759493fb6369860c506ab5adf25eb6c1,7ef422c83c171ec4a12abee4354d77ae,04473,sao paulo,SP
8caeb53ff1ed9da844ec4e1f6bab7dd8,a6d9bf9bd00ca98f44894adab0578a6f,70422,brasilia,DF
e15fc5eebbb46681049d28f79fde5419,7fb211f99a01b4971fd1e07e3a256458,66063,belem,PA
df30c4f02bbf3022352c33d573a32879,da80b18e3d7c0671d30c9f36bfa64010,36190,merces,MG
c5ad72b2f05ae78bf8e25ff9865d6e2f,d10f3e7c372e6f22315cabf55de3bef3,04403,sao paulo,SP
3257a8d4cbb3343dcf40eac13ba329cb,04ed62dc4fa17047b2d70df383dc1f4d,25040,duque de caxias,RJ
cc90501463fbb7bfd6a2e2687fefeb6a,2fa6a78122d16adf2efec6789a63a0ea,35900,itabira,MG
c615ff17e5f5d7b06a416472526e785f,11f8725a59be3885e0df9cb80861d471,05006,sao paulo,SP
bdada23b09891540da8555ab278a5fa5,c28303a34749f370337038914e7453e5,09380,maua,SP
602b4e6be5cb77a7b9eb85ee3aaf4f85,b2c913a0723c7737e11067861e061913,25680,petropolis,RJ
1981af410fe5233cb4eb0e6708a3765b,79c0a52e339ba9cd9c1ca39fdccef025,65110,sao jose de ribamar,MA
891c884c518780ccdbf2d18cb8adb362,4222f488432f87a3cf7a836582378acc,04357,sao paulo,SP
8b7aab2116006a1fc6840cbb745b5d56,f3032447144c63a7957b230edcf7a7ab,03001,sao paulo,SP
cf708bad4ed7ea3afd2d58d189fe2c6b,0214a2864bcff8020dbe8c40a2e9d26a,39280,buritizeiro,MG
219f488f72dad40f893a855ceb6afdc5,016e68615e12298a0a004a44d3b78579,59547,pedra preta,RN
a2ea4194defe74e061e09d5edae0f67f,fb94a0ec084fa8e33ec943992e3c6929,37553,pouso alegre,MG
57de18af3ee9319c436bc09bfb515b5d,6879d467c6969cf149a17b5813535837,05018,sao paulo,SP
4b363e6fce789d1f4e9b86c41fb88c5b,941c336ba35bc4cbd3c5bda62cfaa767,46550,rio do pires,BA
f24cfdb0cd7dad2f826e856d9c64751c,34f681f8be125d85ca6359872c61f6d2,95320,nova prata,RS
0d1c2dc5009dfaf9722bc97439e6d82b,e819069612699e215127ae14289c413c,55636,cha grande,PE
15943304541965ce9e0c9ec3a9891818,db8042d926c1738f9de893fb990de370,85610,renascenca,PR
58d3cf805da31cedec8f0414010cdbd8,aed3e03b42ce7b4958431e118267fb95,20550,rio de janeiro,RJ
5f46e687a5c82cb1eda593739430f16a,fc4962d253f14e566f147fe9ab026575,47520,ibotirama,BA
2b7ad3fc92af63027a7748b084f9b439,d2787622df9fd933c164f7cf696a4e2a,77405,gurupi,TO
520a639ebde74dba27ff8cd45874d67a,7e60ac4d629df56195186e2bfdef5dcf,35460,brumadinho,MG
47e2de6eab3618c1d08f51f6d3af4826,d0fa8c629348c626eb103877ba5e9a40,99435,campos borges,RS
5ab2ff8c31146d43f7549a9c15a64be3,7ec19e2ddf1bcd121685ff894f9bf05a,18400,itapeva,SP
917afe7faa23d88a557462c27eabccac,6f99b325700fdc66c8194f84fb0fa0b0,06900,embu-guacu,SP
396e166b4e65309db46b7c9945c89a33,1bc6a6effbe393f0be2f25e73d8ce50a,97960,sete de setembro,RS
d15d033d5e018800997e13b99c63de00,c844fe1be37e165a5fc633c9d7889799,22713,rio de janeiro,RJ
1762d969fa7c868c95decf19211d08af,7e252a96517b0a81cd0197944a80c5c3,30140,belo horizonte,MG
77fed8a2652547ec05c05ad68f5f9efa,81b8cf2a9fcf007493164ed578c25a92,20941,rio de janeiro,RJ
f8ccd744c489a7cf8929be838c81c635,c5c8349390248aef203390b693cabc8c,20775,rio de janeiro,RJ
62ca923cee9de768fc20844b87b649b2,c9e3d0ba306a0b9741b499df70fdb976,07020,guarulhos,SP
964dff9f3a81c5f1815798c10f503aba,98c385e058b15aae533e5e2c6181ca9f,60743,fortaleza,CE
d44a9172caee8869d7a292346bd11070,b687d81839105552ea710f08e0c5db8e,09190,santo andre,SP
bd72d6ba3c64f59c10057a5cdc6061bf,645f6703f46a173dd70f5ee24ea27176,03271,sao paulo,SP
ad455f9f8e3224fe29f1d5b0be816185,5b3186d7cf904f2f9369aec26faba4d2,39401,montes claros,MG
abd05c068df0dba58309cd1f3f85d652,30e464e301f31d494539d4918b8ce362,12605,lorena,SP
2bb81ff61b4291a4a14f17a9132308ee,712c4abfd9b054e7872aad2021a4aee3,01454,sao paulo,SP
9e7ba5e8f54ad8293a1da0e2e458b4b4,234d6113db7ff4b1a933c65da3d9bf1c,95500,santo antonio da patrulha,RS
868884e6ad80e650949473ce7f88d29a,a42ab281a0f5126eb21dd9845327e39d,63560,acopiara,CE
eed2a3b3ef8121235ebbd241866be47d,cdc8b0d152b868db7e28de59f642c94a,55004,caruaru,PE
35912908cb996d4e7f287edf06b1c8f2,2ff1b818fb048c44dc6629f013cceae6,45604,itabuna,BA
d6ff0729a04abfae28187d09d16d1c3b,9461c533a42feea7269efa908bbdef48,18074,sorocaba,SP
2ada3ee677b4c8f574b3affda371a5ed,e598c16b95319e7b7e7751aeeb0c22b0,30240,belo horizonte,MG
5ea87006224fb0061d762557b8246c42,094a7e2b4eaf72c5dfdb0ad304dc0b5b,18078,sorocaba,SP
ef8d390153b43a963def1da4a61047cd,54ea74076e60c74695e2ef5375cd496b,12702,cruzeiro,SP
24e1a42b856457e1d82e583454007f41,5ed5b10191a926c609c455dc76d90f60,78088,cuiaba,MT
35ff5c9e1014c64117a3b3f4a92fbbb6,0f3bffff7387cb92c6abada7908c6e1e,20540,rio de janeiro,RJ
8c615e8041af01e1fb4e74907d70a478,ce57886c45ed2f903d3b45b0283f507e,86200,ibipora,PR
52a99d530d76470a697c888510af5f88,a8df4001abe77cf8473902c2b7efe418,05161,sao paulo,SP
9cc508ab838e2303299fe5c9d97a2704,e4787ce91345e0da5002acfe07c0a8f3,15880,tabapua,SP
63d397688659841d08cd59d712547315,4473c7b8da89833fc08fcd3443faea81,21230,rio de janeiro,RJ
5eb1888cc45c693e7b815192e4f419a2,ce942f2a2db9d5706f7b09f2c7d5cc17,22793,rio de janeiro,RJ
0d554604c3b40dee69eca5c62176f905,9271b12d584732342f9ab94f9f08dddb,37470,sao lourenco,MG
75b9ed89cf797cb01942d3d6dac94a48,96203e330958f1908308a1463243fddd,27213,volta redonda,RJ
d3af09c13ffb8065ae3a525c65c5c103,746416446ed9cccb78d38450bbab4228,38405,uberlandia,MG
104116a0f3d6a9f2716652c0e051469f,95ec7fc6a1605502060075958c3f9852,16700,guararapes,SP
836a7bfd738af688ed28899ff7e61873,3b007774b11596b904e9f1319e74de4c,15900,taquaritinga,SP
4e03ab024ec93b3c8b991682f3d93377,006e937bd5a5e32043018a6d1521b5d5,40725,salvador,BA
76ebf70a559266867675fc7b0e74072d,25e0e9c50bbbb702165055bb4bb2f2f7,09070,santo andre,SP
1d7079eccf3132bfcc76f65aa79c789e,87373d8de65291713976177daa06690b,23013,rio de janeiro,RJ
f4cbe58e364a58bb9e0ce73f92a8b37b,b6328f8eafa0d7808a7d9c99fc4055da,88308,itajai,SC
cf612a028ded9ae8449386de8ba61e24,24115a0c9fc9115c586e54fd5f42e8d1,01306,sao paulo,SP
5e4d3c08b1646a6f65b25bc68c619665,2a8c84de69acd6415a2b8deabafc4f54,12906,braganca paulista,SP
6ce22bdc14d3764795a53811003ec29f,e09f5bd98a7d6737d601d90c6642e16a,95300,lagoa vermelha,RS
4b60b3ade055c6ad88a00758c8e8a162,b88b78a413e70182e18b032361b24f91,44900,irece,BA
9722b087b76b39052f39d7c7a1b51f62,ee6daddc64b275135bc326be1a7bf8d7,13060,campinas,SP
f5bb00108debe00bb40f041482324c4a,9475cd15ca1ac4f79326f3192be9d32c,91340,porto alegre,RS
f009845070b2e65bb051193322a10965,28a5c002f0b1c5127dbc1ca8858c31c9,04273,sao paulo,SP
d51a769f71cfbad7bed52a8e4b3d1ceb,a63a8ec617c37e99ab2c48af8b442ac6,18119,votorantim,SP
3e03b26920dd91486f3ef212fa8a0854,cb960711606451d128d72f25253e5d93,25060,duque de caxias,RJ
8a8cd362d6cc4c7e7fbb8050526da599,2d54a96b161937247071843a2fc02fa9,11450,guaruja,SP
0eedc4b5eb923e6f72de7ef40ee46162,b26283ba08b726d3f3d95afdecfcd0df,86360,bandeirantes,PR
dccf493f361140030072a818e8f0bb86,e2ac20f62dee05f954d945d4e51c0e6c,50731,recife,PE
3505f88cf7163bd5119bee06799d2ac9,dfc1e54363f2d7b9b53e80d68e094f37,11345,sao vicente,SP
a647ace45caaa650270d4684cb8831a3,3d0f70584f6d968a0766ef766f7fa4c6,38610,unai,MG
8e97a6ba3c70449dfc931be3e148b68d,147afb91045564c2d68cd9d051ea0702,06385,carapicuiba,SP
0db3d540da7eb431e5c5969fca57ca07,79c04f21df92026bf1cd10262a7e0820,36972,martins soares,MG
bf869ccfff4c893dbcb79dc0ca96043e,76925da5b74ed74856971b50ca18581e,24241,niteroi,RJ
f5d1b27f73d5f8ee3a0f4a4237cc1d41,eb2dbcd5b5279a3ae4a346ef9e10e8c0,82540,curitiba,PR
9d9b4d0f33eff32fc19b99d73ea7f9db,1d100c3f1fdb035c9ae44dfe9a198f65,29105,vila velha,ES
72bd1c8873962ddf5f3ab148eea75818,7462cb688803efd613874893f8c3f0e3,06036,osasco,SP
193710e578946caa03997487f4cc7129,2fdf390d4775f384c242cc7360a989fc,13256,itatiba,SP
b41621582a61faa80d6607700ea04330,7f26e88bd140ca9a8e4088e6851c7d73,13175,sumare,SP
8b9c46cb78faa340ba59effb94b5c672,c77a1dadd2c14e5708a1b00707c8a636,04634,sao paulo,SP
17f1be05cfeb6d0f2381fb77ef64bfad,6126602b1ba79093ff094383c053d48a,20560,rio de janeiro,RJ
eb995bc1611b219cad26b592d67d961b,dca1e55e7b5b557a2325f825d93ff945,36884,muriae,MG
c000bdc496eb94ca05f3ee07342973af,52d58e64c15c043d32e7ac7456ded50f,89221,joinville,SC
dacccfaf7a067af7d60894dc5cf1bbdf,0b61db16f7442906464f968d0a1d34f8,18725,holambra ii,SP
eb443c6dafefb22480d9724b348ea97a,0660d39e9f599a7bd80b62c21e278667,18520,cerquilho,SP
be13ab515f88e8f9214035e8fe642ee4,d2ccf4d2f49347c917f8ff947d7535c2,31530,belo horizonte,MG
0cc5af9c8d63b5f7db48aa4e0085d256,d0a3f3bf639616bfd2f9e851fdcbb9b0,06900,embu-guacu,SP
905c64238c028ba8ea9cbe01d51d38b9,190865db43b4d2a34a1d72df724d1622,98700,ijui,RS
a8efde73814dc81ff114f0980fb6386f,f3b2bf2e7dee8f8b22ab8a221666b8db,20785,rio de janeiro,RJ
89a4039536234dda76270ebb007d3d6b,e51f7a0bf2bc5a3fcf6ef18319cd4456,06705,cotia,SP
06b74967617d6e12688e779fdc1a580c,8f09add4b8d8c9c4311d881d29b8d58c,88845,cocal do sul,SC
dce6f9a140fd4b1c5941da022a650535,084be429c23e342acf5084ac6156d22e,86066,londrina,PR
c588e9a4ff0b056a13d5cf0300b1a129,6a7e7be8e652da4e4777866459f9b007,72445,brasilia,DF
68747ad98d585dd1ae34309d02338c2d,7b036c2b8d58e9b305c3932c40497bea,07792,cajamar,SP
9ba4e9572b42c109f0939c3f43eb3e0c,87c8720dd653d75e513555291ab6e4aa,06286,osasco,SP
d85ece98ddf81cdbb00aa87d7d472d3e,7e7d20cebc896fe82ea4bcf605e727a9,99560,sarandi,RS
ee2e42a5fcbe3dbf6fce1d07639c8121,d5b4fce33a7ef8e6025bff334e6bbf1d,27700,vassouras,RJ
f1ee2c9b4f6e06ac83e3fd39030131ec,ca67c44e54b7ab21295be3a3545b846f,23560,rio de janeiro,RJ
c4f5786620762dbd61ce2ee9a532a5ff,4eade09ee317668a5b03af52901fadcd,22790,rio de janeiro,RJ
3031f51fc039076cb3843d4eca6a6fc6,32b4e04212809329a3e5aa947d67df8d,76170,anicuns,GO
7b3d05c4caf39a73850b896d45d034c9,6b2a8f2ca8088da746973242c764eee4,91180,porto alegre,RS
073b17ed858e674f538ce7dc938c8e5c,e0233c751408137ec5cdde0c37e6a61a,37558,pouso alegre,MG
466f25f318b9280d1422a5c4e9a491bf,27116c085ee5d78e6074c3f1103ae609,29055,vitoria,ES
fc01c21e3a2b27c4dd460ac3fb5539c3,2bca5fe01d46ab5cc2bc5aaade88d850,81020,curitiba,PR
9bec7bf329bb42d2b50f3beb9e028b2e,deb50a17ad909bc97d6005b87e1f8b0a,13495,iracemapolis,SP
5336c5ee4f79f50db5090376d6023df6,cc663ef3bf03c46042bfc3cd2ed931e4,12082,taubate,SP
3975ac6ad466b998b9ed73750192cbbc,bfdef8ee746306df982186eb497f347f,27985,glicerio,RJ
cdf96d2b0152fd28e7ded02cd0743815,a3ad86e859f1d0466bc1beb77fdf218c,05639,sao paulo,SP
0c5de0bf7d0d8900b388eaf6eb1a66d6,4348c924a0bc86f4a053fa7e3de73d87,59115,natal,RN
c7f70f5cf91be88049723af74735f91c,bdcfde2bf11454f74ac8ae1bd709c6cc,15110,guapiacu,SP
148e9dce3968211ba80e8db0b5b5332e,e224314f1f6f52e824d9584eed4f53f3,35473,belo vale,MG
b77ef6aa11b50074739e74d4a78ae4a9,b992ba5b73d1e67d34f48d71a5617e88,75805,jatai,GO
1badfbfeee64a427f1e3fcd009ddcee0,36205e613ed685ef7d9bce698fc86e70,41510,salvador,BA
a69fb81739a98f4292b9b5294396e3c3,9e371d5ada32ed008f057f5dc1356587,03401,sao paulo,SP
c084c36f269f29c66bb61f3ac37303e8,1037ee8f97dd4241edf738269f1c470d,18900,santa cruz do rio pardo,SP
828c30ae3a51aea1d168e88e6e735bf7,4788cfa765d9650f25d192b5d88b8613,14020,ribeirao preto,SP
fb963759c7caf6842f075df5c837513f,b9ca109aba9631a3dcf9c422ee6a16f0,58802,sousa,PB
e9a600a9582d96365e2d57f4e2f6533a,1287f6d27e4d6b299b6df65340831bc0,03058,sao paulo,SP
b205df5e86441d2b2f404ffc0c762fe5,ace0749d3f5aa3da6928601476742f55,90250,porto alegre,RS
04719f10ea55e8d39bff210bea43c1a3,afa4fbe424bab6593e9a8395836966ef,08215,sao paulo,SP
1736819d6eaaf025234364660469b714,bc4947fdaf6455266a46dde6d54228e6,12243,sao jose dos campos,SP
a6ee8a4d65a310510bc71df4c3d4edf8,bb6e88b71e6a75be87ec2a1b55a73bfe,18051,sorocaba,SP
2272103eacfced4298c7b99e2795f403,a530de5f879c48cd9c56e49fadb12247,23075,rio de janeiro,RJ
a7f15daeb4efe57cd37eb6ad2a78c0e6,30b25e94cd8582e92ef193531bc531b8,72600,brasilia,DF
cd7fc3b7e625b3b0492197326b461c4c,765369a23b18f4f6dfce1757448fbae0,09760,sao bernardo do campo,SP
34ed1c016090a8eb4ffac078c2abc343,7f4ecb1b7d84711ba1f4cca0618ba63b,30830,belo horizonte,MG
c6209ed90e14cbc62a280238d1f1313f,b11c24bb17454e2d358eb59b253835fd,35010,governador valadares,MG
edd71e80f9c64855b4f813b59b3fdef2,58075e17e770fc08571c3e0f452f6a11,95700,bento goncalves,RS
9393744f4214f430a813fee1316567e2,927c1b4bd2d326409fd16eeedaa9ea30,48080,alagoinhas,BA
c43364f47888ca89f979828587558a80,74f68dc07de4bf46e62e01e5a038d9a7,09390,maua,SP
0c6e74d3848e590888f197074ee1f5ff,58aa424ba24df5dc745e1a3941abc5a3,08593,itaquaquecetuba,SP
c645112b5c938ad3082211e7bd71423d,63dfbd8f45b63fcf5c5aa1f023209592,09090,santo andre,SP
8edf9775ff2d85510096c409785457a3,584df16fd79b2f80e09f056e2e57c89b,29936,sao mateus,ES
b60fa308b463e0861f9acc7c196a7536,01769144da2a7ea21cc6163452b5824d,88545,palmeira,SC
2ec48d47b79cd3db9fdccb0d4a2b3509,d0885399c9dcbd60afa7783d9796f6d0,26700,mendes,RJ
a87cd99f802b427e5d8ad0f568f71744,ae271f166e8d5098c767f5753eab678e,05009,sao paulo,SP
dc4ad93e6f41f8072965527c8083c47d,7dd39512d400854ff4e21b1d8b9ddff9,72115,brasilia,DF
2947d4dbc02c7525870063dffc24b79d,347d5325d017b14e87632b4e0c7c3a7a,48720,lamarao,BA
a9540572aa20e37a51ce914aad8fedce,724878c4c6b57af23a18897489d45be0,08253,sao paulo,SP
a5c29c5041ae005b9b27fe575835ef3b,bab54c4c3ab75f52ba0c2ec67d355708,36021,juiz de fora,MG
976224a95faf328b17654b1b1411d5e1,40a0d0ab497152d487c6f59a27830c98,36081,juiz de fora,MG
35fe8918157ce955294e67afe90f3782,c6cc55b24198a561e81de6b2f9387010,85855,foz do iguacu,PR
3db8f291923971467c299f44c051a6e9,1b2151cb7df260047594c28f94a1e1d6,69054,manaus,AM
cbc57689231f7033b69a4ddbfb2019c0,14966bf90cc0602c4596907f533f9995,38067,uberaba,MG
39d7c7a5e9c2172c16234017faf854ba,3442a61b2d5bfd9d605d6943701ad650,13087,campinas,SP
2f2a18396252a2657d9410d4c36be0c6,11b47516f8f6a42105b9807903ede333,28300,itaperuna,RJ
731ab8b73356171649cb8ed97ee1c99f,fff2ae16b99c6f3c785f0e052f2a9cfb,23017,rio de janeiro,RJ
da521d3e6d9cfffb8323f48f52556fba,102e85d501734c4d2516467c5338c29d,24020,niteroi,RJ
d43e617665b9a99e6e9b0ca80101867c,4f6321b97c6e05bd8638c53e6c8f05a1,13409,piracicaba,SP
3e30a714244b6788f9fe5637911da9b2,df025c7a7a38c96f62ca9e718eff51ce,01512,sao paulo,SP
c4901130ab96b74c16bb4f4988e26824,44af021c1880c69bce8f4528d8432553,37190,tres pontas,MG
7bd2a7c581d9aa3cfabb4cdc39f0d0ee,bd52485d06bf58d4601c482697b5d9cd,32040,contagem,MG
6df048a54bfef499d9e6dd224351e90c,6709a7ea04a5251937e8def213bd93e8,60833,fortaleza,CE
7fc628a559c6028fbd2f028fdeabd30a,816092f5825c3e2cdfdd4af546d4d04c,87043,maringa,PR
d022bd4e48a3db0ddca17f5204dff2a1,afed5a21e94b4e3e5fbe6c7e4bc92f4c,13321,salto,SP
bbfcd35b7bde08b872286d6b3d74e254,8b562fe20fc1a0a18898b2dcd62008d5,13601,araras,SP
fa6b7d959dd8416e151eee8db7a008c6,22f991135d9f17735cabc8104f7657c9,56280,araripina,PE
616c3d715afc55e0ae24fcfca7780796,786ccad63616e631472911d4762363f5,17015,bauru,SP
790f3750b9619d5eaac692a81cb655d1,a82abce9885f53dc78aba0f1d89149d3,20511,rio de janeiro,RJ
3c1e577269427d7d74cd119fb52a68d1,1c1af88994e4c789f4bed27146e22de2,96745,charqueadas,RS
b710fefc4bde32cf4e439ecb01c0745b,9dc0bcfa8496ea146adfca26ce1ce551,45200,jequie,BA
c41f490cc00d7e860ba2f20d525fca3b,45142fbd2c23b82be7e48e35ed11bdb6,22793,rio de janeiro,RJ
2022bd30cfda496cca03934b3973a2e2,eb46c9b4cabcba6cb9561327d54475bb,35547,carmo da mata,MG
0428dac4668d094df02ce20e705455cb,c48146190db73c764378712df6db4014,30880,belo horizonte,MG
c852c0de5625170406baddc488a0f780,a323f5f9a2cc270aa0e158a7413e8b55,75261,senador canedo,GO
68556e69464bac3ce95fc3110467f914,71fcea170af3baf5b39c2fb95bb28e47,93510,novo hamburgo,RS
f5587866e99f9081654f4dbfa7757d28,2df614fd72018ecf9ffe1077bfd21d49,17800,adamantina,SP
124ea0ac4cadfffc49227a24235871fe,8d391fbb0d67f85692e14f81e9b6d956,06544,santana de parnaiba,SP
4e9bba67e9b0526746181c622d619f89,86aae021677887f713ea4560a5910fa6,06824,embu das artes,SP
f45925f27de19a3f70beb81219614800,8fd94d11ef77cfcc270af98129f3c8ea,09260,santo andre,SP
1ad0dece6980bfb8fa8c3264637b77d9,9829beaaa12bacf208e129f2098913f7,73850,cristalina,GO
9c27d07ecc859245e18c6d847afaadf7,6ed23e52d55e37096f38981ff1e0abd0,77603,pugmil,TO
0bceac9cc152b61d82f0956d301a63d1,1a3c5d92c5273cce2508cbbcf40d5267,13820,jaguariuna,SP
85c01e2393b32c57d22f4db20020da31,ce88d6a35796ddae6e12cc1206efcb38,76824,porto velho,RO
6cb6246c85861518fed147189260bf00,ff9d6196f8a9419142b5a70a0dbf469d,38065,uberaba,MG
1582c109fe600f17495e417900294900,3fc2292112ca0cfe78318b9ce6593e30,59380,currais novos,RN
5fbc3ff103d135045b4bd2e77ddac6a0,0e3bad0595df771dc20ffbb02c0c3bbb,20540,rio de janeiro,RJ
c6f1de87b7344ea1d33400c3c15b1a47,a2dbc98e10ce1a8a3a0c98b4b41ef63c,13092,campinas,SP
a6bd20291ac4e6a4229459c6af42f828,b8cb40ec83dd073753f79b286ad8d941,89760,ita,SC
3c88487f2410489139ebe9a219e728fe,79d7fed102aeeebb4d0ffe17dd2ef88c,12912,braganca paulista,SP
714a50db626b8618bc77230f0795ec9a,9d40de5a5adc41c85d3fb906c35ddf7f,38210,pirajuba,MG
6087ebd38fb5b21f70e89b269e66f50d,9ac6bd5b02df589ef900c0005b4c78fe,06870,itapecerica da serra,SP
92a24fa199710ba33bab157e838a86e7,1a3a962a15f8c6ee0178e1102387d3cc,62039,sobral,CE
dba001f78ebcbf63aec0095cc03ad969,f889db6fc6944e1855d143f79c4c8844,13060,campinas,SP
9edc52a63f14b6e1d5377cdd3a5b5f6d,c1bde6763b9bddba67ab058777cbeff5,08240,sao paulo,SP
173feff09747a0b5cd55c9595810b5ed,6ded6ea0b1d15ae6d2e5f0cd38fb1068,79090,campo grande,MS
f60d4f3c75d127b2146459d4c79b92b7,560f9523eb41b967e76296537846815c,11065,santos,SP
9bf5369cd6c87944bc8586fca188efcf,15a6fabd8c57509ef6244ef21f9aa892,09171,santo andre,SP
df5e4aab3ffa6952f744401391b14066,4d3dcf327588c638dec11f14126f165f,22071,rio de janeiro,RJ
3b02662e1fc027ed85be9b59f038d63b,753b0bdcb8024540f111c24f2be614c1,54768,camaragibe,PE
9b15d596cd0c8a3a5fb3b9584d8504ed,a7285f1f3a78d14aec4c0616e287f013,13075,campinas,SP
0c97e8cae92b456d9477d51b046cb813,7df29fec2ab7ea4fd3cddb21314c8f03,37706,pocos de caldas,MG
fc6f2443283ec7170b178d24aaf69f15,ac1693bc8be40d9b685a670055bf3344,08132,sao paulo,SP
152c3b58a0814b31735a08a7b159963c,87690f1a213ef62ad0d6dd9f210c1e29,25900,mage,RJ
3b9f3bfff76dedf30b3c78c732fe7a0b,e02f1af404fdef937012e5a655703b38,77015,palmas,TO
7c95f786dfd0d418107a4c735f494e74,3bb3aceda878cde8fae82efe6a416dd9,20551,rio de janeiro,RJ
cab9419f31815dbc6727651e6408569f,6871b052a835417d6d2e11153e0d3c2c,11250,bertioga,SP
a22ecc2c34b892685233022097d1ba0a,9960a7aea9bd658ee554b4c580beb37f,04911,sao paulo,SP
9b0befd87ff5c159c8a3e3bd6318a655,53beaaaafb7b657172c341e7f69e2ca0,88056,florianopolis,SC
11bc83941d71647de90138579c9fc4f7,cfb25a23c7faf8e2c955d4252523d6f1,15014,sao jose do rio preto,SP
223ba7381d6b18429c3a5e11df5b30a4,5ba477d7c86256dbb02331d06dc79e03,86185,cambe,PR
24eba626a3ecd25108018ea7b111e766,e9184319c824764c71797e4416294a6c,71918,brasilia,DF
208096b174831ee39a5aa435673d1be8,421fb606db80ce5a6ab47d351582e99a,03544,sao paulo,SP
73dbb993602046f482a399e17d8a446b,50a220708f79b22c6362caa12a15d93d,85140,candoi,PR
c03dfaf5db49d8583edbb5627f92058d,f886a3f43af9ac928fbb4b56436c528c,01231,sao paulo,SP
1e6cd8588a826f646f124d1725eab3a8,f6e2c0cdc5cd3baaf61274104bc4e69a,04661,sao paulo,SP
fa55ffcff8a89ef0d5de88fc3d15e701,deda25e29fcbbc568f8ba8db9ff2137a,26582,mesquita,RJ
936d1149d8f55900f5f1858a6ccd5f07,90b6271f1e6be2de606940dba3f4f4b8,59631,mossoro,RN
caf13309f13b92c0b4e19259a74566fd,72635a55dfa99b570cb2d2e3e6477737,28540,cordeiro,RJ
7c7401a534412cfa74c30efe54616ca7,7be95e5a6ce54f794576924aebf1e22c,18271,tatui,SP
73910b1013f7de5548a01ebc4792cf57,9e34a80e7b253af2ba1e258996dc3be3,37640,extrema,MG
0ef9b2f2eb46a3d1193b12676de597a3,7480dcbdd79758903c89f1e8548b60c5,64058,teresina,PI
fdd0876705d2f479feeb936cd9cad782,dfeba6046dba98aa0ab906c00c4a17d9,30850,belo horizonte,MG
5a856c285ea3eaed4bef0c587fde2b49,bc0cc7fd03864119501b931413dde0df,54120,jaboatao dos guararapes,PE
d11670a96c9b879a92a4783a707a20d4,ca19235d341e7cd7f491081b23b3c87a,48500,euclides da cunha,BA
5679bf4d0900a0e28ce699536c8c3e43,c400a61d8b936f7d10930fc142a39407,19015,presidente prudente,SP
acc4ae9fbacf44ef153b5a5d9906f0d5,6f2c69634d3f25530fc95c64154505a2,07142,guarulhos,SP
faf0fde78922beb33e302d458492d55a,c326cd6e78ae9b11f8fee1bb7ac9b441,27347,barra mansa,RJ
3b3b2bf51ea4fc2d70b62f4ef77861e1,a9c952403649834b97dc1421b0723f0a,01504,sao paulo,SP
a91d30bc47334a1ea8facb96c936c114,e0caf1bc5a0940109a4b13d7a8036850,29930,sao mateus,ES
fd679638cf2e396b35e20a5ed75316e1,89f09964a22650a135e5e445055ed513,31060,belo horizonte,MG
d057d6f4efb78ec1c7e5f1b28f67493f,a48616b0798c3f1d5cae097c18180be8,28633,nova friburgo,RJ
d3ae9463bbd0a245451be4e0eba78726,decce2b83128f16e56ddbfed372b5942,39403,montes claros,MG
306e7f5a781430174600acfec52a1843,01886ef98f995e4f2dd75a1d04c97397,01240,sao paulo,SP
06be66243346e59b86a04d25496b19e3,6ba32acdf26ca5cdabce839d791b634f,16050,aracatuba,SP
7c6f85d218c8e1b11d5850ab745c18ad,1246050d2638f9e4be53786f32294650,18460,itarare,SP
e8bc2481bc34c782733e3fd5fb60a06c,086554c2482d2c5386c24c16a5be7108,06815,embu das artes,SP
f83ba5b7fa884a9b50fd4f6ca4826c42,1dc294a89ee8ad59868a1954e1c93ab1,78731,rondonopolis,MT
f467accea193ed2a3000f9ea4092820b,4bd91035db69402af2402d830849b4df,29310,cachoeiro de itapemirim,ES
cb522acbea137ad1fc7324606d247321,0ede72cfe329ef543927e4dc1844ad5b,35536,piracema,MG
abb3c38326d02b67b1912e2d7a87d735,3e5dd5efb71f831fffee3735c9e41e87,30441,belo horizonte,MG
bc2f220ee24e0e71c450982651079d50,cabef558b42bd1d2578afc81048e8415,12236,sao jose dos campos,SP
72f24bfed37917f0582eef35300edfce,8438fe2ac6000c86da26409ec7308dd7,79370,ladario,MS
bf32270a9d55407c068e29aa15429802,2b4ceec1c72940380f3d2ea427662a90,30512,belo horizonte,MG
5d38c66c874ea566658a9ef3f31812e3,46ff58bc972f26ff6132f8e3c2b0215c,95043,caxias do sul,RS
9be66588fc27fae0460e9066dc36c70b,ef4059c73cf45588af7b028052665136,26263,nova iguacu,RJ
41e255383c00b16885a8a46c2039f0dd,8ddc88814f92ad699db061cc9eb59f0c,75990,palminopolis,GO
0c049e412a34041312b948a94570d51c,a484d6a80277ccf24d9980cf34c47546,02242,sao paulo,SP
51b633e4aba90ffc11aae5c2d8e3ec6e,8c03ef120e5bc1a1a6ed2996c2229b11,51300,recife,PE
f4926d4b789ad9370721217c7800fd58,b993981240043cefcacd680e731fffe9,13272,valinhos,SP
4cad82e85b102488a286e95130b8de6a,9f379a9b2a8b4356b1775c90cd76c66f,65950,barra do corda,MA
a5138200b55abbe1d5d8035503f7dcc6,54e488dabb575f7fbdb4dea2060f688b,13468,americana,SP
87f135f5f28a7056c1076dd8dd122e5f,539f3b8a4fbc3bc6eb1d3e4c83bf2abc,29185,fundao,ES
8e1e24d6c2c75c2f938cdc3b5fdca5b9,2b842623fba75f7ccdf6ec1cf473c989,04040,sao paulo,SP
b88e97fc641b78c256cca3665fe4aebb,b4f825fbd39879b2fdfd52dc6ed82f0f,09940,diadema,SP
a55000f612a137c7cd5026bbc796e260,ae62cdc49a5716c409aa3adafe81e451,05870,sao paulo,SP
17957722c83ab1eaf53c8775853829a9,c32c9b339cc7c7c1493ff5aaa2d390a1,59067,natal,RN
d011da4dd1619f32921e31835e194ec6,b4b87caf686e586ba6c9c4b157598002,36415,congonhas,MG
8e405dd9f8e0d75e9f59ddac294336f9,d09788048203ac04881f4eab41575291,32240,contagem,MG
6c0aa6b885517e59eb6755b70476f174,c05fc59b8b1924e44af73f23b6ff95d1,03422,sao paulo,SP
4c36169fa0fb2131640c936269b87ea5,19af6e0c256fc911a7a63c644a38d34c,50810,recife,PE
a98102f934d6566ffecc597e6f762e90,e781248e2958c16c4d1916598ca6c11c,03222,sao paulo,SP
1b1df3f7ad4fb62fac0fcde671089db8,93a88de83f293c637d8b8a366a22b9f1,78455,lucas do rio verde,MT
9c0372af923228f1ddab62afe03e518a,ef4d5caef06758ca4a71c8460426347a,40110,salvador,BA
6f2cf56878f7f82151b0ad02590192c0,15b1c5678192a25402638f9bb93e9c02,29050,vitoria,ES
acf07b411528c13274e71b7263974253,51d91326ffc0688da14a001de38c264b,75712,catalao,GO
7252087afadee8ebf31ac2706da68084,9b983fb4579a3ac4c22c46d19bea7377,09410,ribeirao pires,SP
7296759d3f62aaa038c223494740137c,194be31520cde5c527bad17720119e85,18150,ibiuna,SP
3fc94ea7aed9a5ab86431c3842c44542,049978bae2febc352587dab45fb38d3a,22231,rio de janeiro,RJ
a154f40a53dbfc81340f0834f035e89e,b24f550daff91e457c446db85553ede0,03337,sao paulo,SP
0efe244f8d2101871dfc0e2f3069fd85,817ea1a2dbad30bb4bbb192f91dffdd7,09240,santo andre,SP
965e13165860fea377c1b5758f12e7e0,cde37fe3a24ad875f5ff1482fd80a43e,02531,sao paulo,SP
0d15ed47c04aa30a0a5911c8ac2290da,929b8bad532f969fc414b7831ff3360d,95580,tres cachoeiras,RS
662775bffc75df0fe4455e86282eba79,0a4406506dc17dd60c440c3f1188fe17,12517,guaratingueta,SP
3719249e77d08436fe164bcbcd7e2cbf,2044e987c380046f8dfe77ea2876deda,79020,campo grande,MS
0ef0ce71f70fa4dfeffca02866a9f0e6,1f97200bf757bf93f1ca744a90b1df1b,13457,santa barbara d'oeste,SP
5cc48607521a18de6b6e2eeaace14501,69d53f96fa1fd127565c68e0c98bb4fd,89750,peritiba,SC
e3e4f59b905c93ceb1f9da90f9e02be7,302f6c3eea8eb8ee3a365720c5593d3a,03122,sao paulo,SP
9ab65a974565ac3ec20b854c56f50fe7,a4af924720721ed14df70ccda58b11a5,02230,sao paulo,SP
63cdc93dd1c4ddb74a4e99978bb65488,ee1de1dba037c50bad366d22fd5f3f7d,22710,rio de janeiro,RJ
115159a20c6d95890cbf83916b57b07c,2fb246d1ccf7be8743d4a385db89cbb9,86300,cornelio procopio,PR
98f40e5cd4e7f5ff5d50b78baa32bece,711401bc8dc5152165b2ccc786c97c0d,01415,sao paulo,SP
7afb28b4054bfccfe93c5d52982a46a4,f9be663bf0e825cf4ed889e1def892ec,93020,sao leopoldo,RS
9a8735b720b7a1d032dd4210a17c08e3,a2782794d03d6b2fce98c783164efadb,04018,sao paulo,SP
24a7428e950dbbda9356425d3191e586,cd4e9fe61b979b8758a910b68e0bc9e6,11065,santos,SP
3c36ed23dfeb3ab95dbaca492472f1f7,4c300fbfc736fb1ae2513862930031b8,24933,marica,RJ
672e326393f31d8250830a45a7995cb0,dfe1d15b2c0138f025ec35ee2882706a,11673,caraguatatuba,SP
3d5851730e87c65aa5fc8e706c859c84,220e8dbfc514d030c1aec5594b8f99f7,87820,cidade gaucha,PR
be3909804136bf8c69d6f1349168c90e,eecc19b749d3fba1e0b74fe481bbf146,03043,sao paulo,SP
27cc322bb85700e18e5797045540d347,8e4febd4468fd3dbfb6527e9982fb3b8,88780,imbituba,SC
eb1485636d09be205400230836ca6391,7ed179be56d4931f8f8c4140eb5d5c93,46100,brumado,BA
68db318fa01188d9aa08594fb543704a,75c02da3402c746e9864072d9d4d62f3,38950,ibia,MG
8e98bf676f11db9fd078edd4d3dad51c,ada34b99e77d7427f903b45fdf1d3772,72620,brasilia,DF
ac4cb63346f3672eaede3a522715892e,8cfb1c96b30bee61254d765fbc8d737a,02214,sao paulo,SP
581092512111b45075e21541e61092f8,b30daeb87e46c670714aa87f9cb3d6e8,06226,osasco,SP
1ec8756699bd9918239bce55e91a4421,00e5dfd6ee7406a69b74c72795e6f354,07121,guarulhos,SP
d558a46ba4dd583c224349c628c52c56,bc5fbc9860ad6ea016f6a52502f27c82,88056,florianopolis,SC
6fb40909e0386762d1c2b1af9e6505dd,3110339155d740dc64b31e1666952100,02530,sao paulo,SP
126b1f7b1f9d161ab549ee52a2881142,b6bb8e4780df00a25fa34335d3dc1330,07093,guarulhos,SP
b284e1052e6386e2fae8af6ab3f0215a,bbcff052f7fab7a7409bb37e54f6160e,14801,araraquara,SP
840b51ea15f639191473c482b40b76f2,89b1293abf0b7c0e272ba3bb7298ecb5,79010,campo grande,MS
5a6a4a2e451c08ff810096ed0abbcfcc,d203eec4add575cf411cebfef2fbd361,89070,blumenau,SC
9194c133427b11faae0545cb2c631c1b,7516451d834b1d3806ca8ad6640d40eb,05056,sao paulo,SP
d9919a807634bcd9e9e474117595f7d9,b60ebccd69ad3836830dd0e407c4cd13,81870,curitiba,PR
4128467caa12d62fe47421a1a02ddb5b,1dc9d4d7bea77b585eb404951d81c420,12512,guaratingueta,SP
30a79879ae652548480a139d7d6a3a66,2053bdb1a0f49c02e1b5883aa9f03036,08375,sao paulo,SP
a5d4e10b7ef44fca5d3c946650f13fb1,19b5fe52587bedec920941082485f08b,20031,rio de janeiro,RJ
7c49e9f39b3edb70c81f1b9a3c443b06,d909efc170e97275cfe65980da6fd7a6,09290,santo andre,SP
353a77315095c1816b31ba0c89421c42,3db6065daf155a7256864541a2d89fd9,28026,campos dos goytacazes,RJ
b7b15ab12fa50616eee696a22f098e07,c42ba47d1df4847a1fae69d1407c83d9,15130,mirassol,SP
aea419ca36368e77678b20a1867481c7,55710afb01abb82b30e220af139ec878,11090,santos,SP
d918e8f6809326606a89bcf49a04419e,7dd4e8dc5ce5ee85eb05634a38402b6c,12316,jacarei,SP
e52da367986f568feec3588c0a7c7634,7c5bd38e6bd19723c46d84314c23d5fa,88137,palhoca,SC
06ebadeeb0acfedd1526d66bfb71b061,d8fb9a7157114af9690a03b6ff65a3cb,93260,esteio,RS
0634a391a7b3989dda9196f26e6b2242,96e047d0f9de88ca34c9005565fbe03e,35365,abre campo,MG
ac126ccd4166cd1bfeb32eea102d5569,32ac0ae096c7625711894557c13772ae,14403,franca,SP
51432bd945666f867e57877fa8ae26c0,38538d28ef9d511b4e9517a5304c85ef,35502,divinopolis,MG
75ed40e82dfc05de3c82d79a73f4b48e,9eb6958dbab7b4136d22e411cfa8ff03,35160,ipatinga,MG
2a417f0f0717eecc940b00012978be4e,56088651df42926f11ca58a83d36f906,09861,sao bernardo do campo,SP
9c55979e022c8dc16611eed6a1c61a97,134fd5fd63ee2f45735524ef3dba7a81,37925,piumhii,MG
e73a40f7509a5e81a764029d4b7ea836,f71d1ce0ca77b13eb4a0909685c1a288,30820,belo horizonte,MG
c07897b63ee92b706019d87969a92a6c,ad155bc0931cb6bab63d4ff2515c3159,23017,rio de janeiro,RJ
dafdad1b3be4401d27d372226043843f,e25423188f57d62754768e9e4c65115d,05642,sao paulo,SP
b88afe0826aaebcba526212089e2244e,dbbda69ec0b66b2a5ba148ef8ea721b5,13201,jundiai,SP
51d40dd22a0e3ba720f812507548acb9,384295bc6d103404c5b7ad849649b8af,88311,itajai,SC
7b913a2d826245167f82b67681578ce2,cfc22b871e8ad099b0aa9712dffee9ef,29122,vila velha,ES
b7c298836e032af92023696084c6350c,0fd9b568c34096e7d1b68f52f9cfbb5c,91540,porto alegre,RS
ad0676d6d6e115c03a6d60dd2c9a00ee,ebb3596c57229b75de3e4d11c5fec489,08563,poa,SP
728b0d27ba5108af500fed741b7be449,cc073557e57ba3526798e69697e37db3,74885,goiania,GO
7beef6c0644f9402eba0252182e1b608,822fbb1c216c4619d704515b52494dd7,96211,rio grande,RS
4979b4f538057cd192e45a839211bc49,ae0bc8fac639b0816a355d1250c8ef9c,01511,sao paulo,SP
1189440e2928a16f63c04df90266e8b8,f06b8dcbe6c7589b7a2e95bead45142e,35931,joao monlevade,MG
01d190d14b00073f76e0a5ec46166352,2e5dcf79b225e8d1673671db21933168,02925,sao paulo,SP
ce282b3208baefe989bd4bfcbf776312,d19cdec7c13ebd5deb8fc4cb81c508e4,09071,santo andre,SP
e1fa3e11507423349f9e0833b9698b2e,0484f4053df3702347e3b260d0eccf39,71503,brasilia,DF
f9d7122bdd5b9a3ad155417469c69c34,698b9fba35afa2346c8e579695ca2151,60511,fortaleza,CE
af149dc022760dd847a77705f6679bdb,9b2dccad222e3faa329b265f6208c9d2,08566,poa,SP
c747a54b89b53e15bef33f5d55fe2a6d,7864470f3d597459bf2ead30645507f8,07051,guarulhos,SP
686082a35b4abd8b7460f95528f557bf,af0ce74a40dab9d5a6eba94b35629ba3,37640,extrema,MG
4c98afa4ca10e1d85ddf126c0c19834b,c95f90d982a990f7db59285b6d97fb2a,75180,silvania,GO
9f4941a3863ffce26f87e9bb96d81c95,5656eb169546146caeab56c3ffc3d268,72280,brasilia,DF
13c2dbc76e00f0ef236e19d51354e90a,927f5d7e01917bb3b8aeb3260ca42663,23595,rio de janeiro,RJ
bf1e5fb309f9198b917402139755d377,f61edbbcef36e53e393bf57e575548b8,46165,dom basilio,BA
8bad98b4cfc0bec348b202ea08123680,9764c899917199574678b4d3f1aacfa3,01501,sao paulo,SP
3c77dd4951dba1fe8d9bb591b12abec2,8c865dea8e5392bf8a4cfbe878e9e4dd,08567,poa,SP
f9186c4eba8c803ac493a2ea4a189fc7,0ef86c70dde0066d9348655fc4e95470,01229,sao paulo,SP
f848d331d15eafe396639c7ee61217fc,ad8e98694a0e0cdedb146cf5f8e8e913,35534,carmopolis de minas,MG
d122dc5a239b7b36552bab0dc05b5f55,1495ea1c194653b4e0f83cfc66918185,37430,conceicao do rio verde,MG
059095dc0717592b41cc47df0c7f1c6e,b64fccde06958d9759d6a6861e9ab23c,66095,belem,PA
150cc81c97ac79c4d951f57f8fb6b5d8,e56d844ce394899567b96a627d29ce7e,44053,feira de santana,BA
0614d7d74e030d9359a2857dc995e710,a5aba56840224d31f54661155229b79e,94967,cachoeirinha,RS
2b468844813abceb44b6cd3cc7dc6b81,7fd17ce864ad5c091f999f9f0efaa93c,58475,queimadas,PB
451bd3e4f4efa5b33e04885f2680bb28,446c3e114eb1bc4d7fc28fbe41a1620c,11089,santos,SP
67024d6825a5785b14cf420eb8882fef,597525c9fab6b5e97f86c505697fd0c0,22210,rio de janeiro,RJ
3caadfc7a9d597bc39c06f5687229471,db8498cfd68ffdcbc802908ee3232e9c,87890,terra rica,PR
023cf83ac35d703a6f3c1b31bcf844d5,5a494c648fde2d1ec4eb614274ea7159,44900,irece,BA
51c563aea32ed3354549f2b6e7f37664,a8f6f42f8a102db1a49f90926eb06386,88062,florianopolis,SC
24a9d9ed5262306de7a4b0925ada06dc,2548ce8e60025afcdc81a1a44c3caa9b,21230,rio de janeiro,RJ
e320d17f29ca1079bb66d0c0b4546ceb,c235799591d420609a5348198b87caa5,12231,sao jose dos campos,SP
23bd724baa42a23c24432c373b3b910c,fdb0e914e3f912b6b01840b1ea999c46,72210,brasilia,DF
58d1b021c741cc8728280bbe6d0b3da8,35cd47c762d9677a58dbe27d5e6c5630,92420,canoas,RS
e62addf0b004f6b6785542df9821b423,7ff94a3b88a95eb8d8c2202a50797781,06756,taboao da serra,SP
8c8ce2f09220cc6ce56968f17a6e1c69,454459fdb0d4ff7e3984e10c2a4d39e6,86470,jundiai do sul,PR
83584c4329669450ef4331e7482e13cf,57a529b6415be1e63176b69d35f63c88,96201,rio grande,RS
ca1a7da184d06f128df4600dd61381e0,78e618675fdc15e0296f197a22ee30dd,25955,teresopolis,RJ
9be67965f67f19522cda601a9a3719b1,c3086306842a35505c0d74c425b4dff0,16920,castilho,SP
daf15f1b940cc6a72ba558f093dc00dd,37bc3d463e2a0024012a7fa587597a3c,88598,celso ramos,SC
07d32200708d263fc5006988e4b6eff7,0b08d01a339342b612080ef1cb877fd6,89070,blumenau,SC
d1bfcf16e4d5966d1892538e5b3d7c1d,19feb8053c50b8159bbd30f454a513ca,11075,santos,SP
aae5cb468884f1da9e17f0da2c25c9c4,cd2998f855b8edf8d3b85cd1d3d16b95,22770,rio de janeiro,RJ
f2a86ca070522d6089d6de98878e879a,837660857be979dae54fd10cfae1f6bd,03918,sao paulo,SP
510afdc891236e163630afa457975472,4473c7b8da89833fc08fcd3443faea81,21230,rio de janeiro,RJ
3d5611fadabfffc730fbbffaeb7cecbf,46abf00c97df5cc24545eef3ffbe0463,09130,santo andre,SP
1fd14739f72c7139a806a85aca7956eb,8af0205005b85f10c4d7b9d988601a16,22793,rio de janeiro,RJ
c1cc319cd4cc87a520c08d8e403bed0b,1346b4e599086be1c522ffdd2a3f816d,11712,praia grande,SP
837a022a0ff4fc2ccb82a5ab089a4c03,f7ccaa20dc3d71baf873c27cc732a25b,88308,itajai,SC
61554a130b1e37aeddb8828c8fe5c4a4,65dbc5e7a91de6063361adf52a6f7a28,18087,sorocaba,SP
fdf2fde76977db18487346f9febd301a,5b59166412dd5595f77a43b217c39132,03067,sao paulo,SP
39b7ba7f041b8f4db4cac87e9b31a838,4cbb4b07e2d5a48bfebc0e4958e8e7b6,12244,sao jose dos campos,SP
cb047fed186785a0792371ff0b2aff8d,ad3746717b7b8e9d0fba89de1c6d20c9,24723,sao goncalo,RJ
7a85b2dba26b2d96a81bb3f4bc3dca5f,d999af8bbdeb926af7c015214e35cf5f,36033,juiz de fora,MG
06d3d7382dee08a5564f898eb8156e58,f4020d81e465ff1f682cd987fbe05177,60750,fortaleza,CE
48bb4704b3c57ed78cd43e3173ed0c47,fe5b71c385acf23c79e585d432ed8fc7,42810,camacari,BA
3135962ee745ef39b85576df7ddbaa99,00b2ca23369b68c4d4105ecea9c0cb93,62970,alto santo,CE
34b9bca8f3dbf57f921bb8cf2e276be0,4e480261210d6151bde03ed17869966b,03306,sao paulo,SP
24c696d961e37f3e72e7ab2a766390b8,576c48dba65a0dfb073b5e9f38fb0d17,88508,lages,SC
15ef8fd01187d42b5f57af41ef5a1fe5,1f2c5059dad2c277b3b338163b49ca73,17360,torrinha,SP
76ce8c1a4d84a87debbd58947bcfe8b5,bc3145577833db172e369881fca78cf2,39935,santo antonio do jacinto,MG
c336a1d0139a6fc12cea3220508e2e23,ca2f15a0bb24605a03bc27174919cc1e,29167,serra,ES
a8876ecd91fd22bc8b420c9a4be69955,09d74edf20acb4f9523fb1cf19a18456,34012,nova lima,MG
e9c7d222316ca2c78cbf05d83c1e9fa0,00d7e54ab8c5d9916f19209dbaacbb3d,06114,osasco,SP
ea40c0c07dff310bee6d6b0f9518f637,952419f6b962f4cae22f87eca1f0eabf,35700,sete lagoas,MG
96b4bb6bce80210c56debbb88e44f8df,cde37fe3a24ad875f5ff1482fd80a43e,02531,sao paulo,SP
45d13f49d630df78bccfa2a05aca18a9,bbe23bf5d5ed17c5a3132bebc16db355,75803,jatai,GO
c498555685a103ca04bcb5f81cd974ab,41048b76326f93ccf5218d8eadc626f1,14940,ibitinga,SP
52ee705c2f82596c0d545ae32fd128c0,282660942c5b5d1e009cbb5c420d15c8,08674,suzano,SP
39d5f491d314a5e26d16cf74581bff02,5d81012f5f20f3781512403410be3043,06624,jandira,SP
4c7f6cfb31eed96f6e69a01171b5f0f4,8be4adb7950a25c1fe28d133ca640cf3,04366,sao paulo,SP
e89563d7f4863102a1310cee927fa111,e11d036589bfcbcadf10a48dd989a472,38400,uberlandia,MG
a3671f3a8d8cb539be0134d5a2eb0c24,3329202f1e357ad78ad4bbc14f3f658a,88330,balneario camboriu,SC
ffef8c44b23871ffd6a1df761bd61783,d39498b488e1045cffd1a9a2d1a8da67,12090,taubate,SP
77ba3722e956df4dcb1d7fe1e1eddc93,852194f9d026bd2a9a8d12bf995191f2,03067,sao paulo,SP
ae76f0fb2677aaf0d173213de80ec257,b5776ffa0ab530467d420fad008e43b8,16250,clementina,SP
f3ca1ff383d87b5307cbe34cc3a6ec44,d6db3091e8c13023bf1e6d367b8c0847,89618,monte carlo,SC
865ac93cc703fbbe0d4c1d7fdd62b78d,c3c872c27b52b8fed0721f073016d504,47350,sento se,BA
41629f77198c3f777c7704b91f5effe4,c5fe74f1dfcbce3623c7705f0299629b,22010,rio de janeiro,RJ
09c682ef897935e677a0996cfe2008f3,ff44401d0d8f5b9c54a47374eb48c1b8,13070,campinas,SP
d751e3db6ffe142eb707f90f8b2f9b39,601da5f0ab9077abc24c7f313247f9df,22021,rio de janeiro,RJ
4997cdbc9226ecc25242048bb5fc425e,f3772be93d6e37750531a252f637e94b,12305,jacarei,SP
9ec73448134f871bc7bdfdfd444813eb,89a70a556b3bcb25ed26720f08450bf4,30626,belo horizonte,MG
44b521ae63ec470874a89c37fcea4c6a,a327e19095ffb086d25f7ee477c9d3c6,26276,nova iguacu,RJ
6086de7e1996b90bb8a753cd7f83d252,a5a2586f58b8c59311a2498e40256544,66020,belem,PA
42a24ac9faf5439824b1a381621ef89f,7560dc94e3ed4e652f8d046a697d6606,31560,belo horizonte,MG
7d8666e0148b50e626e90245b6583f54,0c40d149be12481f865f44c449b5c7ab,13179,sumare,SP
216ca7984f36f840df4e983b578856d4,f64909771abc5e2378773b2b8a56f67b,13426,piracicaba,SP
f4a0bb1d50071cee5583469f5710a57a,deffd690ee36c3962798f6d3500c8ffe,17022,bauru,SP
e6d36fc2a64c3a513e9c571b664bbb8d,506c3588703772bc8a932c7fa46819af,84600,uniao da vitoria,PR
fdf99d9accfd2ec8e9fa26abde5052fb,5a80f871a5b5059b2aaa903b9aca7e27,08694,suzano,SP
32f4a143deeccca316ab15cfc81781b8,6de9de2dd055cad94ee838808323f4c6,71010,brasilia,DF
7461f9bc414c8346a6ba180b1fbe3580,bc129fa5a30c1e9f64d840dd6d0e574a,23970,parati,RJ
84f8e654b54b0c3a65c2ff7f08ac14e1,3e00bcc9aa892a783fe0ef73a02b6686,16700,guararapes,SP
9fcb83032e28a4d71c3200004c46f62c,6802a5080e6f6ade0f077d30a4be19e6,38610,unai,MG
e4b6894569fe68e586b02fd831c98f66,9ab7e264a4fe8551657555d5bbdc6258,08285,sao paulo,SP
b3860286d6f0e27b14e0760ce77b11da,81e5894ccebaddd81c3199b57bb52e8f,89150,presidente getulio,SC
24d8bb5ce835d746abf0d7aed090dbcb,eb70e70ab5935a82bf4512d0a08596c5,83414,colombo,PR
4596b32d78313ebf60d4b14a6a95ff87,c985b79a82c9ab8bae718d8b721eb6a5,18120,mairinque,SP
7b2a178190dfc4efadeccb75fc833074,d05f3f809c89f1a915e8f534452b5c95,85660,dois vizinhos,PR
a2351b4f46e79239f0d91736b68598af,0f07f80fc5d33a2d274a55d022b88346,35160,ipatinga,MG
e5a33466701cd4bfbdfc0f03e4cbdb83,112f5232fe48cb7a91ec56cfaf5fb137,01231,sao paulo,SP
3e3cb27f0d01f9763177c6de2d4bf139,393f8eed73a198197061b5e207cb6172,84660,general carneiro,PR
7ff9db4f2c30ad9517c3540905c3203f,81eb2077986bca5eba40d0796490073a,09175,santo andre,SP
dbfcf7c2a286c626b8ab695e310045d0,9b393421f23d98c486ea4f9de6427fd2,85863,foz do iguacu,PR
0cd43fdae479c385b043dcbe71f99bbf,b71c64d5f90f3116ff65fe1327f5bc5b,45605,itabuna,BA
3630d72b7bc768b5d2bb45844561e7f7,1dd925365f97f3447918c83619a02851,07745,caieiras,SP
90f9c01a499464834ab71ad103053acf,f42a6889e68a6c60099cc748300ee004,87010,maringa,PR
495b67cd5a866ee9a61ea6e8b4cadb51,2e43e031f10de28e557c35ef668f9396,92410,canoas,RS
f7cbc5b5009187e1d0983e1ff7a5c6c2,0b20a59951e8914258511b01d9bfaad4,13318,jacare,SP
f6a51667be5d74a02fdb9ed7947ab21f,657592e723013b9723458a09e6576097,16370,promissao,SP
41fdaf0dcabfb53a5556c46cd8cc0a32,fc545111108ebc9bf49eb27c828d25fd,80420,curitiba,PR
e42bf264afc395bc0a0af379bf5cb888,349b84f71fad75601b48f1db94e40dcd,88030,florianopolis,SC
7d3be011d4a41aacfcdc7399e67d15df,51ab4a2e23374ebf348c61ddde74cdc3,15980,dobrada,SP
fe287f582b6ae5c87674e95f6ee11130,50696b4ed7740797be1b00a39330d3b2,32665,betim,MG
a4c35f9b8c018afed6ddd51ddd89cfc6,d2bd93dc020bad315e81f7065f272d7b,28907,cabo frio,RJ
331433a5f105c6ecb2be21818b8c142a,b72e8b036b1f6dc1c09714ba57a746c8,27513,resende,RJ
40caa670ce125e94735468e1f920651f,63b6c7cc322d6a07b8877e785e3769ea,13835,conchal,SP
df688f6c00d2fefeb5a32f834d62fe6b,471c60b2055e13359c7e4f1e180dad7f,88750,braco do norte,SC
e05bcc70a42c95be8c4ba141fc5830e2,89f7c5e3da839cabad742eadf4731db2,01452,sao paulo,SP
092b4a3968d596ad4eeb10b217b87cde,c1d418c446613f769057f6291691b90d,29395,ibatiba,ES
424185caa42b0b2c9150b5e932b89a05,5353c8a648f91104202ed5c674553020,04841,sao paulo,SP
50b34e62e29fac12bf47dda803eb8f31,c9faadd1915c56ef48d8203bae45eb83,22641,rio de janeiro,RJ
b68de45d3c5eb1900313fc2a39259cbf,3527fe1276a408f2cac54f65373c57d4,13566,sao carlos,SP
b57504f62d129f5eefa6fe4a035e0e0b,8cc552ee9ad72129a85b102a7781ac75,65060,sao luis,MA
9f6eee61868a4161618844b56154ff08,702b073491f360532059ba3dec84492f,72005,brasilia,DF
3717612863a607e3b9d0d96369ad6495,0ad89155e038588bf01170fde49b6972,24744,sao goncalo,RJ
2a6d528bdc943b263029c518703f5367,aa45ad0284650e38707f49e82b230f69,15503,votuporanga,SP
297dcf281305aabfee256d313076af2b,13b588da91760a6e28ec9e0e1a2b414e,83280,guaratuba,PR
acebd967d532546739f68217c058b29b,d0af5dec42f3bf160195f5bcb704fd01,11090,santos,SP
43752fde94eac46ec10596d99027c9e3,c2e59e1a9f1b09ca38593689e1df001a,83322,pinhais,PR
b2d5e7dbc57493d082219e12d7c990fb,f202370686e500da7fd98c9d8bed9a81,07055,guarulhos,SP
d3ad5de502066d0628115a3efa4e91c2,16c0e48db67dc6a35c8547d6ffd227c5,76200,ipora,GO
ebfb52120d564ecc1fd3fb67e810af7a,7b9bf77fe1fad37925fd6dc435c6c3e2,13400,piracicaba,SP
0bf8bf19944a7f8b40ba86fef778ca7c,8d50f5eadf50201ccdcedfb9e2ac8455,04045,sao paulo,SP
49e714a43f8bd467468c982da1b1873b,8f69b58a76ee175e4c952315b999ba54,73250,brasilia,DF
5aacad69b368af9f80b1dca61b0f0420,b83ae76d92974fd3fa47d1733211b4bf,37805,juruaia,MG
372f7f836207b31b28bf19651ed09d6e,927f5d7e01917bb3b8aeb3260ca42663,23595,rio de janeiro,RJ
12b9ed9bc1f4f6648dab5fe7324a3d58,bdfe47b4aabb5f74902e1c197e18c549,75912,rio verde,GO
e3f2ac0537ae2216c0a6014c8d1745f0,40cb3346ecab62241f99b0201ac2141f,17026,bauru,SP
9679137d11546cad3825ed2fcda53c0c,236443e1f24706a97f5164057f3d3112,02346,sao paulo,SP
d72100dfddbecb3d8a9d74d3e35fd472,8582e99b42ea335c76a514143eac3bd6,06790,taboao da serra,SP
d11b3ac4700f987b19b93a5a26064ec5,46d1656249779fd10b588d2593b714b8,35164,ipatinga,MG
08433985baf2e7ff94f2046d7dd14fdb,0d2d8749c06ba6dbe3d76bea562594de,04306,sao paulo,SP
e286acbf69751918e6e445bc1e8f07fc,a44636f3316d0114566918bd02ef58bd,04131,sao paulo,SP
b70d76ac08b3fa25a7af749b320e1a83,b153a9c1067a6994ca8b04623a5af0aa,89252,jaragua do sul,SC
5d53cf7d06f7d471c05fdc316fd16736,0fbef9a19a7303d17f80e7ca9f9f9992,13417,piracicaba,SP
304717ed44006118886f66f77cb11793,d9ad5b8ce105bd3baced4648987fbbfc,03025,sao paulo,SP
882d74a40dd3c00c4bf5e3b6ba55798e,01dfe4b4e19154abdebe71e50f52f88d,55630,pombos,PE
9565ff8f153c31c6e79dd5286c96867a,7854f7970842e131840acc349fa20d0e,88062,florianopolis,SC
7bebaaaa1a33db48ca58e50d6af76be1,c179057f564af5f24ea3d13b24616f19,11444,guaruja,SP
02e04e4adf1a4ec2e262f8f942b4b315,ef2b78e26635b6c15eee256b4eece7f0,13025,campinas,SP
9472d282b4d8b3cf62bbc7933b2215ba,820083de6ee79c7fef5528eb251a7c16,74367,goiania,GO
16d42879056c9a5d35f92938b5827e67,e286294ec6c43941729ce495e782ef52,31365,belo horizonte,MG
14938608ccfde5530723a2a70b07d25a,a11a931496001b8371a8b6597ebf26f3,30620,belo horizonte,MG
6d4771e7b12516d2f6b98a6efcd88fc7,0b4f18a0cf7872514b14ebf56c56e68f,13802,mogi mirim,SP
47c6be885d341b573908326d75ef5907,93b2891e6c250ac6560958b7ebb273fe,23914,angra dos reis,RJ
46cef9dfe70a564162da095c9dd35c37,9ea0ef24330ce0cc94e89c650070e735,09530,sao caetano do sul,SP
b160ea16b7e64557b6c6fead0b3cdc7d,d8628783cf93c3fec2a27cbc68e608a6,41770,salvador,BA
f72fbb835edf6b8939d099b436e89f49,e57089718d0b26bac3845c8e2a949da7,06194,osasco,SP
8939f73aea3e791fb6bdc8ee40f6d018,91b4cc37bd28118ddabe8e7692c78f2e,07748,caieiras,SP
54466d649359619778a5951360cc4e23,eb8f12dc51e3b978a66ca593ead9c28c,05886,sao paulo,SP
5ff1cda2413cbc1cef4ea35f9bec1af0,203067f52ddddec9fc294a19c819eda2,88107,sao jose,SC
c715072863363b451f8de00e1b2eb9d4,2f2621fd222f60f52856bd1e03cba286,36307,sao joao del rei,MG
608ca06a0877186cb46883660d1ae256,bf95e665e75a658ab1331b1830faba9f,52221,recife,PE
c5e4bf46280130708fbd6190c1b50cf6,f608ac0878b1a4edd6c861af42ab3746,18200,itapetininga,SP
640a26640208ad6b8098bca916463a8b,f8e17ca1696bd56e7a614d0bae989f91,06550,pirapora do bom jesus,SP
101d39bdb54f67679b8c00266d255091,216ab90e27f18940cfac8f9f02fb4239,12246,sao jose dos campos,SP
db50237cf3062997bb7f609e7ce57533,f82c1244c0c2ab5108d9ded6f48d2995,58052,joao pessoa,PB
e7d13351cb9b5e948ce8e069e6290992,1d31e86216da4f6962b624a439165589,01202,sao paulo,SP
bc781ab7ea64681deb7a011ec776bb0e,0b8b2910c3f96a74c660a10433187042,28605,nova friburgo,RJ
dcb15692eb3de5de08f5c4f51e1ca6bb,e7a8ffe068441eeb724a204cd4b3b3ea,18800,piraju,SP
6385c6427526bce07ccbc4e236ecf817,0ac4a9460c1baf3051ffec5c9021a499,29156,cariacica,ES
6fd08fa27ae00ae1767b76668d46451e,24e3176088f411887030891a3475f34f,85907,toledo,PR
be8bcd0555b36108840f4f4a8dd4f2d6,6e35083480b2a962613d9547f50e8ba4,20780,rio de janeiro,RJ
b8dacf36fb30ff861d84026b5e07c5b2,ff037d42d0344b6729124c5c5fa98e10,78090,cuiaba,MT
ad970b9bf9eb36c6faa345affe1cf138,25cac425f64ae1b78c60c2afae3ec384,36160,guarani,MG
207735d42a0b6ca67f5049af8c1640cd,59d66d72939bc9497e19d89c61a96d5f,02435,sao paulo,SP
3b54d85abc4690d0817b7b18ef469fc4,6f64406ed5cfa4a2d9bd35e91bfd6587,81050,curitiba,PR
d352299ea54f781314939010d505a9af,56eaa5feeba6a6d10e263c858154c465,13400,piracicaba,SP
49b0b78f8fd6fc95605c46e685c4b611,d77caf275e9f22055520d5a58bf0691f,09350,maua,SP
ec5ed55d0ce3f856a71dc2eb71e82cb5,c907cc6d05b62eb09d63c63462a7fa2d,88034,florianopolis,SC
7a3638e2731f92703d9cfc5ef2c220d5,14b24293371e96bdb40f996ad4067cce,03179,sao paulo,SP
2b044b601d13ee0c7e889361d9b3a54e,554e8d1b23b386d3f8e8d1a276b13dfa,47200,remanso,BA
4700d67caf6d4f7e9bf60d730cac3c69,f3feb82c04568172b339d1ece917c6e4,60455,fortaleza,CE
810097a2f77b7dd3b52032ed9d7d3ca3,fc7b10310fe6110e2a4a967fe04c39a7,36576,porto firme,MG
347383eb85480a99e9df0bba4b129093,628bdd93abd27fbdd50f4e2e91ec64b3,14021,ribeirao preto,SP
3ac8f1fd1cdf7bbdcc05ed5385ff7b51,d8baed645243a390538c1b811b7b4995,83833,fazenda rio grande,PR
7fa7bd0cf78ec810d6a60fd27acf15a9,a865a3f8b39809ab1ba53cd0e8122999,04564,sao paulo,SP
a2afcd1851ebd758bcc566697c69369d,cf36ed9ae038c623d695d40cb7ef0890,08420,sao paulo,SP
bc13567372ad405e1fa1c93da7eb9079,e99d46b5ce67a88cb8d7d5225edde938,90540,porto alegre,RS
643ae37af3bdfee8f50a9dbba9d2d70a,04d43094c2fbb612be21d8ebde9a7907,77006,palmas,TO
d70e5eac00a9d35a3cb193442c0287cd,4831f388aaf5dfed43c1bd4455f37eac,22030,rio de janeiro,RJ
2b27fae969b7d2bc173e466a742e50c6,ecdd7200b5bc4a68c5e75117d61a5751,18055,sorocaba,SP
1fc9900fcdc29bc77cbb2125c60e2209,3b49bc7a7e31591ca95280e964feeba4,90035,porto alegre,RS
0d0f6b38e873757a949a9c3624b21a93,5e0aa142dc4760e62a74c1830cbf91b1,29845,boa esperanca,ES
0d443e5f5c30261d76551bd8f689a8a7,d880157b37b95c9eb6487acedb91bc5a,21863,rio de janeiro,RJ
14413e54e206d9d58a8e338dbda158a7,66a6a17474f16d1bdcd03344f41cbc5e,49080,aracaju,SE
a8a72553d270066753aae3e20a8d035f,814d12af84beb46ade17b81e5a01a38c,20211,rio de janeiro,RJ
a1693c7bbde5ca1cd0df54986dfb6767,04d929d2e9cab47785a03ab681dfc62b,24415,sao goncalo,RJ
c017996652c06e2cdda218e87125e17a,b85aeee30d059f6d59decd7ea19c12da,11065,santos,SP
652401990964326fac92dbdf8ebd673a,d06c02b1ffc8eec2c5a45d968354cb19,85010,guarapuava,PR
8e5fb420cf8c57efbdf1632de43b3f16,e752cbd4b0fd0f52ceec3b4cf56cc34b,48930,curaca,BA
13bbb5ef6f8db9469c6bbc69d9542872,3a41ac64aa715256d81e129f02b451bf,11702,praia grande,SP
94043b53a282a595f1d3b5abf5a05e0b,1bb2295ddfa362eca59fe965283b9a66,74610,goiania,GO
e82b65e2b591d7d01e803b11299bf0f4,7c72a48460762de7efe57efe71dd2324,57045,maceio,AL
e8f22ce5168c883e9fad86c1ad0be28b,8e75002eecb2582ef033a5607b196678,94090,gravatai,RS
618815ca1867ab9a2ca1625e2a2ce97b,4f862d03860982b29d39cf68ed8a9d08,19010,presidente prudente,SP
00e4dd8d5ecaa00de8c6671679b58045,b7cee8738797d3056f09669a12a4bea6,35010,governador valadares,MG
43b59dd57875a5c0b3e2d70f13a5baf6,aaae63dbead9bc974a1e993f47271f5a,35420,mariana,MG
d538a7bace15106d359fbb0a2407a429,74a581c080f83e6f518b585fb1779e09,18681,lencois paulista,SP
08185246997b160bfdc98c4804abae71,43255e3df6cda368809baa2fc72872c8,20541,rio de janeiro,RJ
95124b5aa0b79dfde42a211856ed1cd4,8f3ba3556d6b36cd4a4287fe16178bc3,03966,sao paulo,SP
ca1f3487e758f630ec135b5e82d8ec36,57e8d047ad2beffb5ba6943bc16a5fb5,88359,brusque,SC
7a9888a1045d84473d63bcf563b692ee,6ee3895d0b34aa045669a32035ca6016,24422,sao goncalo,RJ
d71a8cffeb2a8ca4ad2375b72d94c8ad,57c7328718a984a6d070841c93386322,13567,sao carlos,SP
f6bbef5ba9eb60e9f08707ff5cded7cc,df2cff8787632312e4f446473c339298,04177,sao paulo,SP
62a2c35611e8757e40fbbcecb3c9b2bd,ff8892f7c26aa0446da53d01b18df463,45972,ibiraja,BA
73f958ad1ba68bf3c7f01cae085ed153,3ed5e288eb859999092ba5da0c1b3128,01457,sao paulo,SP
55fc41c933a49c9b66194cc39a0e57a8,a8afda311e0d5647fea7d28535e1401a,02072,sao paulo,SP
e90f4de54f789cfc0696115e1a0d04d2,0ee985410cac309bb1070cc729288d1b,11030,santos,SP
cb9e924bdc43e5388cd12af920059d4c,ab1a705739ee9a4f0dd7c01ded29ac10,88860,sideropolis,SC
67f5c51956b20d8572f8f24d897941ac,564b79621999c67280ca3374ab6e5f93,74690,goiania,GO
c3ec8298dfec9ba5dce54e6e1e1d99ed,d44af08e4d64c9d0293247a42022d45e,97560,quarai,RS
f15502451cc5bdea5784089fec299f8b,1da09dd64e235e7c2f29a4faff33535c,24020,niteroi,RJ
4a5dc0dfa0d6bb6fee6eac33a4b39d7b,b9ac5718b8f3ff34b2929ac08661f82a,02521,sao paulo,SP
74bee0619fc86a63d3b020f457efb338,8bf46923c2aac6f76fca2c7e19432778,04634,sao paulo,SP
b0b613e9e97d82c42795abe6687ab472,a3d0d7369347537badfd5baa917348db,27211,volta redonda,RJ
976590ccdc83ff872a87a7bb739eb1df,1e29568f5414179b63fc9559182c7732,12120,tremembe,SP
efb36dbe96cd81027a82637df5bbe63d,99663e22dd6a2983a6960248b4043c6c,41770,salvador,BA
2ad4d7bf0d9891d02025ef4c28bc0cfd,df2dffd8fcad76ada93db0d7bd22c212,12940,atibaia,SP
12fd2740039676063a874b9567dfa651,372e0fc66eacb8698e4f9997d366d961,12230,sao jose dos campos,SP
6a5a781047744e73847356aa65db1b74,929b8bad532f969fc414b7831ff3360d,95580,tres cachoeiras,RS
92afe47b8038840f6761684db0da3e40,24072811917876a84c81166f96aed0c1,35360,sao pedro dos ferros,MG
846ebdc9aa938e421601375cc2c28279,d3b95980d0b9abf2a7d9fe0dd1ccb91c,13278,valinhos,SP
8b8cd016c44d0a90a6523a2a52cf4369,986a1b438314437b3314a95ce59000cd,22743,rio de janeiro,RJ
069f1deff35f9752a09c02f3642b14db,114438a2f44252d25fd72c8868b99a63,76804,porto velho,RO
a909c70e103548bc4e7dc1b6c553497c,6266c3e2cfdbd83d0bb08a5b726e3868,32015,contagem,MG
509b47b411bde663f6275c5fa083121f,a4cecd7c493ae3d99e588a79160e3b04,78285,sao jose dos quatro marcos,MT
2d9d35da5b956b2369a3ac7a3e8d3ce6,f3e3f191ceba0f2b732661fe60d43b3e,29213,guarapari,ES
6742f4e8618595952e1efdaa63102e8d,00ec821ef89535a690a072e80387b40e,14840,guariba,SP
122e9095f8d088c0976aca2c3ca49cff,cd53d3004964c6407bec011dc0299ed1,80240,curitiba,PR
658209d1209b7ba76db76dacc08da700,8745d1984c9d93c035dd5e7880ba82ef,29206,guarapari,ES
1fb67b763df136bf1a29f1da8eeb128d,73001c351ae67a6b093462ce7a643b57,95270,flores da cunha,RS
4d32030a76802b9be08e025783f041d9,60d5b1e843f802c530933a8edded92ac,18051,sorocaba,SP
5226615e7244cce7c69845197816fce8,3110339155d740dc64b31e1666952100,02530,sao paulo,SP
d7c6202c81ea8e87b8c1afca9081081d,da2026f844d8833800d5ab729cf212b2,20550,rio de janeiro,RJ
af3d97e75c2923767618f71f6747eb55,62c6261a49af301b1b6238960090ff4d,28022,campos dos goytacazes,RJ
7a79ee1f4b2b1e45b054ef61a44f706e,06a247426fc77f880369ccb79779d3e1,13026,campinas,SP
64db84b65ce929e0a68373aece3e6acd,0e89380610546ea4278427f16f0412e3,09041,santo andre,SP
690ac6352bb46041d9e45639b236c655,02dae28f5d185f91a95c80fb5d6f8c35,01415,sao paulo,SP
36d53e516a44e61c73a33f25619f1980,ff5dc18f33f97199609b4dd60918b6ae,35500,divinopolis,MG
141b475376da0a47c374310837d2be95,cfa6efc7ff62d135a09cc61a0f617111,19010,presidente prudente,SP
ef8f2c2cb3624ff00393c9f695cdd599,f4af901a793f30077e6bd94527ee325d,56820,caraiba,PE
3a560621e7e9947e505bc42ad8321241,fe42da19c1965172230a7bdaeb56d522,04267,sao paulo,SP
af17b6675899e3cbae027434a80dd3a0,302973a9a16ad38163d0f7975b24c432,71680,brasilia,DF
2cccb8ea24cb1aaeb3aaa7710517705b,df7544650aa445b6aab7b6f1e05d89f0,93700,campo bom,RS
3403049a0b038e1ea97ca2e93fd7fd7a,03557ec3821accd6a8dcd5f94933752a,86182,cambe,PR
bf4fe999a2d7bc0465cbd817fac3bbee,9ba98a3b2aa42ee6dcb06da4ef7733c5,08740,mogi das cruzes,SP
1f67b347641be0ada243c88ea88cda6a,82f899571674ff6479053e8e24b17e5f,12307,jacarei,SP
a6e22c9df7242208bd27554da4b6ee97,211973429b3ca75e0d50d81334502de4,02878,sao paulo,SP
913ba50f9cfc946e0c92a9515cc1bceb,c6ea1747a479bd1b6fca22207dccf5ab,11800,juquia,SP
4843357c686509ee6aa2c1ba02aff371,3824835f5cda1b4800195bf62aa571bb,24931,marica,RJ
9d79324671ea20f5452fd06368100c5e,ffbb8dfaa0e54649d8690b85a3ef890d,30535,belo horizonte,MG
8760984f53eafccf312ae7b0feb57400,53cf36f383a2f36273af201486eb608d,27347,barra mansa,RJ
7ebbd71d486f47070362e2e9be10898b,16a860be408af5ee2e9f8a8dad56ef17,70800,brasilia,DF
63635056eddc977d8ee17852c15c50ed,2b8ca991cc465346398b5c96d9c4a58f,30570,belo horizonte,MG
0dd2a674a2b63f9fc54ca6cd83532728,675a8d2a984ea6f86cc5c2d1a45211b0,28175,travessao,RJ
67b040308c4180844a54dea16ef1c5eb,9be5b995f1ace01deb236a6958ac3836,30626,belo horizonte,MG
96e99e9c96df10ace8cb672ce133896e,b0765213c38298fb584fee79eb17099e,55900,goiana,PE
3ace417f46e2feb1f83c8e8ee4186547,08f334e84bc7ab7b588cb7fc77dd7f4a,05048,sao paulo,SP
83a4c167271d0e1fd401e9f18a66d7c7,eec986cd55c7e9216de6c9cbe49979d3,06263,osasco,SP
3d97524e491c9aba1f09141ecfde08d4,5b4f4020c6264b792133c4a42e41a0b3,13483,limeira,SP
69f024489cee2b5586ecdea5148f1038,72f4809be8cdf93685ceaa2804c6addc,27700,vassouras,RJ
e423929b7362dc59bfc3e9dab3acad7a,2ad1ffd24d9373937ac6d1e376e4494d,88220,itapema,SC
c05ffba0ae84172ddd1098226dfd91ea,abb86f8755d3600bb1ffbd8ba0b5d6b1,21870,rio de janeiro,RJ
b671be06b16d469205a87c380a30a09c,6e9535f7b8f9d861b5cb705c525663ff,38680,arinos,MG
cb239c775ed18e6c80506625d452c869,e91d88a8eb7dc07c7f6204ed0150316e,13468,americana,SP
9e275200117e662219ddfe417c986f6e,0137839e600d4edd0949a8ce7c171164,74465,goiania,GO
163fce777143335f91e6fe8b2c3b960c,064d1aae158ad9addc625f5588fdc2cd,04470,sao paulo,SP
146e4280cf2ae3158d04fd3ad83a8b8d,709c55160e3aa901bd65c0a59f49e61a,65750,esperantinopolis,MA
87150b3d9a793f5308d1f02a4a9a29a0,f7a4e3a119ca95171fb62bde4a271c03,60192,fortaleza,CE
5512f32e517ea091e4410f66504dad30,b6355d59bb57a76bd02e96578c5bd407,09781,sao bernardo do campo,SP
1730218f2f64e40e14ed70840f876c88,46f8e31e12ee5d384d6c4a8b0218f950,13040,campinas,SP
c17c6a65a59d3b444858f91b44800134,eb291381e2d0f9e4e40e7f1249026181,95588,xangri-la,RS
70efcacd9228dce2c7f15d3b5c5255fb,e9026b5ac80431f8696d5849b873147f,28893,rio das ostras,RJ
32f933ccfb84e611969e9b44d4ea5739,955426621e97369fc4d9e9702140107c,37570,ouro fino,MG
17be158b549a978345bc5fdc895815cd,65a14de81a0b04d10a45dc96f71780cb,03449,sao paulo,SP
3c3652ffccad55c942f2f2f2f67a6d78,bd5fe79380ff2004f6a3de124d0acd72,23068,rio de janeiro,RJ
89cbdb9173db99ca0b8975af363d7e11,66f5da511d9dfa14841bcc2ea910427b,04167,sao paulo,SP
2661ec0f4f32504deec828788a845b93,8db19347a611f02816b013a82030990b,29109,vila velha,ES
f9cf598e549c30b2eb1663dc5382ca5b,0b12380f101acc59965ed2ddec9dd9c9,36820,divino,MG
401adc576bb58618a2b3d02f760cc4a1,1ed9f26912354b9e99664f00f28cf5b9,60421,fortaleza,CE
928decbd71d845b2a6bf900ec9a84ffb,ed3c13cebf86c8f66d126c828eb5b945,05017,sao paulo,SP
4a6ca65e203304ab05746357bc7b61e7,7aaa326690fdfbb1086e6b6cf4a6206a,04290,sao paulo,SP
3bc3ad02b60f18345617e8ce113f7d1d,d616b371aae4ce572da742372c9d911d,04064,sao paulo,SP
b3eae712d1fa65509032b1e8d2e0d075,d5c85c4f61c544c20917124e715577ff,29116,vila velha,ES
3d74941245d65a43d206256df9a88a89,a37f74cf2de2112a7de0b9e8b305d43e,19031,presidente prudente,SP
c986404d6cdb4c44f42b32e11f5b4296,85b940e2a3b147cde0f6e19990dc5cb5,11035,santos,SP
4bd306eb40db1bbd39f4ee8531a983fc,3b89072eb40baa6595e30a2d4ed1f4da,51030,recife,PE
2b68f1115ff018e29415711c8a9feef6,7151ab1b25efe473683b7ecb51dcf83e,65900,imperatriz,MA
eecede4a74ca88d0adbec423685e4b15,58c0ebd257150bd320c2eba5a4b5354f,60135,fortaleza,CE
607bf1e28bda8abb586b37e68ba5dc7b,d6612e3f1f61a49833a2a0e600a110cc,03277,sao paulo,SP
4a0fe2daf258db32318f5e80470078cd,63fac7c4c3cfafa8fb86d88bc2022ffa,06765,taboao da serra,SP
1d2a30627555e9f9e4948031b23ae4c7,99da07e0f4c905ababa637f19e0840e0,32060,contagem,MG
33e655dd86058bc865f1f3d9fa5912aa,f8ea14322aa66955d27b0d049b3dad79,13845,mogi-guacu,SP
ab8ddcd30a237bdb975f54e291076859,25dd38daca4038b1743a592e8c7391c5,23057,rio de janeiro,RJ
ed1dcda329310c128c46c9d2e4294323,e9e132f365108a6d8aef6a343819c779,04117,sao paulo,SP
c6a33681ab4438171d303107512a3878,cc9667fb37dc18c4b6eff3b0cd5bca0c,70337,brasilia,DF
21a8a91514af3eb4ddc5b2c500b19a4f,a5bedf541fb3d83d3aa1b63e50c929d3,13806,mogi mirim,SP
ee999a46c24288f09a34987a6886ca1e,d43c1a4a9df72505fad488563ad793a5,12062,taubate,SP
2e7c6170cb5ed014b86c1cccdce049f7,dbbe734f0a5b18af77a83a92665595c2,21921,rio de janeiro,RJ
0c322573ba503cd7e758af29de300dc3,f058a2cc5e2d85f398f29928af6436d9,28685,japuiba,RJ
a59bf64f7d48f64246eecc6d4bcc51ce,ce57c0acd13c5d9d052950d98492df93,13563,sao carlos,SP
c61712069fee480dc1e288d0b9019dbb,44394af0fdf8805feb5a03e86274efd5,88960,sombrio,SC
0b7d82e753f361401ca599732423ae82,1d29a14c46ef620ab9328be1fa9ad423,20521,rio de janeiro,RJ
b46150e23f63d6d715074e2b9004ae63,dca8f21f230b3ac4dbc17da24556db3e,07500,santa isabel,SP
81aacb01330a99ba172ab125371d356c,5c76d8bdec8e69f3bf4bcc379e72a865,49050,aracaju,SE
4e9f6517c2937719ea0ab9449c8ecfa7,41348c09a551501117e31f8a4149950c,28625,nova friburgo,RJ
b7039da8de38f21de8833bd957b19365,d9a99b290182aff8db93595d904ab99c,05319,sao paulo,SP
dae5d46fcf3614d8f46d6fa119178494,b6216e2929abf9261e14d2e40f9a4d17,09195,santo andre,SP
5ab0cf98530afe73920c05b432a8311a,cc8df0bacd74eef703f761bf52a32606,35300,caratinga,MG
a23d8dea0a3bd895cfb02b2a56601b03,c94817cbbb720c3cb72f90d90d41c91d,35702,sete lagoas,MG
c26825697ea58cdbdfc193608e320a26,7a03822757140378d053b031276e3031,19020,presidente prudente,SP
7ed90cdfcc2b7f3b2506fc80f81d4e33,ab7ede4bd5b3e2165e7712ae5f45c6c4,17230,itapui,SP
8570f89a7a3d9a32f6c6d33865d41281,4605f3ff1f7465c4e555b2429d8efafb,88380,balneario picarras,SC
47443a10c52e727aeab6b6cae75dbdb6,7f2a5d876d919c76959e14657acdf942,35290,mantena,MG
7fdc7f83bc78ab2261e57b8f0550a710,3403616dd5549cd1df35efd87f2d6683,03938,sao paulo,SP
c2d3185f5df5ad32ea5928c8c4f7ab27,684fdd89d877968793cfb9c8f7ef7874,12908,braganca paulista,SP
5f896bc340a1f2bb50dc88b9f9ef7bd3,acfd8ff3da82f4bb5c8720a5020b82a9,03477,sao paulo,SP
45b660ceff4b3fb644ed71cec139a81b,6447bed5e7c9aa59a6c62a5c4a0e1188,21853,rio de janeiro,RJ
933c5933d4324bed8e5a71e0d29aa42a,d04a111a139dea9a477913fba49267f9,01546,sao paulo,SP
3393bd1427bf03f06c6920825a192337,6406900bd672531a574723c352ef944f,13471,americana,SP
c1a881d78c63de5d2f1762bd7cca61e7,cf4922583bc9464b982a731f35d5ab0d,86055,londrina,PR
34532438b4bd25e285a454257543b521,2cb009fbb4a8d0a75b6f1226f4e6a97f,22081,rio de janeiro,RJ
30446ea2e198de0fd4d7a05ec53c046e,846618f4e6c6867cfcfc9d7591282aa3,07022,guarulhos,SP
158b190d9d408492b1a819f746a2fe4b,d510f10b6be725172fc339fbea613709,41720,salvador,BA
236c0490b8ca680df0093921b3d182f5,22259e5811897acb32be121c6c959644,76600,goias,GO
0c18e52b37750f951f6ff01e8b9fc351,2d4dbc1758226792276e8e09d2e39402,85859,foz do iguacu,PR
bbc078fbe2bb34f9a55897b99fd5c55a,368c6d7db1389ffe82a1decd7018435a,35900,itabira,MG
e995d6e83758ed9aa3ed2127fd24cc66,f0daa3250956b58742e72b3aa7003d33,39804,teofilo otoni,MG
26b371dd885c8ca6b6113b116bb372cc,cf614745230b4fd1a2742102102245e0,04562,sao paulo,SP
b006e4773f5559b450f18627616f92fc,a993b527ac2ad305eb572843b164f305,09080,santo andre,SP
12b78d9eacb77edde80d19b9528bcfe9,c169af26a849e6d6b99ce9cace56a379,12040,taubate,SP
9e251e05bdbbc4d3d7098a5f29c5da9b,2f283ed2159da16ddae8d045726976d7,70648,brasilia,DF
1e7f2e27d15bd03b384838645a84ebed,e4837c6da45d3c6987e923b1e1f65ff8,27215,volta redonda,RJ
f45a4d2cb74a959abd0c06714ce8e843,58a1ba19df4c8c62ae4b91535f7d52a1,15500,votuporanga,SP
30a8b5ade8becba3f5886e3d984dabad,ea20132cbb6fcd3e89d614ca6abfa4e5,26525,nilopolis,RJ
ed728363e0c58db8567c81f26af370ce,07342638d0e0aad32c3cf0efc1a37ba5,35960,santa barbara,MG
4c0af8aa7452a733517e695e7979b8ec,d1c1745d918b9661759fce57da31a2d4,83260,matinhos,PR
e8d5a2b4873087880e7b934ec1c8f1f6,9a90cd8eb50ab8bc5f3539a08aa2c3ea,01325,sao paulo,SP
ced6cf19feb0014bb0c3d2b41efbafce,c97d551073edc0d8962ce1a32e0c4d7f,65980,carolina,MA
cafd2aa4c46d2009f8ae97c20b2ccbed,efa1d1628ae9aca26075d17f7aa596bd,06230,osasco,SP
7ba776dc90132ed69a93b16c4c9b96b3,77c5694f38c891ca6ed31ad377fbc9e6,28051,campos dos goytacazes,RJ
ed1793d2d1e4175d5846ce7ebb4a01f5,12f5d6e1cbf93dafd9dcc19095df0b3d,82200,curitiba,PR
cf9d02b5881ac8b8c6c2c5d4be462589,02d01e34105848c4f70c643817d8b904,87203,cianorte,PR
33ae60240791bd96cb2e94e981759b32,094170026b4a200a44604c743fa595a5,12942,atibaia,SP
3f3aa91e753c454557cb29ee5a852eab,4c2759131ea45bbf124a6fd133ed3114,03138,sao paulo,SP
497119371122f6e5ac13322328323e7a,2489ae1dafdedf8c05b3279146dab4a0,88830,morro da fumaca,SC
2b7ebe86910fa1edb06eced4888bf7b2,e7e7d721fbd6e06b5639641d7c653b20,07858,franco da rocha,SP
6ab5adc744d5c894470ce74466a78a27,40163091ee73ffaa57448cb8e21a2615,15041,sao jose do rio preto,SP
54ef4ab32481f5109378c975bbe5faa9,03cd0aecddfcc5c2d742df0db0103062,28680,cachoeiras de macacu,RJ
7b8ca289129bab18d8b098ca02bbc4bc,688711ace86b45baab9186b99028062b,04362,sao paulo,SP
ac58c7cb6aaceed8322a359c2c9e9596,6f640589ab64054124349b003b610629,06172,osasco,SP
3ace70c2a53c63bdd0f8b12c02b1e4d6,0d063c0af63deb742dfa531f972b8c9d,29745,sao domingos do norte,ES
c27703a50050afbb4661ad22ea030c7c,f35271305526691e8269aa4a915e56a2,88811,criciuma,SC
349c4a594c6aa6384e7b42ebc6d10856,d5380b9d27712e28cc9006954ce55fa2,20511,rio de janeiro,RJ
3eb6cbde029f25aaf299368315f7c8e8,fa024d305fc1efe7ebbabcc5f89ee6a4,19028,presidente prudente,SP
c76de7b6f32b0e9b8576045f3b4e0c99,2a1f842cb8ae9b539a111a3755c8297b,76110,turvania,GO
5f059fa8dad478b357244744aff6e863,a35316e686550945cacf5d95bb2e16e2,04726,sao paulo,SP
7b97118bf4df712989568f4b46c0fe88,33b08ff5fcb0b5bc8d8b9f106bbeca89,89600,joacaba,SC
c9d98f41b99acf97b856907c6a229212,b7cf10028b18da80a2f7628c7734f650,18130,sao roque,SP
b580902207edc5a3b69c2c11b5a48879,6fecb43caacd47831233f478e1285768,95555,capao da canoa,RS
40915d2aa40e340e13b8635cf59048d3,9858c785781f08bd45191d685e5034f3,94820,alvorada,RS
a791256150a6975326b329cad239f6f7,edec9dc5759b4c2c62832162127ee800,13190,monte mor,SP
39a5f9a6741051a2b753e8e279ad0bae,80ce8f0c88f119bdbbc1499b1ac67b72,02938,sao paulo,SP
0c8f1fe40f0c95b4950b37803c3ca0ad,df486f450c1381f138211159ea8c650b,72885,cidade ocidental,GO
56d6226f23b849ac14f6386041dc492e,a327e19095ffb086d25f7ee477c9d3c6,26276,nova iguacu,RJ
e2f6148811e74952ae6014df0032018f,1e05761e47e6a4968ac2ee128b0d42a4,05777,sao paulo,SP
4c4cd07e2f89dea5a2c798712dfd3b9f,8e71966de84d38d80fafa00a3916856b,81720,curitiba,PR
c4eeb750bb290eee0933aa9f859721e9,6ae1442f1cd67099c402c6140b58a918,95890,teutonia,RS
3e46be620fcaf37ac9efd5c713002d84,d42265f040cf881a93d007a892cd824c,24736,sao goncalo,RJ
9f5436553717cfa4a0ea9296e309b856,5142b631250df02f4aadfc5d4c4b8569,66075,belem,PA
98dcae52e819b16ea15decfd3efb3f80,0e1f19da3311d6d51f2043e778b5046d,22231,rio de janeiro,RJ
8fad1c45f7d9d8210fa58f3b754c0932,6e1fbddfe1c29a70a6a91b652ebc00fe,25620,petropolis,RJ
eaf8703c9d2a4ca025cab53e61a82ab7,adcc7fcc48551a2fc5a7965c409f7af5,26700,mendes,RJ
49d3feed347ec8f74aebf675a422a21b,d1d3fd01ec409babb65d01e3d41a554b,22030,rio de janeiro,RJ
e9353d11c4dfb289a1ecb1ebf502c3c3,2a48c03948d46c466a55958469cf6af3,14600,sao joaquim da barra,SP
fde3437df8ad2725ff8d0d27e5173ba3,4a4accb6cc055748abf68dc696042dd8,06415,barueri,SP
eb0c867b626b00b70a9995eb0333ff47,231d7c4162f5f1fb24a3066d21f6bd67,04112,sao paulo,SP
9a1560da89cf53aec2d573c286ba6957,ad7072317d373de9bdc9b4ed5b6c5a85,49020,aracaju,SE
2b35618d386d5d8a6aa0a063343575f9,194be31520cde5c527bad17720119e85,18150,ibiuna,SP
f3d920c8e775b5e543f2f89af5969774,0e92bf88ae9dee532115fb3adc7f5ea4,13480,limeira,SP
890756905264b648874867f666812c4a,417554820ba7654ce21af667f85cf0a2,94828,alvorada,RS
b6467fac41936c4a861f613434ac379a,87a806963d11bd793c835934fa8176c7,60060,fortaleza,CE
f851a04dcd8b9fde66d04b3aa11adbf5,d7706368f76ec8ce840dd29ec1e2060a,40330,salvador,BA
7f5dca9152f748239a118f4462ad2c26,286d8f01f94a8061cef05c7c49efd8a9,04475,sao paulo,SP
bd2c13f9aff19c6adfe232373946e6ea,1842d12ff8f27b3e8a95f5a98a14dfb3,97032,santa maria,RS
d7109f11469a12c911531a1d40e078ed,c47b58b984cd3238a7ce406515b2467a,95330,veranopolis,RS
26da56b4fbd69a10435bd728443fd107,6bff15aac94a3849d47883072b231b86,11045,santos,SP
ebdffd2b36f13a7dce4024f3fe0f34ed,58fa2424e2ddf35e24d45cbda2075317,26430,japeri,RJ
f559081f10290cf844cd5875a8524e18,7a2c6e92264ad14c7b32843979ff2925,21340,rio de janeiro,RJ
d8e4206bdc1de8c2f4726a17f28ada3c,c8cae6305e45b06018aa53b56c048ecb,06535,santana de parnaiba,SP
050f6087053bfb249521d6910798e274,a160253d2a6e0d66453fa6c5dcb69ace,08120,sao paulo,SP
1612f32963e9825da1018976d1c9e8fc,0e2cdea5b5c9dc617ad5a66dea978812,40375,salvador,BA
a2591f825643f634e74804d71261369c,2ce0650b500ba0f95e44b3481d435520,22010,rio de janeiro,RJ
c2c75371ac7de122517db15e9765379b,56b479a26c2aafeba20e05b7e1fc2bee,12180,natividade da serra,SP
2ed1b5c01561bcf39cc2f1566a8ac9f1,ed05a1bbf9f8816af23fcc68084bb87d,06806,embu,SP
4f4c1fc9acea17a745dbd2a0eed70403,a8d6e32507de96713d398ba0fe214d7e,72800,luziania,GO
a1344b860cab384242be3c0ba0a5e4cd,b4a76bacd02c4823afd23c34e8ea92e4,89022,blumenau,SC
8300b253882166d54df794107d32f0bc,a09a3b1eec6b18cc3e3235d93ceeed29,01205,sao paulo,SP
6010134991a5c1a1d48ad3b34b1f3307,891bc63d0e2d66187153168edc28a8e3,38412,uberlandia,MG
a4555d257db29ef5f838cec4101c5208,f7be9bec658c62ab6240b44cd26c0b84,80030,curitiba,PR
caffbdf4d70c0457c26b7f2c62c1fa8a,7a372481bc2f6b080c0c860d6836b39b,37757,poco fundo,MG
1bd05d9a0031e8461d15550893d9b85a,13abc50b97af7425b5066e405d7cd760,07793,cajamar,SP
7017fa825bd6001972c6e406b05e6cb6,29290cdbc0b7174a6f480487e2041430,03024,sao paulo,SP
7fb62e47282b83f023cf1fef8d8309c9,48f2f72862e37acc97f50b4484ee2af4,04319,sao paulo,SP
9289d8bcd95805bc1ac27c949a99da98,ec8aaeb3869352e348097f26f4c49ee3,60864,fortaleza,CE
7ba8bdd359b397be54d6e280b75b0987,9b03f2721fb73962781bae9322b0c071,35650,pitangui,MG
