order_id,payment_sequential,payment_type,payment_installments,payment_value
b2349a3f20dfbeef62e7b31baa22f84b,1,credit_card,3,136.71
d574338f566ca28dd67820f48ec1f1d8,1,credit_card,4,278.22
f75666bf6c9e09f6b3f4bcd797b57a3c,1,credit_card,4,97.28
14d9794bbb53614d12cc2df6a045f82b,1,boleto,1,116.70
73596e67516934a7fe64cc6ca6d75545,1,credit_card,3,62.11
c8ea1ac95f4f994f94fb57e99dcca985,1,credit_card,4,49.01
386a7bf9de133efa1516c4145330f3a6,1,boleto,1,90.62
af045d3e5d7082db57d5b5dde3c0c97b,1,credit_card,1,41.42
c5bb91ea2129a21a4f424d356a4d28fa,1,credit_card,4,243.62
5accb23a030458bbfb5eb669903f05b7,1,credit_card,1,35.40
0b3d8a1bbaa4e340e25adfd640f70308,1,credit_card,12,190.09
21b966a378471db65c18fa4ca20d6800,1,credit_card,2,132.82
dd3d73f70b77e2a07f64360620621ca4,1,credit_card,5,262.94
5d5b8c94e2bc6b963da5af8a4b02bf08,1,boleto,1,80.55
1634d04100d187e0f985f2eb2909cba1,1,credit_card,5,105.38
12788af294f51dd5ba2aaed208a45969,1,credit_card,1,77.89
1475652ad485c6469bd02393c70fdaa9,1,credit_card,2,81.73
3ac963599c50b9beedbcebb47eb33af9,1,credit_card,2,123.04
6b64cb311a0d5baa18bc37ead02d657c,1,credit_card,1,55.91
5a359fd847978055438c2563b425d343,1,credit_card,3,191.93
c9677a4babf96837ee697317b7963a92,1,boleto,1,32.77
cb5c4ea12e93c16a94c2bf3dbafa0fe1,1,credit_card,2,50.90
6e2b63d5084b319e8d72270b7882e119,1,credit_card,1,133.64
374a125372cffb30e8e2df55f8448da4,1,boleto,1,73.03
f7535fb641a71ca3e0a6f2657dbfc51d,1,credit_card,1,131.94
0c1457493ca1492c4a4417fc278605b0,2,voucher,1,50.00
7e54f2e2af1f04c407423998a9812c73,1,credit_card,1,92.80
a43482a55cc8d11f47b25992831a794f,1,credit_card,2,154.38
d7c320185a2f9b32f5e2370ff3f8bd64,2,voucher,1,3.90
c89d81740da0f2eca4cdbac9c558ed6a,1,credit_card,10,116.85
3ac0423d1e7e335f83c8fa3600ae47d7,1,credit_card,10,189.21
ba3d713d46b9dadf35bf0ab911b06408,1,credit_card,1,85.60
94a01dd9a6fd7d30b879bd61b85a1c00,1,credit_card,9,94.30
7525e8f8b1a51d44f9912ce81146ac7d,1,credit_card,10,221.58
36ee5e5872c5ae9c20647fcc29511b56,1,credit_card,1,86.31
28a1ff56441c9df5d5bfaead83cd76fd,1,credit_card,8,326.38
34fa8bc180c03d1b4c70250bca0adace,1,credit_card,1,103.55
e54493dea108e0cb48f3571e1249d418,1,credit_card,1,111.98
15360da03a0a021fc0e712a2d11f3020,1,credit_card,5,54.09
53e92c6a182704806c0b00b02f89ad32,1,credit_card,10,193.80
33053ee45764f34778295ba8a0a4131d,1,credit_card,3,195.00
4eeb7a26bd818dca75553383c9ef857c,1,credit_card,1,64.09
9564498225916371a8670c3b0253ea81,1,boleto,1,177.32
b5569f238f8225742a0ca65b827d0456,1,credit_card,1,243.45
56a726fa0f40d3678696e62aaed9690d,2,voucher,1,33.05
a971cf0a515e6051941bd05ff3efc0d7,1,credit_card,5,102.27
058afe6c6322b4773393a66003934493,1,credit_card,4,245.29
a1b499a72aca650e451a357f1eb45c03,1,credit_card,1,59.56
1f59870d6111d909e3c3f511d4d6dfe2,1,credit_card,1,35.34
510489aaadbd8f7064bc8f433b222de9,1,credit_card,8,340.72
85951c338d992f64e7abac3d611dba6d,1,credit_card,1,70.89
a8858a23008217d160630ef24a83f155,1,credit_card,3,74.16
b7e339d3c4aefa73f6e86875b78250f3,1,credit_card,2,147.61
463cefaa4147d39621500e986396b5cf,1,credit_card,4,196.72
8d362590a388a3c9c7de2dbb72edc957,1,credit_card,1,32.42
3d6002f122e72a5d6e07d4c54e79e3a4,1,credit_card,10,154.52
e4b2030986f453ba45c63a508073e3d3,1,credit_card,3,253.07
eed5f84919d668737e50dac75a4ebbd4,1,credit_card,3,195.48
f964ec281f9f4098870fff22b6b74fec,1,credit_card,4,47.51
844f01e04cbbf8ba9a2ada9f036eb8d2,1,credit_card,1,42.69
775eb0ae1891c8dd8f12c2f8c6850006,1,credit_card,8,1326.79
e547c4009f2792489ad11ee1d89d13de,1,credit_card,4,45.09
bdda3ba1c505bc39ff2117e340280a74,1,credit_card,3,141.67
4a38745716bb4884b76fd3a12ad5cdd2,1,credit_card,1,87.71
33ec97b423d769023dbd71f138aca94a,1,credit_card,10,1381.87
058ac520863d0c0d57e3cf920de368d4,1,credit_card,1,40.22
67730eb2f9468b8c6eb20a45dd477bbd,1,credit_card,1,5.99
a1cff9f46b83ac0fb525c755e46851f8,1,boleto,1,148.35
af4e2e186d1553f35c402a9e153f9444,2,voucher,1,100.00
d736797e446b9c7bc072d55b49748180,1,credit_card,1,92.50
d5f1b4c2e52be04dafb9cdacb1b86921,1,boleto,1,89.75
b094b88a36a6a907eb40730b9382cbb8,1,credit_card,1,48.29
061b74bca735bb2c1953e40bc098101d,1,credit_card,3,98.88
69bfec47c3230907ad9552f2f1e0c690,1,boleto,1,41.50
35444785eacb17aeda6810ebd8dd188e,1,voucher,1,67.96
29cb59b155735e49bf9d85d37f7ecd79,1,credit_card,2,77.75
bc69b5e9887af14f06d598b85ab607df,1,credit_card,5,71.04
1b0bc119ea5ac37e73e2275afc7904ee,1,credit_card,12,1543.25
338b0cffa439f5e95d42cd30d7ace847,1,boleto,1,190.40
4c3e9e2bce3a3234a9255f390683e3af,1,credit_card,3,313.20
a40660e306af15d3771b1b2e0a3a75db,1,credit_card,1,84.14
a06a669230c816de8d78362b370dd46a,1,credit_card,7,91.03
ac2a626df847783c310f77108af182ea,1,boleto,1,244.15
43df7d0ebdaa1d4df7b8f25e2fc50fd8,1,credit_card,5,228.59
adf684f287283640cb375a2e8ada8c82,1,credit_card,4,294.42
c46a116ac9c84425011f5e56acb66c85,1,credit_card,1,106.21
23a9867e2ef4c3cd636e7e275edb0252,1,credit_card,10,351.33
47c001ba3d3d57aa11d52c45995d9e11,1,credit_card,2,73.15
5261141ee2f17f6a0dcb5f7aab6acaec,1,boleto,1,133.46
8092da256aefda13b330290d2ca86521,1,credit_card,1,105.26
6858998aecdc09bc7b5a8ec2d79d21ff,1,boleto,1,87.25
a54f35a6dfb350a13c6410aa276e52d8,1,credit_card,2,149.56
3c32b5ee0d19331febeea91a6fbf37c8,1,credit_card,1,51.92
32219b8b14d2170cb4d16cf24c5d6025,1,boleto,1,85.15
701ddcb0eab1d32958b3638a5e8c4e97,2,voucher,1,8.66
f5068e06e9de577bdbfcb519ff9fb5c5,1,credit_card,1,192.30
3bdb4a8f9e391c81696a80c1bf7c67ff,1,credit_card,1,61.46
a9b0a7015644d713589e4836e2621897,1,credit_card,1,161.50
b6b7ebd3ab897684bb22eaf084f8f299,1,credit_card,1,60.85
a5c654c2a0126153f98af71a65a159de,1,boleto,1,115.72
674b530698f9bd8a9167b30ed86bd51d,1,credit_card,10,229.63
dde57deff5c66be4e59c0da19696ea50,1,credit_card,3,128.89
8a7c3a3a48dbc1c76fb4e7e5844d5584,1,credit_card,2,249.54
f179e0782e0180bc2ec9ce167d4cf245,1,boleto,1,94.44
85b58bb30d219374cf9cfdebbc5fbb69,1,boleto,1,71.71
81e4c4d7594a8111a17da1f1b399ba07,1,credit_card,1,106.38
17f1a38cf243632b938f18aa6b80928a,1,credit_card,1,36.69
f28cf65c040ec0031234f04085debe30,1,credit_card,5,218.06
d142143fa24d4a2bef6ed627060e7754,1,debit_card,1,73.34
d077407f0f6dccff3bb4224b3aaec82d,1,credit_card,1,22.29
e28a4c66f1484567d1e42b3fab64d923,1,credit_card,1,0.72
3b8571d1b976c25db4b555a5f04b1968,1,credit_card,1,37.79
bc8015ad7d68e2f870c4b6f319c88f0b,1,credit_card,2,113.71
4f7801b0527e8669f25d2f5488ea8a58,1,credit_card,8,243.52
ccec592b58e122dc2bfc2305152d9603,1,credit_card,4,81.01
67ff89e045f61cd73790e9866d3dc6ea,1,credit_card,3,150.60
912806f58b85a8b3b9a57757227c9a36,1,credit_card,1,258.90
0d4a43cf7b7994e0a782864d075dc842,1,credit_card,1,37.38
6e273ddda8f080e930bfd87f011395c7,1,credit_card,2,60.34
6c5668e3fb9c385112fb6ab07093253e,1,credit_card,3,192.09
eac51ba7a8bd2abf757e03c95fba700e,1,credit_card,10,121.46
ea967d0366237c813c6b152725ad11da,1,credit_card,1,211.12
4973b3b81af1585534c0b3de209acec6,1,credit_card,4,207.86
4e204da6cc8b59dcfdc532fb5a9281f0,1,credit_card,4,109.22
9e635c54c1b48e4a6c2dee84d2f4f11a,1,credit_card,1,24.75
34d91b022de394cf98320a2109457501,1,credit_card,2,122.12
bbf4d375e40f5e365a316b81b16829b7,1,credit_card,1,72.98
3630513f30286ed696e4a2e36c79ae3c,1,credit_card,5,105.74
aba3d283b846a03d398d549db17b649a,1,boleto,1,26.78
298ee4d77c0352fc41f432254afdf1d3,1,boleto,1,45.70
47c6cbb371cb3681d7d52cbb6ad3f94a,1,credit_card,2,172.22
ee02295dfa5d0519664c1dcd4a70e87f,1,credit_card,3,87.76
86e15c44520932e049ca96660a60b776,3,voucher,1,20.00
0c13a63ac0ab32f6187a8347b7a3ce2a,1,credit_card,5,55.32
f90bee02f28c0067f1eaacdf188007b4,1,credit_card,3,201.45
8f57cd376d453764bfae6581f236952c,1,credit_card,2,30.84
32931b358e8eb9042cf278a4e233321f,1,boleto,1,512.90
b25e83776a0bf6440214b6258416e4e1,1,credit_card,3,34.22
51c064ec2d79d398b30db3f8e1de8ec8,1,boleto,1,38.63
c6eb5dced200e49271f44b142658b6bb,1,credit_card,2,41.93
582ecddc80251f58adb996143e81d6e0,1,credit_card,3,264.59
aeb70ca14a984230b34a6cbf48fe6d8a,1,credit_card,8,184.10
6a7a8e304ef95be2494384f8d2557845,1,boleto,1,283.22
1d1cd1be4eb8ccedea997348b859065d,1,credit_card,1,1427.04
f939e2a89376e44158657a15465cacce,1,boleto,1,308.61
af4e2e186d1553f35c402a9e153f9444,1,credit_card,10,187.06
3f3f8127c7e0537f9f74550f3504f93d,1,boleto,1,51.22
e007ef2d77cc1e7082050959c1cdce54,1,credit_card,1,122.50
edad550f8e089f9f83f9826bd21f1095,1,credit_card,1,76.08
b26aeba3d93317ee71f2902c276eb992,1,credit_card,3,84.12
14f81abb54984ba116bc1994d6a34b9d,1,credit_card,3,31.13
d99c72513d6238909b57399c840fa8ef,1,boleto,1,97.75
ed6878f64d1bb00f07e210dfaaf9e4d3,1,credit_card,2,75.73
3b2124c60aeceeefe963adfc35d0310d,1,credit_card,4,99.55
ddd2d769f053c55c39e69fcace5f5eb5,1,credit_card,1,83.24
6f433e1b5764eb255869aedbee1b9d72,1,credit_card,6,162.35
78ed31442f1dba103a38d372eff51503,1,credit_card,3,77.57
a3ed04e61d69f848fe6fbc4c904d497c,1,credit_card,1,37.72
c4dad201936ed30eef3c94fafa59ed6e,1,credit_card,1,267.66
69f54f52631eb8ea8bec66cb902cf54e,2,voucher,1,14.32
1cfb97c2bd23fb8142435ff6c9ac2f84,1,boleto,1,149.70
23f8d85e1bed4bc79e3b7e9f7c2d6437,1,boleto,1,59.22
a083f47f545711fc05940d0be7f5ca38,1,credit_card,3,190.20
aeb4ec5f0696847ed2357f26abeb5a62,1,credit_card,1,31.33
db7d019ce87ceb1539bd37353ab408ba,2,voucher,1,100.00
186a0845cd1b679057c8b0ea86931e2f,1,credit_card,1,705.00
7e03ea2749db964d64386d5ba76cad36,1,credit_card,2,140.56
8ee4b4546da4178fb73e677c628a74b9,1,credit_card,1,55.74
4060a8c4cf4cdd2f9ffd6f7af3930fde,1,debit_card,1,146.30
d0462d19e9c58af6416a06e625c58f13,1,boleto,1,557.62
88b40db56f2c37efbf1b4e83db2b40ac,1,credit_card,3,36.78
bb06ae08acf9f68602e0b913282b62bc,1,credit_card,1,178.47
6813024343da715f4461d785148f298e,1,credit_card,5,237.07
beeff7037aa708c19973290382629a4c,1,credit_card,3,222.85
77d599900cf351da04c8d0f7b5ade74d,1,credit_card,1,163.06
c5b4cf4aabaf93ce294452d114ae22a1,1,credit_card,4,84.59
1ebeea841c590e86a14a0d7a48e7d062,1,debit_card,1,39.10
678563117c6bcedcb0f9d98e8f3faf23,1,credit_card,1,1.15
0c1457493ca1492c4a4417fc278605b0,1,credit_card,10,106.73
5d05467df1b7834684fe4c0783f5db1f,1,credit_card,3,40.92
d44df0d4c71052d8b2a3bd5c50bd42b5,1,boleto,1,84.99
082143e4f5f63e4e768aa4d5c70d0d02,1,credit_card,6,78.48
2f530dde74c88c4df00b7767e76f7542,1,credit_card,1,31.99
0cd0bff6841594d9006994fcfbf3e44b,1,boleto,1,32.10
04bf4de54cc6a9145f3ca780b9f45d54,1,boleto,1,76.08
9a3e437ab219133c20a7033be9087edf,1,credit_card,3,164.21
db29d18874ddbb8ca9f062c7b801a4e6,1,credit_card,1,89.41
999ecbda5d7b314b856c71e7bb73d8ee,1,credit_card,4,384.70
65beeed06eb791b6c1026364455fdca3,1,credit_card,1,45.22
d9ff0185a300435402f043124f530274,1,boleto,1,70.24
34fe5a39b9e65ac47aac2872c3538c41,1,credit_card,3,264.88
3e0181129c289a075b9cf01aae3ed86d,1,boleto,1,82.73
efa967efa40217c320aa7aa2954ebe52,1,credit_card,7,455.74
c69a4e800792132c8c39b559c8cda572,1,boleto,1,35.71
4a84096c064c8cd3d887cf815a923c06,1,boleto,1,183.29
8d785027a8353d2f17d76f05b73f86ef,1,credit_card,3,107.01
c2e3ee5ef901092148e19caccfe10ffb,1,credit_card,2,56.60
00c9d0257381c7e9ec13b4505f25b2cf,1,credit_card,7,387.57
cecc2adb5fc43cab2bebdc7c23906c0d,1,credit_card,10,252.99
3d47e0476424fd50eb22128e64571e97,1,credit_card,1,190.71
a08d1f4b300c3d7ec52f5f9a74234eca,1,credit_card,1,57.06
8daaa9e99d60fbba579cc1c3e3bfae01,1,credit_card,1,26.07
9fcbf999818b2fdac16197fe22bd2bd1,1,boleto,1,31.75
d3eb5011f10dfdf72c225f0c2030cc3f,1,boleto,1,288.18
b882b5c0534fa68c690e739dd788512a,1,boleto,1,320.28
48152543286e71de6452df5ae4bd069c,1,boleto,1,65.14
3ac5f81cae4e0191f17d05323fb9ce6f,1,credit_card,2,44.09
a3c65630607c982f54a3df86ba0ba76a,1,credit_card,1,21.40
b1e7caa2d22ccc061ebfed60acc21b34,1,credit_card,10,270.54
85f264b7facc04c8e6a719c30eb273bd,1,credit_card,1,87.26
cef5e3ca97aed8bc63fe5f55a26633a6,1,credit_card,2,77.57
4089dcf1cbb89bc02b04c143c7dab499,1,credit_card,2,636.46
f7a4be4d6edb66bd0e62e91e1bbc9061,1,credit_card,1,66.99
ea77eb4f349110679bde0e77541dcb2e,1,boleto,1,137.40
758f87ed332796046d9312299cdf1e5d,1,credit_card,2,35.86
701ddcb0eab1d32958b3638a5e8c4e97,4,voucher,1,5.18
fd93073bf4bfd856573cfca0c959483b,1,credit_card,3,36.45
edca1e6e5049a09e73c18ba943979a84,1,boleto,1,365.13
70635d01f32a4247c5afa2052215d892,1,credit_card,10,117.69
70aefd12bdd5391f02011072c16e6801,1,credit_card,1,0.42
67c2939389900ee5ef95296df8691336,1,credit_card,4,53.55
cc28b66895e0f6bfd7050ab5bc7b39bd,1,credit_card,10,1589.57
74a73605b5d8e00f1692a308a2ea566e,1,boleto,1,53.00
f6b066fe810a20c879b7a4aa8ffd30af,1,voucher,1,24.68
678563117c6bcedcb0f9d98e8f3faf23,3,voucher,1,23.50
caf1e4cf5f0a231f4b65e485884dc4aa,1,credit_card,8,342.02
4eb910d27cb13ee96a5e5c6dacfe4e4a,1,credit_card,3,82.73
a0ddb810bd79dc15910dcc56a1c7f3cb,2,voucher,1,50.00
f8fb768a4889846eaf601b29827b596a,1,credit_card,4,107.75
1cc1289499f63feb5febc86506a7052c,1,credit_card,4,42.78
3cc57d3144ae8df639a05eb5783f872f,1,credit_card,3,161.10
5ffc7455c07cb79260d36024277e417a,1,credit_card,4,49.04
ed09706e867828c762e46ad418d064d7,1,boleto,1,323.53
883915e4c377d6f9192fad3ae5d4374c,1,credit_card,3,180.86
4cad943ab8ba8479347dd102125fa87b,1,boleto,1,118.90
f4e88b3ce1eb899d388467aa702fdf93,1,credit_card,1,20.71
be09f109e6aa72ccad1f72f521f8d525,1,credit_card,1,128.00
0a14f9fc5324099db2a5418351592675,1,credit_card,1,85.24
50d8c54f968d5b38446e26e018dc89c9,1,credit_card,9,261.42
5c2d1d55c31db1cbe069dc9b6454b897,1,credit_card,4,117.45
aaa69c5aba2f6b490490257c4195e5b7,1,boleto,1,138.60
11f0f637c5a38b66abd963cc1926f152,1,boleto,1,60.53
d8af11fee1f5a13bf7b3584b9cce55fa,1,credit_card,4,42.00
20a2e132c352b08f18529a9478c011c1,1,credit_card,1,41.09
b8b331821864531800f736e470ad836b,1,boleto,1,193.22
0794929f95ad2d3371bf525e22a2603f,1,boleto,1,181.47
8e806cca085990fdc8483aeb130d1330,1,credit_card,3,71.14
5f7363eba95d6b80c0b0d44e53193e0b,1,credit_card,2,77.38
6a8400c1ae628fd6e3770950582c8b99,1,credit_card,8,404.17
5ae5a2d65d23cd2e0d8a1ca9b0c5a3bf,1,debit_card,1,117.49
0c511eb6cecb1f110a807dad27440c81,1,credit_card,1,65.50
65b5697d10acdb50f0d5ce555c8aa46e,1,credit_card,10,610.96
c1c72f2ef4448fb419f0f87a2d092003,1,credit_card,1,44.63
d4c324a61d74cbf91304f5c193b5d788,1,credit_card,1,79.77
996d1a75c8dee7aee3b0cb1d82b266be,1,credit_card,10,373.13
01f74145603bef2ef33949099b48ad28,1,credit_card,6,87.64
fe421e7d38d622aedc8ca97d58771ea6,1,credit_card,9,138.17
019edbdfeb6923e55558362c2b84ec37,1,boleto,1,78.78
d2f87ac39d8b31e615528ca52e5c8434,1,credit_card,4,42.47
bb7c0440a98c76223de17ef728484ce5,1,credit_card,2,91.50
da7b74f9f21e34cc002c5910de20ef9e,1,credit_card,8,566.19
f49ac798b81a51189639cb0a04d2bb69,1,credit_card,2,190.98
09f58c00f941827ab206de7796785e44,1,boleto,1,17.62
9bcfea969358b43046969a17bfa436b9,1,credit_card,2,285.54
2ae0d5789dfb9195d410a8b56f7cc75a,1,credit_card,3,185.94
56ef80c564f6fd57cc662adee0379746,1,credit_card,4,49.42
8f3a46cc0e9d362bf43dd339e4379615,2,voucher,1,28.89
2dd3e9627a0cec07b3092f404934ce6b,1,credit_card,4,78.38
97cc8153b2e7c816783e0ba60083ea67,1,credit_card,1,63.42
0fafae9d817a5c3ce897f22d801b7395,1,boleto,1,96.33
822f778d1cd09285df832ee2cf65b83c,1,credit_card,1,34.85
4d552c5c82094dbeb98a8048f8b31adb,1,credit_card,3,214.41
4079df924e51e553825e62f9f8995d59,1,credit_card,8,239.90
c8bf388d81617b961b598bc9b8b30811,1,credit_card,2,199.79
7fb2f6ef625bf7ef303f984bd8cd2267,1,credit_card,3,134.63
c8f14c24a3948d96d4022f50b14a0034,1,credit_card,2,110.33
6a840170ff9f5c99f069b8526d8c21a9,1,credit_card,1,72.38
76bd9ce8aa3ce93bd913f3ec17f66790,1,boleto,1,87.37
d601e6f65e3bcb215434cc89fd9b2f68,1,voucher,1,16.61
4269e9f98b1e74f0732bc93de6aaca6f,1,credit_card,8,331.21
c930f0fb9c6fed6ef015de48ea8dd5ea,1,credit_card,1,50.68
fe60bad9c284d296c50b267f32a70da8,1,voucher,1,103.59
fbf16cb7728cac175e1222c7d73734c6,1,boleto,1,78.51
11200294ab90161f54f7effdea8d9466,1,credit_card,6,103.55
10a4af81f471c29f5f5d3864e3c8dfab,1,credit_card,1,43.62
c90735c78d397563ca13855251a0b5cb,1,credit_card,4,41.09
0071ee2429bc1efdc43aa3e073a5290e,1,voucher,1,100.00
20edc82cf5400ce95e1afacc25798b31,1,credit_card,1,54.97
4cfc21861f949b1bb4f23340193a2138,1,boleto,1,131.43
5a6816abc699af392f8a2520aadf1cd9,1,credit_card,8,207.65
b4a600b2f7cc0efe40a086465eca8799,1,credit_card,8,709.93
807af8ed74954311649aa47a52ff3061,1,credit_card,2,178.22
ccec592b58e122dc2bfc2305152d9603,4,voucher,1,7.72
64212621110bae7f5310d5737a9c8e53,1,boleto,1,122.50
c54d822dcfd0f7c672574a607c9403b3,1,credit_card,10,719.74
8565434e7b68f273260f208a1d2c2aa2,1,voucher,1,33.23
f54625bd1c01cb2de21cb256de818cf2,1,credit_card,6,95.34
f78a3a22a7eb2580aa261454a60166c3,1,credit_card,2,234.05
1b00c4d80c81cdbc36487c96c6e92f07,1,boleto,1,112.92
ce678bd6591f2487c9b4f5af45b4619f,1,credit_card,1,419.06
61fbc4a76e5b3db28d2dd737ace32716,1,credit_card,1,321.49
0f47f9183ff34c4a76633181b380acbc,1,credit_card,10,598.17
75ad912f0b81298161aeabd41c9ee843,1,credit_card,1,137.20
add3e322151e47705826b60fbe20356f,1,credit_card,2,26.00
1ee5be25d6e54e1ea3c75d3fc9ca3d6f,1,credit_card,10,249.57
07fa3b6d7ec7fa27de9d00bdc93d36cf,1,credit_card,1,75.42
7208fb539f856e3b18b9642be7249e83,1,boleto,1,43.68
12231ecac809d329ff8a11fe2264697a,1,boleto,1,37.78
055eb7e5645d86bd278fc4f419622e8d,1,credit_card,3,156.08
17f97d000b0ebd36b6dbdf154b0a3d7f,2,voucher,1,15.11
d7c320185a2f9b32f5e2370ff3f8bd64,6,voucher,1,5.69
c5ef8c0266eff0d27d9d8f279a2e85cc,1,credit_card,1,41.75
7b497afd7e9512da3d6780bf6b5c9971,1,credit_card,1,166.59
622e1ac05d77a0fe978afdbb3d174017,1,credit_card,8,518.77
884cb4ce4a06390d35206de06f785d13,1,boleto,1,24.38
66fd8efdb13221da1b5d53392e52e921,1,credit_card,3,60.60
841a1c15177c6184088d268bc0f263f4,1,credit_card,1,166.29
037e4ea044a589bcfbceb43210ba7024,1,credit_card,5,131.94
28f079a1f1568fda3a17841d6fe48390,1,credit_card,3,66.54
1434f15909999c1562d1c4a24a4409cc,1,credit_card,4,84.23
343d749914bab05f8c752813a075ef36,1,credit_card,2,141.23
7588fbb6c9001d45b0f2bafb4be7ef56,1,credit_card,10,154.92
9b91ddcbd6cbceb83d4fd2462ca1f95e,1,boleto,1,19.62
cf3cfafe8fbb8682ce65fdeada4749f5,1,credit_card,2,55.24
3dc2e037b872ca03f5b91028710abae5,1,credit_card,2,155.17
475f773f6c0d909e49b758adb2401e3a,1,credit_card,1,57.90
ee3e4667c7774f7a6b61e1990ec78cf4,1,credit_card,1,49.77
f064e104da3589eb8d9fe106c866b953,1,credit_card,3,68.23
7ead6c8726098bd70de2b16cac42df74,1,boleto,1,69.94
1bf389bed4651ac01500f40b2dbc7f0c,1,credit_card,5,245.34
43d29c6fc78c31c80080d85e5260a9fb,1,boleto,1,19.62
e1000df659259b29cb73a4798ccd7454,1,credit_card,1,84.59
fb63c6ffdd965418ce463c165f2f0efc,1,credit_card,6,65.62
8736b69cbb962e5cd374e33521430db9,1,boleto,1,34.51
50eff1a80cf88f66d317710f1b036b36,1,credit_card,3,34.86
a9b132fc9b030211c2850f5495dbbd5a,1,boleto,1,63.10
49410e2fb311cf8b70baeea98a3cdbf1,1,credit_card,4,47.32
36103705d12a975b5d3355253253f7c1,1,credit_card,10,106.38
21f3d0f22004d8bad479ca281e1f00a2,1,credit_card,5,56.22
f9e254c56ad8dc27d6fd34b26f94711f,1,credit_card,1,27.29
44bba9f46db37145d420ff8e02b679a3,1,boleto,1,26.77
248f06491b94081a333b97639693e59f,1,credit_card,3,177.44
c60956035ba2a58820be572c70648e28,1,credit_card,1,86.33
9160545c698bc7e9408b84405166f60e,1,credit_card,1,65.04
18a9ccf08fbcc3c0bf4ad9ceb583f2b6,1,credit_card,4,97.71
072e34b42ad90d7472e9a798f19a6bdb,1,credit_card,8,85.60
a338d0ade09a3ac954ecbf64b3b3b485,1,credit_card,3,90.27
df5c6aca62db71fbe451c0408bde2817,1,credit_card,8,340.00
7845a2492ab1b4f2cf3d56c7b8da1446,1,debit_card,1,44.09
84b91dcef1e21e8151a9618564095dae,1,credit_card,1,36.13
b094b88a36a6a907eb40730b9382cbb8,2,voucher,1,194.65
c65c62970b6f828387d4db9a25361d96,1,credit_card,6,65.92
7f095ef5086869ac49b20d6cc5484418,1,boleto,1,67.83
cead26525980a4c3b2709a02342422c5,1,credit_card,1,83.97
21a724726546c32790ded320f982a506,1,credit_card,1,215.99
bd2aa26e4f7a6a33b7971cfc04a07c56,1,boleto,1,63.23
11db6666e1dbeee776c8e15fd0792c4b,1,credit_card,5,55.98
4db127e6d30efbcbaa8d0b94c4c4b374,1,credit_card,3,114.06
abfb34ed11820c7247adfb30fe5bb7ae,1,credit_card,4,371.05
43aacfeefda02bc2a69ce66910a2d4cf,1,credit_card,1,39.13
b3f179611003f752f8beaacff7c017cd,1,credit_card,3,99.90
28d0d98e542f0409627c3717348339c4,1,credit_card,1,165.45
00b4a910f64f24dbcac04fe54088a443,2,voucher,1,48.05
f829f185f0ec92a117ee3d8c9e9ed19b,1,credit_card,1,33.28
616f1f539d7add607844e0199fed7ea6,1,credit_card,1,61.42
47378b461210a310c95e17323f7dd726,1,boleto,1,144.14
81ba9566702881081845a0cde9767e2e,1,boleto,1,465.42
0dd15079372ce401518ac26321947143,1,credit_card,1,97.65
cbd73a65c5edc13fbcde523d1ed2090f,1,credit_card,1,70.46
7226f4ceb664d56167de4b60aaecc01a,1,credit_card,1,119.25
9c9b21a2db3ef4c7109f69f7f3614d71,1,credit_card,3,317.31
aad4cc3a0a8f37c519c7d72ea429c11d,1,credit_card,2,156.49
9273f28e7eea7b34cf6d09d37dad4fa5,1,credit_card,5,50.75
7b43a2ef9231cfd5d2ed762899da24bd,1,credit_card,8,335.47
58f999d3fc97ccaa6ce17d0488658cb5,1,credit_card,3,94.00
9def7a5fa150d19b1aaa252828db8df9,1,credit_card,5,81.04
39fa02e23ac8857769bdcdd496180f7c,1,credit_card,3,70.89
fd5f72be11f7a4426a3cc9778f643272,1,boleto,1,206.56
6f8a93209c5ff8f0ce0ccb7b166c4624,1,credit_card,3,62.77
576fed147504338aa428f01cb08ab5a4,1,boleto,1,36.86
dc771d8720de3625596eb0b0fa043528,1,credit_card,2,127.01
41159ff064a2cebfc663d0eda2a35d32,1,boleto,1,52.93
5ef2b9c9a5e997664dcaacc5fa769e07,1,boleto,1,181.26
d96d7f559007441c85e5bb679bca0feb,1,credit_card,5,125.64
1c55aa51edc71bb7071a9a1e32b9caab,1,credit_card,1,130.07
162475e808583e34c8306484480badb8,1,credit_card,10,672.37
4854af5348bb406f4929fbe225112925,1,boleto,1,48.17
2629f879b3928da2cbad95a46fa904ac,1,credit_card,6,114.34
53d6ff29496a8aec64f36ab9a4691d77,1,credit_card,2,72.58
cec31771f7be596e463066dab5db839f,1,credit_card,5,545.08
fbae1b9dac9991f79b54655e26cbe64e,1,credit_card,8,863.75
72d92e444e5ae71da33e1ca59fb9f8a8,1,boleto,1,19.33
03c83b31dbc387f83f1b5579b53182fb,1,boleto,1,672.41
d242f228c4dd03301794ded8f02dce54,1,credit_card,8,196.13
5dc269b7c4dce1624653e914a1b739f5,1,credit_card,2,88.23
c41fcb90e5c4e310d014634135fb1279,1,boleto,1,474.40
0c2cf3b3583c8f83ff9b3122d44fdaeb,1,credit_card,1,23.29
7b435354ca15646a010388cc18dd2c20,1,credit_card,8,889.79
871a8acf3aa24b340ca528120ddea498,1,credit_card,1,105.72
8cb07e7e810ad9e5f33062cb4735d488,1,boleto,1,38.42
c57fbb30efb2a0170ccc3db897839462,1,credit_card,2,65.20
a3e4fb1d4c4c04deb731bae74f190339,1,credit_card,1,42.10
d12ab5d1454294ce820fd1ccc56d760e,1,credit_card,1,103.13
02b02f566c72d81744ae60c7b6afa22d,1,credit_card,4,148.13
7e81c4cc31fd46f225b4441e179f78a1,1,credit_card,1,46.22
523edc667ecf141c2018ec8c1e6c0211,1,credit_card,3,232.86
dff20979c5b8b4378f7e769aa413390e,1,credit_card,6,87.27
658bea3a595af733d395a91ed9714160,1,credit_card,2,501.44
14b4ad3f2983687b458e0118ab3c1d5c,1,credit_card,2,115.15
99e3f90c535337b45eace6f8a8a9400f,1,credit_card,4,95.00
49c7df46784ee525af9f5cb40fc1d508,1,credit_card,1,27.36
0cce12b5e68a55914cd38b40985f7262,1,boleto,1,61.01
c4314d0c3517d1afc447262855bd2a08,1,credit_card,2,126.71
6b1391687f84349c62119cb2c95374e0,1,credit_card,8,263.25
653f05432280006916452a2fbb55b136,1,boleto,1,60.92
5497655681652e7e1306139bb5d04a14,1,credit_card,1,44.42
388093f2361bae7f871b80bf9673e2ee,1,credit_card,3,57.68
e68888548de4c863a78ae2de41ec0215,1,credit_card,3,324.44
bd61cca18344a303e8e6bef9861d64c5,1,boleto,1,44.88
270e2c93dda2be7908cdf2a877171b8d,1,credit_card,1,47.68
dfec7411ab4ba17202e5aa72bcd3a3e1,1,boleto,1,132.14
bdb2bc3c571eb25e242b01f591816c7b,1,credit_card,1,38.09
d9e5efc8095789e6ed44f7419f794928,1,credit_card,3,132.26
33d1c541fe62cc7e7de82f1a6f7209f1,2,voucher,1,100.00
08b04eb82fbd41d6a4a779d822d57a08,1,credit_card,1,120.68
7a18a504c1a4b32d883e68de2e1a7db0,1,boleto,1,16.62
c8375e79155a5bfc564dd3da053bdd15,1,credit_card,4,95.10
0a1ad2c293c3baacc6b2c2d442c71acd,1,credit_card,4,44.42
7f2f03f3b7e68c7b510177e04cb2b40e,1,credit_card,1,86.81
38eec5bb3f0c72a0441c485a07bd99b5,1,credit_card,6,66.64
deafd5190946c25dcce1974055abb693,1,boleto,1,24.75
0b6d11d4a289a1574e8888f2558dd548,1,credit_card,1,75.53
49c6d2d936de699d0f22a5b66451200c,1,credit_card,3,74.00
dc448b07dcf70d4f397500af86b4601f,1,debit_card,1,21.19
d1902896db97466b224147cda743f3a8,1,credit_card,5,220.25
8c10b4712b6c450e49bcfb6b1e48449f,1,boleto,1,41.90
4576ccc69bb4a9402048a8672467675b,1,credit_card,2,98.14
da3bac2656a4b63f668843b70a0a38b8,1,credit_card,3,65.00
c11e4b7ceb73050e960f5b9ff6b75a72,1,credit_card,2,58.94
b4d81b7ba0a5e97d9b77104dc0f3b82d,1,credit_card,1,169.99
a5bd353b2ac215ebe5c34f03dcd5361f,1,credit_card,1,37.22
06f5f6139b33f53defc64643f1252d53,1,credit_card,6,60.46
b3b4094d535004ba0ef19c96ba6dfd11,1,debit_card,1,37.13
8912983ff47de54fb2cf774efebd8f09,1,credit_card,3,156.85
e77d85bec584c36b9558adc732947c76,1,boleto,1,124.22
cde3a38426f2025992e76394bfed732c,1,boleto,1,84.05
8bc4e989df64f2d8c2381c9718a0f963,1,boleto,1,99.65
062f0992a050330334749ffa530fa796,1,credit_card,2,147.99
e2b12d317e3875999cbcfc47a2e5a88f,1,credit_card,3,138.15
9843c2a66fe0afda6509bc4274f743de,2,voucher,1,88.92
50a2d9e8f28f577acd594ba29d58eced,1,credit_card,2,201.24
2dd5f6a66c1d82ee0b8c864ddf9833f2,1,boleto,1,549.70
341fde35809d4cdae709b875a0040b23,1,credit_card,2,196.38
4b81239fe83a49acf69014a6819d45f7,1,credit_card,2,45.19
04af40a6714e5ab254138fcd4863f0c1,1,credit_card,4,47.39
e1c27845029801e7461bce7d580db092,1,credit_card,10,269.32
30192988070ccc8d5f5d40aad62b8ed4,1,credit_card,3,164.62
0d439757ecfbf3291e45eeed58215fe8,1,credit_card,10,363.14
931eb9b18a6471d1f635ff15fcbde0ca,1,credit_card,4,87.64
9ce991aaccb4817cc0ca0b4edb5c5ff1,1,credit_card,4,53.78
2e98befb6d10b5b83de9d9b4a6f836f9,1,credit_card,1,246.92
423c157cb61f228b20c08e79cd28b9b9,1,credit_card,8,207.73
b23014161ca1bc596a96e77112ee5360,1,credit_card,3,43.00
727412faf7aef5ef3c7e0f03350d80c7,1,boleto,1,83.10
2251c2ae48921e06fee59a7779d9bd47,2,voucher,1,40.11
4b90a2d18610d0b0ebb42c4abda69034,1,credit_card,6,398.88
5133357f704cf088de56cd5671858cf8,1,credit_card,3,72.15
8578000d0000b3bacf28bd31ee906b92,1,boleto,1,41.96
1ffded15ce20a1a518490765dc37cc9c,1,voucher,1,28.52
89919c333a05c327cd25b1ee32ccaca8,1,boleto,1,164.72
807d573c36fdd71594efae0ca1db554e,1,voucher,1,62.62
1bb74bdf991ecc937ab8901c6b412a24,1,credit_card,5,56.88
7743b506a4c2e87e3f5af919334ea71a,1,credit_card,4,225.71
a9f6ce91a31d7e8dc4af0d3c847a5639,1,credit_card,4,221.79
7c83cd570176d1b7e42606920fd81d81,1,credit_card,8,243.76
d1f7b8ef7a59b18de8df95b7b8073a5f,1,credit_card,1,24.87
1728325be5eb1de748928d1e52fbdc29,1,credit_card,3,59.29
7b21dc72af6d0de45bdd249a637710a1,1,boleto,1,116.85
594013e81f2c775b3fb2591f7e4bd4a9,2,voucher,1,129.71
5dd2d22e1330c17a5d2ce7ba581b2c98,1,credit_card,2,187.65
f6bceb62b35d3e5335db07a36336bd6b,1,credit_card,1,38.13
c8f4027dbf44d9747152dca781b0cc37,1,credit_card,3,76.19
4e426aca1d549d77439cb4eb115a5d37,1,credit_card,1,62.31
bc839831ba2010861cf9e75ed8f1306f,1,credit_card,3,190.40
02624f7cd7272b3e027320023dbdc99b,1,boleto,1,48.69
668ee4108169a1d58c55b20ddc3fa3c9,1,credit_card,10,118.03
ace40b7f6657491f011b8a3ba9edeeaf,1,credit_card,4,49.09
5aca16835e759ea6a7e1d4369d0ce451,1,credit_card,5,461.65
28e5cef9cc61c5abe004567dca778bbb,1,credit_card,1,54.09
7d0a7957897551b77224fc297e8f6046,1,credit_card,1,52.18
621be24850f6edd2e8dbd75a0f19668a,1,credit_card,2,317.16
b9581bf1b646f4fc021b131e1ca4d034,1,credit_card,1,77.54
7a92ce27fd58082e708b8eb1eba5f678,1,credit_card,2,88.09
8797dc96576f93204dc46d189f4a724b,1,credit_card,3,158.45
d14e5c5300262d554b76179fa67e6f71,1,credit_card,3,41.79
7d6ffa9ff53fd7da04eb9025ba231be2,1,credit_card,6,326.92
8dc67de08c1738a90e70f62f2920b432,1,credit_card,10,369.78
69f54f52631eb8ea8bec66cb902cf54e,3,voucher,1,14.32
30abb2f439ba28a74be74a347eb3a6e0,1,credit_card,4,217.36
a68d55e37069898482bef61866cac7f4,1,credit_card,1,52.68
a44088d916b1cb5763921534c14f9a0d,1,credit_card,1,121.78
df156891939f37c451dfa81e3e724540,1,credit_card,2,27.05
6643fcf7be174c77fb72dea37c92aa19,2,voucher,1,4.81
78ccc8b2b91842cf16b56d474d8c8480,1,credit_card,3,70.54
eac95d79983b55d39fb2139922bc4c36,1,boleto,1,148.15
2d48e0823cd1b60fcd0653613d712e27,1,credit_card,2,78.62
aa2a0609fab50d659ead956ec8f69de1,1,credit_card,1,92.14
db10e5b34779ebe39e1bc929469eb841,1,credit_card,1,27.89
e138166b54ea9292f505d07a4999db88,1,credit_card,1,43.41
2ae6bf810adb8aa11c97527eb4e62a15,1,credit_card,1,212.88
e2b405a4cccf1e66eb8d2b73a4bba700,1,credit_card,2,141.74
2d7eb01778411aad90ac1f9b50187b07,1,credit_card,2,177.44
0379c7b005e9be5439462ece4e356341,1,boleto,1,221.79
0f884853f408247bc673050f33f2c5e5,1,credit_card,3,522.28
0da1757dba2fb3d886b5051cb964c524,1,credit_card,3,194.50
ad8c386772f88caabcff4e2a8bee26d3,1,debit_card,1,93.12
d11fd4395b314a358cc155ea5c525c07,1,boleto,1,99.75
052b35671e2bdd45aa889c5fa09e2809,1,credit_card,8,403.27
0e0cb073422fcdc0645935e23d672736,1,credit_card,3,279.59
e93d4bbea9f3bfbce59cc83e6a663437,1,boleto,1,64.59
a1a904e8b9bcacd940d9e8f476467cce,1,credit_card,6,134.20
0faa73d77b7f91828bd92315a94d6ef4,1,credit_card,3,329.33
852ec507c9db5b3b1086cb9e6d89c697,1,credit_card,6,158.07
ab0c90a5da04e0132ea07c113bedec0d,1,credit_card,3,77.52
c9f7bcb4ff5c6c8e661cb6cd7fd0974b,1,credit_card,2,77.99
b0a53313f05c1fb7b57eba8c55f35035,1,boleto,1,49.22
be713173db53bf7fa11050f91ac461ce,1,credit_card,5,54.31
959815491185d6d44b4adfb9caaf3b9f,1,boleto,1,171.49
d38cfff41619a58ae9fb4bb3be5cdfa6,1,credit_card,1,61.05
eacabc11d89126dfd871cddb597a0409,1,boleto,1,36.04
aa9f47b4e7c06b6c495bf26fff85bb17,1,credit_card,2,72.90
b95df3cef5297e79ef709ba256518f6f,1,boleto,1,363.74
0ca3024fdd038f1b734a8f1bc57e9055,1,credit_card,1,49.24
417996696d91e1f74fe36c995ab65b97,1,credit_card,3,67.22
b896461e3ed46fe0c2f27a21c5a895aa,1,credit_card,10,128.08
86e15c44520932e049ca96660a60b776,2,voucher,1,20.00
7b037997dc5c0effc3ef3339f5e3d509,1,credit_card,1,108.26
0c3a7b14aa5e70ef5991122f6bb552de,1,credit_card,10,154.66
371d3a892917017b32ada644ba1f301d,1,credit_card,3,79.44
4e61d7c6f86143c04ee80dae4955fd92,1,credit_card,8,83.22
17f97d000b0ebd36b6dbdf154b0a3d7f,1,credit_card,2,76.27
58b67b63bcec8f5f157c17d15b724b89,1,credit_card,3,219.43
a01cc79e3afbac4a52ce1d528080e438,1,boleto,1,28.46
b81909d99454a0227bc01cc241ef921a,1,boleto,1,68.10
cfe9a2c324eefb180663116644e4f171,1,credit_card,3,605.70
4540273b4f01534b24124542bc34568a,1,credit_card,5,54.63
88aa3c3fb095aabfed68ad9cfe82c151,1,credit_card,6,126.80
7d25201b841d0a91a003edf192834005,1,boleto,1,41.75
512669f049d27cb8c95c83eb6e268bfa,2,voucher,1,100.00
2c7e5cbdab3bc1cc70b61425a7648ff1,1,credit_card,1,43.75
1c308eca3f339414a92e518e2a2e5ee9,1,credit_card,6,66.74
d24b90d375b1415ca40e5b531d04a6bf,1,boleto,1,63.00
634adfa0f5cb0fd3a7c932f3b5b463fa,1,credit_card,2,147.74
270c203303119d8cee340c3b736a8ea1,1,credit_card,2,138.98
5c5c9fde60ffb741545cf2608e8c12ca,1,credit_card,10,613.78
fb8a1aa2a0931ede3ac1d6ae42d4ffdc,1,credit_card,7,240.17
47f6f4fe0e134442ba777c87169469c3,1,credit_card,1,31.03
cea892923b3775abd19f80626d4b5d37,1,credit_card,1,155.14
71d1d659a3fc76b377ac21af193fae99,1,credit_card,8,527.77
70d0dedf8c23e2cedca5915427acd101,1,credit_card,6,185.26
938cf33aaa64536379e72993eab4cef2,1,boleto,1,153.10
d16fbfb439fe82b7efb949345d70611f,1,boleto,1,43.10
ff8f8f9123b73422b7a732a02483d9e2,1,credit_card,4,48.30
d2a0cfdf8f3b718afce8a4b9d943614a,1,credit_card,4,93.86
7c3797b7f047e4358a5b2f9b9cf2e927,1,credit_card,1,77.14
d8734ba226623cf1c86b3cce8cbffa78,1,credit_card,4,589.42
6509efe5f7fec11ff1e44d9232103a0e,1,boleto,1,301.76
0f2bbeda958833e5a67ceb4368f282fe,1,credit_card,1,436.14
773632f583feeda7d9b063496b6526a2,1,boleto,1,85.58
84e340f8ce26dd8b76b86f8d2c84debd,1,boleto,1,138.92
9a3deb474c6a3f4fbdf3252718392c47,1,credit_card,1,192.98
cecc450aed233004e69538a4ce7f7f37,1,credit_card,3,65.01
0cd2179b125d8eab88815631c3ce586e,1,boleto,1,221.79
5d97051b2fbe2d850d8c195e054735b4,1,credit_card,1,83.00
1ae6cdc7484c3cf6f29144b09d68f360,1,credit_card,1,28.13
8b69e25aaf296391c63e1158984ed9ce,1,credit_card,1,275.56
036ea72a17833a6fbbcd3e4df8250292,1,credit_card,1,85.14
465c2e1bee4561cb39e0db8c5993aafc,8,voucher,1,41.03
25e23f5fbf3139c628fe56c126c97391,1,credit_card,3,213.73
f8156c3c902b5ae88ac59a6c7b28f72a,1,boleto,1,60.64
646410b7c77f0bae163c4d4cbe4d78de,1,credit_card,3,102.03
70aefd12bdd5391f02011072c16e6801,2,voucher,1,85.39
8c05fe795783a73c159dfddbcf910689,1,credit_card,1,0.34
4660bb9edc05ee0d35c8aeaa896f3300,1,credit_card,5,180.71
200f4d883fcc701355e46b8c6035743f,1,boleto,1,169.40
0ed5043fe7d3f4f88353697330bbc020,1,boleto,1,76.63
abef8b5d0f7fa066c7473db7d650c870,1,credit_card,1,452.72
e914223bd5011825c70d0c53ff6a53d0,1,credit_card,1,76.29
eeed16ea7d99f4531ac2aefa8dd79368,1,boleto,1,72.14
3c5edc9665595ab8ab9bdd6c5c4a961a,1,boleto,1,1317.36
b86149c8139bc8a77792c2b24942a0db,1,credit_card,1,80.34
92a9ef7f0a0d392c9ad0d5f44e86b4ba,1,credit_card,1,7.64
1c061a8ec3723c908e73a617687fe54a,1,credit_card,3,138.36
868848b4871ab271d735d67e64584f81,1,credit_card,2,22.84
0c433b41ac4f5739f4c65e19bbdc8208,1,credit_card,1,245.99
cc7b510ece4b6212269c87aae1a60658,1,credit_card,10,374.73
1db209fdc128d35605e562a70180dd32,1,credit_card,6,122.55
e660da13091dbe48784500c1c3e2fb75,1,credit_card,4,256.06
a305557a41b3c1889b8e0d9255f9ef1a,1,credit_card,2,75.46
17784b9fbb37fb0bdc230d8ed6f6b355,1,credit_card,1,1342.98
407c915b14e91ef7bfab0f2f272ccfc9,1,credit_card,1,106.25
6acecf438369055d9243e121045cca74,1,boleto,1,18.62
68e55ca79d04a79f20d4bfc0146f4b66,1,credit_card,6,154.67
b025ae09d0783f8194ec38b10c65acbd,1,credit_card,1,36.28
d18941a914e7a203e714a20432c05a35,1,credit_card,1,36.17
ae68db7133205767bf752b04da1d3b50,1,boleto,1,205.47
e208a6bd0e030c2240ec286633bd9039,2,voucher,1,20.00
9a965cd710da5125076afbd641624600,1,boleto,1,79.93
72057e22b4e99820f18ad51861441403,1,credit_card,2,99.90
4310f91feaa68e3b065256b3a4debe75,1,boleto,1,298.32
cd6f777c4734b77c8f01725d6a3500c0,1,credit_card,1,55.91
d8d5f372b6b1d10843065cbd97d6c55b,1,credit_card,1,113.15
1306d7999cdd320272eeea20f5768b77,1,credit_card,1,41.68
75086a2f175d1548f12ffd72be9d06a7,1,boleto,1,509.66
c84fc53c53493ddf7c688d601056510e,1,credit_card,1,91.66
a006b205e3eb2c6f672a5a4ca2513d6e,1,credit_card,3,33.78
558731462aceb9588378c7c19194d2db,1,credit_card,3,1089.96
753aaaa715f963740a358c291bc79727,1,credit_card,1,144.07
ebb5a074406776ad07439bc2049c1fe4,1,credit_card,1,65.55
1e69dcdcbc094d39d6ba64248af906fb,1,credit_card,3,186.49
49bcc1ace70cb046d87e21636d05f090,1,credit_card,2,94.21
abbc0add533d31e83195d03eebe028f8,1,credit_card,1,125.58
3dd755153da335084e4f2ae10c077b5e,1,credit_card,2,99.22
2dc89150e25e0d36a6b80cea3c8a1290,1,credit_card,1,5.15
a28eed39ae05f21eb40e88b4cfa90b7d,1,credit_card,1,60.23
fd180ff2363b236f823a4fa8a2a729f1,1,credit_card,3,31.75
5e1e97f999b0aa80d601a6619c1c050f,1,debit_card,1,117.38
8add635e672a6b52fa66cc99d940ab8c,1,credit_card,1,64.42
0f28dea25f498acb1ab8d7f947c2ceaf,2,voucher,1,27.37
21fc87cfedd833f6e6749fd823dc9754,2,voucher,1,16.16
e35b67f3b9778766f35d9d6e11af1761,1,credit_card,1,171.55
399775d0638168dfd529422f995fcc41,1,boleto,1,259.99
3c060be8256385c5eab23e0f857609d8,1,credit_card,1,34.69
067410a773ded180052ac522f139ab41,1,boleto,1,47.34
17e62f08a374da7740ffded4b25d4f31,1,credit_card,3,369.86
ec323db17a13fc07c4b07f0f7f86986d,1,credit_card,8,111.97
03b566bccfbc64cf92b82db663a243f8,1,boleto,1,112.12
97d6279a91ffe03ed63041acff508488,1,credit_card,2,107.80
d35c1cd70132b8215cbe4c943537d139,1,credit_card,2,244.81
499798fd04e5748ac54b4456d1b7995c,6,voucher,1,25.00
21a700353585ff0d776cdde844166983,1,credit_card,4,55.51
cb6e8d89049744886ad04520d5e0b2f6,1,credit_card,10,263.40
58fa3cd471625c6384fc92e41508b3a6,1,credit_card,2,44.05
eadf1db71815b513cf62a49e9c6416fe,1,credit_card,10,1241.19
8cab96495293d1bfed0c4f34ae7fb9e9,1,credit_card,1,148.29
e437a323d90b04581fd8418d4afcce4f,1,boleto,1,723.20
9c957591bcb898e6250cde437b938d95,1,credit_card,1,148.60
60e2fe3a23e71c24f3ab0f648ebd6a8f,1,credit_card,2,106.52
97df4160390cf20ee63b032b5a93d0e2,1,credit_card,1,203.73
0e1756f57187e203c6151ebe990fa670,1,credit_card,3,36.73
701ddcb0eab1d32958b3638a5e8c4e97,1,credit_card,1,1.05
be13c8dcfef55266122ed7d751f92ce3,1,boleto,1,42.78
0507a74781354ea643bff372311d2a97,1,credit_card,5,117.96
811fb2c7e16f59a332b36c2c87798007,1,debit_card,1,73.01
55d61651bd48809af0402aa14f64e523,1,credit_card,2,92.80
4d52cfe3ad25169d39fe5e6f99d17e2c,1,credit_card,4,171.87
ff70ad5dd90ca8946ddb2ba48946c0e2,1,credit_card,2,130.16
96a056333b6517f334ac928d91dc7e15,1,credit_card,3,72.17
40276598768326cdd5ae39038037434f,1,boleto,1,178.22
f16010e0add047ba483e2b3eefa7c60e,1,credit_card,6,69.61
583897e4cf9cd552e5abfacdf82bcb75,1,credit_card,2,247.25
66721fc1b7506481ff0d62fefe0aaa6c,1,credit_card,2,616.86
c713e92621de8e6880f8de2b10923243,1,boleto,1,35.75
e54a8ab3ead9bbdf681b8e18273f2cde,1,debit_card,1,82.78
1573c1514d9e6b02151d3f7a1e9b0b20,1,debit_card,1,174.16
f036b00e17fcaef60868e806043a66d3,1,credit_card,10,467.90
9ef31a923c43ec898b3e23b270a98c1e,1,credit_card,1,17.68
34cc8cb419e5e8ffe6a5090b551dbf61,1,boleto,1,31.48
10b6352081cd9c4b594e4be0c491ee62,1,credit_card,2,103.46
d84ff9150e7677a1de43990fff1868ef,1,credit_card,3,159.43
d33a52afa37dd9de6958cedae3be455e,1,credit_card,2,123.79
1d56a69c61d4c1cfa98fd5379f4f22fe,1,credit_card,3,357.08
5480f040b65927b72574473cce844a76,1,credit_card,1,51.59
34f4394bcaeb05083b670513b73961c6,1,boleto,1,179.60
0372d2e3d0ac2600aa8e08e6c46cb7dc,1,credit_card,4,76.65
28443792b60e1229531d828dc74087ff,1,credit_card,3,399.38
277006d8d593850cce4c18ce1c9a136a,1,credit_card,1,35.84
ecf4a4c673715759b55b3be3a8ea99b2,1,credit_card,1,105.81
ccfc366f9a65ee1750a938bd18aa489f,1,credit_card,4,46.39
6a572211b95b6cd2453951ff6aca653b,1,boleto,1,368.82
912859fef5a0bd5059b6d48fa79d121a,1,credit_card,1,178.25
873b89c80c9a05f055f4670e055293ce,1,credit_card,1,59.01
18709eaac22345a27e1027cd4900b554,1,debit_card,1,127.36
6f275c944d1814eca6bfbb2bcfa3b0ea,1,boleto,1,242.24
d89ff75da06f798ea64c91a496386314,1,credit_card,10,197.70
90f0e72dfebcd41e26656d079d881674,1,credit_card,8,526.93
c50e38fc8b688b01c6a4109a6e075977,1,credit_card,5,325.47
dd12ffa175ee0c7931890dd19db54427,1,debit_card,1,165.80
1ff554f292eca293a405beea2511f6de,1,boleto,1,84.20
28e7148abde825a20fa617db02f92c99,1,credit_card,1,22.19
50de76b6e07161441556b571d4e85248,1,credit_card,3,84.20
f11fa7d0f434a225ec6d229d5337ced4,1,boleto,1,112.53
fdda37c607e545cc35b20ab1eb1a057a,1,credit_card,1,62.22
f756f24c1fc9b46e384943ba538a23cd,1,credit_card,9,93.30
fdb3ef83ea6f7bef7d13bdd9b38da661,1,credit_card,2,122.54
a76390702d2f24f9e0d5ad3c5e9ec562,1,credit_card,10,933.92
aa0bc25a48a3d53cc009df13ed116b23,1,credit_card,3,107.79
b8615aa7e6248212cab23e120279acf2,1,credit_card,3,97.15
6eee33addf2f19cbd1d8e81c851825f8,1,credit_card,6,98.72
f96344495ad4aa6c46d0b40c3b6e4424,1,credit_card,4,45.62
5de443f7adc75b72230b61e63ce5007a,1,boleto,1,173.32
f247c7a7f6677c91066b72c033b635f3,1,credit_card,5,120.91
17158b7ebb079668a6f21a5660ec6e83,1,credit_card,1,46.82
ab4f549aa957d2c456a8d2c7ad54b761,1,credit_card,3,194.48
9856503e3360fab415c2efa086e44c85,1,credit_card,1,34.13
1200ed0c118de7e4524b65918a42c990,1,boleto,1,60.08
37a7476e58da10721b5e55ba4be6807d,2,credit_card,5,129.16
7110bcab44594321876407867f1fc66e,1,credit_card,1,42.59
5bb9511e1d233eedad299acb511799f2,1,boleto,1,483.87
0ec04706b50b8bc69a14dff0d6a26f13,1,credit_card,10,536.00
dc170ecd2fefc21a44d0040b830dfa60,1,credit_card,1,231.25
a2e0ceb6d71b7658cd40852920066f75,1,credit_card,3,166.63
c13f61a17915a48e0741b02a6b7a3fe8,1,boleto,1,72.90
867711b4834ce56a43da811777ea6ec4,1,credit_card,1,65.01
a75677de97d29dd137bd7779428d9aa2,1,credit_card,8,250.11
0fd3cee523a106ac501c4cf18f56a4de,1,credit_card,1,96.66
58aa4a2e2d2b63972e1c4508ed5f7cd7,1,credit_card,5,153.90
0cabc61e5deb17c32904e1b512204efd,2,voucher,1,71.23
0670e42d70788dc30446908644d4cd74,1,credit_card,2,150.14
bbcf632e5c697b7e9666005c55d10a80,1,credit_card,1,34.35
f5e82fd73a7ac75d9b2d34bcde06ed08,1,credit_card,1,54.30
a1748813f3db25c07ecae1736c744da9,1,credit_card,5,109.00
9846cae21962f6c6e65ad2e77d3c2be7,1,credit_card,1,216.40
03343a88c4d669e6378c5aedc4147919,1,credit_card,3,158.30
c870ef6a8e1d8eec841d79b42a6a20e4,1,boleto,1,46.02
f09d0203a51785e9ba9279607c38958c,1,boleto,1,38.04
0db053a048333680c09114ac4f231a79,1,credit_card,1,117.04
dc1e38158c000863ec33ac43a40c3366,1,credit_card,2,45.09
266fd5134fd1b895a5b06936d51aaa17,1,credit_card,1,46.03
7659849a6efa9d49c5ac7bf7fdbddb2c,1,credit_card,1,33.92
bfb1d0f7664c36a532d74c4cf0da37af,1,credit_card,8,1240.85
c38c9bc64c50852ae814ac2dc6bff45d,1,credit_card,1,163.47
c2b188860433e96beb3ef17cf8e69b0d,1,credit_card,1,59.59
4f8a2144278d625038f8d55d5a334d93,1,boleto,1,188.63
3005c05dbcb19ff903a28b5d654bb1cf,1,credit_card,1,71.71
7b07cef881924b566432e1343e5dba8a,1,credit_card,1,68.69
29985fe387407ff7f6904b294fb89028,1,boleto,1,63.52
5775b40b5767cf4043ffa1322c7d646c,1,credit_card,1,313.18
dcd503d4272567a178500e93e964ac98,1,credit_card,3,80.15
4027aaf151a408af313fee7a5af64c5a,1,credit_card,1,50.00
9ca767bff71e0db7ad334bde5f300c2a,1,credit_card,6,106.38
db5a41f8a08f620920c7c413e91a4438,1,boleto,1,133.38
5f63f81968c1ed5835496acaa5b63434,1,credit_card,6,393.32
3211a50b2771974d1a3a57054cca7dbb,1,credit_card,4,92.50
f13b53e842d66d6ea61e1c8da79a4550,1,credit_card,10,726.60
34658a3acc2e95feb3382c78cbc1564c,1,credit_card,6,66.01
2b851d9512b237dafe33b79cf00c9885,1,credit_card,2,116.94
920660e6627be7877e8f70d72c8e398e,1,credit_card,2,173.05
687297c4cb20d6fad502624bed7376ec,1,boleto,1,51.85
b75eb9360ab80bfd5c7ccf7270d447fb,1,credit_card,10,233.05
6c611d177ef47b4d67080071684f3da3,1,credit_card,1,34.13
db7d019ce87ceb1539bd37353ab408ba,1,credit_card,2,51.70
57f7bb7d658b442616fce795fcc30146,1,boleto,1,95.59
e00bfbddf86f0a755d3550dd87962824,1,credit_card,1,76.51
be449a37a242b89d7c027246275dc0f9,1,boleto,1,1677.31
678b28f078641e74d50be86b4ecaec7e,1,credit_card,2,56.05
7525e8f8b1a51d44f9912ce81146ac7d,2,voucher,1,100.00
e4b774f7fa2c4ce8052731dfeb5cc3f2,1,credit_card,2,81.34
a567a2572a97a9731794566e93368a06,1,credit_card,3,94.26
06851487bfc68744f67fbc8ad1934d43,1,credit_card,2,133.05
80e9acbfd99b46609bded7263945fe15,1,credit_card,1,53.00
f08e2cd4d2598a1628420f499688039d,1,credit_card,3,35.44
252c40159f2a9ab94b552a779514e790,1,credit_card,1,102.13
37921782093cc3bbeec6354572683718,1,credit_card,3,168.94
68b3b77e74b7ad7bb9d25331580ddcdf,1,credit_card,10,1021.24
5456769456d0d521af0d1675613702a8,1,credit_card,4,196.11
c456339d894d329ad45d39e3d6796b90,1,credit_card,3,37.68
5c28fcfb4e50a56899353fd6f8609f42,1,boleto,1,165.96
6bd4b48e32c302661000c8a7c586461e,1,credit_card,1,30.95
f58bddd33f2b976d3676cccd97e4d776,1,credit_card,1,24.09
83eee67c21d596a653687afe2c8ebad8,1,credit_card,4,160.58
b040969443a5b34aa13dd9fb64961d02,1,credit_card,10,317.31
d9515cd3ca09c7b9b751f077d2adfc84,1,boleto,1,735.00
8f7fab386de53dade383a220ad572f8b,1,credit_card,2,69.24
4152a677b7acfa7fdab8dc8e1dd436eb,1,credit_card,1,216.15
42845ec86a155bf18a11b8be59fa8442,1,credit_card,1,48.34
4dd1f29debee7ab872c8919f35a80070,1,boleto,1,153.13
a46944cf9b2c78431a4619ef5f308ab8,1,credit_card,5,92.25
411d2a5826116cb819444537c0d0360d,1,credit_card,1,31.38
1962f977f7b7b5eb73a3c2c39bbc93b5,1,boleto,1,32.62
b523b77f215e6c094c97389acf24ea9c,1,credit_card,1,72.86
f2f276797fe0c5bb220e8fceefd0220b,1,credit_card,1,94.20
34aed6e4313d7573b0d3b459f3a805ea,1,credit_card,7,1489.47
8f3a46cc0e9d362bf43dd339e4379615,1,credit_card,3,177.98
ff42eee9423ebc7d468a3709e1cbefb7,1,credit_card,1,149.57
55b2e390d5d80ada31ad1b795ebeb087,1,credit_card,6,131.40
1a67c7a3cb47a447f68bc24f7cbbe825,1,boleto,1,113.30
771b1c1071afb60efdf55afffd0ad25b,1,credit_card,1,95.22
d8d842d38880d9584e98d64058aedfed,1,credit_card,1,319.89
d5fbbc2e51c9e93de3502e15b4159d46,1,boleto,1,49.73
8084fb81dfc973b3d492e788bfe45ab7,1,credit_card,2,66.91
2c9d99ef4b6645ccf36b919ebe2b839c,1,credit_card,3,75.85
465c2e1bee4561cb39e0db8c5993aafc,4,voucher,1,59.40
80a516f4d571d5fce4d688cc931b106f,1,credit_card,3,165.76
ff6f331d72b0d62624db312fd52fa91a,1,credit_card,3,177.54
f30d4e114f279d76688a6a27b79bef2b,1,credit_card,5,116.38
641b2871fe2ce7418e69b4c4fa21bd40,1,credit_card,10,409.95
179b8db66f5362945c237b68bc358a77,1,credit_card,3,97.99
9e1875fa0cf820137eeddfab7245ebb4,1,credit_card,6,62.01
f0e14b83b8b12697246a18f91e0377e5,1,boleto,1,180.01
c595bbefb93ccf827f9dd4b7c3f25785,1,credit_card,5,619.34
08c3c0d49b3cb66764234e0fa980e850,1,credit_card,4,225.71
a2b98e0d4c46ef327bb78d902bfaf7b3,1,credit_card,2,93.29
48705eed276c3080033e79ac60460f75,1,credit_card,4,234.31
19c6408c8c146a18e4fa634340aa5685,1,credit_card,3,76.61
02e7b3980e9984556bb3a764306f3e31,1,credit_card,10,113.46
742ba39f629d08705cf64769ff41dd3e,1,credit_card,4,626.76
2242566da9e4bf1d65f3530015a389e1,1,credit_card,1,120.07
9aa3595de5e0569f4e0762bf2d005d19,1,credit_card,9,92.34
da4b750c427bc88754c6c019045f7536,1,credit_card,9,98.85
38eb881851d90ec36b46d10b81792089,1,credit_card,7,72.18
03bd6f7b95588e476cdef4abb2cfdd0d,1,credit_card,1,57.99
75d356a1c924fad59ba5ed142004e9de,1,credit_card,2,111.89
c7d2e4441e2074bed6ad0cd9ee428f3d,1,credit_card,2,204.43
b0b54e4c452d66681d67e588398ecf7c,2,voucher,1,100.00
0cae3692c0412d717beb36ce3faebcb0,1,credit_card,1,69.94
c1e9df16ff9d33f95cd4e24e6e064c38,1,credit_card,3,31.92
18cc97889312466cc90150237a3e2603,1,credit_card,2,117.26
33d1c541fe62cc7e7de82f1a6f7209f1,1,credit_card,1,96.05
d0735172d1bc5aae5bd8abb3675e6556,1,debit_card,1,82.87
abb9f3409081aa15446fa8ae9add98db,1,credit_card,1,102.47
c7024b0259d1e73df96b2f98d588b19c,1,boleto,1,51.38
eff815e07af90858dc1de0952b153b9d,1,credit_card,3,97.25
d568f094af70874d55d22a89e093fe18,1,credit_card,2,160.77
c10f283ced7431fdfdcc159b12344b11,1,credit_card,2,144.14
9e7298f5bfed83404b628b69f965c94d,1,credit_card,1,28.00
63c92634b4aa9841e6ef2be29bbebd77,1,credit_card,5,72.53
b904f1d4eae5c3b0b494496e96606528,1,credit_card,8,83.55
694e3d121f16bcbb9b4595b6c6ab3baf,1,credit_card,10,2732.06
8f2e84cb21fcbe7e95d12e4f0dc80487,1,credit_card,6,64.82
4d7cba9ac539bd48f7fdde25ccbf3eb2,1,boleto,1,165.70
7892114ce9e8834d860b44a782ef9af6,1,credit_card,4,41.78
8d92a85b0ecdf7d7b3807474390ee2be,1,boleto,1,102.03
ab5f88ecd8bbfe5386a0b5687ee8beba,2,voucher,1,44.53
03b218d39c422c250f389120c531b61f,1,credit_card,5,58.03
0fbebd49386dfce3800986434bc990c8,1,boleto,1,303.19
2c6b178947f5f631ec35f2a04c65c6d0,1,credit_card,2,115.29
1af47f4805c833e818afbc304a27de73,1,boleto,1,182.44
6139a798f92b14ad667f3a8fb8f78c4c,1,credit_card,4,86.92
feb6795b3a5f345c10e8e4a7c6383130,1,credit_card,10,224.10
99c0817d6ecd5fe55d21540917f1f5f9,1,credit_card,1,64.10
5fbe2cf3289a1fade6523b8745d466e8,1,credit_card,2,41.12
9ed5fb43923ff520458d675521c4f9a7,1,credit_card,2,86.81
0c5d85fbd4b20a1d9d5fc6a29e739f36,1,credit_card,1,50.80
c87c029dedce9ae21aa8cd97464af0c3,1,boleto,1,101.06
183f2bb10e984acdee08ad34070ebf69,1,credit_card,2,39.60
fcaae2ec3667a30a9164785ba78306b9,1,credit_card,1,34.00
0c162a9eb881c1a8a2e5bcec41cd2cfd,1,credit_card,2,170.19
fe64ddc89b78b25109183dfb7fbc2629,1,credit_card,2,61.37
f040040c63fb4164125917af2fa6d4b4,1,credit_card,1,25.04
3908808de1bc14e2592cbdd80fd41729,1,credit_card,2,70.03
af7c5cbf4bb52c9f686828ffe06a4f6e,1,boleto,1,82.98
8a1173c84bbf754f61daf556a62fe1ed,1,credit_card,5,192.56
3a1400b5d4dd3082a4bc8a64d66f6d90,1,credit_card,1,65.22
fd0926fd1e8031a9cf228b88589a085b,1,credit_card,1,39.39
3a1b7d917cc04f710c5afdd8fbbabe85,1,credit_card,5,100.82
8a022a9ef01a1c899cd33cff15aa43db,1,credit_card,10,146.46
fc3443668654977029c4cc2ead0cc0b9,1,credit_card,4,301.35
499798fd04e5748ac54b4456d1b7995c,7,voucher,1,25.00
5f82563eed1525084af012688a78398a,1,credit_card,2,71.04
561e6fec91c4b5771dad3f613b72c699,1,credit_card,1,91.86
126da462f642d99483c0691ac474c783,2,voucher,1,83.39
9b9273325c81fdbb834a17e020c6d131,1,voucher,1,89.97
e3b81e11591d22a361bd292adad69ca7,1,boleto,1,32.38
bf57d88907afc221e0eeb3e12da03657,1,credit_card,4,142.05
2de5b68f713b073b77fda04cb4868443,1,boleto,1,59.99
21733cca729d55bc70908258a2e90984,1,boleto,1,212.38
e98f62f167c0c56e1d6e2c852bf04adf,1,credit_card,3,89.46
dba86c0ca2d44138a882ae12b4a12d63,1,boleto,1,53.61
38191a080c6c22b7c4268a2d51a8ac60,1,boleto,1,65.00
eff124e4c7161cdbc3ecd912e716715e,1,credit_card,1,14.78
cfba3ca25a049f8bdf836baa3b8be493,1,boleto,1,57.10
9d525e537711d24dba959b750dd6fbbc,1,credit_card,1,267.00
3749ffb24b4dec6d0cab14cb31e4fa94,1,credit_card,10,213.70
e699db09ff2550edf641974c32caab55,1,debit_card,1,274.08
8557dabbdacec1a9e250f5e70afe1eab,1,boleto,1,60.65
70e1e65e23050b71f1357ebf72506b73,1,credit_card,1,201.74
ba57df46d6c7801e304a57084265bd86,1,credit_card,1,126.44
7f877edba51577b9054e7490ab7469e9,1,boleto,1,35.13
7916e8283be68b0f8c475ec68cf0f333,1,boleto,1,53.34
3756637ed2fc243af380469a2aa5384c,1,credit_card,3,35.72
3a667f6f00042dac8b2259c2b2c78869,1,credit_card,4,45.78
14def5e6b6021ae117c181c039258033,1,credit_card,8,180.46
8e7c39692005bd922dd07d56bd036e87,1,credit_card,3,34.00
dc7be13b2ee660f092e641982b4dfb69,1,credit_card,4,59.33
f88aa9b677553d2e3f0e77b495066619,1,boleto,1,60.41
84d965c9482e83de042bcb2ed7330012,1,boleto,1,202.87
2140193e2b0829d9e294a5b08560a497,1,credit_card,1,63.31
150fb6d066c66925d51a48782deafdfe,1,credit_card,3,72.34
bf77be9e5c844064520fc976a02eba7f,1,credit_card,2,87.64
791de4d00367a315bd14eb6ea519adef,1,boleto,1,98.72
55f48d94df188b3d4f74c9db5396b6db,1,credit_card,3,176.77
2b016617466b3d768cebf616e68a3983,1,credit_card,1,74.74
c4669e882068cc0ade2697ed2169326e,1,credit_card,8,394.52
c2575ff905b5b189ccda375084be2de2,1,credit_card,2,113.48
0071ee2429bc1efdc43aa3e073a5290e,2,voucher,1,92.44
917ca364b9fb9460dee6ea613ee2a5ab,1,credit_card,2,491.36
fb975e889b11a08705d3b2734b626916,1,credit_card,1,47.02
325aaded48f3d27932d49793acc90b9b,1,credit_card,1,31.53
f104033beebfd7e8f12217531c2275f9,1,credit_card,3,157.20
1ffb9dc91fdfd3d86671c5dc2a94dab1,1,credit_card,9,198.47
7a36cd04e45972a421517cb7c8a813f3,1,boleto,1,130.50
53bf51495103abe64e330f5360456ca0,1,credit_card,1,51.09
ad18be9bebe6d2b6b02b38f8da9e08d3,1,boleto,1,174.56
24040647efd179bd506acacbbbabd838,1,boleto,1,137.50
175a79065991e40569812e90232dc38d,1,credit_card,9,880.80
f875abf3cc68933b94d08b4ca51726d0,1,credit_card,1,67.13
4feb155d6d4d8b2ba3191d90655f3b99,1,credit_card,3,39.09
f1462e755e6dad34d26392c0715bfdab,1,credit_card,1,58.13
d95dc7171d00d08c5e2c57e693161db7,1,boleto,1,165.70
7845d9a1a3d511b756a5c2c2352ba770,1,credit_card,3,35.84
47106caf7707ccc0552581877874349f,1,credit_card,3,37.33
733e030acd7fb0584a2e64f9a981e9fc,1,credit_card,6,194.37
cb162de51da6fe9c49b238971804a224,1,credit_card,2,72.14
34fdc362961364d3ff08986ccff2212d,1,credit_card,4,257.45
2e5e827b80515bc21c042a5181e32ec5,1,credit_card,1,42.58
701ddcb0eab1d32958b3638a5e8c4e97,6,voucher,1,4.88
2251c2ae48921e06fee59a7779d9bd47,1,credit_card,1,3.86
0229e66693fbbd736e5022221fc8148b,1,credit_card,3,62.98
d07179898f582cd4b62f9f5328698baf,1,credit_card,1,95.56
03c968d10d8c63bd2388245d02579fde,1,credit_card,5,73.28
9ad89864a2f76f00c0d73d78e7a6aa1e,1,credit_card,5,189.70
3517c4c24184e3c518a1c8319dc60765,1,credit_card,5,141.23
8ebbdbcc79e51da16021583a29f2ee21,1,credit_card,1,171.83
b9dcd29b81f45fd68a5489a381a5a3fc,1,credit_card,10,456.64
192162688f179d526243e303ed01abe6,1,credit_card,10,1075.56
ec9a45db197262577280e38de1889f3f,1,boleto,1,189.33
4b936f52e9d0886cbe8ab2c15fa0a71f,1,credit_card,4,129.32
e40815dcb739e03cb2c06547ef7c3092,1,credit_card,7,507.90
df91fb38017b42722551a94382cb829a,1,credit_card,1,172.13
4fa07e91d7b4f8b191e3a6ab40f14f54,1,credit_card,1,79.62
9edaabce3c4beef5432b6327ade4109b,1,credit_card,5,218.30
6981dcb7b07826f29c65ec408f8aaf05,1,credit_card,1,30.69
76de219e02a69e67c85ab229f27eee44,1,credit_card,1,52.34
c9645496b715730a1a5d07eb97a6bf6b,1,boleto,1,141.48
4d7a365119241cbd17c7afb5b39bb9a0,1,credit_card,10,327.90
fa1ad0a29c6a88101f0eb2e1504eb9ba,1,credit_card,2,116.36
1f440e230578d73badf5afd8bb78c632,1,credit_card,8,327.58
71551c2db02730406edd5839f5e2a53b,1,credit_card,2,223.88
986eb0e0707439d7852369091e0fa8d9,1,credit_card,1,72.76
38e0e9763bb6c91f55550e6d8555c78b,1,credit_card,5,149.13
162b56a349cbc23e6ff66357119607d1,1,boleto,1,58.09
caf07fcb4e0d35fb5e9f6e3eeb294ada,1,credit_card,10,119.48
001dbc16dc51075e987543d23a0507c7,1,credit_card,1,87.90
28a90e83ad0833466ffd4c3fd14379aa,1,credit_card,1,69.48
e138a14b6a413d7a17ff420a130b2759,1,credit_card,2,408.90
8ad90551f6c31bd81ee660c78c7250ca,1,credit_card,1,131.06
762accd1f919295f51f3b39e314cee12,1,credit_card,7,154.73
d84ce4acc4a19690d7a7b6f5df4d3023,1,credit_card,1,204.06
95d8c6b4c0b7c33f86f75fa4e0a74594,1,credit_card,3,322.89
0a2798cd0ba9166659c07e35ef5eb817,1,credit_card,1,134.76
51e284ce71f96710652ab6d5da30fc09,1,credit_card,5,223.14
eab0944c40c304c769e5c24309caa8cc,1,credit_card,3,48.62
f3f075558b483bc41012c816ef977100,1,credit_card,4,305.63
c900c2a8fb7c9834925f3110fd7ed231,1,boleto,1,77.69
cd63595a31d3717ff7ea9a0b041104a9,1,credit_card,1,78.84
29d99fdabd0cb6b4e9d82f2f38c04a5a,1,credit_card,3,113.86
4ef685e6dcade551ce14cb3783ca664d,1,credit_card,3,215.05
d7c320185a2f9b32f5e2370ff3f8bd64,4,voucher,1,0.20
be73d4698f2f4939662dd7788cf3dad3,1,credit_card,1,45.00
c5bdd8ef3c0ec420232e668302179113,1,boleto,1,54.20
cb303e4e397e2a02fdaca20eabe8dba9,1,credit_card,1,127.92
33cd2b3de2ec32a78518fd9a66c98641,1,credit_card,1,27.68
0b710815eacb6ac13165d4cf70dbd5cf,1,credit_card,1,67.63
9725a1c59138f30c5dba936ca3a2de34,1,credit_card,8,107.99
924d24dd7c6de024d96e25d4812d65bd,1,credit_card,1,89.39
987b7884b5b6e23a2b4d35d8213815a2,1,credit_card,20,488.58
7cbc58346dce935abff14a7c5a0488f5,1,credit_card,6,137.67
e2e62108a0daf44573986d823484239a,1,credit_card,4,48.06
05147da86ae779803eaa2a5480010af9,1,debit_card,1,17.29
736401dfe860545394d24b098b2728eb,1,credit_card,4,46.04
656a18a8006d264fcc120edf67a4e98c,1,boleto,1,102.93
31ad4814ceda6fbaf80287df5e35073c,1,credit_card,3,175.82
0faccee831e15bfa7b6b1bef3eeba735,1,credit_card,4,42.85
54ac5ed66a8b2c74a3878d90d805f367,1,credit_card,1,54.42
f01bca7e8e6bedab1bbcee4ccddca238,1,credit_card,2,176.26
9f42ba3ab7f23f1ce0a717cfc841a9ab,1,credit_card,2,41.09
dcc529ac8f2824f74ffa4a42dcec638c,1,boleto,1,67.91
a9a71d9344772c405bfeb378bc587215,1,credit_card,6,92.80
1f7db95b8fd2c7432d59242430cb2163,1,credit_card,1,90.88
1a64643317da0457d3f145fab8734b22,1,boleto,1,79.80
82c997b659ae33d1e56c30e028bd7591,1,credit_card,2,36.15
f61d0a25c102875f482d4ead106e18b1,1,credit_card,10,169.67
e52c9dfec957c503bed5d050a39c740f,1,credit_card,2,149.15
158745a153fbab78119f6c57c38c5306,1,credit_card,1,46.86
885f4f4ae28b4914c99d01be5bf570bc,1,credit_card,1,32.77
ad818323f40e1a353eb3a3874d138c51,1,credit_card,2,191.40
52628d72feaca84428e9d902d3985605,1,credit_card,3,96.67
3c75e106ed38695c5bbf7fe5ab77a851,1,credit_card,1,71.68
d20d521427100e96eb0298afc19d97f6,1,credit_card,3,159.39
bbe9cd550cedc72e9c9ea15fe13bb91b,1,credit_card,1,31.99
942c437934a994c52629e74e23787f26,1,credit_card,6,391.83
501b6d9a20b143063d1711970953fcb0,1,credit_card,1,67.43
758c8ff64cc233c51b12159bea040efc,1,credit_card,1,302.35
a9240539eed71e70690ea5a026f9f419,1,credit_card,1,35.79
8d771479430ddcc5431d2ef4aa207204,1,credit_card,8,86.15
d8fdddcd258b88c4919c52ce44756a39,1,credit_card,1,44.00
5e41372dfed214a973d082c2ba36e9a1,1,boleto,1,63.88
320663ce04c21d3c2df2e5097f90695a,1,credit_card,5,261.72
e39fab126fb47dd2f1a47b2af6422bc5,1,credit_card,1,34.09
097c6926697b318e2e49c0d92843211a,1,boleto,1,220.20
2ec63bd84c4e873ee8bf8786f4942673,1,credit_card,8,189.90
5124343628b2cd43d0980ccc67353226,1,credit_card,10,864.60
8d994f4a7b065361eaddea05bd528909,1,boleto,1,42.18
b11b5fa23629054214fa15a68c0cfe73,1,credit_card,6,308.13
d7a903a05d84644e6e872b9c626d7fc6,1,credit_card,5,164.46
7e5a1d0e245d9956f8919244b11a1da1,1,credit_card,8,643.90
1d5cf40416bcb8a9d98d2f759f9f1839,1,credit_card,5,128.60
01f216b447564f9ea791b521db577ccb,1,credit_card,2,74.49
2d2bd0487565c23b4bcc0b29a41da55a,1,boleto,1,121.99
e742341b8b6bf5a833c52f7c607f6b69,1,credit_card,2,154.05
42c58d1a5434d2675b7835a9e8a26dda,1,credit_card,3,61.12
79f88e060632989f23cae0e00e7381ef,1,credit_card,1,37.38
a3115f34be015286911b92beba41be5f,1,credit_card,4,300.31
66bc92ed85c6ab828e10ff0cd1c5d026,1,credit_card,4,102.29
e28fe1201ebd15ccbbe9d7e18db98c31,1,credit_card,8,208.88
126b56e36148dafa96b5705c766ab2c0,1,credit_card,10,1284.25
86a8dda933d2f5ead748b61f816fd181,1,boleto,1,99.65
2e931584519b7ebc7b1a445a4f7cd8f1,1,credit_card,2,175.79
747674a4b8b96ff3a901d54e528c9059,1,credit_card,3,112.10
0e71d62394f9b03218e1138af6b664e9,1,credit_card,6,302.64
89ab5609dfc901cc9824e0a62cbefe59,1,credit_card,4,248.85
4b7c1bc59d4ec725d8530c19ec09b06f,1,boleto,1,114.77
73e675969b9e5495c9d1c8d4b3b21e1e,1,credit_card,6,136.50
736eb87a85959d07f8b5cdc5f8e7187f,1,credit_card,1,40.78
642bb05feac1a0177c93210d0553e8e4,1,credit_card,4,41.88
a9bfa8db74ad27be5debb246e95a5ea1,1,credit_card,2,317.10
13134fe6dc043430a875ece99381223b,1,credit_card,1,88.58
b243fa91a6213ff97cc5ebdfb8e30a65,1,credit_card,5,60.62
653fb84a9e7359c05777a5332a48a876,1,boleto,1,84.23
8a6687e2edd62edc2b9c1de51234bd98,1,credit_card,2,196.92
c0d51e9a78ec5b240836342d1ada7d1c,1,credit_card,1,105.97
499798fd04e5748ac54b4456d1b7995c,4,voucher,1,20.00
f9e3402be5a5ea63344347582ca9f45f,1,boleto,1,164.70
d0ea854aa5d2827dc112df0048f817b2,1,credit_card,6,76.86
2b7737f7accfb9e2ee360963a202eaf3,1,boleto,1,89.03
4a514eb755fe5187e79bb4765ba82d51,1,credit_card,2,279.12
3d80d12c0beadfcdcf2b4df407112f3f,1,credit_card,6,79.51
3029ae44ec91ac6c793566e668db93cd,1,credit_card,4,136.14
f79a31ab5cdfb67808fb8e27005ffa52,1,boleto,1,101.51
8ef7f8c19a00b45667841442d36ad903,1,credit_card,7,157.30
6eb2a690131ac9952365adf622793a1e,1,credit_card,5,398.88
47deff0f69fd02d0085bd77d6c9c0181,1,boleto,1,141.94
e32cb2b7845ddbc8322b670ff7604fb3,1,credit_card,8,166.62
f8470371533c258e0a16d3406dd43859,1,credit_card,3,208.07
340f19321c9eaa5865ffcd8f90e7530d,1,credit_card,1,75.53
0fefd780aced50487fedea40b67318b5,1,credit_card,1,73.34
8bd792653995ae5a2e101887d982b39a,1,credit_card,1,162.55
408bba49e507e2efa9fbb77966ca4697,1,credit_card,6,178.78
77b3eaf9da4cd4bce3eaad2547ffda7e,1,credit_card,4,173.86
f7541ffd5bcc27d83193554028f9127c,1,credit_card,2,288.06
660e589af9553d75506968867c922d91,1,credit_card,1,368.69
45623f1421557207f2d93ca576418a4e,1,credit_card,5,54.04
d29389c3c21bb08880e15429748e5ff4,1,credit_card,1,104.08
2b0a897dec5e098d39a6aad719ed97a9,1,credit_card,4,97.74
00750f68bb64537034e93554c64b41b5,1,credit_card,4,137.16
5685548b79358ab0ae555e21ef9cb4ea,1,credit_card,6,234.33
9142a3c29501af1e90aa7eea2a6949b3,1,credit_card,1,133.90
29f5eee55471690bb64be28bdbb7f11e,1,credit_card,2,66.69
3d5ac3886057103d59fc294cef2677e6,1,credit_card,3,37.60
7a36f62bdb082d4acdfb07a8e0c7f0ee,1,boleto,1,23.82
ea72009e972388b2881aee7fd39a094a,1,credit_card,2,152.61
1629176e313470cd1d1bc811b4695065,1,credit_card,1,36.78
1400d6665ba7f18ed06ea15ab083203f,1,credit_card,3,45.40
9eb625cb452456dcf60ac5b2ce2ed445,1,credit_card,2,100.25
d2733958b49450e568a7cda310ac055b,1,credit_card,10,1014.99
f83a0ce66c457dfdf564dafa364ae1d4,1,credit_card,1,66.26
fe563d119bfc3fde7ce511e31594507c,1,credit_card,3,193.37
c39fdd3fcd0af98b287d3c9732a7eb38,1,credit_card,3,38.09
25dae1a0efc5bba5a14622eaf552ad78,1,boleto,1,128.09
2b9f8ad9f32e83a7cc84270f04858de6,1,credit_card,1,67.89
f20ad794a21ea34c982e74ec18f7aaec,1,credit_card,2,75.17
bf9d705db9fe15b5bd6a0a35c3e3365f,1,credit_card,1,131.35
244e91c4c416908e17829094e3eb7aa6,1,boleto,1,42.46
701ddcb0eab1d32958b3638a5e8c4e97,5,voucher,1,7.17
dba140d12592fdc150bbeed0f7f1a32e,1,boleto,1,65.11
ee7f4e0a5223e51719a98941129bbc24,1,credit_card,1,35.51
f2e62e5ce667ba626a17ef195d775796,1,credit_card,3,38.13
3a0bae7f6e06392212474608b9093e00,1,boleto,1,86.73
96a2b5167187b3cfde60cd245d421132,1,boleto,1,48.22
614c0b4b5169af9eb895bc8aefe5a418,1,credit_card,1,33.71
ec38e40a750810e337a528576f0090e7,1,credit_card,2,102.81
0e64431c08745e9d2d789b9e6c8acf0f,1,credit_card,4,46.78
be01aa43cde592a2cb281cb5d36359d8,1,boleto,1,30.78
8bef37e0a778afcdf32118f376beb9de,1,credit_card,1,58.74
5c0d142e02002952ffe6ae4db1b02baf,1,credit_card,3,97.03
693d0d4622b8c4324e34ae71fe19a58f,1,boleto,1,28.34
1489856fc5e3169af6b06edbc1aeb1b1,1,credit_card,8,387.90
1d4fef737d9b6c214e13e92ae014018f,1,credit_card,2,314.66
2bd6a9cea9df97f5f2d0717bb6307f32,1,credit_card,1,53.90
0d522996b29429a46093cbc004e8f29d,1,credit_card,10,314.53
2fd573eea535b447eea60a9b4aa2603d,1,credit_card,3,243.51
4f0b7853ed43ab1a2dbc32c3c2b17da2,1,boleto,1,36.72
dfd71e944918d4442a05232a620087cc,1,credit_card,2,68.35
ef5025f48c69b9d957744cd6d6f9b662,1,credit_card,1,37.09
f0b2f79f97e12f27b91c3570c725a81c,1,credit_card,10,180.31
904bb8d83ce0a924807b5d34e698a439,1,boleto,1,366.08
7ef1da1730f64df72be4189c5ea58c66,1,credit_card,6,63.52
dd1240d12bb27a5516e0bfe172c26d0b,1,credit_card,8,249.95
2b6e532558903184200ab657802e5ae6,1,credit_card,5,253.79
1d80070bfe715fe0b628207297d72eaa,1,credit_card,6,305.98
85f8ad45e067abd694b627859fa57453,1,credit_card,10,1961.00
6eafb3047f5d0c7cadeec9d129f0e4d0,1,credit_card,15,211.88
242ab4ce744f666fcffbc5d7fed8700d,1,debit_card,1,68.63
d6229aca790acb92366c9888f1e0c181,1,credit_card,6,327.70
04082ed3fe3aa0b4af00796e94ead6ba,1,credit_card,6,139.01
0b1e77ab8db5ec5c6af5514bcdf20240,1,boleto,1,122.78
fda140e135ccab872e95fb03e76ba27a,1,credit_card,1,76.98
c536b6b70c5e68d35e68e55e95d873f5,1,credit_card,2,128.02
e9ccb8277ecd5374b5a0532b5ee47f7c,1,credit_card,9,159.94
4c96e6cd1329471164e71b76d8ac0619,1,credit_card,10,176.02
8b2fb881ec8d04ffa5bc7a27833ad984,1,credit_card,7,182.62
6386b8aabb7f032b77475740cb035e86,2,voucher,1,100.00
e003d94282e5f1e45760dde794a8a173,2,credit_card,7,75.79
8376f6035204b549b6bae5c4a7aa5a44,1,credit_card,1,73.54
45234e26d8f4a497d57ba385398874f8,1,boleto,1,229.79
5a37429384be05ca14780e4989543688,2,voucher,1,54.01
0c91f244ab45cbe4383163d46635b442,1,boleto,1,37.37
2ec517892d22fd59d39b4cfa2a69637b,1,credit_card,4,148.20
18b33f2430f136a8deba8893596a53da,1,credit_card,5,196.66
269ad8edf5c7dd6bfbe01dc68832f6ce,1,credit_card,2,96.15
b6f7267c5de549e8079e23367dafd3a1,1,credit_card,3,32.69
4726bb2be36557009e1f231af49916e0,1,boleto,1,24.84
0ea01a9be52b4c9fdd44188e854643b8,1,boleto,1,107.35
0f637da50b3c7da105d5a5c6579110d7,1,credit_card,9,96.35
c0e194a5482be6d94f4dff49e935b811,1,credit_card,10,148.15
788dadfe475fc16d5e7562f1a5fa8e82,1,credit_card,3,133.08
091bd68043b7a721b0d82b5ff36304fa,1,credit_card,9,104.70
f15c4b4b43ba09c074b6eddcf72a902e,1,credit_card,5,123.52
5bf2faa0ca6a4d0baff82907f7495f79,1,credit_card,1,107.54
c91097c936cb64d71ceee3f0d99927ea,1,boleto,1,281.32
318cbbe8d7e81a3901639555be1e8041,1,debit_card,1,84.28
123eb6c42fb774382bf82e6a332af592,1,credit_card,1,37.27
aa04ef5214580b06b10e2a378300db44,2,voucher,1,250.00
1d4915fcba7b140e7a82379ded2c76d6,1,credit_card,3,128.80
899da82c1aeee8fe315db6826cd9a5ee,1,credit_card,3,147.37
a59a15e4b6085c752d338431dc68d464,1,credit_card,1,195.13
e35a9e312880dfa98135b6a97237b272,1,credit_card,1,64.46
1a4bf675df415785d3d9b3f3521988a7,1,credit_card,1,87.90
de2076727d0a51dfe4889b9cf85198e6,1,credit_card,1,27.38
9e5c76fbc358dc58156586a03f9fa07f,1,credit_card,3,286.65
d9e85a628a68f162d46b273ae52d0119,1,boleto,1,94.21
8d00e06d3fa925f408fd286f9805a765,1,credit_card,1,123.74
4ec3c9f805653722ef9965b81ffe924c,1,boleto,1,41.89
632ba34265b5449d1f742d24cacf1208,1,credit_card,8,267.27
a43036834338e7cf3242e7c2a47dec7b,1,credit_card,5,72.67
97f0469c4d923101d383461947f575bd,1,credit_card,7,180.93
421deffec215845f8632fb3543789f86,1,credit_card,1,103.69
b409363b150c3fc8fe6dddae1bceb1d3,1,credit_card,1,55.79
419de35b9f49a3e9822b8f09116cdea2,1,credit_card,10,968.88
6b8a03d40f75b75ec65ed5ba13d80f95,1,credit_card,4,1482.42
3786374eb6f56d00e96bf7511002cd00,1,credit_card,9,643.19
cf3953190a955e0f2e4a8552279713b8,1,credit_card,2,24.77
44569e91b30111309ef6cdca8bfaaca9,1,credit_card,3,237.00
e1019f2695c5dab494b7efb92c9a0b6f,1,voucher,1,32.96
71e65504647428c80f14efcc2a85f666,1,credit_card,4,137.60
3498a243e9fe88c9c4ce97bf7fa4617c,1,credit_card,1,28.64
0e79e80abdb81ad5003ede1e8d4ef4e1,1,credit_card,5,135.77
a67d6881ec08b5e0258c05357bce8516,1,voucher,1,59.00
90e5ad6118ea4ea07eb9de3aa9c698d2,1,credit_card,4,91.78
34d0b73ffe40c22d8537270e7ffe7517,1,credit_card,1,33.01
67c98ded9839fea6b6482d1341517e40,1,boleto,1,77.51
0f28dea25f498acb1ab8d7f947c2ceaf,1,credit_card,1,15.63
61e94ee01643283937897275a00ed8ff,1,credit_card,2,165.12
4392f572045f074cbfacbb5757ac5405,1,credit_card,3,38.94
e0ff4f042465bf3a83ab05b537d1c90e,1,credit_card,3,77.23
32f0db75abd9599736ef815f021c684f,1,boleto,1,504.51
1c366a6fab2801f8b19036b3fc66ef17,1,credit_card,2,105.18
0e4b1ee38c10f79bb6eaffa7c60ae724,1,credit_card,1,317.40
37a7c67354a15ed78011b5e51306b221,1,boleto,1,168.51
aeb280e267d4fcf5e2c8da2cbd0ef890,1,credit_card,2,28.59
3453b206c6aec2e9dcb09d2cea15e7cb,1,credit_card,1,13.41
5baeaa8bec54f12f0aa0ee4b4d285cf9,1,credit_card,5,107.06
38a5a268ed9f84995c960ba876ab6952,1,credit_card,8,197.52
25eac842862525f18a083c6edf1929a3,1,credit_card,10,1783.70
cf91dadab9111371ef3973e8febe8d3e,1,credit_card,6,92.34
8349ea058481bb2cd229288e7e1a9055,1,credit_card,10,340.49
77ae79f517b55536c4be2d6953ef30af,1,boleto,1,290.37
c57cf7b41f793c7c74b7e51f236eb57f,1,boleto,1,77.94
74962a666c603a2f294a4f3846ae3b40,1,credit_card,5,257.56
957835fcdd687e80443310e35eb113b9,1,boleto,1,57.43
c672b98a0a2c7259aefae3ac12397137,1,credit_card,8,247.85
b5eeec1b045b05d3e3010ef57120a8dc,2,voucher,1,20.84
bb90b02637daa6d6ea968529eed50699,1,credit_card,1,307.68
853927b32b0ebc007ece729a314338cd,1,credit_card,3,214.05
43f32db0dedd975e294e98ce23b24661,1,boleto,1,1937.64
490f9c9fc86a9e753c5729f7119e84d7,1,boleto,1,43.18
e03758edc76b636006eb8f5bd648ca90,1,credit_card,8,236.28
fbee80ef6891c144af8ff9dc788aaa89,1,credit_card,5,58.74
d6b1ddf39835687468c4477c1aa9cba0,1,boleto,1,38.95
f2dd5f15184c73c0d45c02941c7c23d1,1,credit_card,1,91.92
ec48402bbc28b1e4f252da4031bd502a,1,credit_card,5,397.03
f58d7e09ece55d81aac40b317757069e,1,credit_card,1,631.41
0a2902af9ad58b25df153a4e743b5db9,1,credit_card,10,200.91
bf99c65e08505b49813ebded6969d109,1,credit_card,1,38.14
e9c1cd6b45624aa77cf10be70487d8e8,1,boleto,1,174.26
0b1290e557f053467333ff365790c5a4,1,credit_card,1,59.36
7bdcc57ef2c5e733958853f9667a2c9d,1,credit_card,6,156.33
7ec1a2c6522b9fcb54c68a4f8ff6f331,1,credit_card,4,93.11
c9a088f0077de94d4b7e57e5a234cea8,1,credit_card,1,82.13
1f2c730715e25c512d5beee0f697bedb,1,credit_card,6,66.34
cfe4b206b7a8acf6ca84fb710d61f968,1,credit_card,4,210.63
e003d94282e5f1e45760dde794a8a173,1,credit_card,4,49.27
ee02295dfa5d0519664c1dcd4a70e87f,2,voucher,1,36.29
d1f7b8ef7a59b18de8df95b7b8073a5f,2,voucher,1,100.00
689d9b46b0376ea4ebaeac46ebd6fc18,1,credit_card,5,58.79
a503842ce2c01bf4bae8b9ed571f29a5,1,credit_card,1,100.75
b9b51e569a2e79970555eb81107eb369,1,credit_card,1,57.51
3170de33866d3923448fa787230ef7d1,1,boleto,1,104.80
848bb02f182d3cd9c820281db86fc743,1,credit_card,2,76.76
b22b9811c2074480cc93f9e8b8e4c8b5,1,credit_card,3,151.46
eed6f74a190f23b5a8ac54a8b86aa79d,1,credit_card,1,55.17
7117ea59ab9bdbf381b1a880eb25b07c,1,boleto,1,386.32
387d999316bb3a42822318138fb1b0e0,1,credit_card,1,146.43
9508c52fce9468c56973500f75dbad5b,1,boleto,1,1877.84
87daab525d42b65a8fd0083f652cc9d9,1,credit_card,2,117.96
10a0be3ae9093afbffac333cf6670922,1,credit_card,4,103.55
610d998ea61935583bd897dd101d0e1d,1,credit_card,1,3.67
c0a70f802fa139670e7987afc9acd16b,1,credit_card,2,28.19
f32430cf068c4689e9ca4c0d46ea04a3,1,credit_card,3,62.69
4f16d07441ebb275f11b0c403433a20b,1,credit_card,5,94.36
ce500b2ca0d960f937fb4d24282d3291,1,boleto,1,151.53
bacfb12b369a42b37e0246c786bf4637,1,boleto,1,373.90
f4eadb63785a85c5624767458b5f5cc6,1,credit_card,1,133.69
51a78fb31e4d1dc9a712c428af94ce6d,1,boleto,1,174.34
26227999b191329fe62cd797aede5270,1,credit_card,6,124.52
47cdb12caf2067098633bc9a0d3679f7,1,credit_card,2,144.99
b0c24ba8fd93348465e99a9cfa27db35,1,credit_card,1,48.27
18974292ee839a7a7038699422e6cd39,1,credit_card,3,54.61
f0089d43f99d1bc295c05699b4facbed,1,credit_card,10,274.87
ff16d15a9ee89f3b65af595178308532,1,debit_card,1,27.68
4d8333ce7e8cf1184099aeab819da7e5,1,credit_card,2,32.99
9448533671e2c8e65a1bdedf43c778f4,1,boleto,1,73.25
6afe56a58c8b67e87e2abd3e88c4f41d,1,credit_card,1,64.09
7b9bc6b76ad9656ca99e8e1f2a6d249b,1,credit_card,8,88.17
69a4d311a122356e1eadee79beca43e0,1,boleto,1,294.82
e0e1fe9ae2dd406e99025006b746c364,1,credit_card,2,42.86
6612d55037369324a1556532b38d02cb,1,voucher,1,104.62
983de0fdf98ff06d6cf1c379f7540f7f,1,credit_card,8,865.38
8c7aba5d415316a216626dfdc9e5aa42,1,boleto,1,81.64
efcdad37e7529147a3c3ece422943baf,1,credit_card,3,35.77
aab6724caaf81418088249e2a0ea5d17,1,credit_card,4,252.46
ca28049cbd8e65a6e26834584bb3d38e,1,credit_card,1,122.92
81251f18621a822ad5b09593dfee4fc9,1,credit_card,2,22.46
5333db16fe357175d39c82840dd3269d,1,boleto,1,138.30
27bb59120b021cf6ebad6ea92f289d53,1,debit_card,1,118.99
a00b897f3877d33635b6c8c9b8ef5984,1,boleto,1,153.19
3ad68235680db3c8a491e0362402fd96,1,credit_card,1,22.38
84b1048a4e9d46efbb9e5a65c973cd11,1,credit_card,7,142.54
dfb6a56c471c1a04a0714eed6ce75de1,1,credit_card,4,226.74
1a46a59c4c13f2c52e453f8f490b7840,1,boleto,1,130.47
d5cb76792b06c2a00edb03001d5f52ad,1,credit_card,2,265.12
01b84214591ddd4edad9fa4a1f344f84,1,credit_card,10,651.56
6cf8b5d146910e3d1b0f23f82a132194,1,boleto,1,171.00
e154274f8d5b5bcef8bb9f51a54b218a,1,credit_card,3,85.14
3e46d4c127db26ad30843bd14fcb98f7,1,boleto,1,87.66
40a601b71bfefbc0f6a7566b0d201fad,1,credit_card,1,30.12
ca7adf1201471598788f746ed74c825b,1,credit_card,3,110.13
547bbd260d2956c4b7eac06beac85ba4,1,credit_card,1,29.86
f13b936aa2436a99f17881708a7505b7,1,boleto,1,223.88
601fb7b5c950f370e9b7fa94529b8880,1,credit_card,2,462.07
346cd3685987f63655b81288de9e577a,1,boleto,1,75.07
5c973d2b4652e1dec15353b59339f3b4,1,credit_card,10,363.51
f757fc88a9be2d57259be12e45955e7f,1,credit_card,10,165.82
c26761f0a70b2b7e0bb437aef502ffc1,1,boleto,1,29.09
c0f8ab6b8ca98ae53f4acc203b206e0d,1,credit_card,3,136.47
db0d6bd65ccfca6371985ebcc2227efe,1,credit_card,2,111.21
f5469d54daa9f43486f2d4ab2b154406,1,boleto,1,556.75
4054f3a02c9191a518601fba04f06742,1,credit_card,4,45.00
25d6858f3b1d2f332623bdccb12db9eb,1,voucher,1,174.19
c45a8b174ec48970c3ab42171bc702fb,1,boleto,1,44.09
625f92d47eee6330318032089c61a90e,1,boleto,1,55.11
7d513824c667a2e85bbf10cb740bf289,1,credit_card,7,377.56
49a025561e725132c9661f305515a65e,1,credit_card,4,46.01
05ca3bba2e4c3bc5c601b57af96cf3cf,1,boleto,1,84.99
31328a81d4ea41d47dc777dcbd88f222,1,credit_card,5,117.26
7951fe56cf685dca47524b1986bf56b6,1,credit_card,4,449.92
16bf4bebb63fe2842793fa1e3fbb83d9,1,boleto,1,27.68
e2fffc00c9decdb32b25e86a37f3ad50,1,credit_card,1,154.91
69f5eed47613a9d3cd0ae94d398cdd4e,2,voucher,1,30.00
0135675503322d804abef7ec5ed4824b,1,credit_card,2,122.97
e4825515f8ef501b2887a2ad0685621a,3,voucher,1,25.00
e1fe072ef14b519af1f0a8ed997c1301,1,credit_card,1,24.42
985a7ee1a544f6f20cda38931a22a6dc,1,credit_card,3,77.16
df2887ca6744389b31fc5749e30a6efb,1,credit_card,1,109.80
271f637085c45e7e58268625604724a9,1,voucher,1,201.09
a04fb6341ec58dddcf7ecaa4c6322f55,1,boleto,1,82.78
c087855fe6f303205c09558f7f8103c8,1,credit_card,1,0.53
ddf02da047a1c300e78346fe13f7e862,1,credit_card,2,99.43
589eac637e68da58add10ee5e6710bac,1,boleto,1,795.95
721c8ce6d70e0d7c73d0d0ec262b09bd,1,boleto,1,359.97
cb415863b9b9ae1341b2deaebdc88c9b,1,credit_card,4,128.72
9c8a5a65a01f4a42ddd7fe53ee525568,1,credit_card,5,158.56
8258ee754942254bf787b58cfd650a73,1,boleto,1,37.77
6744d76b253e71e06a89867248227b9c,1,credit_card,6,84.81
e4825515f8ef501b2887a2ad0685621a,1,credit_card,1,0.70
f04479bb4e07ce7b8ac1d2287b528541,1,credit_card,8,147.99
fecd2391540ed4dd35db71f1af87f03e,1,credit_card,1,98.72
701ddcb0eab1d32958b3638a5e8c4e97,7,voucher,1,3.08
eedfdd1e4ef97bae3bc2a49f06e3016b,1,credit_card,1,50.10
2f29cfa739331301e37ea8e0cc5c863f,1,credit_card,4,58.64
0d4947e726ae3959a6cc28979ab632a2,1,credit_card,1,34.80
4d0b1ea51ea051ef9f4765df8148c0cd,1,boleto,1,156.39
275322de6426ec5071b219b77fba6a65,1,voucher,1,48.95
409e4a6eadbdc33f16ccf0bda01eec1f,1,boleto,1,195.92
011af0959ebf2b09a062867811dc63b5,1,credit_card,3,74.16
121dbde7d88c82adc886e26b28552ef7,1,credit_card,2,114.25
8ae0da24fb052b94dbf0d5c1527cda13,1,credit_card,1,44.66
a33a09b1320a130c61d1d5d9b8aec5ee,1,credit_card,3,138.11
8282d5532e3d6bc650960861965714ee,1,credit_card,6,64.00
d762e245b7d93fe1fc56d6ed89782027,1,credit_card,5,670.47
b0e9f35ef740c711cb29c8d779388062,1,boleto,1,20.85
d60af32e2107bccc3efe66e3faad59c6,1,boleto,1,143.28
b276e4f8c0fb86bd82fce576f21713e0,1,credit_card,2,188.41
ba6db6908932a9ed2a611c82ef295d37,1,credit_card,2,139.27
d8711cd641288f4e2e1a84dc3c6ade21,1,credit_card,5,132.48
8bab0782e1f2a9fdc338a883c124f75b,1,boleto,1,192.91
61c0331f4a2916cc12ae6abe6f4caf41,1,credit_card,2,466.90
7727f2b370c8c7e236872c980d69968f,1,credit_card,3,237.59
6054d8418ec326a7a9382171632b7a7d,1,credit_card,6,428.91
6369478ccc25c089500c88305545244b,1,boleto,1,112.44
b4423cdd0316fb3064befb92d164de96,1,boleto,1,163.92
a11e916995a120fce0b1528d2555151b,1,boleto,1,51.96
765e82006189100419015233bf26be8a,1,credit_card,6,59.99
92a9ef7f0a0d392c9ad0d5f44e86b4ba,3,voucher,1,25.00
91bc515746f412867344f7ee8ce0c60b,1,credit_card,1,175.77
fd06d0c6fa9aa98d24fcb159b433375e,1,credit_card,1,30.13
317bfcd79627d89d54a917da6e066beb,1,credit_card,1,123.89
4fe4c496a13fb35dc73b330ccb988813,1,credit_card,2,26.39
4cc65e8e0ab1879889ab53fbcd422978,2,voucher,1,106.96
0f881abda9658ce5c28cca333059224a,1,credit_card,1,115.35
d469b51abffc6d74299c8a0a56db5314,1,boleto,1,45.86
913908597fea142985168af1fc46a6e5,2,voucher,1,142.56
9502eac77a6fdde265da489d96557785,1,credit_card,2,163.44
db7576b1fe440f4c0a808855aacf0948,1,boleto,1,18.62
a147b97f47abbdb02f67ea00da442cd8,1,credit_card,10,145.01
f29bcfc9110dfb7b1fc0f77b31b749b8,1,credit_card,2,162.47
48abd4dcc16f0885de523602c047d437,1,boleto,1,93.57
d64a14f0bda63154a36174c4870ee78c,1,boleto,1,87.32
e694b95a2d201f01906a8dc752659d49,1,credit_card,2,247.46
b0b822b0f9346fb153a23ab0ac5214ff,1,credit_card,4,203.86
3ceb8926c7d570d68d8307beb320f2ae,1,credit_card,1,65.50
27daa394276d904c4a0fbe8307e854b8,1,boleto,1,69.20
106f773cca522fe33c40267418112669,1,credit_card,2,126.54
12619b9be5cc3665b3f36f1e4b4d0ffa,1,credit_card,3,39.95
36e694cf4cbc2a4803200c35e84abdc4,1,credit_card,1,22.77
60b7a154dfbcedf1c0b7b294d0cfae7b,1,boleto,1,55.37
9d6ebf13c4103f0a747d86c3c93f7af5,1,boleto,1,206.86
71282e3ab70a4319b82314e59041549a,1,credit_card,2,121.64
2e7f2a6731020cda16dc217491d631cf,1,credit_card,3,79.56
f07ad60eb1e9d4b3be1029f373321408,1,boleto,1,502.80
350aad4e4bc8240326121102708f0504,1,credit_card,5,231.45
443f3ab34f06d2d9124cd153812b4ba6,1,credit_card,2,95.60
d14da316939ad2245cd4bb898bc45a62,2,voucher,1,9.55
fc6fa7fa7977262db8df0b27a56474d8,1,boleto,1,450.76
897ef7424df8edd3139511b631ae8e94,1,boleto,1,303.20
01490a4bdacbafe6de009b317a0c8bf6,1,credit_card,5,151.14
6c75a0779ee3835fcfd142d8ed8b2535,1,credit_card,5,99.35
a37f223ddfb275821019dd70ef97b23f,1,debit_card,1,89.63
3d98c6327fa1c45b931c31e7ca2c97cb,1,credit_card,2,74.77
ea5f30a182b04fd1296273605983b9a4,1,credit_card,1,76.84
352c07bd942e2c6def34464d7d84469a,1,credit_card,2,118.72
5f4232203a9f7cd910b49787d7f32437,1,credit_card,1,50.30
486bce96008cea9cb14d0593189961da,1,credit_card,1,20.14
db0b12b763f716df3f27218724161479,1,credit_card,5,497.74
ccfcc7f58cf5619fc40593dffc299a9f,1,credit_card,1,159.48
44c0292da2b6567285d4d06b0ac1a676,1,boleto,1,181.69
e9bfa573b732937bcce0dfee81481cdb,1,credit_card,2,130.59
da0571dd2e59b32cca46279a02bfb40e,1,credit_card,1,72.50
6eb4105b2eba30c0d6f8e720d3909cbb,1,credit_card,1,114.29
c2b819b02527dbe8dfe424c00d999e0c,1,credit_card,6,116.36
7588fbb6c9001d45b0f2bafb4be7ef56,2,credit_card,10,109.70
31725408e39733c6fbccf9559d25f0e4,1,credit_card,5,264.54
c271d6d965ce901e7efaae6879247e43,1,credit_card,5,140.30
a37057df33d7a542cf514f9cbe7a311d,1,credit_card,1,123.27
9843c2a66fe0afda6509bc4274f743de,1,voucher,1,90.98
e3071b7624445af6e4f3a1b23718667d,1,credit_card,1,51.75
30c902056ce61a4404a706f9dc06b4bc,1,credit_card,3,30.96
996763a377a7e96ea28f02058d1e1883,1,credit_card,10,436.98
db5aee77fcd1883e2dd15e342cc42493,1,credit_card,10,123.25
3937ff0dcfc2d3e0ccf73d9b6521611a,1,credit_card,9,96.65
cffc9d6f9230a7eb234ba6f3574db1ff,1,credit_card,2,74.96
cbe90389edee454fc22a84aacee69e6d,1,credit_card,1,35.77
0629053d0e1e598c7a5048031e19e31b,1,credit_card,1,50.60
b8b755f4dbfb058b20c5c4ef662ddc9f,1,credit_card,1,170.63
55bb79b4227dafa41a25a45e8462c7b5,1,credit_card,1,79.50
61b40f2b303f6b312a3563e508baafb7,1,credit_card,1,78.00
6fc4efdbd3590258aea33eda644ecb12,1,boleto,1,89.88
2812dbf450ac5dd26b952cfc6db60529,1,credit_card,1,107.09
0d5fb8614978748bcfbef448c8a74a17,1,credit_card,4,201.96
a503ed3639b58426f15f719d61bfe408,1,credit_card,4,234.59
d35ca5de99f9cb92be83a52973b5bbf6,1,credit_card,3,152.33
711446e2cbe250789dc7b3ecdfce793c,2,voucher,1,150.00
2ccfe5d6558b5a6b11ab972747e26132,1,credit_card,1,31.94
523a8bb981fdb61599630fe01b89f642,1,credit_card,4,405.24
8f56d95ba4712b40163a057ba5ab89ac,1,credit_card,2,90.88
341dc4ea81fabe7de6af564b72fcf3e2,1,credit_card,2,162.63
20d120b5a95a60c3d599810d5ee01c21,1,credit_card,6,61.80
85c86d629e3c5e477f457be9db748d3b,1,boleto,1,92.05
e6b945a54e2461068b09cdc3d465304d,1,credit_card,3,263.18
c40c8f44fadbd73ec33576de59af7037,1,boleto,1,110.77
2343dbf79839ce221f3e1ec059cbff9f,1,credit_card,10,140.56
520e9b73b66dd639c67ced184953ca2d,1,boleto,1,358.89
1e12bd2ecc7b4ed9cb562be4e64cbd7f,1,credit_card,1,151.78
4986ad26a712831bf15208292d72e96d,1,credit_card,10,1269.50
6c3ebcad285020fe222c1bff5a23b15c,1,credit_card,4,133.35
bcd894d1c63a81b9b1872a8b9579f546,1,credit_card,1,95.67
c1156d369c303a211cdb53c6125a33b7,1,credit_card,3,149.33
cc139c399d4fe7949e1cc628424f7955,1,credit_card,6,86.63
6f99460a3922c5c8fa61c49fa488a858,1,credit_card,2,93.50
0bd92af478239fae08847d13e9fd8617,1,credit_card,6,62.78
8ef4bed1022c0f48012b556559e43f06,1,credit_card,2,200.16
74b9c5a1b6f7632750a25db4de597512,1,credit_card,5,53.42
93fe3d332271d38d6974bec644168f57,1,credit_card,10,121.83
4dbf5de576e0e8d18ad0932e1ed8e89d,1,credit_card,4,328.14
e3f7a673dd1981e0d7b330c8a7220220,1,credit_card,3,328.35
3335f13449d5b75804a0a49611cf11a4,1,credit_card,1,57.60
ea921667f0ab37edbe094d0e67c9d454,1,credit_card,4,386.66
8ff75375a7a2cbf26e7fbac0c52c9810,1,boleto,1,52.68
0e660617f70b9a3f6bfd3919b49450ab,1,credit_card,10,107.27
dbd8e1a6d62bae210e6a42ed8bcf8d39,1,credit_card,6,70.49
11746f9dc3d55313aadc6e6bf8464595,1,credit_card,1,47.13
e10c9ad36c79606f76bfc8da8eb83aa5,1,credit_card,3,35.09
ad6b07be756ec7284a64503ac34f6975,1,boleto,1,723.48
3c5b8e9f31061a7aeb8531216a18606d,1,credit_card,10,113.62
6ab838d74d628b6f618844ef50200969,1,credit_card,1,144.75
b461e43868116fb81d1d91959ae5ea65,1,credit_card,7,91.78
4f869174cbff0495e39adbe5a6c4c040,1,boleto,1,68.12
bd81ffff0f0fbc533b7f763812cecf34,1,credit_card,1,40.13
3464107c541f0583d599cc7d335cb9c7,1,credit_card,8,103.73
397c0e626cd53023d629b5053d222ce4,1,credit_card,2,59.47
48a1c733458a579cd85f95918057dc82,1,credit_card,4,45.78
60d89454741d31c6c07226c6069864dd,1,credit_card,3,74.03
76606b013751ab0fc648e671d8bbf16c,1,boleto,1,17.39
d809ddde66fee6223df16b11231491f9,1,credit_card,10,846.52
d9d03fe2697fd771cabf718ae4cc6b14,1,credit_card,6,68.13
7942099e2f484fd9f80b3bf901b706ea,1,boleto,1,31.43
dc549de29b05dad7e04a830974bd9278,1,credit_card,2,27.68
64a6cbaf0304bb145b7eae00fbbac35b,1,credit_card,1,114.27
eaae5e87592113d14ab25a25bf5105e6,1,credit_card,5,84.56
f5e3df1b6d4ee5b4e795cbd56705d35b,1,credit_card,3,299.76
323dad8c483c7f8b818a825d257f4aa0,1,credit_card,1,38.62
5836a9fd173a29689e12bf421d2d280b,1,credit_card,8,171.80
e6ed19491b2a8932cadafcf68e2745e3,1,credit_card,2,27.09
5dff8347ba30bf1b9e5d1a1ce778702a,1,credit_card,10,455.82
19c37103c79e5f4a03f5fcc5b1fe97e7,1,boleto,1,32.60
d99c7464570fd548f9936438c57f394a,1,credit_card,3,164.91
177b06f07f7d57b07c732247e5f3a179,1,credit_card,1,119.48
84f72613dabd8b11141ae6e2710c413c,1,credit_card,1,41.71
b8fefe14a54d37e67e2d26ecaf02760b,1,credit_card,10,258.23
6c6abb921625dd44d3d406ce4b890cac,1,credit_card,3,99.90
22df89b611e2a03b4957043cf949e51f,1,credit_card,1,66.41
d0e379ef6e0ea864c470893dbd5da4dd,1,credit_card,6,767.84
641292e8fd78ba42f0c7ae8786620a83,1,credit_card,1,118.23
ae2ee748fed0ababe6ae778cfb2acf94,1,credit_card,3,153.96
a2ad11ea44d93d936c3189c9975fe062,1,credit_card,2,164.16
86aac59946aefa2672ebf7d495980b27,1,credit_card,5,92.16
3ffa506c19577dce30f9dbce07028c38,1,credit_card,4,199.36
6a618b375464d738bf225aa25553e50c,1,credit_card,1,64.10
54766753b06221dcdc0b0d27db25cc10,1,boleto,1,103.61
465c2e1bee4561cb39e0db8c5993aafc,2,voucher,1,26.18
7f3ad8f12fb1f6bf1858c175fcd4ab79,1,credit_card,3,78.42
bb4eb3e71b30365a580e5a718bd8d1ae,1,credit_card,1,175.06
3175edf02fcecf739fa306e493b283bb,1,credit_card,1,126.48
b207236ad11942c69cec11bb58240dd1,1,credit_card,10,819.35
a60d308a1328a95a1e34b0c19e1ead05,1,credit_card,2,150.04
14f6c86b695ea4ddd3dd4386d10388b0,1,credit_card,3,30.27
ce6a7d780bce629dad2401e73a14e589,1,credit_card,10,759.85
f8e0d73a0d29119847eef26cb525bf16,1,credit_card,1,32.43
98b7513b33b639343a4a8955906e61a4,1,credit_card,1,79.81
12fb5d0cb33d4e9aa4d07b4400346153,1,credit_card,1,55.88
3fe7c5853b6def3524128a2d44fb3d24,1,credit_card,4,42.27
9df65e0ad2cbfa0485262629bb2b6605,1,boleto,1,72.65
16c176e6448f550368cc0078b433b617,1,credit_card,1,69.12
e937de71316fb3186e4113977cb96741,2,credit_card,6,216.68
a3ffb9a7866735bd0de42993b62e89e3,1,credit_card,10,921.05
1df257323bb550a9b9bb150345c42e45,1,boleto,1,36.99
067c946a70abc2e1e8d9185ae309b48a,1,credit_card,10,231.27
21eb47858aa7100e94ede112bf5ed1b3,1,credit_card,1,40.00
035c06c36cc8685238297b6af0c280f3,1,boleto,1,51.05
2f61fac6b8c3e6dc71dc0999144e6ffe,1,credit_card,8,385.81
fa28a275f7cbd6cae66e0344f2445595,1,boleto,1,354.01
9a75a775d17d37cd19193fe02c3f21de,1,boleto,1,424.04
713036f22edb8c69c825dc2d0786056a,1,boleto,1,312.61
6fa1dd5611d4b380144fbe44fa788ad9,1,boleto,1,230.03
a8a737a6c936da9f10807e4c4262da72,1,credit_card,4,217.49
5d05467df1b7834684fe4c0783f5db1f,2,voucher,1,26.70
3f0d61c44dd01ad249fa7589cbdcb8b3,1,credit_card,9,139.71
c52edad050bea3d2f56fbc6be373c44f,1,credit_card,3,164.10
7bc26962535d2a6a7f34041908736df5,1,credit_card,2,123.75
f3a0df8637066be632ea188f5902c162,1,credit_card,1,29.61
a2a14c3ce5305a2e20126dac4cd05a1b,1,credit_card,1,30.45
782b00205051ed11c71726e9554e788e,1,credit_card,2,76.92
5281594b70a5c7ed8821c77aae621155,1,boleto,1,99.95
46c22ce0488991c798933effd2b57574,1,credit_card,2,139.59
5e889b27fcf62bb902c417303e5f688f,1,credit_card,2,116.13
544b98cbee1fc6152e5ede26e1ef2986,1,credit_card,1,68.12
7e5db9e4a8de1e5908fa74963fd30e41,1,boleto,1,113.72
c0ed1e5690afee470f14fca47046cffe,1,credit_card,5,477.96
2355c3ba8f870f103fa43351ffc1a905,1,boleto,1,178.27
1bf6db71e147c950fe9925e0be89ec4b,1,credit_card,8,82.88
e2d092db21e901d04985350bf0e748ac,1,credit_card,1,204.49
cc6adfff0d6a6796585ca1d0901f0ea1,1,credit_card,1,71.82
267cf5d5f5d44907ac3a107257c47290,1,boleto,1,108.83
ada2aa22aa5d4a7ae4092124f8974813,1,credit_card,1,69.73
0c1f1a0595fb30e05d526ab83576cd24,1,credit_card,1,22.29
9e2d5a5568e945a766c01200f5f3cdc8,1,credit_card,2,141.86
b263be16ee60d34da81f89c59ba85ed4,1,credit_card,10,181.52
3784bc92c8ff0ca207ed55629e5df7e9,1,credit_card,3,77.75
49c3293b870ffc5fcd1f11ca77eb841f,1,credit_card,6,69.91
043c74b543e990bd18b14ef1e4344031,1,credit_card,1,147.25
616b813dbea8acc9de0ca0380cd89b83,1,credit_card,4,45.45
a306afa8587ad4c42f5a1c62184673a8,1,credit_card,1,30.22
aa1a6dd9036736db780b2cd007f68a52,1,credit_card,3,163.79
69f54f52631eb8ea8bec66cb902cf54e,1,credit_card,1,3.14
7449c171d08772e5bcbde94f39411d36,1,credit_card,3,188.94
46a9ef8b08f32e1f040b1196a4b1fdc8,1,boleto,1,184.75
bf4753bf93e0d4b25fab22e045029e7e,1,credit_card,3,88.29
0fdc6ce12cb319cb9c173af525080d3f,2,voucher,1,100.00
b52c5e0a82ec048d983882e4d539394f,1,boleto,1,387.32
b458ffdf7369c1e76ef5ba66155886da,1,credit_card,1,41.09
7de2a03405b2f8af2b71ed46371bc149,1,credit_card,6,191.89
96867881a8d245ffae18dd2f1c4898d2,1,credit_card,8,255.75
9ca6d17660064ab8bbc4a8089397afb1,1,credit_card,1,150.38
9ef13efd6949e4573a18964dd1bbe7f5,1,credit_card,10,783.00
c8e6cc0d58104bbddf6c5c8d07f58bf7,1,boleto,1,35.00
499798fd04e5748ac54b4456d1b7995c,1,credit_card,1,9.97
ec5542a8bc5944e2401ce66b372fcffa,1,credit_card,2,167.42
499798fd04e5748ac54b4456d1b7995c,5,voucher,1,20.00
259ed824424260153076008ccc088840,1,credit_card,4,125.18
67730eb2f9468b8c6eb20a45dd477bbd,2,voucher,1,36.02
a6e620028382225481aa2f6ba5158dc2,1,voucher,1,53.36
24608c1bed92ba4666829514c1a408b3,1,credit_card,7,78.40
f0b3358d0acb067d9c09d3fb376a5e0d,1,credit_card,2,109.64
aade48c1fd0adef0f33df25f995d379c,1,credit_card,10,131.75
f814e911eb0f9834305ddacbaa7e83e8,1,voucher,1,139.93
eaba8cf4dd6f90ba47035084624f5da0,1,credit_card,1,135.49
1e2f320acd9cf7428412fb4ba5c537fe,1,credit_card,1,42.50
e42b4cff5d459fc447019421a3cc5706,1,credit_card,1,285.19
8628cf35f313fe2e46a2168f21860031,1,credit_card,6,334.54
742bb86f369fadd10d68946fd903aaed,1,credit_card,1,19.67
964d7960d6a2fad0dbe19f9365bfac2d,1,credit_card,1,148.60
271f637085c45e7e58268625604724a9,2,voucher,1,1.70
f0496c5b6508ecfdf0af4c67896dda41,1,credit_card,3,105.56
8d25f73f2fe9c225dff2232fd1e7c89b,1,boleto,1,145.90
c8b572e51cdb580076ed91bd1ead1fe5,1,credit_card,3,188.65
2591dc67686367f1aa9b8f09497f8bde,1,credit_card,3,77.22
f63bea61c8cd128d3e53d7c07d94a7ee,1,credit_card,10,395.04
0c355e13567802628373895daf5f0a61,1,credit_card,5,54.98
696e7a79f34c788e7b79e59e35756fdb,1,credit_card,7,77.57
fc893e13a220f3fb9b2108b582e773a0,1,boleto,1,207.58
9913ce9487d390ef37cd3b6cc3883f0e,1,credit_card,6,229.50
222ca921eb7f9e8bb4fd4cc5af27d943,1,boleto,1,73.34
6cf5d7a6b6eb9cad292da0b65d6c010e,1,credit_card,7,73.61
d3ba6df689ba5bceee30291f5a28e7bc,1,credit_card,1,20.62
ba862e955a05f361d3cf620519c8d587,1,boleto,1,148.89
dee78f5da82e27d7d397d61769012fe9,1,credit_card,5,169.70
b83c1be0cbe93a1aea7c3a77e4ae37ee,1,boleto,1,97.42
037556f936da90c5f9504956ff286860,2,credit_card,1,36.60
690199d6a2c51ff57c6b392d7680cbfd,1,credit_card,3,73.25
3cf90d04a286c1ea16f5700dbc764fff,1,credit_card,1,87.76
9c9ad157b30e942c4359772b6d446e52,1,credit_card,1,62.39
9c57e2e7098196c6c6ac9d333b0395b0,1,boleto,1,24.29
39dd6ee10ed18591bddeb83c8136dd52,1,credit_card,3,40.18
8e41a4552a7f51874a72a22b403160b8,1,credit_card,4,46.01
43d3bde64fc6f4f2f504d808d3be576c,1,credit_card,1,69.84
bdccf03ca8600528b6f897db4f6329ef,1,credit_card,5,52.13
e4a1a7de8d097ef8862da4fa66798f53,1,credit_card,2,129.66
4f080f85daf0d53e2757336275292310,1,voucher,1,47.44
45029aac398517a7869c2f22ba01affd,1,credit_card,1,127.41
b4924647a0523d99010023d68b76c18d,1,voucher,1,149.99
79847bdf9821dfcc7a036271d0c6044b,1,credit_card,1,210.08
2a80be7c365bb224ec513f04f13c9f29,1,credit_card,1,262.35
aa04ef5214580b06b10e2a378300db44,1,credit_card,5,139.43
8f0518f5d4437b43c4849faee7e6dacd,1,credit_card,2,52.32
462713cbc1abe1d91797604551133abf,1,credit_card,2,266.84
79af690e1f308a4aa1052a6fc4fbc908,1,credit_card,1,71.96
3824c33989b707cc0b0f7fe2b86df7f5,1,credit_card,2,133.63
182680afbd9247820be311a34cafb4e9,1,credit_card,2,58.01
5506aa9cafae9629ef0a21b3ad199219,1,credit_card,1,70.83
6c3a3ae2b1580cb06944870e258eec3e,1,credit_card,3,85.14
ee0829e4d1cc7547c044b8643c14da38,1,boleto,1,18.52
6f4452481a003461b40a81ffa3605ac6,1,boleto,1,22.33
cc8978e74f4d8907fbad695ee3f7f933,1,debit_card,1,215.50
8e054d33e00ddfd994d389e1e7204d3f,1,credit_card,8,196.35
623695cd72cc41aa116c10c7c28608a1,1,credit_card,5,148.13
2457f30493cdc677ad02b57dd6d17285,1,credit_card,2,200.45
539fbc059a691c7fa7d239e2d495f60b,1,credit_card,2,112.95
c1bb430ee85802d59d07d0f769d32e2f,1,credit_card,9,169.01
9bfc2f3d9f6bdb2f0222e3220a7385f6,1,credit_card,5,154.63
3860898db238028285b1e05b5ab31238,1,credit_card,1,68.52
8f6467bcaef44e076b48a04fa38557f3,1,credit_card,1,41.69
44a10a741d51010c1440fc7337b5ff6e,1,credit_card,1,90.88
94f1e81783b607dd10f270a0ceaf9d40,1,credit_card,8,105.38
e5ec17b950e2ca6379aaee6905115d3a,1,voucher,1,47.63
b75531d67f9616e9012cea103a187c8c,1,credit_card,5,266.14
db2b52fdedf34f34c6569ed5cd692c81,1,credit_card,1,62.39
69f1e4d5709c13914c309652f82319f8,1,debit_card,1,144.21
1c8c848f0ae6345dce75efde3c535160,1,credit_card,1,66.87
b4041542e5f602fe3d4f9f11dfcf709f,1,credit_card,4,42.09
b28d5be82c0088c66d57a28686db4e39,1,credit_card,3,103.37
6639b799469775ff2a696e1bc96b9f58,1,boleto,1,208.56
65b133214f06c44865a7a54148c84e0a,1,credit_card,1,58.22
58fc974f8e0ddd9ce549e3272d0140c0,1,credit_card,1,64.22
5d3600123565a48b65ad1ae42b48ae9e,1,credit_card,1,36.28
fd8d9bc6af4ccc073a7fe152040e81f2,1,credit_card,1,40.84
75b6f8722f53c2f4ec267dfeaaa8808a,1,boleto,1,41.88
deff260a5916c04657b930c37209499d,1,credit_card,1,44.09
5ffbbd67f14392efe8fd533d38cd1338,1,credit_card,4,226.98
38e9145bfbed86212bf884f4a8420fcd,1,credit_card,4,45.11
3b3ef4cb2acb79f0af542185bc12bdcf,1,boleto,1,154.83
a0d8e0c491e4b25ae11e8bb875935c18,1,boleto,1,55.46
2c1c76b055716216ebf282a6e2b7d18c,1,credit_card,1,136.60
465c2e1bee4561cb39e0db8c5993aafc,3,voucher,1,35.59
f3da3b290778ca24514adced3807de23,1,boleto,1,47.29
d217a2d8cec27a4d5ab7600ecb95826b,1,credit_card,4,49.06
22393c9bb58fd23ba0aaf68dab5094cc,1,credit_card,3,105.57
164f61f77f7f2a8c90a1e382606d53ba,1,credit_card,1,34.99
25857521bead5be64bf8305c71db1fa2,1,credit_card,6,67.28
48e624e6a92ba57c07b642f214c5bb81,1,credit_card,3,54.34
3aaa9a0f68e9743aef38c75a7cb6d998,1,boleto,1,148.64
87064d517041a71950b9f0cf6d34b211,1,voucher,1,50.42
ca5806ea7cd456a6c3ec4e7591331402,1,credit_card,1,117.95
126da462f642d99483c0691ac474c783,1,credit_card,1,64.51
92a9ef7f0a0d392c9ad0d5f44e86b4ba,2,voucher,1,0.14
6199bf17a85a73b61d5e43a596b95b5b,1,credit_card,2,140.11
1857f0409d8180beab0cbec5cd97478f,1,credit_card,1,89.04
4d5edcd8dc3dd4c5a02b9a0d0773b621,1,credit_card,6,339.12
ec6752845f9c553dcaeb40318b0df3ce,1,credit_card,8,82.33
7f724def94965291ea5556ad34f72a3a,1,credit_card,3,190.86
db70f8a5634ca9a20586be3dec6ad653,1,credit_card,1,95.87
e23e45778ae735856e12dd12750e2b14,1,credit_card,3,212.07
6699f3e7d674b95aa5f02c60e3312022,1,credit_card,8,204.98
0cabc61e5deb17c32904e1b512204efd,1,credit_card,1,13.38
adbbe31eab3ec8799e71b8fd89956464,1,boleto,1,65.05
19071fa97256edc89512749be1569e7e,1,credit_card,1,152.76
08e617c0a81895c4d5f6ab1e4a20fad0,1,boleto,1,137.96
e6f4552718815a4804aec218dce78af3,1,boleto,1,118.65
3aa2600d02e113fa1145a76a2e90185f,1,credit_card,5,119.45
857a83273943276ac60eb1d15bbfed5d,1,credit_card,1,142.54
6f73a96cdd874d89723d560bda640b52,1,credit_card,3,183.85
5442b242d10aae8dff9aa365da9bf76b,1,credit_card,4,218.08
3d17d211984312889a4d60f359859535,1,credit_card,3,155.65
029c545413b10a6bd7540401f6eef0a3,1,credit_card,10,1644.76
4cebb64502b3c7295709a972ae314c7c,1,credit_card,3,35.00
82d3f649aa623394cf7ad9432dd748d4,1,boleto,1,61.37
64be1ceac437f2eed73e5b001d190e97,1,credit_card,3,30.78
fb4f1bfbc3032fb262e0548f93fe6087,1,credit_card,3,35.35
c28999f880aa66431b70511211d4ac6a,1,credit_card,1,60.58
e9beb67cf376905f8cd308ef0f02071d,1,credit_card,3,35.42
80b0bd0c8f8cb86ae0c2dddb11693b07,1,boleto,1,177.26
9d19b33124e905478b868d1eb916a01a,1,boleto,1,29.78
1b8745ddd6a7e93533359bb9e6bc91f4,1,debit_card,1,95.21
aa63db7f2ec964c78e9099feae5b730e,1,boleto,1,64.03
ee5c259515ecb317e1e70dc9e84fdab4,1,boleto,1,66.08
089896265e5395ee8335f9f417a7f6c0,1,credit_card,10,170.74
6b092965cc5bcd955107ed81c1acd489,1,credit_card,3,226.26
6e37d33226a8c50b397a7a334bcfd8f4,1,boleto,1,32.83
46dc90c294321a6e0bc324c6d9522927,1,credit_card,3,119.25
1ed9fe02b5d745a3397a33415ecd5577,1,credit_card,1,28.98
59934ef5e174b490aacecbbe4f381155,1,credit_card,3,64.22
54e52b3d64eaadee5422554c2f2a7056,1,credit_card,4,137.39
f1b69a785e2f47e44415f46f270f1545,1,boleto,1,189.88
d6d7c431275f0029dcc3538850930046,1,credit_card,1,161.71
c5aa608be7773dfa4624ed1c239bae4f,1,credit_card,1,97.78
03c968d10d8c63bd2388245d02579fde,2,voucher,1,88.37
57eeb1ae64d1ca34bebe90920670cfb9,1,credit_card,4,84.17
6acce0b54d9a0e8dab044bda974b383a,1,boleto,1,179.60
980b9aef670d4659912793b2fffdea29,1,credit_card,1,47.38
f0e99a13bd301f69aa29160ac8cd864f,1,credit_card,5,51.32
3a8b1e565c498e2688ae1e60745544d8,1,credit_card,2,70.91
036b791897847cdb8e39df7943367474,1,boleto,1,59.33
8293af079b19a6349d758b3c16ecd6dc,1,credit_card,1,28.09
4fe2e8b329e56a00aba9b0136b46f00f,1,credit_card,8,82.97
3a5e90544587e9755b94618af63ab9de,1,credit_card,1,114.85
a012081ae7cc2159673399ef664ed7fe,1,credit_card,10,156.85
d9c51e8f2151f049f14ba77dfe8513b9,1,credit_card,1,48.30
06e93d3bf0469b969d3eb95a8d55d68f,1,credit_card,4,124.62
27507e5396fa8fdcce6c0b40fd77dbc2,1,credit_card,3,68.62
6d480dfe6a776cc015ee944f518a966c,1,credit_card,1,126.86
c671c0f8b33c619e3e77d7ccd3b934e0,1,credit_card,1,34.09
c8209c0d2a92297dcfe3d8d71dfb551c,1,credit_card,3,198.40
05d3fead61b937bd7176c28ef8ed34be,1,credit_card,9,96.49
28f6e619a89b10d9c70bc35eb43adca1,1,credit_card,1,52.92
c671f90758b4e249a77ccaf0726e2fba,1,credit_card,2,105.39
ee02295dfa5d0519664c1dcd4a70e87f,3,voucher,1,50.81
913908597fea142985168af1fc46a6e5,1,credit_card,1,22.73
5d5bb894cb86c2b5aff1513531e63055,1,boleto,1,93.43
27feef8b6702f1d6ccdffd697e7f4334,1,credit_card,1,35.77
cddedff311702945e9c62236026dc3dc,1,credit_card,1,171.69
ab260012c90cd3ee59bb8d18b97b851a,1,credit_card,6,99.03
d7c320185a2f9b32f5e2370ff3f8bd64,3,voucher,1,0.20
704966e2252d9ef26bfb8203cb8fbf1b,1,credit_card,2,142.79
8f359a870a6206af39d54ab82c99619d,2,voucher,1,100.00
a49b8f92334f6b3b8eef67010a8e53ce,1,boleto,1,397.44
465c2e1bee4561cb39e0db8c5993aafc,7,voucher,1,15.19
49bbb428c234dcf31c4d66d4e8e1c04c,1,credit_card,2,159.68
d695ec0f70b323de0ce4eda82582faac,1,credit_card,2,124.42
9d23b28df59d72b40012a277ffd9a80a,1,boleto,1,515.81
2a9748c25bff8d93dd13a28eced24db9,1,credit_card,5,267.41
a738e9e6770c9eac21287cc96d82dc76,1,credit_card,10,471.33
4fd2c689dda2edbc8c11a796959a1d24,1,boleto,1,99.25
5d36e8ca3ccd1262b7641467fdba0b8e,1,credit_card,1,102.90
1b9b3a976302524d2f05a417b095afb1,1,credit_card,2,194.92
69cc55eb653cc27eea935e7a0d26b83a,1,credit_card,4,112.25
4b26fbc3d9dab4bb7bed35fbe2746f26,1,credit_card,3,515.93
17f70d10c2acd50864b5dae4885894b5,1,credit_card,3,45.49
dac46445d06a7c26842b2e8b7bc04be4,1,credit_card,1,68.22
7879a19dbf7ffa9e1063dfde96081185,1,credit_card,3,128.93
364ea3582bbe134bec58a6e192aa6390,1,boleto,1,53.24
b2da70916ed4e4cde3df9e1381154631,1,credit_card,10,101.34
f2125ad278ab03d4779ded7001337ee1,1,credit_card,5,301.35
11fd51275a43d1590816139eaca0bf94,1,boleto,1,115.93
00b4a910f64f24dbcac04fe54088a443,1,credit_card,1,2.54
1e21edc6c6810b5779fa6685c82a6a89,1,credit_card,2,374.95
ab5f88ecd8bbfe5386a0b5687ee8beba,1,credit_card,10,117.62
ecfdcaa1a2dacb4e5297d8251b115002,1,credit_card,8,84.52
1d0c373f68c650322d4f065497cd4494,1,boleto,1,225.75
15a87de4d6c4996cbee619479ddfe71e,1,credit_card,2,108.41
2f820dfff29d7bd20670d70c9a33ba51,1,credit_card,5,149.36
f8822b6085858dd513bb20e7e0c88e83,1,credit_card,1,53.69
e2e62108a0daf44573986d823484239a,2,voucher,1,100.00
8e287e7d7db7206c7a9d0184e97014ad,1,credit_card,7,400.18
6002f1429927599498f346578f57af4b,1,credit_card,1,66.47
f175d67589e059cbbda956f10f0702e6,1,boleto,1,18.62
0b7a6fc05a25cefe1287ad5568d08c4f,1,credit_card,1,152.75
489d362ded79f4394b61b6e58453ab18,1,credit_card,2,30.00
c308c2ae15a981044aa6d93a3c6bcf1a,1,boleto,1,119.25
4bdbe1f2d1b360c34d90175e10ec090b,1,credit_card,1,197.59
16d353779b7e746727313fe0b83a5cb3,1,credit_card,4,41.06
2829e7fdff89a6af03cb5de5348ecf3f,1,credit_card,8,84.96
56a726fa0f40d3678696e62aaed9690d,1,credit_card,1,27.81
8752bda3e45c2207f9dc0f94146cd228,1,credit_card,2,258.23
7e81c4cc31fd46f225b4441e179f78a1,2,voucher,1,50.00
7b74647ef95b9578401bd8a4f723b301,1,boleto,1,145.17
545f259d01f0a271186e324228070de7,1,boleto,1,126.74
7b056b08bd6ecffcc044693543061ec5,1,credit_card,4,116.26
a92c76269cd2be64008c82c84d6e5d48,1,credit_card,7,212.58
c3ad507aba1f6b47354085e7e6bed0cf,1,credit_card,4,467.09
ab64dd52ffac216882def99c2768daec,1,credit_card,5,117.85
0c9b19430ea3cf0e01b6686df953ad6d,1,boleto,1,230.20
27d4565688530c96555c05e21f6740c1,1,credit_card,1,57.51
e6a006d997a8902ad7c42ec5719963b7,1,credit_card,8,173.75
31419a94f3447056848ea2a664a7ef72,1,credit_card,10,1158.99
4e1d5bf07ad851a6470d6b28cfd1f1e6,1,credit_card,5,70.90
6c626fb49235255bbb0d81f5e8785aa0,1,credit_card,3,39.61
884e5d3456c8de94634174aa2fa4cb5e,1,credit_card,4,44.59
9241b8242fcfa16437e5eb1136ff9d1e,1,credit_card,5,403.62
7d0f5759a0eac0f20456bb8a36547bf5,1,credit_card,1,97.77
3a242772733bbe85f793b47f375aaed4,1,boleto,1,48.58
68eb31d36231dd3fc97baf5cb6f73103,1,credit_card,1,179.34
57490284e3524fb4b1c4112fa966cbde,1,boleto,1,157.90
465c2e1bee4561cb39e0db8c5993aafc,5,voucher,1,48.97
e4825515f8ef501b2887a2ad0685621a,2,voucher,1,20.00
5a34dfccd6fb223c870ad34652d64274,1,credit_card,3,87.76
fba5f0680d7e30d3148e17be8bce108d,1,boleto,1,96.32
7ece3f32d060f91a98d50279ab15ebaf,1,credit_card,3,159.94
e2b9380fcb4f1f7e2a7d2d3c77666c7c,1,boleto,1,86.52
ba8d16a572292d042403094d3c0fc354,1,credit_card,4,43.78
418aaa61ff9515614340e03422fed9c9,1,credit_card,1,85.60
6c8b41df796056dfa59f256768d11654,1,credit_card,3,149.90
499798fd04e5748ac54b4456d1b7995c,3,voucher,1,20.00
0087889a1c836be17f58afd7f1729a4a,1,credit_card,3,269.63
0f016423033058b7bef153a01ff9100b,1,credit_card,2,174.32
50c4d73707f3154c08eb85d0fd1e5149,1,boleto,1,24.13
f6c7eba2dda849d3fe744fd74907296c,1,credit_card,1,18.78
883bebd3f80e509963fbeaa51abf7c0a,1,boleto,1,86.37
58317a8b3dfbcadbd945cb80dda94304,1,credit_card,1,44.23
1871117e3b468a4dc29c82849099069b,1,boleto,1,27.85
b3f8cce18de7b670b4bf149957000470,1,credit_card,2,24.38
5897449bce69856d88610b3c0f4f63b5,1,boleto,1,199.36
8307cd7e144f9c61c639d115ee673bd3,1,credit_card,2,126.43
77c34615b2963e4bf4b48d59da0eb5e1,1,debit_card,1,139.59
0ceec07de9db57c3d2ba32e4fa1fd8ed,1,credit_card,1,69.13
1d21d81713a3dea4ee564c915cf2fd94,1,credit_card,3,32.91
da535cf4ba8827cbf61a0ce2b7e08cbf,1,credit_card,3,234.73
d64aa68e4a96734f280b7ddf0852d511,1,credit_card,6,256.79
67be6410d453784501c125d4f0ecb741,1,credit_card,4,785.20
b8297ee8722ce94cc9a2e9263124cd36,1,credit_card,4,45.57
9831b84779bb2216541f702f5ed7c331,1,credit_card,1,91.18
5b36d696990ca3b000d4094e51d5b2a1,1,credit_card,1,29.73
5bebe0296b65287e94b489cd279782cc,1,credit_card,8,703.06
594013e81f2c775b3fb2591f7e4bd4a9,1,credit_card,2,59.23
f27a56f2112f2928b4fe1e1d6d406131,1,credit_card,3,108.76
465c2e1bee4561cb39e0db8c5993aafc,10,voucher,1,31.06
a3909608536539d6055e808cbc73894f,1,credit_card,3,195.00
5be7fcdba040de4538c9bd6fc2447973,1,credit_card,6,182.54
809866afc43dd3f06fc471f5eebe53e6,1,credit_card,1,36.96
ee3322ff7174b7401b95b18fb8ea1e6c,1,credit_card,10,217.96
1544633fddddf3dd98fd5e9eaeb01b4d,1,boleto,1,188.89
6be6d87095d612a3a5176d6aff456c62,1,credit_card,1,60.21
52a96c4082dfe660d01acfdc740c4f61,1,credit_card,8,165.08
df7f8e668092abf15eef89b947ba2ef2,1,credit_card,4,88.56
bb8a565ee080cd9009f0209bf124beaf,1,credit_card,1,106.21
e76d6d6fbbef90b49c986259f44d2c20,1,credit_card,5,118.03
5c52bc8eeaca96c7b9ed2d47db358f43,1,credit_card,2,130.24
6a4b06a2b62d1f2c69cf1f7a4eae074a,1,credit_card,1,46.85
cfd5e54c14f22b62683cea7ed91caa24,1,credit_card,3,240.89
fdcd1438710f47b926796d3778452212,1,credit_card,1,104.28
fb34957b24cfaa3c67835b67097b45e6,1,credit_card,2,102.84
1e6025fd19451c74352d0bbf6a218bf6,1,credit_card,3,367.99
fa2de0086db43d394d58f69a111f8f69,1,credit_card,5,99.52
36eb3c711e799624b2138786f704d202,1,credit_card,6,137.67
583778f2a1b6b016b054423277086598,1,debit_card,1,84.23
fd26a8e314b26ecd3011f9d6ec17e7c2,1,credit_card,1,32.37
b268bc99a523c42dc0bfe0149cd1446f,1,voucher,1,46.20
cae4fbb29fcef9ac16c59d7e70d167eb,1,boleto,1,49.40
3d9a71340ea2b14362b1a69f08252e45,1,credit_card,7,153.38
6c82197bc099415d9919ccb609a9c072,1,credit_card,4,202.71
b8cd3107b41b1232ec5ccc2958000acf,1,credit_card,5,117.56
465c2e1bee4561cb39e0db8c5993aafc,11,voucher,1,24.48
180bb1b8686d6679359207ce3b1f5885,1,credit_card,2,168.28
1bf5ad2a94cb784f7e27820ab656c398,1,credit_card,3,63.40
2445a82ec841c77c3fa6573bc3e00dcb,1,boleto,1,156.58
504b7cb87442ebd376fbcab13b114a3f,1,credit_card,2,167.51
54484ffea00a1f43881bfaeeeaf0dfb8,1,credit_card,1,94.80
d1b32a0715fa2abd2ff4f3ec5e751964,1,credit_card,8,274.94
fd95e4b85ebbb81853d4a6be3d61432b,1,credit_card,2,106.90
0e1756f57187e203c6151ebe990fa670,2,credit_card,3,36.61
ae8423bae5771609a19bafe9b114a60e,1,boleto,1,53.76
a11cb431739ce0d512e8a8e96654722f,1,credit_card,1,53.81
b78ff92837a4593dbc8ed0e5f7ce3e16,1,credit_card,2,155.64
02605c218285d02df75a255f13396f1e,1,credit_card,1,59.83
5982fca4536769e5024e12eb8b6f473c,1,debit_card,1,94.61
e208a6bd0e030c2240ec286633bd9039,1,voucher,1,0.64
e8ff06be457c1e3e69a8cb51ef9e2806,1,credit_card,1,62.69
80cfa0890f4319950ce8e5dae346a7b5,1,boleto,1,76.98
78e71adaa2a4cd500b0c3421c6c588b8,1,credit_card,1,71.14
4a7062d398b2eba9c25e6483b056df8f,1,credit_card,4,99.90
0d82956d17aa687909a59706168bfe98,1,voucher,1,85.14
88831d307a23183f48f92b32b07ac070,1,credit_card,2,77.99
42187cae0bc6e0829886d8131b4c4864,1,credit_card,1,47.91
63514fae43596b11a770416049c86856,1,credit_card,9,147.02
de90c6becfae7b59fc7f1642e8578a17,1,credit_card,5,175.02
f79b8af9c83e40ce3234880ed7196426,1,credit_card,8,262.99
06cd9d207dfbdde70cff4074b5b3dfaf,1,credit_card,2,100.22
6094159cbb1c76bdf3249a954c2da017,1,credit_card,6,181.25
96500f175401baa18ab94e059e3c7ab8,1,credit_card,6,188.07
d6912f804ef9076f6172f0eee4207749,1,credit_card,4,330.13
f89a86148310b5d6a02fbab8f1c9fb77,1,boleto,1,84.14
28d07cf52af4d36587d0347032cebdfd,1,boleto,1,68.63
3568894fa3afedc367d3a4816983dceb,1,boleto,1,339.53
d2c902f172e80f22126d53d9ff7871b2,2,debit_card,1,62.65
29e438b97b6d677fa72eeb836259ac4d,1,credit_card,6,182.32
5b3f436dc53597ba05614a473a03783f,1,boleto,1,152.06
bb5fea89cce134344b32e4a09267f7aa,1,credit_card,1,123.82
eaac284918a0bae18197faef197f83e0,1,credit_card,3,61.32
18fa032cf65a1c5c2820d16276b4741a,1,credit_card,8,366.10
1ce3ff41294921f70c327561096eb467,1,credit_card,2,72.66
f38ae8b796d52858ed18b394908209d8,1,credit_card,6,67.50
18bafb91a9e78b83e54eb5aa495a955f,1,credit_card,10,101.25
4549b64678720dc5a26b734faa820d93,1,credit_card,3,73.15
281a4e1ef3ab9d256027ddd2db90c762,1,credit_card,8,467.99
6fc77fe0941b9747d5cc3deae6025a4e,1,credit_card,1,38.63
b50700cbee924cf4a5f5f9f38c1d0a04,1,credit_card,8,145.68
b94d24bf7142d13c25cfeb9804843d6f,1,boleto,1,27.85
134141b15902a79a3932a6f486de499a,1,boleto,1,41.20
89a0a77e08de8ab75948884f114d9cbf,1,credit_card,6,135.72
93ae3ec4b92402eb33c04034d5e70d2a,1,credit_card,1,209.59
02737086e020bd456ae19e98fee5c186,1,credit_card,3,271.27
71319d53f28cff9869fa0650f26e9758,1,credit_card,1,54.38
e582cfe4b3a98c739d268bea062b2f8f,1,credit_card,1,80.88
84e5cd0814900ddfdcc53213d07939e3,1,credit_card,1,78.47
28bc142035cc9a8ee9aa0288221ee056,1,credit_card,3,31.85
13c208c7221faed9cb7ac326a6f873da,1,credit_card,10,139.69
512669f049d27cb8c95c83eb6e268bfa,1,credit_card,1,42.96
984d046c833232079162e22c7ef8c15d,1,credit_card,8,451.03
6ff09113fd48861d786d40583b7f2aa3,1,credit_card,9,689.87
7830b4558355121b3b0703913ad9d100,1,credit_card,1,69.93
c101853f695b94e64c34f41941ff1048,1,boleto,1,48.69
fbcac8a5f28ae481d3c3ebb74de5a7fd,1,credit_card,5,101.08
55ece185ce1172927bae2507bf48cff8,1,boleto,1,80.45
61e268eee1d131498001b6121895c5ee,1,credit_card,8,245.83
8b6d201fff0b1b32e59f7cbdc6beaf54,1,credit_card,1,448.05
a76350c88470281e23e8fb2a32fecd2e,1,boleto,1,86.80
9d74929fefd45dd3ebce40cc681596b3,1,boleto,1,81.15
8964f4133f8364b5b7e09a6b274751cb,1,credit_card,2,191.19
86f651af29913f6312791c5aef8ac619,1,credit_card,2,116.24
387d6eb2681cc0d53bf68df6845a729a,1,credit_card,1,176.23
e93910bafae4cbaa0f18ae0d66959cc5,1,boleto,1,55.31
80b74dde5b336c1f75c610521dedec08,1,credit_card,2,48.54
ccaf4b9e27a868b1b69c079c19bafb89,1,credit_card,9,109.41
9330d3796ff2bb8c7b750b4515151c42,1,credit_card,1,35.09
06ec25371486403c9aa7249f067fc5aa,1,credit_card,10,146.91
e60856926b11f52676a5408033e204de,1,credit_card,10,868.19
070162e1ae6ad420c0766af516a31a5b,1,credit_card,8,193.38
7ab9c55c59eaeea579d047e2d8aaed81,1,boleto,1,22.46
b537ca3494311804a1191ad6a0dddf05,1,credit_card,3,37.69
3453b206c6aec2e9dcb09d2cea15e7cb,2,voucher,1,9.76
a17fd6df400fd04864fc2697bc98cc2d,1,credit_card,2,203.06
c34636be7a1584abe05847e5d4b1c3c8,1,credit_card,2,107.78
fdfce023fb0abea352d3231865c62fde,1,boleto,1,123.97
f89be12959c54bfc8be493fa13fb2f10,1,credit_card,1,83.41
e760819ccdf8e117a260fa50842b4832,1,credit_card,3,74.16
f4e88b3ce1eb899d388467aa702fdf93,3,voucher,1,18.92
4467dd578066b5d41c3c401cb0b3f628,1,credit_card,1,176.36
ebaf4b1faa0a7038125461afa5810651,1,credit_card,10,309.57
0f9751081b734220a998be212c391523,1,credit_card,1,233.75
ca64208b67f4cb6e1503818a3317485f,1,credit_card,1,87.50
b8c123fb1b26f1adfb0d6f9d17255de7,1,credit_card,2,157.30
d6e88a486d079e03b7c919b73facff35,1,credit_card,8,215.14
67e54a5ddb5e864b3ca5442f999b55ed,1,boleto,1,230.49
c52497bdac8af9917fe744d605bdc43b,1,credit_card,1,117.90
fed2c6b5a6f5bbf776e52240101359fe,1,credit_card,3,94.30
71d69f67014a0966287a08bd24bb0324,1,credit_card,2,92.57
3dd5cc10816f5a16ed7d1c54e7d7549b,1,boleto,1,108.96
f0ba86f5acc7cc95af8064b92d726461,1,credit_card,3,301.49
f24bbebc2c8ba687b65f1be751dd8982,1,credit_card,1,45.00
6727a4e9eed7135cefc6d0f9de7f88a3,1,credit_card,1,128.00
7bfa112c445700297e25c7185c56b4ed,1,credit_card,1,60.73
5260625f881ed6e315cd3eb3f4bc2d42,1,credit_card,10,176.00
25dbad31db4b9059dd02d72929578d1c,1,credit_card,1,33.62
691123bd7667e28df807da5274073e1f,1,boleto,1,42.62
17eba629ec542978d1ea929d473d4f19,1,credit_card,10,207.51
6f55fe858c5557f14d4b6ee5255d793b,1,voucher,1,84.56
3e07f3e5491c1c3d9c9f02a1071006a7,1,credit_card,2,128.74
85f900f229f817bf7e71ed0c9fdb4fa3,1,credit_card,5,209.06
f376081d7c5f1767fbc7fae2d19ca32e,1,credit_card,1,309.72
cbedf17aceca757bfcb74be595ae40ce,1,credit_card,1,90.17
72306b6ce07a9860eab715afd663dd73,1,credit_card,2,70.40
ceb13edd7ff6e50ff3a9295764a6b3b7,1,credit_card,3,108.63
2bd2241ff5bd59887a8a706c309c5938,1,boleto,1,95.54
c7484ff7d357d78f749b7ffdf44d5315,1,credit_card,5,258.33
84a4ebdaf1a5e3706587f226cc804dfa,1,credit_card,3,38.13
43c1be92476a64a1b407df92c9a8c903,1,credit_card,3,172.52
f9b80bc225fe1efa4384db3fdb46c2e4,1,credit_card,2,29.09
6b95cbf782c29411b0d5feca16490ceb,1,boleto,1,292.99
bf4931e6025b2bdd77ffa4264659c9e6,1,credit_card,10,147.99
372fc04e6d43eb870979226848fa93a1,1,boleto,1,92.90
1372aa0637277287bda77b0de38676c7,1,credit_card,4,406.16
22f5a4d80d9f247d6970456d5211d30d,1,credit_card,2,23.91
2dedcbba76be1566c5b983e07348d75f,1,boleto,1,63.65
224b8a1097696621e5ab952014690223,1,credit_card,1,101.26
34c3abee8d77fe0a974fdfa816078235,1,credit_card,5,187.43
b16a6ea9c85cf3f6644f1529e04982da,1,credit_card,1,130.96
c2546b80d080e344c3698d9d75bd439f,1,credit_card,1,69.03
9dec1346eeebe57e1353b6c2dbc06f94,1,credit_card,10,703.60
2047058984e5864a83158101943495bb,1,credit_card,3,65.53
57e34f23ea6f7d6197a2792928bfbb04,1,boleto,1,128.75
2b98d5c9b1969095e65f74308ae2e861,1,credit_card,6,195.53
d18ed2885838f867171afaae0176226a,1,credit_card,8,178.66
2669093ac4da5e6445749e5e36e24c6c,1,credit_card,2,24.84
5c8d479eeb47c38de98d8ab2d956e04d,1,credit_card,3,31.75
dc423fd5dad84d30d887debb5323e413,1,boleto,1,225.19
e7438254f9ef8bf2a7e744f84c561452,1,credit_card,1,106.90
be087f2e4d527446e82a0e44d5f95d34,1,boleto,1,67.13
84135f650b81a3dad8babdef22952b7f,1,credit_card,1,579.93
73465e1b285d2f5f6067c118ff99d204,1,credit_card,6,158.07
8d1177e3fcee9f6f1985cc468d87a7d1,1,credit_card,8,94.76
e3fdb4acd9e17c8b90cb9632990ee786,1,credit_card,10,477.55
be0cc702e034bfbeba1a8a006eb9dce5,1,credit_card,3,32.77
5dec9bf4b2c859f8de5fee5f1e08d1c6,1,boleto,1,43.09
a6e307f50d1a494a1ad373af7a748e1d,1,boleto,1,119.39
ccec592b58e122dc2bfc2305152d9603,3,voucher,1,40.95
01094e169d4b14edaf6954eeddb83633,1,credit_card,1,108.86
51ceba3ba51d4b4543e7f78e181e0ba9,1,credit_card,1,104.30
d3ba6df689ba5bceee30291f5a28e7bc,2,voucher,1,20.00
2e9a694ad185420c2ac7461d41f35ed7,1,credit_card,2,54.79
e08de031276032b05881e30eac0860c9,1,credit_card,2,68.40
d9e05f5c9c364436b18207eeff4f789e,1,credit_card,1,152.00
96690f8fbafc0eae928f18e8a344c31e,1,boleto,1,200.36
9d5f8787d55cc08d6f9560414f44f491,1,credit_card,2,20.77
5d389775a013b9eb8fcdab4cdc1eae1d,1,credit_card,1,34.42
d85dd7b0f1c5839ad5b3cde77f196e53,1,credit_card,2,68.00
b210a0936a3dd8fe4428863f8e352693,1,credit_card,10,267.29
5c110a6989b5bf2b90e611d478bafa3e,1,credit_card,1,195.69
a72dab58dbb03b5509db9d29c658dc0d,1,credit_card,5,58.18
9f451cb2b129195fb4006bfe9f9882ee,1,boleto,1,52.00
a487f3a5b2b3e028ef50c93210a69e71,1,credit_card,6,66.56
214e7b7443be4c9b396b5e12d6d9d416,1,boleto,1,169.22
f95795398c6d7c5e32c51629aa345fdf,1,boleto,1,117.96
09c06d47b8b58dbabf753646fe5b89ab,1,credit_card,8,349.53
cc3c4543672fb8402491897f7ad1af33,1,credit_card,5,562.80
5d103f49c32225c353410679f8e90880,1,credit_card,4,81.60
995ecfdb2406d9b579cf84368f42e7a0,1,credit_card,4,113.05
8b2fb881ec8d04ffa5bc7a27833ad984,2,credit_card,7,187.12
af6ed18f03a877659659ed9467c7cd9e,1,credit_card,1,77.42
c087855fe6f303205c09558f7f8103c8,2,voucher,1,28.47
433069333714082fdb039d4a92682534,1,credit_card,2,104.47
6cbddb4b9fd4c71ee2b7a0012dfe2fe3,1,credit_card,6,179.12
1264bdfa22a4cca2beb66c1f542e7f5c,1,credit_card,5,283.44
1fa3578be8d670ef139e0216365d71dc,1,credit_card,10,212.80
f6d370f76988ab29f282356a31b6af7c,1,credit_card,2,236.56
ac95b87f13bbd7609c75bfcc17cf3ae7,1,credit_card,4,149.04
aaaf314a8cf0d0da71e52c6cd4184cbd,1,credit_card,7,153.10
bc0750dbbde0ce52c81895096a0deb7b,1,credit_card,1,46.20
9e9019ce043c4bb38f4bb4afa8bd55ca,1,credit_card,1,72.99
2bac4f3e8f31c3174e87367649517359,1,credit_card,1,197.51
44a3722417745e1a99c297ced13c7b85,1,credit_card,3,162.20
82bfafb84a5843f06b8c3983edb1883b,1,credit_card,5,247.90
101e824cbbf87e5511fcdb89150363d1,1,boleto,1,141.73
8c489400ea17eec342e0ca18af584273,1,credit_card,1,69.22
6a28b46b87ca2e2e83c8fbd829570ae8,1,credit_card,3,40.52
7497aef0a44235d9716819a06ae3d1b8,1,credit_card,2,221.81
66684ab29bf699746bbe69ca21dcedf5,1,credit_card,1,47.50
df6aa08f7cc272ab5c188923ce319f39,1,credit_card,1,53.37
f42d66ddca55a1f750b6797c4269cb30,1,credit_card,8,147.51
a9fa8567c21a5f8e4450af02a87f26cb,1,credit_card,4,128.54
f53eae1ce47dc68e8da117dd0d7feef1,1,boleto,1,85.60
0571cdb407bf04b419c94ffd7acbd874,1,boleto,1,22.55
3139cd96bee99e023a4a899b9ffc5de4,1,credit_card,2,39.00
1905a6fa69b8fe273cc0ec81f8ec31b5,1,boleto,1,195.00
1feca64d75daa682ce3174a1eff73d8b,1,credit_card,6,318.61
1c5998a66da200447c5cbb528969a95a,1,credit_card,5,57.00
db5e341b9a765a33fd41da0b3f0944dc,1,credit_card,6,113.07
09f2c6e797b432724b3a123f1ec897bb,1,credit_card,1,37.75
49fd840f83db20dfb9558764aee35a33,1,credit_card,10,234.20
7c2ee08449e6b8b55158e518778dbe83,1,voucher,1,12.89
9325417ccf2008bcf613acffa684a24e,1,credit_card,1,15.16
09c55723561623b19ad72cf0299d58bc,1,credit_card,10,224.84
546fb5e88f96553369c04bd920b9becf,1,credit_card,10,107.80
5bebe39740e4434a58d1fead1a4d854d,1,credit_card,4,108.41
2582e280d624a46c545db9c09f6cd424,1,boleto,1,387.78
f9bf0f92c8e483d1b6cb31d4559fb135,1,boleto,1,124.97
8100c4de96dbf94a93a19c78c69a006d,1,credit_card,4,92.80
7d20c79f25c64f2c7feca12d01677c8e,1,credit_card,3,172.64
4e3cf72d676f793f15859c9ae34be2ad,1,credit_card,1,146.68
a62e5e820da4b79811ca945d941fff8b,1,boleto,1,277.75
8c46c4b2bbf318ff31368bc87309662e,1,credit_card,2,206.61
47d142852e82970e78f1ed02c1dfce94,1,credit_card,5,56.60
ecaccc93dddbfc205d1fcdd18acf5933,1,credit_card,1,51.75
c117260dea8a83dda05418ae635e57bb,1,boleto,1,33.10
68abb8a2c8cd552dd8452406b2b0153e,1,credit_card,7,300.28
779ee2bc8384b3ea52f4e6abe2c84271,1,credit_card,2,119.79
4c792ea6a2a9a0d044176c1c42d49b22,1,credit_card,1,114.49
9ae510d02fa72c4de7358dac28ee5eea,1,credit_card,2,124.25
9afbd107ffa1b363cbdc3e81895dbdbb,1,credit_card,1,69.70
920a1599f73c0a2ddadfb7caedcbda60,1,boleto,1,94.74
70fe4927726f292b4cd91c495430d539,1,credit_card,9,91.74
a37d2d7219fd59058812f25e500a9a59,1,credit_card,2,78.10
e82e73273643d2baa933aa470a7308f0,1,credit_card,1,52.53
d5e518a80ee8f7f4805db87cc532af02,1,boleto,1,29.47
aacbf13db267af0f239fc7ff5dd513ff,1,boleto,1,44.44
ccce262c4b1775baab94c62c954014c8,1,credit_card,3,299.79
b5eeec1b045b05d3e3010ef57120a8dc,1,credit_card,1,15.78
6db79d3150cfe0cfaa09cc8e09acdca0,1,credit_card,9,297.39
4ccd8da82485c892ae90284af589153a,1,credit_card,1,123.06
95247e44ffe87a1402f04c0023650fb4,1,credit_card,1,204.98
7b8c32f57706909aaebed84fe68d191f,1,credit_card,10,102.03
2fe9c43306d90b933dc4efadb0f852ff,1,credit_card,1,248.85
7829e4ed1e8cf1b45eca5790a96bd2b0,1,boleto,1,126.48
37db66be8ce4684e201e94e4ce19944d,1,credit_card,3,95.31
99a89fd45903c4a9d6731af6ca4dd5c4,1,credit_card,5,183.92
32ee8636a1273b8d63c0bcedaba76ff0,1,boleto,1,171.85
213014b043512462e21606eccb1a4aae,1,credit_card,3,143.04
7db9d39a5077a2cbe00cfad310d2a938,1,credit_card,8,89.67
f5d97c18a8bda6c516e7c61c9d1a6a27,1,credit_card,8,236.46
3312588178a16638759fca54495ef50d,1,credit_card,10,628.35
3ac2f9ede9c2c9be884248c857c75226,1,credit_card,2,151.79
38c2b634e9399138e8c5e726ddfe765d,1,boleto,1,210.36
df60585f4cb85bc7e7b6531f59920613,1,credit_card,5,239.06
29210b1d48462ce1f12d87ed7ccd6397,1,boleto,1,31.75
92a9ef7f0a0d392c9ad0d5f44e86b4ba,4,voucher,1,25.00
00c00d5b36157595e21108ba1da2828f,1,boleto,1,312.92
85647e1ff3e4b10814f375af01c38836,1,credit_card,3,30.40
194c72d466120c8e1241d610c72cc5e9,1,boleto,1,355.51
ceb2344189044ab3b6fa590520a71881,1,credit_card,6,152.06
0decb14beb4de8d3b4e37103e81f119b,2,voucher,1,45.24
c26f6a2ea3a573319aa40ffebdc1a43a,1,credit_card,5,72.05
20550ea4a86fb3f3cc065b2598ebb01c,1,boleto,1,57.90
6df64cc2e8fbd99d2f72745f1388a760,1,credit_card,3,89.17
b2f3774fcd52e817b5f0e8b459e1db17,1,credit_card,2,106.17
224bd0a94ce4f3eeebe2ef447e596863,1,boleto,1,29.47
8b0899ff4934074e16ecacb55c7c2303,1,credit_card,3,63.91
991822bb734dbc3bbda5554397c3d957,1,credit_card,2,125.02
b8cd3107b41b1232ec5ccc2958000acf,2,voucher,1,250.00
8eb3ea8875ea46e1d2631a59a278e059,1,credit_card,2,73.99
9ccd75b5f3444a2dbf104b9cdc1183a1,1,credit_card,3,32.00
d828aed67bd4b1f7ba6e6ca5b5fb241f,1,credit_card,8,178.37
31426d292a5d34315a18ac11d6eef7eb,1,credit_card,2,92.57
dba1b6fd34a7fd5961e829fa902ca702,1,credit_card,2,60.99
32f7089f715424548bd5307fded896d3,1,credit_card,1,215.05
934583479bac4ab37120cace4120596a,1,credit_card,2,150.92
b2684c3e0b5cba29ea14a74e3c933a34,1,boleto,1,27.23
6011382a54da3024a3e9650faa1b5e2a,1,credit_card,8,131.78
afef174bb9c07aa8185c78d1dbecd29c,1,boleto,1,459.64
c9d0365e799572906dd4a83e17d1b6e5,1,credit_card,1,77.90
53fafd0933d69603122f8f804fb76968,1,credit_card,2,173.52
4d41aecae7fc035c91789128309fb7b0,1,credit_card,4,49.51
bf48c37aab37d5df8bf6bd53727693d8,1,credit_card,10,171.06
3a4ce496edcc2323227f5a6726d1ed49,1,boleto,1,206.87
cee2ddf4087d91aaf4874fc1436f9901,1,credit_card,5,170.36
8f359a870a6206af39d54ab82c99619d,1,credit_card,3,60.42
65e6b525bace662c8db890bd33df5299,1,credit_card,4,237.94
d9842672b8cb5ecfbbd067d497f8958e,1,credit_card,3,155.98
c04bad4eeff4c1cec55dffc72e2d3a85,1,debit_card,1,185.20
4375cac0cfa2a87273ea83c661bdfcca,1,credit_card,2,436.38
abddcf171f361ed313e1f191d71d046a,1,credit_card,8,483.56
8c0a4c58ee098fea192d86cb195786e6,1,credit_card,5,70.51
818869c4c6740ee23979a7cbf298e31c,1,boleto,1,53.01
86e15c44520932e049ca96660a60b776,1,credit_card,1,33.27
56fdda0cb0aee560cd00b1a571dcb10f,1,credit_card,2,183.20
34ae480fe2cec3fa921d33b72b32572a,1,boleto,1,622.99
b95a0a8bd30aece4e94e81f0591249d8,1,boleto,1,19.62
766a7aafdf6f237885465c7487a30eb7,1,credit_card,2,141.23
6ab1c2fed90bf0906b4d5b51f7d333e6,1,credit_card,3,172.48
26a4525518bf2e891e2cdffef0742346,1,credit_card,10,175.77
95a08547138ca5fa14fae54639939af6,1,credit_card,6,142.21
7002a78c79c519ac54022d4f8a65e6e8,1,boleto,1,60.42
2bcf195f4b476e9e1a4bd6d139db37ea,1,credit_card,1,52.92
6940c4da07984a3f1986bff00cc21ef2,1,boleto,1,88.26
bce3ba299a4d73c52b90686a13c29a57,1,boleto,1,177.49
b9c36b2e480f35608baa49f90c9467f3,1,credit_card,5,105.38
17e3d1534284361efd337a39b62cce8d,1,boleto,1,168.77
338d2237cff9d84c960705a68b88c638,1,credit_card,3,476.97
98f0aebfebbcb44cfb1e1057ea15099e,1,credit_card,1,138.15
2f881be41e2ead562c1aa96d274fde55,1,credit_card,1,61.80
0179a3003c894f1dd3b1ddda5d1f8a12,1,boleto,1,197.47
9a22906fa846451c54fca825591c0577,1,credit_card,8,200.90
395630df55589c28c5dbf91e72f7ca90,1,boleto,1,54.33
72e93009f1735bbd1de92c45ec1fe3c5,1,credit_card,1,68.73
369634708db140c5d2c4e365882c443a,1,credit_card,2,51.75
293ce7e1d3220058be631162721ba82f,1,credit_card,3,31.66
afbc5dc3c3d0255f644df560b79f1b32,1,credit_card,2,53.59
499798fd04e5748ac54b4456d1b7995c,2,voucher,1,20.00
0ad9d4e4f4c9746b59ddb9c18d30d241,1,credit_card,1,151.42
9d34d5659dfa39b38d29bfcf0c85ead9,1,credit_card,1,49.52
958159f0dab5b09c3dad9dc3dc352565,1,credit_card,8,248.28
2f972348117659ed047953f60257c3cd,1,credit_card,3,105.08
24d96d6845bf5f0eb587c745f06b871b,1,credit_card,2,66.63
c0b2c20ed167622980ba4586d4f60168,1,credit_card,5,59.03
a9f3a3d1ad51353ad83d1cc38aa74a47,1,credit_card,8,721.74
680e610535fa4d02ce2d6a820946afb8,1,credit_card,8,259.08
469efe9b7784ec97f17da1643f3e327d,1,boleto,1,65.71
e208a6bd0e030c2240ec286633bd9039,3,voucher,1,23.74
364d9b97d95d0b5128f8c03467a03f04,1,credit_card,2,103.91
deb805b3a0cb1a415c66ddda0f92e0a0,1,credit_card,1,68.50
c3ec5c70256966fe8951602e15e63495,1,credit_card,1,111.17
d2b0e9ad3eb702103a07a98fb24ef49c,1,credit_card,4,46.78
124989cec6f415c879769c699f3134e2,1,credit_card,1,117.47
8831eaa951f7563404fa3355d0a89f1e,1,boleto,1,195.00
9f6fd425786e354166bb381926773047,1,credit_card,3,252.20
c301f64860cec992f8d9c532fb00f867,1,credit_card,7,73.56
51b961a61693c869d201aee32178ad77,1,boleto,1,38.80
a14df9fc5ca3766de545916e143acb06,1,credit_card,3,32.70
38fd57a781f31c3c00a012db1e52f6fa,1,credit_card,3,84.13
358691d1ca37befc409b28a20817ed0a,1,credit_card,1,138.08
38303a6a61c69a067203b03e3e839e3e,1,credit_card,5,216.93
f6f0b2497c5a4ca89670186757ab2684,1,credit_card,1,79.20
7e486325a643ff4ed591ad4fd1b80d16,1,boleto,1,283.02
66fda4a54fb43b9ec8ef4e032eaa7e54,1,boleto,1,148.15
350f47d61d589f6218bff053db95fe62,1,credit_card,1,57.96
6386b8aabb7f032b77475740cb035e86,1,credit_card,1,1.92
3103926e92e716e11f3f4920b70428d8,1,boleto,1,67.36
a9121d9a1f7b2530fd9d2d6dc01647cd,1,boleto,1,67.90
71c04eba03595f13adc87878455ffa92,1,credit_card,2,50.13
ceb7321e8e4db328b230a89f90e72014,1,credit_card,3,83.57
0f7f0f5f679b32fd80e1535ca33a7c30,1,credit_card,3,102.56
efbeffeec3423546112aa13eefc4c185,1,boleto,1,284.90
032c9c5e050a01a77c20be3989064308,1,credit_card,1,50.09
eac9a6eb5ffd533239d332b2171c7bcb,2,voucher,1,44.96
8da4b52fdefe7256cbe20ebf03ac47b7,1,credit_card,1,129.56
c5b5456c785367bef488a2e46479242a,1,credit_card,2,176.50
1a777b4fbc5f78c56a4d194ce7311df5,1,credit_card,8,118.98
5ac2db22c3a1a5c7d59208f225e41fef,1,credit_card,8,222.95
79e8aed3400f69812f091a2b4f55a8e3,1,credit_card,7,80.20
cd992cc5337c4438ddb8858f4cb7dc50,1,credit_card,3,31.00
99221769ebf04d97afe0f08894b75586,1,boleto,1,352.55
e86118c5fd6d905b7346a83baca017e2,1,credit_card,1,305.33
0ed6d545d159bc1c0786d83a66c1cd03,1,credit_card,8,841.28
15f8e1e2abf48b0c5161b2f0110ba6eb,1,boleto,1,152.94
486bce96008cea9cb14d0593189961da,2,voucher,1,120.19
07120a6d39e99f6aec742cfa39ab4cac,1,voucher,1,121.39
225f91612c9a38c727b64ac3c7d11e7c,1,boleto,1,148.15
27f9cf9d843287e332dcd815a0feda60,1,credit_card,5,184.29
b26a79020606ef73722d450c8458f9c0,1,credit_card,1,153.17
efc734aa0895a5973f3e783a742f1119,1,credit_card,3,369.78
b0f19e077703b3f0cc8de0ab4911c445,1,credit_card,5,102.97
556bbf53c2c22fbb9ef31a414dd444a6,1,credit_card,6,67.50
49693494d8f42b42b80c8241976f8460,1,voucher,1,58.79
ddcf6c758c04fe3f2e0d1ae301ec5f40,1,credit_card,6,66.62
ddc3b6d5a6e5e69a831ca246a5eefce0,1,credit_card,1,44.09
26cdf11da38117ed1bca961a210dd21d,1,boleto,1,143.01
149bca3daf097d7695389efb9b491653,1,voucher,1,66.41
ffa18796659322e26489458de771d309,1,credit_card,3,63.27
231f7e18395c045198f74f63e3cad304,1,boleto,1,97.87
484bc55c468ac3e8d5ca1ab45b24ff99,1,credit_card,7,139.94
f334a266fb65d5d853e108b4442f1f01,1,credit_card,1,61.01
6460c57b49a7ef155f5f1588ef5b4e60,1,credit_card,3,92.57
e8dbddc8a7fd19aaf321cf4e7b00c787,1,credit_card,1,133.03
93dfb14657b871cc1708647ef95f40f9,1,credit_card,4,89.75
716ae039823c5b809fbf98d24626922a,1,credit_card,3,84.20
6ada1dc97a94d735582a110165f0a0c6,1,credit_card,2,268.19
f4e88b3ce1eb899d388467aa702fdf93,2,voucher,1,18.92
28c3483a3f62b4b5bb0121055f94c951,1,credit_card,4,262.94
5a37429384be05ca14780e4989543688,1,credit_card,1,20.58
c818ed0d99c7998f73659bd934936177,1,boleto,1,69.45
414c2d0aa3ca7ba2ded1e645b3dc42d8,1,credit_card,1,75.60
6800d99c79f85a09a82645ff194ba86e,1,credit_card,2,176.72
c25563978406540119e9bc10980b2fdd,1,credit_card,4,43.62
b0645176abf1df25bb73ba0afcc20be3,1,boleto,1,33.84
e7b2fd1afe0ea1687d1766b2b4f2d197,1,credit_card,1,147.99
fd38d5793a4393e031ea8da57e094f88,1,credit_card,8,193.59
78c0b2e524faf734fa7ecccff7e492aa,1,boleto,1,154.81
ebe208c5144e6963534e6a772c6a6939,1,credit_card,1,64.22
668bd37bba51d3c2a919f037ce6194f1,1,boleto,1,69.84
682bc14ace7856a832cef3a783e4886a,1,credit_card,2,114.88
b31ee936a88cbd1d2c24a2e61db2c18c,1,credit_card,1,69.69
9583e5c37c1a090275e8af994d6b3231,1,credit_card,1,84.30
7a3db786a9251bc1603dea2c4970e448,1,credit_card,10,236.71
e7d99cde4408565cb8aa944a642c61bd,1,credit_card,7,376.76
aa7ad6a7e355155075a22ce9de8664da,1,credit_card,2,24.75
ce149d960ee7bb3b8b2301f66e6f4ec4,1,credit_card,3,93.64
3611e9793009655c4d1350655211953c,1,boleto,1,80.59
ab65887d04b631b6d83004bfb47fba02,1,boleto,1,95.21
2b29ddaabb47afeacb5daa2c68670baa,1,credit_card,3,235.28
464a29715467046008c5aa817d1ae498,1,credit_card,4,96.97
d6ea23d51e0f2c7ba19e7c5092db3088,1,credit_card,2,42.92
8ae7da80a0ae007c1d30c6ff5dc3bf26,1,credit_card,4,205.54
6f550fd7d5d229732c20208da33c9ec2,1,boleto,1,45.09
96e84b24d3eb91311bd0c42171eb301c,2,credit_card,2,116.90
afe00f151e2a9c5924b2edb95736c11c,1,boleto,1,1023.72
ac5a06cf04a02c5c5ec9f09f9db3ddb9,1,credit_card,5,122.42
719a2a4825d52ce82cbc8698a71495ba,1,credit_card,6,456.28
c37d452db8a3abfa3d99c322e92ef0ef,1,debit_card,1,54.51
def6322635f4afb3da8756ad712957c0,1,boleto,1,194.25
854963422ef4369edb2416355e8323bd,1,credit_card,1,150.70
8c2c2b26ae4677e7457b0daaea13a8d3,1,boleto,1,117.60
4fc44d78867142c627497b60a7e0228a,1,credit_card,2,65.24
6f794a3ab5fe97d2aaad912ea4f81645,1,credit_card,1,443.77
e7e81487cee935dda2f15d591657bab2,1,credit_card,10,180.32
c0b467fc5a41347b9e8e6000e3526d21,1,credit_card,2,82.21
e0ad0779328f1dbbeaa5f2ae58ca67d1,1,credit_card,4,94.40
cd4f9a974c6789b89069a844779294a2,1,credit_card,6,332.65
c1b370b659841b645967ebbac6a5adae,1,credit_card,3,225.16
3840fe9112c9177e852ff72b8c6af01e,1,credit_card,2,72.14
330a8410950e2c8bd89631999a37b2c9,1,credit_card,12,147.55
3443749ed04d4b33597a21fc22e24a4b,1,credit_card,4,198.57
9e5608d7d556337c7a3f1bb6f0eea5b4,1,credit_card,6,605.41
be65bdeffac02d6d8d3b667875e6da05,1,credit_card,1,19.89
0718634f87a84ae0468224ecca3584d1,1,credit_card,10,157.10
dfd954e67c5eeaa6432cdc40a6b66d73,1,credit_card,1,105.74
cca5e85092bfd9c1cb6c4d936cd86ecd,1,credit_card,1,99.43
bfbe5ec8665cf556e806616b9620be05,1,credit_card,5,396.32
205fd64bd13038fe08ccceddf788336e,1,credit_card,1,89.25
8297b34c026c282fa7c0940d7217b87c,1,credit_card,1,49.00
052523fd2c735b15cb107afc0a413bc2,1,credit_card,5,56.50
fbd82b1fe98967de0db29b6cf134d00a,1,credit_card,3,51.72
fd9486ae13f513ac59c3f6c23bb003c7,1,boleto,1,111.99
b79fa3320d9e28aa6994cd6864da40ba,1,credit_card,4,111.80
5d67a487bcc575e994f0e84e84823af2,2,voucher,1,100.00
303deafb916b70339ff5c11be8039888,1,credit_card,1,37.69
b3d71a2000f053668c1baac73b5fe4d7,1,boleto,1,257.44
5265e13b1b649ee26bbaa159d56167aa,1,credit_card,1,35.24
988117e4f714ed70371d15b7063e0add,1,credit_card,8,186.13
1b8cfe91cd0a25a8db0841e48cc76029,1,credit_card,1,244.15
3e7c30293bf4e4c26815e44fa58ff074,1,credit_card,1,318.97
0dca3fc331e8c1be1dd82ecb2689f3af,1,boleto,1,225.60
ac1a1d01dcd4350d31887f6eab3f63d5,1,debit_card,1,35.65
68987346a4a9df9cbbb2234b956dd59d,1,credit_card,2,131.95
566f53fc7d36fa366f7e221468121877,1,boleto,1,85.60
4160b6447ad70e6d73f7221dd970bbe9,1,credit_card,10,3076.13
67e2b633b65efc08fed5fb68e325761b,1,credit_card,3,49.67
93f0b28291bddb8a70034aa5138ddf24,1,credit_card,10,177.18
4ba6cf8c58812d65edc6a67cf37c4aeb,1,boleto,1,64.44
31f9d6ac65559c258f1992bd34d10e02,1,credit_card,2,87.64
1c036a86b23c31b9383c1e6f67a94652,1,voucher,1,22.79
749a31c1093994e39ecb4aef66a7aa3a,1,credit_card,1,39.95
d85ce87a3af93d77d9ffb99a90c76710,1,credit_card,1,32.94
b46cf2034656db4fdaa0cb0c403edf04,1,credit_card,7,150.00
56de333dae82ab3c1d1d123e55d882fc,1,credit_card,3,177.81
f96c95462f9bc5192f6ce1985d4a29be,1,boleto,1,96.99
453b7a88cd66cd9e4210f05233cbf197,1,credit_card,3,187.47
356fd0826eb73e2f62ab842bfe38b4c3,1,credit_card,4,211.28
d339c9a9c019e5beaf1cafb6cf77a23c,1,boleto,1,80.43
465c2e1bee4561cb39e0db8c5993aafc,1,credit_card,5,455.86
ea6ce509b0aa60471f0b6c0029797d6c,1,credit_card,3,281.95
65d009e49beeedab2b25830b9e69a6ea,1,credit_card,1,166.90
9b4ecacef8574e8bc05697a77c8437fc,1,credit_card,2,49.42
8bc835be169be964f492f42b517b0a3c,1,credit_card,6,386.33
32339685fefe9062d33175a4bc12d555,1,credit_card,1,43.86
489db951401825ce7d66665e5b5108bf,1,credit_card,1,38.29
06544096bb7077c0f701d0d6f660e11f,1,credit_card,9,95.33
05cd156f0f47579a36d7a52724fc31b8,1,credit_card,1,25.51
2dd3e9627a0cec07b3092f404934ce6b,2,voucher,1,250.00
1676852853bb81a2a74bceb23c87ea44,1,credit_card,1,83.33
9e1c9e249d55ea95fe0f9510c2e47862,1,boleto,1,155.73
fbb38f33f44df110ef060767b70bdfa3,1,credit_card,10,700.53
1d7a6b5b87fcf498f7748f4790faa745,1,credit_card,1,142.64
fd05016059d759a3d1cd9f1068be4907,1,credit_card,10,105.28
f85c3dc1fcb73177a8b063582d72e630,1,boleto,1,51.75
bbeabf588cfd1094a645e92fcf277020,1,credit_card,2,188.34
610d998ea61935583bd897dd101d0e1d,2,voucher,1,81.49
b107eb8ab6fb9b94db25911d4a2b378e,1,credit_card,2,65.00
05be03ef1c99159686f59d8a51dd17f9,1,credit_card,5,65.69
702120cb83c02be1babe945e685a254c,1,credit_card,10,137.99
16084e188e0613c06730f77bcbfa9ff7,1,boleto,1,183.40
2ae4b7aa9e05e499dc71a87e27f0017c,1,boleto,1,21.43
4fec76db2097ee09cc1dd9717d6ead9c,1,boleto,1,138.89
cfa5f05fcf442b5faa1cffd73b4fd9ee,1,credit_card,2,28.88
fc85b94eb688b0abb29954cf6354c1bc,1,credit_card,8,182.61
6cd61eadfcf9bee43e7cf8068b937f55,1,credit_card,3,79.68
b97a140f6a4f36f110893d4b90929c0e,1,credit_card,8,105.44
72effeb8a2be92644dddb7dbf5df144a,1,credit_card,2,222.21
eabc20c259ef6e04089307feb92aa0fb,1,credit_card,10,136.96
342ef067ff890d38864730c89a8776ff,1,credit_card,5,55.11
49c3293b870ffc5fcd1f11ca77eb841f,2,credit_card,6,61.01
4deb2316dadf42f0daa6b8965d384ba8,1,credit_card,5,157.80
fae98fd8dd9729af2c8c95e16f3719a0,1,credit_card,2,152.54
d9aa5509422ca53597e0806067d52f05,1,credit_card,5,116.94
f1ed92b2528df59a68e567ead15889f3,1,boleto,1,46.53
aa1ec064e8eb975121269dee2a451592,1,credit_card,5,58.59
88503051b9833f27c9492939bcfe2a6a,1,credit_card,2,201.29
765442de6466c0bb079c22b8b20e0eab,1,credit_card,2,367.65
747996a66f5aa711deb8ae58f5ae46a0,1,boleto,1,18.62
a6eace8d7affa686ec69d39f9c4c348a,1,credit_card,5,168.29
cb64fe77f78101ce43bdffc7be77c9a4,1,credit_card,1,102.13
f5de15fee5da7c522b0aa5837f99a1db,1,boleto,1,344.26
717d28ee12c7c0ef8b384ff1b62b33c7,1,boleto,1,84.64
f2c78ae8a51c7fdd3c3f786f6dc49a6c,1,boleto,1,31.72
2a66d384322fe0cce57c8083d687a79e,1,credit_card,7,70.86
12aba4fdeb04e5cca1132f86f2bda749,1,voucher,1,126.92
719312efa72d95b357250140f48b778f,1,credit_card,8,83.23
ea2fc3ee961d93cc0a7b657aad5b30e5,1,credit_card,1,46.82
627a881a7d2543a80dc59460ab08eaab,1,credit_card,1,45.09
a426bb94ff487c1e28c20c73d5f99cd0,1,boleto,1,138.12
20ece825fd1a3714c240d58a96df35ea,1,voucher,1,659.84
256aeafecb4d20915af4655d87085173,1,credit_card,1,134.08
c3aa096e341a72813ecfb834df16b91e,1,boleto,1,126.82
9e2fbf3b51437bc915ed549c475eef2c,1,voucher,1,22.38
62260701eb6b51252ed47c4967b1a48d,1,credit_card,1,19.71
85ca51954c545536cf77a680afe11969,1,credit_card,8,347.97
c950a394ee0369c853e3a1a55090e287,1,credit_card,5,70.17
84723155dd76b3421923b038f617954a,1,credit_card,1,43.18
b2a7488d3bfedd8a8abd53fff6127807,1,credit_card,1,108.72
a6145b6681d0b1556afbcf25131f2952,1,credit_card,4,175.16
c1e9744452fb7f55208a14610436019c,1,credit_card,1,37.37
f5af86a3bea41e5daef5c06e7a02ad2e,1,credit_card,1,121.51
f400946403a78fdd034cf522d3f85512,1,credit_card,1,65.36
39fdb37dae517d0d4185d590337aff82,1,credit_card,7,171.63
1c75d337e19f5c35ad9fd80d51153208,1,credit_card,3,79.58
76d8b3b6bdf825ebc88bd1b2aa81f65c,1,credit_card,2,210.99
ea28640cffa87eb4e40d8c864fb46aae,1,boleto,1,61.82
942a2811a7a6e202eec1790c6b69be88,1,credit_card,10,203.78
9ffb8109facce85e8fca8e404bbc584c,1,boleto,1,112.20
a797f338da66eefca816db5328d5e5ab,1,credit_card,1,189.30
0fe0d22222f747a218a2596963d8b364,1,credit_card,3,79.37
ba81383846b0b6c97b5160f986fa3707,1,credit_card,1,23.33
9b2e5e7107f9b0d28873782803e01ecd,1,credit_card,3,54.06
0bd66289bf194ff3edb0841291f58da1,1,credit_card,6,85.60
4ac9d969022c4a7ba509b39bb0f3d36c,1,credit_card,1,42.10
cdab4d92ae28f85057ae6c55246c8049,1,credit_card,2,90.19
30189c9fc2174b8677dd06fda47c097a,1,credit_card,5,237.07
e024b7de0d4c8896d442d786f81f7db7,1,boleto,1,105.63
3c888e8444c04cf2fea3d8b2db0195ef,1,credit_card,8,169.94
48e57ab120e323dcb9b330fe88adfd87,1,boleto,1,56.04
f6f20338750875ffa91d23d6d6ff4fb2,1,voucher,1,129.05
2833a586d04517b0c18e17c24ae684c3,1,credit_card,4,282.08
d015219f23681e41543e3db6504a4865,1,boleto,1,259.85
a96417d157bd97f6b47643a7ffbcd8dc,1,credit_card,1,163.87
92e3415f60fec80f07ebca939434c3a7,1,credit_card,1,40.95
64065ff7503353586b3dacf9aec56ae7,1,credit_card,10,282.45
93e337ab97f3eaafab94e2129d8feae8,1,boleto,1,49.00
810a275a39d5f6934c225713d5aa9568,1,credit_card,1,114.83
4c1cb882a6632f95d9732ca92f5715f8,1,boleto,1,26.05
2011387fcf68d0d56838be05771c4db8,1,credit_card,2,86.15
e18b75b8b2ba4ce613d10b2fd820aef9,1,credit_card,8,336.33
46725d773b27a905cf629f60fa30762e,1,boleto,1,233.55
38fc09accaec15642b3f2ce5fc46ebb0,1,boleto,1,153.10
662b16dd4926c4d8c8686a306b464500,1,boleto,1,124.44
0fdc6ce12cb319cb9c173af525080d3f,1,credit_card,3,173.93
9ea31bc786d569fb961d6aca5b8ac618,1,credit_card,5,140.91
a50d16f8c24acdc0c3d2fe0af2cd5c87,1,credit_card,4,210.08
1e7b55dfee29c0ed7edb54c8cfeaf244,1,boleto,1,35.13
0d1bbf582326272fa550ed829bd2e1d4,1,credit_card,4,46.34
9cf3e6427f5cd12f23c42946aec43412,1,boleto,1,165.80
6046bc15c899ee2dd06d1a235f9f61c9,1,credit_card,2,83.41
f3730b23378f3e3415e54360e5a7c844,1,credit_card,10,182.91
23ad1ae9db6999293449603e1a247803,1,credit_card,5,151.49
57a959471d822333138826c2694ea6b6,1,credit_card,10,192.56
90a35d6c7ac144ef7398458a2beb3963,1,credit_card,1,45.21
709e863921cdc58bb0582cf305270d72,1,credit_card,1,52.34
39fa4236f74ce3cf9427df583375b046,1,credit_card,3,77.65
0a029b521ffceb219d63dce7e02403bc,1,credit_card,8,205.76
d8378bb103de9b68884b9e4cd2a8dbca,1,credit_card,8,532.55
2e782e419da1d80f6d1b9c7eb67b6dde,1,credit_card,5,59.60
f287fe40c60961ff917acd403b4f19ed,1,credit_card,3,196.57
53c898ca05dd376204a04358c8dd0e79,1,credit_card,1,37.06
dddb05d44cc0328777c8d87c479b3680,1,credit_card,2,145.66
9b2fa9acfe395734a133a58bcbfb9776,1,credit_card,3,318.37
e43be9f124c722dfb1d98eeb39b69484,1,boleto,1,142.96
58b99a93ab6127501faa09a1c8878dc4,1,credit_card,1,96.43
9da2e0a62b0b95234b66349473d9616d,1,credit_card,3,169.10
ae4f9895e6602f33d89aff8166cf9346,1,credit_card,1,155.01
77e9d2f71c740441b1fce48743b8e358,1,credit_card,3,67.49
c44a0e141b356b764ccf469f82c3544d,1,credit_card,9,450.53
2388959a19bd21ca9ce8639defeb9789,1,boleto,1,64.55
2db89d0e7f0dc38ccf1374a6c51b5b7d,1,credit_card,1,58.37
e69e74f39691b8c09d8660c8e000ddd2,1,credit_card,1,52.85
29e40e2efb1493c943466c5e401d08ab,1,boleto,1,71.71
9ebfe4f8443f801cf3685442b0d26e6b,1,credit_card,10,361.20
3cbae6cd7d4ccde80ef2d1ec061ce54b,1,credit_card,8,252.79
d6a6ab6b5f102f746569eb2c620e8be6,1,credit_card,3,38.09
8dbd319d233611ca45b64cc56eac5e34,1,credit_card,6,100.33
c1f0e475378c6500b5907a2134bda1da,1,credit_card,4,54.10
2d5c2551306ebb8492eb8c36d062f314,1,credit_card,10,161.01
ef923bbb28876cc2a8e00a7ebc1a52f8,1,credit_card,1,161.51
a31b7701247f69c640631ad0bcd130ef,1,credit_card,3,132.59
0da30436a667e82020c86b5da53c0b21,1,credit_card,1,287.06
411b631e48e96d67d14a881f338f6b46,1,credit_card,1,61.80
5f9e345bd69028860ff1b6a72c26dc45,1,credit_card,5,50.61
fe07292e1a88c0c8b22fc45b58da8110,1,credit_card,2,189.25
24040b0114230e6113ea96d0161ff4a9,1,credit_card,2,105.52
038345c4a9d21c17180f2f77e1701c69,1,credit_card,2,132.08
d1e49fad76dfd4ed8f5488500011e45f,1,credit_card,3,307.94
132d431a6757fe865a1f7117978bd0e0,1,credit_card,3,213.29
69f54f52631eb8ea8bec66cb902cf54e,4,voucher,1,14.31
55101b36a58251926b6cbfdb540c0461,1,credit_card,10,116.95
ea73df32b183eafce925fe41bad50bdc,1,credit_card,6,143.71
45d9d23c62d17d0c6aadb813d38831b3,1,credit_card,1,27.15
9570076bd35deeec20575eb8e0540131,1,boleto,1,38.78
0872f22df707596feed1639609f6eba7,1,boleto,1,100.24
91021949691f50cf0608e62a2b5efb31,1,boleto,1,61.18
82d1d87b52fc86b65293b86ccccaf60e,1,credit_card,2,73.47
f34c3736b33b7d0c9eaaac33ac7b1ba5,1,credit_card,3,211.24
6912f9577b4156d72ee607f78328ed11,1,credit_card,1,43.41
1765804f6753bf6a25ba8c9fd45977f9,1,credit_card,1,297.34
405ab8184e07bfa663f7627527c96049,1,boleto,1,54.44
0ed46f17da8a1c3bd0ed5fdfc50decc4,1,credit_card,8,82.19
40f263da2fff3c6d39ed98ff3700546b,1,credit_card,2,166.40
f2dca318c079a2926e6162e12d08ca31,1,credit_card,4,121.04
f6352809547e1221141a36c6cbaaba58,1,credit_card,1,34.00
35837feff69c830a990c5ecae625bab5,1,credit_card,5,307.14
0b7ca56dc6b9eb97c8a0c7b19341b025,1,credit_card,2,44.44
cf5b244fd1f7002efc7929be945f1d44,1,credit_card,10,227.27
24f17834d1edff2ec50e2fb099896d80,1,credit_card,10,221.21
b49433c6d0ea8ab0fa4d209e44c5831f,1,credit_card,10,135.87
3d44f7b0d44056fcb488f7d2fd22e820,1,credit_card,3,118.17
d715d369c36bd59d99abd5ed62940530,1,credit_card,2,95.21
edbfaeb8ad1b74d2dd3fa417465617fe,1,credit_card,15,878.48
3c9e706b2938bbef0922d8c7da956ec8,1,boleto,1,384.80
5938114522194bd566d9f5a5cd9dcb88,1,credit_card,5,117.93
41713846ac2af0e189ba1b8ba8288e64,1,boleto,1,132.82
ec7ce26488a251a1c6043533e11c1bdc,1,credit_card,1,140.49
3068ff17db7d22d0a343f06ae2687c5e,1,credit_card,1,36.22
b1c1cc09ffd5666fc13da046dc5900e3,1,credit_card,3,133.76
67859bd0284e2d4c7c7ae873212a5ff4,1,credit_card,1,63.00
6c0579db279e926d14faf051deae3288,1,boleto,1,71.70
406a5ab51424aef9f3674c18a3060945,1,credit_card,3,109.59
809866afc43dd3f06fc471f5eebe53e6,2,voucher,1,50.00
d4421539677ce8da70f3abf867adf15c,1,credit_card,1,45.86
1af4acf47f9833b90e3b7cb326ed85f9,1,boleto,1,176.81
d8ded99e3d8a9de0aba5037f97743cff,1,credit_card,6,60.91
1097d35f1e7f8972fb78c8a135090ca8,1,boleto,1,232.70
d7c320185a2f9b32f5e2370ff3f8bd64,1,credit_card,1,5.91
c396df58ede55fc38761c0382b3bc791,1,boleto,1,193.92
1c3f752b9a4d09bf1e016439a427d5f8,1,debit_card,1,23.88
5f9571ac1f7bd358f3fcfa9d07900869,1,credit_card,5,103.33
a4c100660bd4f8af58cf90ef7641d5e6,1,credit_card,1,3.86
663f6abf22dfaca17fa6ecdb411d1860,1,credit_card,4,217.84
4b79da007cc374ddaaa469af64c51cf4,1,credit_card,1,67.50
fb620f3600b241ff5c85e8397eadd62d,1,boleto,1,31.38
ba8ebbd4a50913dea058ff7695922d95,1,credit_card,2,203.67
3f62abd470c4d6aecea1ef66a8b2d3f3,1,credit_card,3,94.30
0f47f9183ff34c4a76633181b380acbc,2,voucher,1,440.17
95234ae57878debe0afc15b3d5bcbc48,1,credit_card,1,319.11
9e1516d69461cbce6204729191230717,1,boleto,1,156.33
500c54b4910a5312b3afc7ab377b1a98,1,credit_card,1,65.00
664411dc25ffd21164cc72805f249313,1,credit_card,7,685.93
fbab2f1499ada7711dc92e28e8e2cee9,1,boleto,1,135.57
ac0453dee118265767bf9c26966ccbde,1,credit_card,2,154.56
69adad596ce64d77dd2a23f85ce3aa98,1,credit_card,3,106.45
64c0c5937e0922b1d2f1124087499646,1,credit_card,2,62.54
9325417ccf2008bcf613acffa684a24e,2,voucher,1,135.00
4da4840a1f38aad712a0857596e24b44,1,credit_card,3,197.12
c9b08bd33d449366d3b89454a3071b98,1,credit_card,4,192.03
1aaa23146b41cdd25da482e0b2dd0534,1,credit_card,1,39.36
b115422b830bf2840fccf6f0d6678ab2,1,credit_card,2,80.38
4fc7ee0d4813a5443edc4f7348eaad58,1,credit_card,10,823.16
03c765107c8fc34c68a82bbd6c686856,1,credit_card,6,126.95
07fcf4ec8cadbea34c5b508e35e716c0,1,credit_card,5,163.73
4f2dc4a949823819bfc75b784fb32686,1,boleto,1,51.56
2f7b0d36ffcaf0277583329ded34c97d,1,credit_card,1,72.58
4883042a7a5f22fee4e519f15da7f9e2,1,credit_card,7,130.56
7c0ce5e0916d0bca80839ea19d6112c7,1,voucher,1,45.77
9058bc799c3791077efb3aaa8e0d5e02,1,boleto,1,91.07
a6f6ef4007557b03f6b82beebc22150f,1,credit_card,1,58.14
6031b4a1dbafab99322d682f7d2070fa,1,boleto,1,119.66
130654953b9f4e7e9f1bd08b1b882bf4,1,boleto,1,189.19
4caecf79f2dfbc0304ffdc8637ff5900,1,credit_card,5,50.15
6dc1b0448d8665a1ad93f2c1ec5b925a,1,credit_card,3,204.12
3d7bbb0855485cbe41eca68eb774caeb,1,credit_card,5,62.98
446fdc806b0c1bade7477c8adb83b9e7,1,credit_card,10,102.67
3ed194a912f562ede28628d0ec2ad218,1,credit_card,5,127.92
9c5548e522bd06824106a8713a019e1b,1,credit_card,8,328.17
634d0a0f8ec5eb8078eb64340dcd355b,1,credit_card,5,55.98
fdafcfbadd88c33d4798432d3bcf6004,1,credit_card,1,62.78
421965457f0703d25ba727b4d31a1ad3,1,credit_card,1,44.00
8d812dbf931bbd85b3b5b528b75ef9bb,1,credit_card,2,124.02
c405d70e7eb2ef546a6e54524412a9f2,1,boleto,1,119.62
49a76356bba249478a61707cb37319ea,1,credit_card,5,75.79
13a4e0efe42392b2ee22601883f47d24,1,boleto,1,303.42
cad39f1647e3828163e49718ea495994,1,credit_card,2,225.71
77e9941864fc840be8e4b1ba5347c0f7,1,credit_card,1,103.27
fcda3cc8210e746326864eb933641ccf,1,credit_card,2,27.04
83177602aad708cea549501386b021c6,1,credit_card,10,305.16
401aaeb144fdc31e60486809bf917ce5,1,credit_card,4,257.21
9330e9298742ceea6f94f67a4c6dd785,1,credit_card,1,34.00
f5763c685bf8e3a552c2fcaa60aaa868,1,credit_card,4,76.99
f28f39649e3b855c1e269fde05f2629f,1,credit_card,5,97.87
a9a93c428c6103f2151bb63a1d32a520,1,credit_card,10,160.67
6be6d87095d612a3a5176d6aff456c62,2,voucher,1,100.00
947ee6ab639791b5711558a7e55cf98e,1,credit_card,6,2223.12
37a7476e58da10721b5e55ba4be6807d,1,credit_card,5,129.17
c6be81e3c1e9e15e5893e19d7ce49647,1,boleto,1,63.01
cd5be8f92135682a584bca7d11218aad,1,credit_card,10,310.20
39c6a14b3b53cb560bade12dfc733d11,1,boleto,1,123.52
dcfdded3a6760b4e0ce1ef27aaf65b89,1,credit_card,3,527.03
33adf242c9c30fa2e16fc97d70845487,1,credit_card,3,623.10
86207b986ce345ccef8bc83647dc491f,1,boleto,1,163.92
746e40ac3c01101618e8a7d582b1029a,1,credit_card,1,47.53
0eea5babd8acdffc1ce9dbc764b8dcd7,1,credit_card,1,132.57
d34e326c0b15c4b4a481ba1376687e75,1,credit_card,2,174.65
3e913a9dfc52c9a6dcbfc18c5ded61b8,1,credit_card,5,350.54
d0fd9595949095f91592a79bd26a2126,1,boleto,1,68.13
cec27ecc8324e22e5721ce87471d4b31,1,boleto,1,42.06
405894653b2f151f3eb662b80f9b8a92,1,boleto,1,102.00
efd6f5a2a8e6c4dbd20bf8ff100342e0,1,boleto,1,85.84
f632c00313bdbd50450cb21052cbe825,1,credit_card,1,130.38
a2c7b8f8a4fe1bc4a8f4e30a5311861d,1,boleto,1,74.49
bed92d04d48ce1e3411d7db5c984d57f,1,credit_card,6,186.10
2e9a02fad8f4629cc049053cca7a9a1c,1,boleto,1,133.18
6189844031702fdf168d8194d504bc0b,1,credit_card,3,38.22
4d2c3fb1909604d5f9474e4675971ef2,1,credit_card,2,117.96
29664dfe32fa36fe220eb8ba86d93445,1,boleto,1,27.64
340e1daf0ffd056453544ca71b501098,1,credit_card,2,193.40
143f8e1be12f4d99301cec6f0d7a3834,1,credit_card,1,70.93
cd7872c2e8a4aedd31e308e5005b220d,1,credit_card,2,127.22
81a3c1a0ea3b09bad9d4e0a6a3683f4e,1,credit_card,2,109.56
e713bee0fe365659dd0bf2e261ce6f28,1,credit_card,3,100.82
074eb2398def4038d7fc4fb8a5aeb0bf,1,credit_card,8,408.86
e64b950c1e33e5e3f2a946903e903264,1,credit_card,7,721.06
33ef079ec39c1b46e6e552e038e67c5b,1,credit_card,6,62.65
ec3d016217751432b67659200ab0da7d,1,boleto,1,127.53
6e68d4f670783e41ced4e82d14debce9,1,credit_card,3,76.05
8ffd24fbf822586b2712a4becc7217dc,1,credit_card,2,142.00
54cf02ae7c090640834d4f9d190f3b9d,1,debit_card,1,103.36
d1579c450369b0b5d8bc67cdc0fb1f08,1,boleto,1,123.52
925f43c2d4991e4360c5a7435c5431a3,1,credit_card,7,87.83
4a5470dfcf2368971425d5aa451cf3b9,1,debit_card,1,80.81
387016f36a926f6d861f812a8aeccffb,1,credit_card,3,177.44
124282aeb36f71699a910e0670c08769,1,boleto,1,76.33
5bb7f13d8996f3b384e2820e7f7e8659,1,credit_card,5,110.98
d768ce9a72b741097aab143d6baf890a,1,credit_card,1,18.29
cf4b34a6cd499c3d352d90cee37795ef,1,credit_card,5,170.43
2f184c1f767b1dab8ce9aefda0db5b33,1,credit_card,4,619.34
2dc89150e25e0d36a6b80cea3c8a1290,2,voucher,1,30.83
3ec57f387771800e135888860c546cf8,1,credit_card,1,21.34
3110fc0996c37031e67f3d28cd9b854c,1,credit_card,6,528.52
6b63a86619f7d34ada48e141f2b568f1,1,credit_card,7,72.05
3dc83811b95fef30cdbfcdae61bdb25d,1,credit_card,5,362.65
565ccfa6f9e28da74700c42da9deb949,1,boleto,1,72.14
18ed4e5757d8a37fcb75325f41d7165b,1,boleto,1,99.70
5e7e66344d4f127f114875c930d621f9,1,credit_card,5,59.00
a0e645abd6eb15b02cdf8a5af28ba8f0,1,boleto,1,41.42
07402f8be1c291f1c5da3edeaf5cb8b1,1,credit_card,2,41.01
b5e27ed7d2286de656b8b949caf52958,1,boleto,1,137.55
d14da316939ad2245cd4bb898bc45a62,1,credit_card,4,40.79
67f8f676db053a060da849e36ee9da6e,1,credit_card,1,216.60
9aad86a646fc47633629fbc7d2c2cfec,1,credit_card,3,95.93
9fbe3fca2706c665022b219b8ff8d27d,1,boleto,1,231.27
cccc154ce300f1dd193065ddbf6383f9,1,boleto,1,128.87
8f578fbe296dae4b9f11a4996da9c47d,1,credit_card,10,741.44
9f6183228aa32e890cd753d3efab7178,1,debit_card,1,38.95
247ba9f6a94558776b1ccd2d59ce8cb0,1,credit_card,3,38.01
9da2ef3ac1a6d4e6140835f3ba6e3f86,1,credit_card,8,184.93
c736eebe212e3065b4ca629fb98389f8,1,credit_card,2,79.63
145afae38debe68ec37d5671526db93e,1,boleto,1,116.85
968cb5ac821d8c165eb1bec7d47eede2,1,credit_card,2,66.75
426d4272fc71353cab0d91dc2658b066,1,boleto,1,66.78
adc51b6b60ec7fe71a757fdf57f0e3b2,1,credit_card,3,412.16
51fea792e465500a842c7325adabf0ad,1,boleto,1,97.34
656c5942e852b20473ae268796549007,1,credit_card,3,210.14
34fa619907e44766d5119a7ac48c56de,1,credit_card,4,117.26
96d3d32268dac080180a2da0140a709b,1,credit_card,1,125.52
5d67a487bcc575e994f0e84e84823af2,1,credit_card,1,39.89
c1b3a881aed70415ec2c1cd40d217d5d,1,boleto,1,33.10
f6b63a36cd2dd4fd184e6da3f911a4de,1,boleto,1,35.42
594d9204df0349e9b6ddaeeecc1f0748,1,credit_card,10,105.38
dd80556200c2f712cc6d048888451267,1,credit_card,5,373.98
e566c1b5be049c45a4e4f83c5101b3fa,1,credit_card,1,51.74
df9f35f4d3e966c35d7c1c81c4c7ba73,1,boleto,1,61.21
eb871e7c2357db8ff47fae46e9bee63d,1,credit_card,6,72.05
519b26d18bc4a42eaac1841acd217baa,1,credit_card,1,44.24
ccec592b58e122dc2bfc2305152d9603,2,voucher,1,81.90
856d6b7354ca57ce6a2865c9c5e9e6e7,1,credit_card,1,33.62
bab0a62e41a5f0abc7f04989cdd7a6fd,1,credit_card,2,221.85
416e49799e9260d93c8f636ce6661a55,1,credit_card,4,94.40
b3f8cce18de7b670b4bf149957000470,2,voucher,1,37.05
b391aeb86b28ac5a2085e0a77833bd15,1,credit_card,3,56.36
7f4ff75bb83f26aec27c8ccc039a449b,1,credit_card,5,128.97
c1e9df16ff9d33f95cd4e24e6e064c38,2,voucher,1,26.43
e6ffcd88cc3d2795303c2fd25cadf74a,1,credit_card,3,97.03
9d57e7a9c3dae94772187f73e97d9854,1,credit_card,1,83.07
86d06bceca766579cdf18c84e7778a57,1,credit_card,4,190.76
2bcf5ca88957e31faab027f2325cfd63,1,boleto,1,59.96
414aa35f4bb723e9b5787467f282450e,1,boleto,1,38.09
903c880841c9b1af32d6d086b9763133,1,credit_card,4,43.26
3fddb37d99af3ae9c36dc26f4edb3afe,1,credit_card,2,87.64
70215c7031c6fdd581a2d729c93987e6,1,boleto,1,34.92
ad57f476bb2fef779bc42a032c512a23,1,credit_card,5,66.67
badb0dd3be1e47b016f7ce9a3a7168b8,1,boleto,1,54.00
383730d8be253fb34891920a417f2861,1,credit_card,3,497.89
28f5847427849401fb017537fd20da41,1,credit_card,4,41.93
28b3a0c20aef4102b44f6928bdcffc7d,1,credit_card,4,151.92
81e5043198a44ddeb226002ff55d8ad4,1,credit_card,10,108.12
b391fd34f5d52bfc8de47b44d609e490,1,voucher,1,65.71
4dda84ad43d105c6d3b73004b4f647ba,1,credit_card,1,86.81
d5d777fdf41da773664443c2fd9acc23,1,credit_card,1,38.42
1915bc319651dfbfa6563a6d19d558c5,1,credit_card,1,65.78
5187d6e3efdec859c111d889c9ad7d9a,1,credit_card,9,90.28
317fb26a1a8a29eb9d6e36996afcffc2,1,boleto,1,121.97
17528d72766893a90deabc12ffc91207,1,credit_card,2,120.70
acbd8e5be7c6808b8a971376f7e36b3f,1,credit_card,1,30.97
2b7d922e73fbd058099b6ff4b33e99f7,1,credit_card,4,187.75
31d97e07fe8d91fbea9cca127739d2f5,1,credit_card,2,103.07
c85f30d2bcd5e2a640f2c99024171998,1,credit_card,1,65.01
9ede3a76d22fdfce4d6be1e75ab3e1a5,1,credit_card,3,380.66
9fd4316339aa48df346fd744dc682ec9,1,boleto,1,641.18
88ebb2a5aa88ce5fd1f73a821e27bb43,1,credit_card,3,186.42
2780bd2c2ec051df9919aa3841b9d049,1,credit_card,2,126.81
ba58760d97361d60f4af393e41c236cc,1,credit_card,10,298.39
55ef1695189508c09b58080d53d2b32e,1,credit_card,7,621.29
9aea3a72c2f44a11b792cc58320bed77,1,credit_card,1,37.77
69f5eed47613a9d3cd0ae94d398cdd4e,1,credit_card,1,5.06
26ed76d9ca565506c2d4c50fd5fc323b,1,credit_card,1,44.64
0a8758ec6f399b52f2ecb7b1a0c4c16c,1,credit_card,3,66.67
cef4e03348c70c1c8eee3647083675ab,1,credit_card,2,109.17
9dc6746a8f29fafaa637f2239a9f3d28,1,credit_card,10,875.96
a3d715c13af177125a462b543a9a97f4,1,credit_card,1,99.50
51a4d80c45232e938d7504001271af64,1,credit_card,10,315.34
d26c076e33054a0063c6fc94c51fc43b,1,credit_card,1,92.63
b84153f6ef50c6f07d2919e984c1f761,1,credit_card,1,133.38
e2f6bff876d784db1590923c91ead84a,1,debit_card,1,284.49
8929fce83f27ebe948da9c53dcea6bea,1,credit_card,1,46.16
64d493ad39cf733d3cc70821e69208a2,1,credit_card,2,194.81
03ddab02775c66c855ad41424ae356e3,1,credit_card,10,119.93
727efa2785deaaad8480da8e66db7e67,1,credit_card,7,88.19
eac9a6eb5ffd533239d332b2171c7bcb,1,credit_card,1,22.95
09d557bf440b6c3b40cacfbb24fd5e28,1,credit_card,7,159.18
67fda58928557660d52d5f17eb0aa105,1,credit_card,7,71.14
5890259dc546292bd43919d8a284222b,1,credit_card,2,123.07
5813dccc11eeeec1c8b609e396c12291,1,credit_card,1,70.14
bf88003f2580db7589007ec44bc85695,1,boleto,1,40.79
4cc65e8e0ab1879889ab53fbcd422978,1,credit_card,1,50.34
d00fc126358622ba5ae0ba1a334b3bc5,1,credit_card,3,647.54
67ef896d205bafce2b0ce685b7173d43,1,credit_card,4,196.92
d0b29bf966cd5fc8d2b5274157396dd9,1,boleto,1,55.78
64bea65441db4c3e2817c4986436a56e,1,boleto,1,409.54
5782b3af52f3953fec44afe27ecd1892,1,credit_card,1,110.89
972de859f5e4986651981a283159a3b0,1,credit_card,8,1139.27
ad86b0d3d5cafc39d8b70a248b46cfa6,1,voucher,1,95.99
7ce709f07a1593a395e419ec63e8a766,1,credit_card,4,100.33
5bc4d0aa53124192dd06058bdf74a6a7,1,credit_card,4,323.79
8ab9b41f4fa44e65eabf1c4139e415a6,1,credit_card,1,91.61
5d2e7157465c583b526adf7d226d9623,1,credit_card,2,112.33
38e3895efc70d2d46a3b967b8781368a,1,credit_card,10,104.70
d5aa77f5eed8acdd598a687ccc27cfa8,1,credit_card,3,173.66
dba7b6050fd3d402855707a3ca296a21,1,credit_card,6,86.53
a1154a5da8429ac3461d448de5bc11c9,1,credit_card,5,55.00
6e63dcc83ec280b72783617737ce886d,1,credit_card,3,225.71
2aad3ba5eaa0bcda42cc8fec92d395a3,1,credit_card,6,128.02
c4c4d6af87a38d11687de496459bb99b,1,credit_card,3,118.27
e9a08885cc40da402fb893c56e9d27ae,1,credit_card,6,308.42
a57ec1ab15e32bbd96dc388716a9193d,1,credit_card,3,96.65
ee65c3f0ce51f3d58b772cbc2e662e66,1,credit_card,1,27.77
5ac2c9301491372ab320f5aa4e451ff1,1,boleto,1,62.39
e852413ae756fbc7fe9f6514b39aafdf,1,credit_card,1,90.99
d93ed72dc9abec13f2ad4ae2e531fada,1,credit_card,8,140.08
3d7ee397cbe71826e767837af0d81c2a,1,credit_card,2,123.41
3ef5c8159bd4605715d1fd6e20cf8137,1,credit_card,7,1257.96
e48949fd6c2be8f0fa6dd91af8f0f50e,1,credit_card,3,160.16
f6a14749cdfa97ee01f2fed27c0c8b3a,1,credit_card,10,242.44
627d872bac94d3a4276ebd2f708387cb,1,credit_card,8,232.54
34b1c1b1fca85eecadd97c4612423897,1,credit_card,1,30.23
975a0290ce9c9359576f69b6e00799cf,1,credit_card,2,258.74
b8356f852fca3a72234735d7b7c1c18f,1,credit_card,1,340.07
06d77e4ba21f283252286b6a72fb8fe2,1,credit_card,5,96.35
8aa454f4a1257f74aa178aba255e7cf7,1,credit_card,1,139.06
f386ab31f2ffcafd65304e199111d3c2,1,credit_card,1,30.86
eb87432d1b32d99db89d573d77767a01,1,debit_card,1,50.31
3bcf5ba4eec8b84af7663e2e261957cc,1,credit_card,3,39.11
4617a1e4f74a5e42a73b281034db89c5,1,boleto,1,40.75
ed9ddf13b205161d8ca32de15a50a5c7,1,boleto,1,155.73
048fec87f5858e3a91ce55d3a944b457,1,credit_card,8,304.33
257b54c7aa667fa7865055803a58a737,1,credit_card,3,85.75
ab2f2b70a35105e169d9fba7a65d3ac0,1,credit_card,3,57.64
c68e47bd3dab5dd575a6c65848663923,1,credit_card,2,77.57
02e0b68852217f5715fb9cc885829454,1,credit_card,4,68.89
cda0a20d2df6b9c3f02aa5258c99af6f,1,credit_card,3,166.40
dcb668b21e7c36224624fc4b4ddbf0fd,1,credit_card,7,70.60
1b41edd8cc8fe751d98cba50338f8c8b,1,credit_card,2,209.00
abbbf52551bc34cd52a7851c06dfca90,1,boleto,1,239.48
407c6c87763b40c6ecbdf86ce3e07d76,1,credit_card,1,49.66
ca726b66fb5a8d36376b73e09e4958b9,1,credit_card,5,57.12
49dc298f34ef553977f998818dbeb38f,1,credit_card,2,163.25
41e33d3c157e00a75938cd0345e207de,1,boleto,1,216.96
70b8fcabbd42bd4e6bb39052dac647d6,1,credit_card,7,75.32
141e9339279b23d1c38a8512d0e9ba7f,1,credit_card,5,51.01
a4b19ba687d68b54e5598956990afa98,1,credit_card,8,369.60
e8745aa1fc53254235ceef55710dc6ab,1,boleto,1,319.14
b3f8cce18de7b670b4bf149957000470,3,voucher,1,12.35
29e6f39d57976e61801fbb8f266f30e6,1,credit_card,10,238.69
09f8cd8a102b3f3fa2d5db0c6aee489a,1,credit_card,3,810.13
5e41ebabb65c9b6a46dbbfee1b4d6a4b,1,credit_card,1,22.29
e938a90514cd29b81f7e88eb8c918d12,1,credit_card,8,82.19
26b5660725133bc74bfe584874b637cc,1,credit_card,10,892.16
9990874dbb760114a8bcadec87b20b2d,1,credit_card,8,298.77
037556f936da90c5f9504956ff286860,1,credit_card,1,36.30
cb7f025ffb69a62e9cf843894bc7f89e,1,credit_card,1,73.34
001ab0a7578dd66cd4b0a71f5b6e1e41,1,boleto,1,127.56
141f7d3071b3a6ebbc34ea1454624e3f,1,credit_card,5,58.83
f9cda286ca417062ff15bf5d63fbc70c,1,credit_card,1,24.13
9786c52ca3e1ed1ef3ba5c65941627f0,1,credit_card,10,169.90
f5ff53df944464937cd950213093621c,1,credit_card,1,64.62
fd0ac58dfd0c4a3034ec2fe3e6200fce,1,credit_card,3,106.29
f190884813097fe74073188f97302e98,1,credit_card,1,89.88
ece7d51cf8bb9392bbef9c077bc32e62,1,credit_card,1,48.30
16a50f1f11876372829112e48b471e3e,1,credit_card,3,163.41
c69100676baa7e0edfa0e2ce74d034b7,1,credit_card,4,58.72
a187e99908d89f2f863baf8785025570,1,credit_card,1,47.68
fbc769defaa6da4bbabdbbb7c93feccf,1,credit_card,5,138.49
cef25673fc64efd9564270760806eacc,1,credit_card,8,244.05
70f2c5825ad1afe906cc0c4036a3593f,1,credit_card,1,44.09
5e7a884a951fb8fa7f6596c513bd8fa3,1,credit_card,1,210.14
719b940ab2f1e351ffb14a0a02ffe3c4,1,boleto,1,97.80
dd800b5dd3395650111f9a4539000e7d,1,credit_card,4,422.03
cb80e3d30577a7af0b3b851f5f4ed92b,1,credit_card,3,93.20
c52439e463e5cd80125600ab8ee93344,1,credit_card,1,145.56
b8615aa7e6248212cab23e120279acf2,2,voucher,1,7.83
fb7df543b6622d01dba2c9340a23bb30,1,credit_card,3,454.66
218420c55032b9db817c110f06b85fde,1,credit_card,1,94.77
d7c320185a2f9b32f5e2370ff3f8bd64,5,voucher,1,3.10
9461233f007294d53c027b24648e02f3,1,credit_card,3,304.52
89c04d2250464948257c7dbd4e41c3cc,1,credit_card,4,225.04
9c5e0415bc4c4c089aa772c9387e0f8e,1,credit_card,1,316.40
8f0033d3ef07e82e7e942e4136cfbf50,1,credit_card,4,49.30
15762fbce0478c48462956d3fbee08a7,1,credit_card,5,61.98
44d075f07cb67c5fa539041c4548953a,1,boleto,1,161.79
ff0d3c8b486f123087d9d9da102afaf6,1,credit_card,8,133.96
b465dc60a138cc55216607ef27065acc,1,credit_card,4,245.68
465c2e1bee4561cb39e0db8c5993aafc,9,voucher,1,74.81
9dcf2d215096fef19c7e4a8a7d6fb1c3,1,credit_card,4,202.54
19e2f4888f56504ec0f7e0765c9e36dc,1,credit_card,1,47.62
bdf4423bf60eac03b6786ebd0e507cc1,1,credit_card,2,41.93
0412b784548c0bf8cc35073f13923e2c,1,credit_card,3,292.72
f8b13ccfc06fd1baa3b0b9a9f1d368de,1,boleto,1,49.42
49a167dbd18cbfffffda7befe7d179b8,1,boleto,1,61.10
8f078af5f7dd54fad5abd423dfb4aad2,1,credit_card,2,29.79
1c8757886a51b1d2a57ef26e7004ee37,1,credit_card,2,250.82
82b0919653c8b121cf8b4beb9eda83fb,1,credit_card,2,77.57
b9db568c807b745666940333af1f8618,1,boleto,1,364.99
a0ddb810bd79dc15910dcc56a1c7f3cb,1,credit_card,4,133.95
aec4f3ce724b67ce527d67f7eb60a310,1,credit_card,4,196.72
ce5a9de9a8a2c2a47c627c3615f90700,1,voucher,1,96.47
2f3eedb1154600a40d3529dd83441775,1,credit_card,10,1358.75
3bd5b53dee9d54938f56208bcc03d855,1,boleto,1,66.70
e505d250be8a8291d1d8d96adf8c3539,1,boleto,1,47.09
146bfe4003096bc16316672e59c6fb2e,1,credit_card,1,65.89
6bc6b07e448bae52d248c4df401d6157,1,credit_card,1,51.64
a4887ea2ccd5e37945934525a9939e9c,1,credit_card,1,53.38
44a03ff139461361ec4cce7949663c2f,1,credit_card,8,89.19
2fc4990b9de2806b1e361d39937c113c,1,credit_card,1,33.13
8c4c737b202bd8dcdaa2336b54e99dc7,1,credit_card,1,1314.86
23941956ac5ebb846fc41ddbf76e7ccc,1,boleto,1,173.84
799f11bf34b4fcf6d45f6e2399907cf0,1,boleto,1,115.94
a3be6697885b394b9fa9a177c3f46239,1,credit_card,1,45.01
6f78a74ebcd33afa2bccc0c0a82ff04a,1,boleto,1,84.82
5dccad03ac8016afdcdb7cc0227ec9d7,1,credit_card,1,81.54
4f821ef636d5a5eb870c9ae7b7d7654f,1,credit_card,4,45.50
83af610e0c73e940f967ad32ad943625,1,credit_card,1,35.72
abb76549f54fa02e04e1d3da5e8f3cce,1,boleto,1,50.82
dd2e84f453b5bd5297babe45f1183f84,1,credit_card,1,33.71
9758e655b4d2fca01c69a4dde9d4fb5b,1,credit_card,6,134.60
af7845bf2d70a696a4f4f31b4e6c5a81,1,credit_card,2,98.88
6a94666b47f6006dda56e5edc10968a3,1,boleto,1,113.00
7bb355355c075d74665d97db859cfb45,1,credit_card,6,102.96
8c05fe795783a73c159dfddbcf910689,2,voucher,1,100.00
ac8a4565529310518da7406ddf01f8e8,1,boleto,1,38.01
a3e4fb1d4c4c04deb731bae74f190339,2,voucher,1,60.49
f4f3e2c1d55d36170f4aabf93236eef3,1,credit_card,4,48.99
2548aa48f7db62d5579e7e20ae85ca03,1,boleto,1,138.89
c08f913d8edeabde7839e5b6a953ecf3,1,credit_card,3,82.33
c36b97b242c0409d5f536b647b56256e,1,credit_card,4,216.64
870262a84754d5ee151a8be2554a5bc6,1,credit_card,7,164.81
46081612169925ef8882b3bbf1c5011d,1,credit_card,2,146.93
543842af6f788d8bdaf1b1e63c0d3da1,1,credit_card,2,167.50
7ccc11577ae58791fde9fe83f4c7f106,1,credit_card,2,161.30
29378d5129c88c97f152331affe2ed00,1,credit_card,1,39.43
cb837ba275cf8ffa9ded7e18f7743b49,1,boleto,1,101.44
21c24f8f2452ec20a5184abfb269c35e,1,credit_card,2,57.51
a7c5388d858597ae7ca4e4a1dec8eeca,1,credit_card,3,90.76
0dac831729de109c5f878882316eb43f,1,credit_card,3,76.08
a37623c5552b35a449842d70d3f0922a,1,credit_card,2,137.32
3cb36784c17acb3eca55ded497da243d,1,boleto,1,19.78
701ddcb0eab1d32958b3638a5e8c4e97,3,voucher,1,3.98
97fdf3115437c18e71138bdaa80ec60b,1,credit_card,4,81.61
b0b54e4c452d66681d67e588398ecf7c,1,credit_card,2,59.26
553ba7f2b59345ea057f5a8062784dfd,1,credit_card,3,148.66
77850ecb19783b9c81c2097568e6b4d3,1,credit_card,10,511.21
ae162713f33901220faa2a22c2bdba45,1,boleto,1,393.15
ecd6c4b673e81e3ba899f65b2135ce70,1,credit_card,1,48.62
f41f4f0667b69592fa5bef59e5ef7fad,1,credit_card,2,108.20
23f99f3d6a5974cd50c00ebb3d6540a1,1,debit_card,1,238.63
1cecdea35f2ce72040549f9fe816b8a9,1,credit_card,2,106.89
0afbc110b84719faaef4887a5cff5a2c,1,credit_card,8,81.78
88f4847c75e52df56f47047103f4697d,1,credit_card,2,150.05
d0405d0cd3a0ddba64c30a078681a88a,1,credit_card,5,56.03
841ff437dd00dac44a738743ae033be0,1,credit_card,1,39.01
f30663edef2c5ccbd8ac1901275ecf64,1,credit_card,1,45.62
bb6ad5da18745c25ea9a43797598dfb7,1,credit_card,1,58.17
c1875eb040541568d58640849b68b052,1,credit_card,2,64.03
62a906256e72774922d85060d98c8a5d,1,credit_card,6,68.13
99a4238f13a11d486a5eabe5c8b1a1ab,1,credit_card,1,58.05
0eaa4845a6182d6b72de720fb976abd4,1,credit_card,1,367.56
2c3eb0fe0135ed9d71065de1e06f8e01,1,boleto,1,70.89
18bb4acb90913593d37049c601660009,1,credit_card,2,197.27
20ef4f721610e50167d484f950d19b77,1,credit_card,3,99.35
a4d5fcb131fab3ac106ae40ac7042833,1,credit_card,6,191.56
711446e2cbe250789dc7b3ecdfce793c,1,credit_card,1,37.89
b4b82a96ad1cd1dd5071980861bb2575,1,credit_card,2,50.69
0aa6d207e7ba004eef415715c25765ce,1,credit_card,2,118.48
622dac2e43c9fe4e17d08cbc259f8448,1,credit_card,8,342.02
ebf44ff0c2e9687a275c7a487b71e28e,1,credit_card,1,114.90
efe29224ab6af2a162c9cb35940daca5,1,credit_card,1,133.96
d7c877c5db825f754e75a32ac35e13b0,1,credit_card,1,276.18
7124bd2d49c395dc9b4c8ff94d6c919c,1,credit_card,2,127.92
de3353dc4eb5012999074ce70b124fee,1,credit_card,10,475.84
637617b3ffe9e2f7a2411243829226d0,1,boleto,1,1246.97
5da33f2ec794bb55994fc59563a04107,1,boleto,1,103.36
678563117c6bcedcb0f9d98e8f3faf23,2,voucher,1,117.45
726a67ad063495177a87c3958017c32e,1,credit_card,1,66.44
377ed239c64b69ab76ed4d18bdf76958,1,credit_card,5,115.04
98468461ec50580f3a212ef742cccbb3,1,credit_card,10,1005.81
4eb3a441cbc81bd1c7d4449e569ae605,1,credit_card,1,133.95
ed7fc7aafd6ebca5daa21eaa5274d536,1,boleto,1,201.82
ad47c55e7dc71d935ccff9650ff1beb6,1,credit_card,3,99.70
74c25aa167f9836099a217d0fa82ed0f,1,credit_card,3,175.77
600a1cc5fe241900d619ca1ee2f3be2a,1,credit_card,4,42.69
0decb14beb4de8d3b4e37103e81f119b,1,credit_card,1,6.83
8d47519f5c9c42540b37bd3db0492878,1,credit_card,4,89.38
45eb4503d3f73099fb98d5fa26d2039b,1,credit_card,1,122.50
0cf6d9903d24cb0d6ef8817a9612fbfd,1,boleto,1,579.00
eda850474bf71f5b4264dcd0dabbdff1,1,credit_card,4,105.66
c7fcffa49558768b02ee67ce65140cc1,1,credit_card,2,60.85
77ad790bc77b40f61485833a46bb6968,1,credit_card,20,206.99
469f0b908881368c45917f1bed8240ce,1,credit_card,9,95.17
b4b8e8f37818c443dd4c0c48e9a3707d,1,voucher,1,215.15
494f869f61ebf5fd01f40a4a2a569481,1,credit_card,7,77.97
dcc15ae978fb3fdf4dbe24079e768652,1,credit_card,1,75.46
6ba5ec180235f8b95042925408ed3bd0,1,voucher,1,91.86
417abe2ef3ebf13d2ce7606ebadbf834,1,credit_card,4,73.03
c6ab8a5c6fbd3bf57e9ad8407d950cc6,1,credit_card,2,157.12
392139c3311c506adf32de8492011f15,1,credit_card,1,195.89
fd2183b67656b8228e073e069c83737b,1,boleto,1,70.70
f481c4a578efee5b662a2df18c3df59e,1,boleto,1,109.77
05cece27facc8007b2952d0b5bbfe9d6,1,credit_card,1,26.65
e98405be83624163fbaadf39f502cfb1,1,credit_card,4,306.24
c1c86ba217bd2363ca1f95f2f6d19abf,1,credit_card,1,82.33
df5c6aca62db71fbe451c0408bde2817,2,credit_card,1,40.20
806d19127814e557e910ad0c90891886,1,credit_card,1,105.01
8932f7d67eec4b3ed9a4d5ae0b30e06a,1,credit_card,5,193.07
224ec929ecdaa7563512572447c65d02,1,boleto,1,53.54
a969ea7670f417da58239666920e9a97,1,credit_card,3,95.67
491c5a96f47a083b2792f1a306a5fade,1,credit_card,1,102.78
3a53c89c1526bec25191f47b5ab57df6,1,credit_card,1,60.75
30f0086bfe1b046a524f8acf1d3eaa11,1,boleto,1,113.67
71ee60584962dede5dd9685e8bf397f0,1,credit_card,5,284.90
55d56409f0dbe0e3681f5a486ae0cce1,1,credit_card,2,189.00
66144189f7b5fbb4eb76eb513ac33a17,1,credit_card,6,349.95
4384f1e73716020a06569f0802ad8c38,1,credit_card,3,247.85
2ffc25e4c67c5d5ad8a0142b8f542d4f,1,boleto,1,87.64
329465dad46fffab333860e92e7ac984,1,credit_card,3,224.98
4c80861e8667ad2c3ec1686683c93ed0,1,boleto,1,193.60
53f4ca548f6dc3456de1628fa16854f0,1,boleto,1,24.84
148946b469e7c2af2231c7c2ba0c5681,1,credit_card,5,105.37
972744bcdd80014057492bbab6b4e06f,1,debit_card,1,146.21
ce8d55aa1c206156fde37e062c716ea2,1,credit_card,3,35.95
e1171120e3b1615034d5372b0d3254a7,1,credit_card,4,100.33
6484880197398c11ca3f6a7709f60aad,1,credit_card,5,51.04
8b62c0757b9c458179c29c2ea24c7886,1,credit_card,1,110.10
817aec5fee39a2d4968cb6c48bad78f1,1,credit_card,1,103.47
afc2fbf9c74b731c616892314ac3e201,1,credit_card,3,108.52
f55cb4fd8cb8b16824c2912514216b2b,1,boleto,1,56.05
2dc89150e25e0d36a6b80cea3c8a1290,3,voucher,1,30.83
1555d6b8d8b15b1080ee70dda21c8d02,1,boleto,1,116.94
acb08a83f62cfd54a98e76c21cd268fd,1,credit_card,4,41.05
56a91c78a7764f270b44113386c34866,1,credit_card,2,69.13
73de28dd75c1a15abc8a5fb46fb734b6,1,credit_card,3,101.48
378e9f1b518253964f1e82f349d90b7b,1,credit_card,2,23.93
268611f7d2f0106b616e88e532e05a2b,1,credit_card,6,62.69
be754126110440ba89a5456475333453,1,boleto,1,414.00
38dea96735b5f6e74378a68f84099233,1,boleto,1,199.07
72c1d87887d0b9a3965557013e74f543,1,credit_card,2,139.69
060b8f810cc106b90824b59a26ceb0db,1,credit_card,4,177.25
514290e30cb76393d6623ca6d7d79ee0,1,credit_card,1,115.90
4dfe63cb6237de0624ec0183a74b57e6,1,credit_card,5,136.71
a60b6d835751f3580629da8d3b00b761,1,credit_card,1,45.32
c582a4926632a43d138711ca8b412ef3,1,credit_card,5,59.29
2d33e2f321b7f676de5d3ab87c08d1ab,1,credit_card,2,51.39
fd4ebf52ca607b4487b38826f0c78adf,1,boleto,1,117.27
3cda6f52ca254406b2c0ce1ae433a481,1,boleto,1,162.16
b174fa32929e4af3622213e835cfa84a,1,boleto,1,151.37
85a00341850d3ac099340d190e2ec046,1,credit_card,10,191.66
a6f6c02b8388fc133223c9d12095c3c3,1,credit_card,5,147.15
465c2e1bee4561cb39e0db8c5993aafc,12,voucher,1,53.47
cca79f1e5c4dcf95bfadc53c7a97b4ff,1,credit_card,10,1149.83
a711032f5b2df3b039238b1a273076b8,1,credit_card,6,171.75
bb2dfe6031f35f7abc9a3c7dad5e4467,1,credit_card,8,651.84
e28a4c66f1484567d1e42b3fab64d923,2,voucher,1,38.28
43f8e020752c67130ddf027e0297291a,1,credit_card,10,102.69
f0c53ca3e5e7561fb1ff79116340d113,1,credit_card,2,159.71
b86ddd788f0b18de16cd6562b3a9266c,1,credit_card,5,407.67
fe2ac30768e07e362b649951cc625144,1,credit_card,1,93.72
20914c76989e5eac4e2675de44f7275a,1,boleto,1,57.97
1b694ef5b28d3e949a4f0ffeb2c9fcd6,1,boleto,1,18.62
b17b0e273b31b9bdc4c86d55ce1f2b87,1,boleto,1,53.62
c870c1f3a9ba62194d1060c0accb18dd,1,credit_card,1,56.03
1ec2e1de3e116559a59ec5166697d334,1,credit_card,3,177.77
b033a34245ae159e80dd599b3c5cb92f,1,credit_card,1,188.00
bb4355fedc9f43e7270f49187823b24b,1,credit_card,1,53.82
3818dcc3b7bd25996c0f1684437f019b,1,credit_card,1,103.07
5e9fbea0a384b612fd7b6d66c1e21152,1,credit_card,1,40.09
26309b9af9801e215252ef79be51f75a,1,credit_card,1,67.53
349419805b6735ed9a2cf737205fae53,1,boleto,1,37.77
9c0b834fc89f4dd70679baffe8bed38e,1,credit_card,2,186.46
ef31025693a0212c0b45d12f12f12a5e,1,credit_card,1,118.58
c63d4cef8337f938b3bfb0b96b7b1242,1,boleto,1,73.76
5c71ea0184088e38bb96418275b4fef3,1,credit_card,1,58.16
42a05f75800f7b2f57f1c57a63955911,1,boleto,1,41.84
db7f34935c2b818933171e61c031695c,1,boleto,1,30.09
46d69313b61b50a82923f811db17de3b,1,credit_card,10,168.20
663ccd66895e16bba443625e63a777ff,1,credit_card,4,70.63
d6d0323138c510e3816e00ac900d17b0,1,credit_card,1,279.70
19ddb42a5be901faf63f0caa5cfbfd38,1,credit_card,1,76.42
f4026d9ae34e982204b4f7b627939d32,1,credit_card,3,205.96
7ef3a4439f550deadd7bc3891b2f6242,1,credit_card,6,72.76
2fd7d8e43a256d464a02dd7bbe8cb125,1,credit_card,6,139.51
2476a3346dc4a10dd9238bc6dac93f89,1,credit_card,2,131.36
5182f75b9ed284e0a569ea4f61e9bfc5,1,credit_card,5,126.30
d043902d832951c993140ff02e9a74b6,1,credit_card,1,69.29
0e1628ef32043a2e0c0d7152af698bd1,1,credit_card,1,70.93
c952071f38138a067c714cf653f34aa6,1,credit_card,1,128.50
cd69fdf2e46758d65a29de7bb4766e5b,1,credit_card,10,105.70
6b3ff248b137a5f8d4efe61a1fd4ebbc,1,boleto,1,35.77
62a4c6ee1b6f43e8a1ac86ad87fb0f35,1,credit_card,2,124.13
4947e751fe684314c040cac7a908143c,1,credit_card,1,45.01
491f193fc52075598871cfe6f19976d4,1,credit_card,1,139.75
9ee391a01004a9f330f16ebf9f7f0966,1,boleto,1,137.99
09b38400b1601bc9dea9de02c710857f,1,boleto,1,60.42
56bbc7d92e6e74b8782abbf5ee336a92,1,credit_card,5,228.01
bd2623f3663c5daa3f89e6b527fd49da,1,credit_card,4,40.86
ff207aa3493754ffcea819b8c0c0dbb5,1,credit_card,6,60.85
9c753fec37c64b5771eb77ef982c34dc,1,debit_card,1,66.50
947c4f07e94867a7344550a2b9969c13,1,credit_card,1,93.99
674f1f9e4afc192f4400bf65ae05df5b,1,credit_card,8,244.45
66f1a7baf73c12eb3af95058da54b6f8,1,credit_card,4,49.01
69f5eed47613a9d3cd0ae94d398cdd4e,3,voucher,1,19.99
8d9a9808c4a5546adb15d524d6ab2e91,1,credit_card,1,14.86
f935cc50d7d3a005676cd1093b419595,1,credit_card,1,66.01
ec02fec9423ae39b2f91ff964bdfd87c,1,credit_card,1,27.36
50e49c6629868bcdab3c499bb73fe2af,1,boleto,1,284.79
bfb7ce007bc3f08b946a9c620bbf344e,1,credit_card,2,83.23
9cf6d08e57855a633b5c0c79258ee121,1,credit_card,2,133.28
5b81d7f0f897982fce8bd000471c973a,1,boleto,1,67.96
6643fcf7be174c77fb72dea37c92aa19,1,voucher,1,11.56
bb789ec51c304aae58b4ba3c11cb2fb3,1,credit_card,3,68.89
367cead10022c703e2a1529c52699ac4,1,credit_card,4,113.76
eec1b2584ccac529785cee8454007b86,1,credit_card,1,60.00
91c52e15672343c61768b4d10597eea8,1,credit_card,1,87.90
2373908388bcaa9a225c34e33d9e9f0d,1,credit_card,2,130.56
9bcd65834ef8fc54f03ef36f27bc5645,1,credit_card,2,54.00
58c851c107a9a3e21e03a9e2a1951d12,1,credit_card,4,374.28
b00122d54463704c33f4768470c6db03,1,credit_card,5,319.66
96e84b24d3eb91311bd0c42171eb301c,1,credit_card,2,175.57
f0acba5e31c243b3ba15fc908e1c0034,1,credit_card,1,60.30
4b4d023762cb66a4517f22ec1497ee17,1,credit_card,1,109.79
7a5b3f682886d750ce6eae941ad0d793,1,credit_card,1,116.97
ad017ea4537bcf364b841c9160b0fa51,1,credit_card,1,44.53
9cd88e173978b7414b46e60ddc882ae2,1,credit_card,10,155.14
b9eb9fbcca54dfce1d087c752d0f4b35,1,boleto,1,35.01
8a1afda75a802a8a5dd950aa81756f49,1,credit_card,8,230.54
ccc2fdf91b8602da839b8cc89ec47dbe,1,credit_card,10,869.33
6dfdc1eefc7a125d1bb81feb04a6c2e6,1,credit_card,4,116.90
eb9afe3c048ef7be0e99305193ee4ded,1,credit_card,3,221.70
5fc156541c3cea8af8784a46dbfcd183,1,credit_card,4,92.50
f5a46e0d0f766ca0dd73ed331959ce00,1,credit_card,3,87.72
5f0f8a9ceb96ceb90d49907d4c14ac7e,1,credit_card,2,135.92
a4c100660bd4f8af58cf90ef7641d5e6,2,voucher,1,15.43
454c3851ea6ca1eaa09fd44d2502aac0,1,credit_card,1,32.70
42f4cf7ee7d96f2d2465b6f203e531ba,1,credit_card,1,43.38
7643003db706885af24736e3a12e76bd,1,credit_card,4,164.80
fb12ff6f5be15ffae684b3cc37abdf24,1,credit_card,1,57.50
464b622b9d163f8703cdfe7e0f24f8fc,1,credit_card,4,47.74
98f7b0bbb8eebba6398ec18bf1a8cf12,1,credit_card,1,161.10
8b287c802866ec3b7b594e5cbc2d5acf,1,boleto,1,147.70
d2d845154c7f4e7f7861ea8697c628b2,1,credit_card,1,340.07
aac512eec9af2f337dab624bf711cad7,1,credit_card,6,74.07
acf01c9262ddb5d9adae8daa34e31568,1,credit_card,10,2416.00
492d9d1a1eb3b5a079dff6d1eb3f4b67,1,credit_card,3,134.28
e7daaee877792db6b869745a7bcca11d,1,credit_card,2,173.75
9b087af1d905d8987ae126797c9d15b1,1,credit_card,4,102.73
f5c5440eeced6d9ade07af5e1fcc69e4,1,credit_card,8,210.82
510c73928b73404e2d64851f6b4bfdc5,1,credit_card,10,246.28
366ad1dd93fb7f77b686017bc779447b,1,voucher,1,45.00
3127891eb38cfdbbe6d5603c658c1509,1,credit_card,1,53.35
e381abcae5bf5ba29ff7855e91e40837,1,credit_card,1,63.41
2e1b58feba35b519cd774e6016c56e19,1,credit_card,5,76.86
25f4376934e13d3508486352e11a5db0,1,credit_card,5,82.33
1749aa0c3e963525049e36964941cee5,1,credit_card,1,69.03
da1990d1037cd108f89b13fc5db97476,1,credit_card,3,181.55
0902d364e14a1dc0b156a550d070cbb6,1,credit_card,2,257.22
4e53a913dfd522beb67229c2784dde5b,1,boleto,1,154.38
e00a6c9e0c7028b7284c5082d59ae5f6,1,credit_card,2,138.50
34a1e7e0bd6987d552a7b050ad68a314,1,boleto,1,169.92
a8cc5640bb6e6bf0280850917666c4d5,1,credit_card,3,126.86
5f498836a73a6ef414a303556f3f83bb,1,credit_card,5,171.52
21fc87cfedd833f6e6749fd823dc9754,1,credit_card,1,28.26
2195712688ef03e20c8053de61c82493,1,credit_card,2,187.49
71c0d1686c9b5556355dc29a0f5cf8dd,1,credit_card,1,98.20
465c2e1bee4561cb39e0db8c5993aafc,6,voucher,1,13.40
a8f5ea0830ac9ffd1d2864434bcddb70,1,credit_card,1,2075.48
12110189ef70d77e946c6a0bd7b945a8,1,credit_card,1,39.23
8a7f0e6d9767d52a05dd48229e24d766,1,credit_card,3,158.72
494df7e03a951e947ea15c177503ef84,1,credit_card,4,111.18
dc12f9e8414131e62897902a78e0286e,1,credit_card,1,85.84
f5d82c89a8e580c89d24d874bdb6da0f,1,credit_card,2,78.71
b2a075b61f56f754745f60eeca7c0f63,1,boleto,1,93.65
6232b520aa859c47ba46e5213737f418,1,credit_card,4,95.65
c24d2f7d4ac8f5e961e730da59972c7d,1,credit_card,1,59.93
108f58a6439933a88e7950ee7b46ec11,1,credit_card,1,54.13
8f82cbff74ca9eba2273adac86c08a2d,1,credit_card,4,48.38
4b186efcda6f283e9c4a71332f6d3ad0,1,credit_card,1,57.51
