order_id,order_item_id,product_id,seller_id,shipping_limit_date,price,freight_value
001ab0a7578dd66cd4b0a71f5b6e1e41,1,0b0172eb0fd18479d29c3bc122c058c2,5656537e588803a555b8eb41f07a944b,2018-01-04 02:33:42,24.89,17.63
001ab0a7578dd66cd4b0a71f5b6e1e41,2,0b0172eb0fd18479d29c3bc122c058c2,5656537e588803a555b8eb41f07a944b,2018-01-04 02:33:42,24.89,17.63
001ab0a7578dd66cd4b0a71f5b6e1e41,3,0b0172eb0fd18479d29c3bc122c058c2,5656537e588803a555b8eb41f07a944b,2018-01-04 02:33:42,24.89,17.63
001dbc16dc51075e987543d23a0507c7,1,777d2e438a1b645f3aec9bd57e92672c,4a3ca9315b744ce9f8e9374361493884,2017-02-01 13:17:57,69.90,18.00
0071ee2429bc1efdc43aa3e073a5290e,1,00ffe57f0110d73fd84d162252b2c784,53e4c6e0f4312d4d2107a8c9cddf45cd,2018-01-26 14:17:41,179.98,12.46
00750f68bb64537034e93554c64b41b5,1,526f833e1eb0a32ad9351145a761b9ab,6560211a19b47992c3666cc44a7e94c0,2017-11-17 10:10:32,129.00,8.16
0087889a1c836be17f58afd7f1729a4a,1,62c89abe1afe3a23c17765d462718a4c,fe2032dab1a61af8794248c8196565c9,2017-10-27 11:35:25,259.00,10.63
00b4a910f64f24dbcac04fe54088a443,1,ba05e2861971098fc7ecd8162c23452a,d50d79cb34e38265a8649c383dcffd48,2017-01-22 17:55:34,33.99,16.60
00c00d5b36157595e21108ba1da2828f,1,7933eeb8cf79ae899bfac71c0edb076d,391fc6631aebcf3004804e51b40bcf1e,2017-09-19 03:25:43,139.85,16.61
00c00d5b36157595e21108ba1da2828f,2,7933eeb8cf79ae899bfac71c0edb076d,391fc6631aebcf3004804e51b40bcf1e,2017-09-19 03:25:43,139.85,16.61
00c9d0257381c7e9ec13b4505f25b2cf,1,958cd4fc82ce0223c757f47bc9d67e23,abbf6046bbdf1028606a5bc7f00c99e7,2018-04-24 09:11:59,362.45,25.12
01094e169d4b14edaf6954eeddb83633,1,b5e13c9a353102f79c6206ff5cb61a50,a49928bcdf77c55c6d6e05e09a9b4ca5,2017-10-03 14:07:10,79.90,28.96
011af0959ebf2b09a062867811dc63b5,1,dea3de7c4e7aa375d564fa2ddb7099b7,59b22a78efb79a4797979612b885db36,2017-08-10 17:50:21,59.00,15.16
0135675503322d804abef7ec5ed4824b,1,5c6a3e484e7aebf406c2045718dea406,01fdefa7697d26ad920e9e0346d4bd1b,2017-10-26 19:35:26,104.99,17.98
01490a4bdacbafe6de009b317a0c8bf6,1,e1fad996d18315862e15d09446c5c65d,ea67327e24487bdfac5fbfa37ea124df,2018-06-18 14:04:57,127.45,23.69
0179a3003c894f1dd3b1ddda5d1f8a12,1,f42892b40225227fe465626ff509a92e,4a3ca9315b744ce9f8e9374361493884,2017-06-01 02:50:20,89.90,15.33
0179a3003c894f1dd3b1ddda5d1f8a12,2,83309bfd8eef19fbfaa8e790b824b572,4a3ca9315b744ce9f8e9374361493884,2017-06-01 02:50:20,76.90,15.34
019edbdfeb6923e55558362c2b84ec37,1,a0eef953cb25bc9ae40457e1c3c82946,5a8e7d5003a1f221f9e1d6e411de7c23,2018-04-10 05:28:16,69.90,8.88
01b84214591ddd4edad9fa4a1f344f84,1,f24bb438da3185d5fd5a19e4d7433827,ce248b21cb2adc36282ede306b7660e5,2018-01-09 19:27:03,629.90,21.66
01f216b447564f9ea791b521db577ccb,1,473795a355d29305c3ea6b156833adf5,620c87c171fb2a6dd6e8bb4dec959fc6,2017-01-28 18:44:53,59.90,14.59
01f74145603bef2ef33949099b48ad28,1,777d2e438a1b645f3aec9bd57e92672c,4a3ca9315b744ce9f8e9374361493884,2018-01-03 17:35:20,69.90,17.74
0229e66693fbbd736e5022221fc8148b,1,8569e9a17c2b63e9e6e998dac2dfa533,b01c2b7b8599b325103ebcddc67413e1,2018-08-22 21:29:41,40.75,22.23
02605c218285d02df75a255f13396f1e,1,05c693a8085dad009cebdcf2830ab738,ef506c96320abeedfb894c34db06f478,2017-02-05 17:43:09,34.99,24.84
02624f7cd7272b3e027320023dbdc99b,1,3db75f31b76375c502f64d550dcd1166,85d9eb9ddc5d00ca9336a2219c97bb13,2017-10-30 03:31:56,31.90,16.79
02737086e020bd456ae19e98fee5c186,1,2a211896ec7ab72cedc7939e9ffb01b4,17e34d8224d27a541263c4c64b11a56b,2018-01-23 18:17:40,257.13,14.14
029c545413b10a6bd7540401f6eef0a3,1,8d4e92265a16e69a1e1d76e67e46d72f,54219883e72aad869adfb2a54b7bfa0f,2018-07-17 09:30:15,1350.00,294.76
02b02f566c72d81744ae60c7b6afa22d,1,ccc61dc31608c5b78cf0cbe85582fb77,323ce52b5b81df2cd804b017b7f09aa7,2018-03-12 11:55:47,139.90,8.23
02e0b68852217f5715fb9cc885829454,1,2028bf1b01cafb2d2b1901fca4083222,cc419e0650a3c5ba77189a1882b7556a,2017-12-05 06:31:54,56.99,11.90
02e7b3980e9984556bb3a764306f3e31,1,6fd3f7378cd65325e10cb21733778416,870d0118f7a9d85960f29ad89d5d989a,2018-03-22 11:27:57,89.90,23.56
032c9c5e050a01a77c20be3989064308,1,88dd63919fc9ab693803578a04a20209,7ddcbb64b5bc1ef36ca8c151f6ec77df,2017-08-21 22:10:22,34.99,15.10
03343a88c4d669e6378c5aedc4147919,1,b36f3c918c91478c4559160022d3f14e,1ca7077d890b907f89be8c954a02686a,2018-01-22 12:16:58,150.00,8.30
035c06c36cc8685238297b6af0c280f3,1,71d22271ee986bf5a46a2c199da0265b,259f7b5e6e482c230e5bfaa670b6bb8f,2018-03-29 02:55:37,39.90,11.15
036b791897847cdb8e39df7943367474,1,e493b6001e292d2cdb2c6172bac9d0a4,8a32e327fe2c1b3511609d81aaf9f042,2017-05-18 02:50:36,49.99,9.34
036ea72a17833a6fbbcd3e4df8250292,1,6401d2f82d6e6c52998ce626fe4eda24,835f0f7810c76831d6c7d24c7a646d4d,2017-09-12 06:24:16,69.90,15.24
0372d2e3d0ac2600aa8e08e6c46cb7dc,1,7c1bd920dbdf22470b68bde975dd3ccf,cc419e0650a3c5ba77189a1882b7556a,2017-10-09 13:04:41,58.99,17.66
037556f936da90c5f9504956ff286860,1,53759a2ecddad2bb87a079a1f1519f73,1f50f920176fa81dab994f9023523100,2017-05-09 12:10:24,59.90,13.00
0379c7b005e9be5439462ece4e356341,1,51ce083cd2b9078656a94655ab45b8a4,da8622b14eb17ae2831f4ac5b9dab84a,2018-02-28 02:15:45,199.90,21.89
037e4ea044a589bcfbceb43210ba7024,1,15c2f1db81672725401439acc4872622,994f04b3718c2bab35c2adfa8afecd2a,2018-02-22 08:35:24,119.90,12.04
038345c4a9d21c17180f2f77e1701c69,1,08574b074924071f4e201e151b152b4e,001cca7ae9ae17fb1caed9dfb1094831,2017-11-20 20:07:41,99.00,33.08
03b218d39c422c250f389120c531b61f,1,c1488892604e4ba5cff5b4eb4d595400,1554a68530182680ad5c8b042c3ab563,2017-01-18 14:20:01,38.50,11.74
03b566bccfbc64cf92b82db663a243f8,1,617186c3d97ea56c9c683a8a3974e8c1,cc419e0650a3c5ba77189a1882b7556a,2017-11-10 02:26:55,84.99,27.13
03bd6f7b95588e476cdef4abb2cfdd0d,1,af2d506fb01b724e03591349ad36b67e,4b9750c8ad28220fe6702d4ecb7c898f,2018-08-02 11:10:21,48.90,9.09
03c765107c8fc34c68a82bbd6c686856,1,e251ebd2858be1aa7d9b2087a6992580,001cca7ae9ae17fb1caed9dfb1094831,2017-04-13 20:25:10,112.00,14.95
03c83b31dbc387f83f1b5579b53182fb,1,a04087ab6a96ffa041f8a2701a72b616,53243585a1d6dc2643021fd1853d8905,2018-01-15 07:26:47,599.00,73.41
03c968d10d8c63bd2388245d02579fde,1,056193fc88b3f131fae751356896b168,7a241947449cc45dbfda4f9d0798d9d0,2017-05-30 19:03:12,129.99,31.66
03ddab02775c66c855ad41424ae356e3,1,cd46a885543f0e169a49f1eb25c04e43,710e3548e02bc1d2831dfc4f1b5b14d4,2018-02-12 17:15:39,99.99,19.94
04082ed3fe3aa0b4af00796e94ead6ba,1,461f43be3bdf8844e65b62d9ac2c7a5a,7d13fca15225358621be4086e1eb0964,2018-05-16 17:38:09,118.00,21.01
0412b784548c0bf8cc35073f13923e2c,1,f1f01d27cb8664e16d57ef4a8075f3be,46dc3b2cc0980fb8ec44634e21d2718e,2017-10-02 23:04:31,269.99,22.73
043c74b543e990bd18b14ef1e4344031,1,5e655ad6a29335c852b7829a5e340c80,530ec6109d11eaaf87999465c6afee01,2017-08-21 09:23:58,129.90,17.35
048fec87f5858e3a91ce55d3a944b457,1,1cac29154057b66c1cfcb6ff58e2fdbf,b8114f2f589a6804810f04f99b36b498,2018-05-21 23:15:18,42.42,19.36
048fec87f5858e3a91ce55d3a944b457,2,625218e2e2b4668a47d08911e0def1a4,b8114f2f589a6804810f04f99b36b498,2018-05-21 23:15:18,42.42,19.36
048fec87f5858e3a91ce55d3a944b457,3,3c839ed874f2e0444a38bfc8daf5ad5e,b8114f2f589a6804810f04f99b36b498,2018-05-21 23:15:18,161.42,19.35
04af40a6714e5ab254138fcd4863f0c1,1,7e0995bd610eb1dfe49155b549079047,14d7985702e72162bbf13b6beb74ab2b,2018-03-14 22:31:32,40.00,7.39
04bf4de54cc6a9145f3ca780b9f45d54,1,30b6868bde148b4c71716da3f1cdd9e3,aafe36600ce604f205b86b5084d3d767,2017-05-18 02:55:23,59.90,16.18
0507a74781354ea643bff372311d2a97,1,aa70ae9ee9a798d44ae6e00ce6d82cb1,c70c1b0d8ca86052f45a432a38b73958,2018-05-25 17:31:40,110.32,7.64
05147da86ae779803eaa2a5480010af9,1,0a29ce51f88190dc32d9f6a23f7e9a8c,138dbe45fc62f1e244378131a6801526,2018-06-14 01:55:12,9.90,7.39
052523fd2c735b15cb107afc0a413bc2,1,c1488892604e4ba5cff5b4eb4d595400,1554a68530182680ad5c8b042c3ab563,2017-01-31 17:21:48,38.50,18.00
052b35671e2bdd45aa889c5fa09e2809,1,41cd333a4af5e36df81fc0b83ccf8e2d,5dceca129747e92ff8ef7a997dc4f8ca,2017-12-28 17:30:54,388.00,15.27
055eb7e5645d86bd278fc4f419622e8d,1,46f739c1cd676603026c0af4d29ef7a5,198c7ea11960a9844b544d9bcdca860c,2017-01-30 13:14:02,139.99,16.09
0571cdb407bf04b419c94ffd7acbd874,1,91b08d34d0ba4db44da2dc382867ba49,b76dba6c951ab00dc4edf0a1aa88037e,2017-01-23 21:24:05,6.90,15.65
058ac520863d0c0d57e3cf920de368d4,1,b1688f579e9213539ee21cf15ac4382a,ea8482cd71df3c1969d7b9473ff13abc,2018-05-25 02:56:24,24.99,15.23
058afe6c6322b4773393a66003934493,1,3cc52e01a315aba7f650574a3a256b1a,e5a38146df062edaf55c38afa99e42dc,2017-01-23 19:35:35,229.90,15.39
05be03ef1c99159686f59d8a51dd17f9,1,6255356ea20f71ebc7015ca970718bb6,6edacfd9f9074789dad6d62ba7950b9c,2017-11-06 14:50:44,49.90,15.79
05ca3bba2e4c3bc5c601b57af96cf3cf,1,f422d0d9f8b5f7c27289382b14b61248,1554a68530182680ad5c8b042c3ab563,2017-02-07 14:24:28,66.99,18.00
05cd156f0f47579a36d7a52724fc31b8,1,913580fde3e72c3b3e4ce0b79963bee6,b76dba6c951ab00dc4edf0a1aa88037e,2017-01-18 18:27:28,10.99,14.52
05cece27facc8007b2952d0b5bbfe9d6,1,f89cd865cac300a9bf1320dd8f0fa223,8b321bb669392f5163d04c59e235e066,2018-02-01 14:22:18,11.55,15.10
05d3fead61b937bd7176c28ef8ed34be,1,95bc2131ece03edd6623b82c80db02bb,1b4c3a6f53068f0b6944d2d005c9fc89,2018-01-15 16:37:22,79.49,17.00
060b8f810cc106b90824b59a26ceb0db,1,b87bbfdf00132276418f99d965fdf676,02ecc2a19303f05e59ce133fd923fff7,2018-07-10 22:31:18,149.90,27.35
061b74bca735bb2c1953e40bc098101d,1,f8ea5fcf9c628485e01b9c3cf52728c2,8a32e327fe2c1b3511609d81aaf9f042,2017-12-01 20:48:26,12.99,11.73
061b74bca735bb2c1953e40bc098101d,2,f8ea5fcf9c628485e01b9c3cf52728c2,8a32e327fe2c1b3511609d81aaf9f042,2017-12-01 20:48:26,12.99,11.73
061b74bca735bb2c1953e40bc098101d,3,f8ea5fcf9c628485e01b9c3cf52728c2,8a32e327fe2c1b3511609d81aaf9f042,2017-12-01 20:48:26,12.99,11.73
061b74bca735bb2c1953e40bc098101d,4,f8ea5fcf9c628485e01b9c3cf52728c2,8a32e327fe2c1b3511609d81aaf9f042,2017-12-01 20:48:26,12.99,11.73
0629053d0e1e598c7a5048031e19e31b,1,9c31382f02ac001fe1a33a466471d98c,08084d990eb3f53af056ccbc1730c8a7,2018-07-01 21:53:29,29.10,21.50
062f0992a050330334749ffa530fa796,1,5b8423dc7f23089c9c59c5d140eb5a1c,a3a38f4affed601eb87a97788c949667,2017-01-31 16:55:48,129.99,18.00
06544096bb7077c0f701d0d6f660e11f,1,0afdab080dc525494d5a0adc4c1c0854,cca3071e3e9bb7d12640c9fbe2301306,2017-04-07 17:15:23,83.36,11.97
0670e42d70788dc30446908644d4cd74,1,71e5d0eb5a5fcc829dc6c1bc1ecac7cf,4c2b230173bb36f9b240f2b8ac11786e,2018-02-28 11:51:11,59.90,15.17
0670e42d70788dc30446908644d4cd74,2,71e5d0eb5a5fcc829dc6c1bc1ecac7cf,4c2b230173bb36f9b240f2b8ac11786e,2018-02-28 11:51:11,59.90,15.17
067410a773ded180052ac522f139ab41,1,72172e982e8b92155069e4201c92c0bb,9b013e03b2ab786505a1d3b5c0756754,2018-01-11 02:08:30,35.49,11.85
067c946a70abc2e1e8d9185ae309b48a,1,f1c7f353075ce59d8a6f3cf58f419c9c,37be5a7c751166fbc5f8ccba4119e043,2017-07-17 09:30:11,205.00,26.27
06851487bfc68744f67fbc8ad1934d43,1,c4baedd846ed09b85f78a781b522f126,a1043bafd471dff536d0c462352beb48,2017-09-28 13:24:17,99.00,34.05
06cd9d207dfbdde70cff4074b5b3dfaf,1,6109d0cae3bcb57d579bc0fab6e61814,dbc22125167c298ef99da25668e1011f,2018-06-12 09:29:57,77.10,23.12
06d77e4ba21f283252286b6a72fb8fe2,1,6e649da572cb3e7bd20ef7203d43829c,0791d9fc1e30678ecf03d3e55fa108d3,2018-07-13 02:15:08,78.00,18.35
06e93d3bf0469b969d3eb95a8d55d68f,1,5d92abea542c2022dfee91dd630f2697,00ee68308b45bc5e2660cd833c3f81cc,2018-02-23 11:07:41,115.00,9.62
06ec25371486403c9aa7249f067fc5aa,1,9b2db9ec16a8a51549f32462bf973523,c8b3445d737de6befde0c88ede534a5e,2018-03-22 00:11:02,119.99,26.92
06f5f6139b33f53defc64643f1252d53,1,1412c0124f6acb78a0a1023ea5e82c88,82bd0703a4aefd6b599e5bfdaed378fb,2017-01-21 14:50:19,44.90,15.56
070162e1ae6ad420c0766af516a31a5b,1,ce066f4a83649651549d717c9b566816,4d6d651bd7684af3fffabd5f08d12e5a,2018-06-29 18:21:06,69.90,26.79
070162e1ae6ad420c0766af516a31a5b,2,ce066f4a83649651549d717c9b566816,4d6d651bd7684af3fffabd5f08d12e5a,2018-06-29 18:21:06,69.90,26.79
07120a6d39e99f6aec742cfa39ab4cac,1,9feeadd6b97835152e83e1b25b46f5c4,3fd1e727ba94cfe122d165e176ce7967,2018-01-25 13:41:36,104.90,16.49
0718634f87a84ae0468224ecca3584d1,1,d9fbc33029641ba345b15a2c8dd86f10,8a432f4e5b471f8da497d7dc517666e2,2018-08-22 17:50:37,139.00,18.10
072e34b42ad90d7472e9a798f19a6bdb,1,7340a3839a1de1e99d149b8cf052a2ec,4a3ca9315b744ce9f8e9374361493884,2017-02-04 16:13:48,69.90,15.70
07402f8be1c291f1c5da3edeaf5cb8b1,1,6f3ec6fc14615aaed51a2e900868a3cf,2a7dc43cecabf23403078e2188437d1d,2018-01-15 19:39:27,25.90,15.11
074eb2398def4038d7fc4fb8a5aeb0bf,1,4fcb3d9a5f4871e8362dfedbdb02b064,8581055ce74af1daba164fdbd55a40de,2017-12-07 01:51:10,143.80,14.68
074eb2398def4038d7fc4fb8a5aeb0bf,2,f4f67ccaece962d013a4e1d7dc3a61f7,8581055ce74af1daba164fdbd55a40de,2017-12-07 01:51:10,229.04,21.34
0794929f95ad2d3371bf525e22a2603f,1,6987398dff454a3138231540e2a6ec61,25c5c91f63607446a97b143d2d535d31,2017-11-14 03:30:33,134.00,47.47
07fa3b6d7ec7fa27de9d00bdc93d36cf,1,d04ae06ca1423cdc5bd50d87c0f7c372,634964b17796e64304cadf1ad3050fb7,2018-07-26 17:30:20,59.90,15.52
07fcf4ec8cadbea34c5b508e35e716c0,1,4fcb3d9a5f4871e8362dfedbdb02b064,8581055ce74af1daba164fdbd55a40de,2018-04-24 08:51:30,143.80,19.93
082143e4f5f63e4e768aa4d5c70d0d02,1,4ac50dbde931c0a5ed8c33d3dc047351,e5a38146df062edaf55c38afa99e42dc,2017-06-20 20:55:18,61.80,16.68
0872f22df707596feed1639609f6eba7,1,3f14d740544f37ece8a9e7bc8349797e,f457c46070d02cadd8a68551231220dd,2018-02-06 02:55:43,84.90,15.34
089896265e5395ee8335f9f417a7f6c0,1,b63e8531d772927d6d0b5e4ee1c48389,213b25e6f54661939f11710a6fddb871,2018-06-11 18:35:21,151.80,18.94
08b04eb82fbd41d6a4a779d822d57a08,1,54f45413afc0d5480c59f5dfeed2d19f,5ab05b6d86d417796c69ffd6774ec832,2017-03-17 14:20:10,99.90,20.78
08c3c0d49b3cb66764234e0fa980e850,1,52c80cedd4e90108bf4fa6a206ef6b03,a1043bafd471dff536d0c462352beb48,2017-12-11 13:53:42,179.99,45.72
08e617c0a81895c4d5f6ab1e4a20fad0,1,29d2735be03e1169db0545c3741c74e5,e9d99831abad74458942f21e16f33f92,2017-01-31 14:01:20,29.99,4.50
08e617c0a81895c4d5f6ab1e4a20fad0,2,29d2735be03e1169db0545c3741c74e5,e9d99831abad74458942f21e16f33f92,2017-01-31 14:01:20,29.99,4.50
08e617c0a81895c4d5f6ab1e4a20fad0,3,29d2735be03e1169db0545c3741c74e5,e9d99831abad74458942f21e16f33f92,2017-01-31 14:01:20,29.99,4.50
08e617c0a81895c4d5f6ab1e4a20fad0,4,29d2735be03e1169db0545c3741c74e5,e9d99831abad74458942f21e16f33f92,2017-01-31 14:01:20,29.99,4.50
0902d364e14a1dc0b156a550d070cbb6,1,d322eb25f02924adba73e58dbc36b29c,4869f7a5dfa277a7dca6462dcf3b52b2,2018-03-25 23:10:23,219.00,38.22
091bd68043b7a721b0d82b5ff36304fa,1,c9d1849f97b6fe404378805a105d64ec,7722b1df1b0e383e000397b2c11e3e19,2017-03-09 18:15:13,89.90,14.80
097c6926697b318e2e49c0d92843211a,1,a096400f2b6fbe9c868f7dd5f1333e5a,cbd996ad3c1b7dc71fd0e5f5df9087e2,2017-10-20 04:28:37,43.20,11.85
097c6926697b318e2e49c0d92843211a,2,a096400f2b6fbe9c868f7dd5f1333e5a,cbd996ad3c1b7dc71fd0e5f5df9087e2,2017-10-20 04:28:37,43.20,11.85
097c6926697b318e2e49c0d92843211a,3,a096400f2b6fbe9c868f7dd5f1333e5a,cbd996ad3c1b7dc71fd0e5f5df9087e2,2017-10-20 04:28:37,43.20,11.85
097c6926697b318e2e49c0d92843211a,4,a096400f2b6fbe9c868f7dd5f1333e5a,cbd996ad3c1b7dc71fd0e5f5df9087e2,2017-10-20 04:28:37,43.20,11.85
09b38400b1601bc9dea9de02c710857f,1,8338cef8355d238f43711dcb9c0657b2,cca3071e3e9bb7d12640c9fbe2301306,2017-01-27 13:23:49,45.90,14.52
09c06d47b8b58dbabf753646fe5b89ab,1,bb50f2e236e5eea0100680137654686c,f7ba60f8c3f99e7ee4042fdef03b70c4,2018-04-09 13:35:15,330.00,19.53
09c55723561623b19ad72cf0299d58bc,1,3b10cf7d1e08c598428ad6eb7c59d09c,8a432f4e5b471f8da497d7dc517666e2,2018-08-24 09:55:11,89.00,23.42
09c55723561623b19ad72cf0299d58bc,2,3b10cf7d1e08c598428ad6eb7c59d09c,8a432f4e5b471f8da497d7dc517666e2,2018-08-24 09:55:11,89.00,23.42
09d557bf440b6c3b40cacfbb24fd5e28,1,5b8423dc7f23089c9c59c5d140eb5a1c,a3a38f4affed601eb87a97788c949667,2017-01-15 20:12:38,129.99,29.19
09f2c6e797b432724b3a123f1ec897bb,1,2e0ce433616916840a405d0853407af8,897060da8b9a21f655304d50fd935913,2018-02-21 15:26:39,25.90,11.85
09f58c00f941827ab206de7796785e44,1,55ba658d5c2f0b1f118f98c36fe3fa04,48efc9d94a9834137efd9ea76b065a38,2017-01-09 16:05:07,8.90,8.72
09f8cd8a102b3f3fa2d5db0c6aee489a,1,e004a3b7f9524967fdb68bb70f850eb0,53243585a1d6dc2643021fd1853d8905,2017-09-21 16:50:20,730.00,80.13
0a029b521ffceb219d63dce7e02403bc,1,14bc0f89b7126bb00dfa6432d85340de,4869f7a5dfa277a7dca6462dcf3b52b2,2017-11-29 22:31:16,188.00,17.76
0a14f9fc5324099db2a5418351592675,1,70906e04da1eebf3d1b8791bd09ffe85,00fc707aaaad2d31347cf883cd2dfe10,2018-03-14 10:48:49,70.00,15.24
0a1ad2c293c3baacc6b2c2d442c71acd,1,f27f59721d5a9cb39432b91f812ee308,436bf27f2f18474fc6047702e9f8a866,2017-01-22 12:51:23,29.90,14.52
0a2798cd0ba9166659c07e35ef5eb817,1,75b65bf02912d0c0ec94785f80216982,a673821011d0cec28146ea42f5ab767f,2017-11-27 12:57:37,99.90,34.86
0a2902af9ad58b25df153a4e743b5db9,1,30469bb5ea377eae7121981e2f0778e4,80e6699fe29150b372a0c8a1ebf7dcc8,2017-12-19 13:32:07,139.90,61.01
0a8758ec6f399b52f2ecb7b1a0c4c16c,1,389d119b48cf3043d311335e499d9c6b,1f50f920176fa81dab994f9023523100,2017-11-30 17:53:04,49.00,17.67
0aa6d207e7ba004eef415715c25765ce,1,d934b48db429df3e1f8af7e7368489ee,32f1bb9dfa65bc7df5c0d9d95a616be4,2018-04-19 12:15:24,99.90,18.58
0ad9d4e4f4c9746b59ddb9c18d30d241,1,9988437646bfc0cbe0f97d4451cb08fc,d91fb3b7d041e83b64a00a3edfb37e4f,2018-08-07 15:43:53,100.00,51.42
0afbc110b84719faaef4887a5cff5a2c,1,7340a3839a1de1e99d149b8cf052a2ec,4a3ca9315b744ce9f8e9374361493884,2017-02-04 22:31:13,69.90,11.88
0b1290e557f053467333ff365790c5a4,1,e015a943a2281ba26f48e93527fc5af1,f63d8f293af3a6454377546bd9dd19ff,2017-08-16 21:05:14,45.99,13.37
0b1e77ab8db5ec5c6af5514bcdf20240,1,a047946d25055f32f36a8c39e7113b53,2745f798279e0ed033addcc1474776d7,2018-02-22 06:55:56,110.80,11.98
0b3d8a1bbaa4e340e25adfd640f70308,1,a794505b7d66eea7dbd7d5649881ffb1,b4ffb71f0cb1b1c3d63fad021ecf93e1,2018-04-23 01:30:21,137.00,53.09
0b6d11d4a289a1574e8888f2558dd548,1,d4d538563de6b49c547e6997f0f8be32,5a8e7d5003a1f221f9e1d6e411de7c23,2017-02-01 16:03:15,59.90,15.63
0b710815eacb6ac13165d4cf70dbd5cf,1,574597aaf385996112490308e37399ce,febab0275244b9a49a623f0bd613ca2f,2017-02-22 16:26:05,49.00,18.63
0b7a6fc05a25cefe1287ad5568d08c4f,1,2b0422f04592a663193d00d032c3c987,06a2c3af7b3aee5d69171b0e14f0ee87,2018-05-08 14:31:35,119.99,32.76
0b7ca56dc6b9eb97c8a0c7b19341b025,1,de20fea8f26ba09202b61d3e5ea8bbc5,f61c63d13f7cd800549d5acdd390ae72,2018-05-04 17:50:27,30.00,14.44
0bd66289bf194ff3edb0841291f58da1,1,b249cf5fcf68f70e13515489f0fcb627,df560393f3a51e74553ab94004ba5c87,2017-04-27 22:50:21,69.90,15.70
0bd92af478239fae08847d13e9fd8617,1,34157b9ee376927e58c66e9a69cc8704,f45122a9ab94eb4f3f8953578bc0c560,2018-04-25 09:52:37,49.99,12.79
0c13a63ac0ab32f6187a8347b7a3ce2a,1,371fa349d92646bbeea5873df0bcdc5a,4830e40640734fc1c52cd21127c341d4,2018-05-04 14:30:23,39.00,16.32
0c1457493ca1492c4a4417fc278605b0,1,788a4c7f064e9ac6d3e9900512825aa5,1b8b75e227c9a9c100d0c210fb6176ce,2017-12-07 15:53:18,139.99,16.74
0c162a9eb881c1a8a2e5bcec41cd2cfd,1,79bd832302282bb4f305c5947c2bee1a,c33847515fa6305ce6feb1e818569f13,2018-06-20 21:16:20,129.00,41.19
0c1f1a0595fb30e05d526ab83576cd24,1,a59fb60fddcc72a9878b7ed5cb69d8e4,7040e82f899a04d1b434b795a43b4617,2018-08-31 09:30:18,14.90,7.39
0c2cf3b3583c8f83ff9b3122d44fdaeb,1,8873909eb9409566f9d5a6d47c4d38c1,08633c14ef2db992c11f840f04fad4cd,2018-08-28 15:05:11,15.90,7.39
0c355e13567802628373895daf5f0a61,1,b425f28bf3d41f70cc18da7a525ee65c,a425f92c199eb576938df686728acd20,2018-01-11 20:27:40,42.50,12.48
0c3a7b14aa5e70ef5991122f6bb552de,1,f07ef9dd6e2d9a366ff30a25e210be70,62c50c1af4dfdc4149d25c5222043d39,2017-01-30 10:44:38,137.99,16.67
0c433b41ac4f5739f4c65e19bbdc8208,1,36f60d45225e60c7da4558b070ce4b60,8e6d7754bc7e0f22c96d255ebda59eba,2018-01-16 20:57:26,109.89,11.75
0c433b41ac4f5739f4c65e19bbdc8208,2,e53e557d5a159f5aa2c5e995dfdf244b,8e6d7754bc7e0f22c96d255ebda59eba,2018-01-16 20:57:26,109.89,14.46
0c511eb6cecb1f110a807dad27440c81,1,725cbfcaff95a4d43742fdf13cf43c75,3504c0cb71d7fa48d967e0e4c94d59d9,2017-10-02 15:04:42,48.90,16.60
0c5d85fbd4b20a1d9d5fc6a29e739f36,1,9d374944ce89ce9afd8c8f79fb7f3bc9,9646c3513289980f17226a2fc4720dbd,2017-01-29 18:04:52,30.00,20.80
0c91f244ab45cbe4383163d46635b442,1,e0cf79767c5b016251fe139915c59a26,da8622b14eb17ae2831f4ac5b9dab84a,2018-07-27 09:31:48,29.90,7.47
0c9b19430ea3cf0e01b6686df953ad6d,1,62d41a80c366aa2d8644e3270adf8440,9c0e69c7bf2619675bbadf47b43f655a,2017-06-22 03:21:10,220.91,9.29
0ca3024fdd038f1b734a8f1bc57e9055,1,51218a8d006d67354e44e530d57f9a20,7b07b3c7487f0ea825fc6df75abd658b,2018-01-24 09:11:28,39.90,9.34
0cabc61e5deb17c32904e1b512204efd,1,e3425df9bd51be69917273c9dd92ed5e,86ccac0b835037332a596a33b6949ee1,2017-07-06 12:15:11,66.89,17.72
0cae3692c0412d717beb36ce3faebcb0,1,685919d3ededc26c0ec078b32241025a,855668e0971d4dfd7bef1b6a4133b41b,2018-05-04 20:54:40,52.00,17.94
0cce12b5e68a55914cd38b40985f7262,1,e6a893a996e7ca82a3a9eacd0029789d,527801b552d0077ffd170872eb49683b,2018-01-29 03:37:51,44.90,16.11
0cd0bff6841594d9006994fcfbf3e44b,1,df969ce58d2f301f941a09bc75558cd4,7a67c85e85bb2ce8582c35f2203ad736,2017-08-10 02:33:05,15.99,16.11
0cd2179b125d8eab88815631c3ce586e,1,d2b0f9cd5e31ed47dbf92b157c0cda96,70eea00b476a314817cefde4aad4f89a,2017-12-21 02:34:40,199.90,21.89
0ceec07de9db57c3d2ba32e4fa1fd8ed,1,03e931f387c2dd5b006aecdb12515b2e,1900267e848ceeba8fa32d80c1a5f5a8,2018-02-14 17:07:26,53.00,16.13
0cf6d9903d24cb0d6ef8817a9612fbfd,1,a62e25e09e05e6faf31d90c6ec1aa3d1,634964b17796e64304cadf1ad3050fb7,2018-05-29 02:31:29,105.00,10.80
0cf6d9903d24cb0d6ef8817a9612fbfd,2,a62e25e09e05e6faf31d90c6ec1aa3d1,634964b17796e64304cadf1ad3050fb7,2018-05-29 02:31:29,105.00,10.80
0cf6d9903d24cb0d6ef8817a9612fbfd,3,a62e25e09e05e6faf31d90c6ec1aa3d1,634964b17796e64304cadf1ad3050fb7,2018-05-29 02:31:29,105.00,10.80
0cf6d9903d24cb0d6ef8817a9612fbfd,4,a62e25e09e05e6faf31d90c6ec1aa3d1,634964b17796e64304cadf1ad3050fb7,2018-05-29 02:31:29,105.00,10.80
0cf6d9903d24cb0d6ef8817a9612fbfd,5,a62e25e09e05e6faf31d90c6ec1aa3d1,634964b17796e64304cadf1ad3050fb7,2018-05-29 02:31:29,105.00,10.80
0d1bbf582326272fa550ed829bd2e1d4,1,a0fe1efb855f3e786f0650268cd77f44,ef506c96320abeedfb894c34db06f478,2017-02-04 17:33:09,21.99,24.35
0d439757ecfbf3291e45eeed58215fe8,1,d1200350f8bc6cb9912779929193c5a0,855668e0971d4dfd7bef1b6a4133b41b,2017-09-05 17:34:10,270.00,93.14
0d4947e726ae3959a6cc28979ab632a2,1,f4a38926843e01497a3f63a5d5740c72,8b321bb669392f5163d04c59e235e066,2018-01-17 20:47:50,13.65,21.15
0d4a43cf7b7994e0a782864d075dc842,1,51fed4afb1b41d00ad9d25a73b7fbbc7,f262cbc1c910c83959f849465454ddd3,2018-05-07 18:14:13,29.99,7.39
0d522996b29429a46093cbc004e8f29d,1,d8b8e82856a488b2cf5bcf21407efa8d,1f1bb1f0859883505541bdd6606193e5,2018-05-04 08:30:15,299.99,14.54
0d5fb8614978748bcfbef448c8a74a17,1,5194b6f4fa50ae9404bfd3e48ebe3911,17e34d8224d27a541263c4c64b11a56b,2018-08-10 10:15:30,181.50,20.46
0d82956d17aa687909a59706168bfe98,1,cd935d283d47f1050c505e1c39c48b67,a3a38f4affed601eb87a97788c949667,2018-01-19 13:57:24,69.90,15.24
0da1757dba2fb3d886b5051cb964c524,1,56bebf1fde63ae23809cc2fae7f9574c,080199a181c46c657dc5aa235411be3b,2018-02-28 23:50:20,179.49,15.01
0da30436a667e82020c86b5da53c0b21,1,8135b72ac72267bd0dd2fe06bcee1320,7299e27ed73d2ad986de7f7c77d919fa,2017-10-06 13:49:17,249.99,37.07
0dac831729de109c5f878882316eb43f,1,ee0c1cf2fbeae95205b4aa506f1469f0,cc419e0650a3c5ba77189a1882b7556a,2018-04-06 14:07:57,53.99,22.09
0db053a048333680c09114ac4f231a79,1,4a5c3967bfd3629fe07ef4d0cc8c3818,0b35c634521043bf4b47e21547b99ab5,2018-03-02 19:35:24,99.90,17.14
0dca3fc331e8c1be1dd82ecb2689f3af,1,362b773250263786dd58670d2df42c3b,4c2b230173bb36f9b240f2b8ac11786e,2018-03-21 03:30:57,59.90,15.30
0dca3fc331e8c1be1dd82ecb2689f3af,2,362b773250263786dd58670d2df42c3b,4c2b230173bb36f9b240f2b8ac11786e,2018-03-21 03:30:57,59.90,15.30
0dca3fc331e8c1be1dd82ecb2689f3af,3,362b773250263786dd58670d2df42c3b,4c2b230173bb36f9b240f2b8ac11786e,2018-03-21 03:30:57,59.90,15.30
0dd15079372ce401518ac26321947143,1,2b79d65ddb4051238ce31fbabc5763ce,77fccaae319668a8ab6cd0fd16aec48c,2018-07-06 13:30:53,79.00,18.65
0decb14beb4de8d3b4e37103e81f119b,1,07bec813a5d182362436950e43ae1a8f,657969cca82e884d272385ec0ef06edd,2018-08-06 18:30:45,34.90,17.17
0e0cb073422fcdc0645935e23d672736,1,fa4e8255202fd921350a6fc716710dae,2b3e4a2a3ea8e01938cabda2a3e5cc79,2017-08-16 00:03:10,263.99,15.60
0e1628ef32043a2e0c0d7152af698bd1,1,199f076c011ea5e8b546bff05d4f2477,0ee4fb99ac55ffbbc98795aa01b7f8fa,2017-05-05 10:42:46,59.90,11.03
0e1756f57187e203c6151ebe990fa670,1,7d50930301709838d8e90dcac5cfaa84,9616352088dcf83a7c06637f4ebf1c80,2017-09-22 14:04:24,59.90,13.44
0e4b1ee38c10f79bb6eaffa7c60ae724,1,d059a71823fafe40e36dc1b9d7fa7819,1025f0e2d44d7041d6cf58b6550e0bfa,2018-06-28 12:14:34,300.00,17.40
0e64431c08745e9d2d789b9e6c8acf0f,1,c21afe62d4629a660593fd9b5e6223bb,ea8482cd71df3c1969d7b9473ff13abc,2017-11-30 15:31:43,29.99,16.79
0e660617f70b9a3f6bfd3919b49450ab,1,2b5bed5ddd304876b5d0c3eca2b6cbce,cca3071e3e9bb7d12640c9fbe2301306,2017-01-25 11:14:16,89.90,17.37
0e71d62394f9b03218e1138af6b664e9,1,45df8892a1d74d2e8f960dc06625fdab,99eaacc9e6046db1c82b163c5f84869f,2017-05-05 20:15:19,290.00,12.64
0e79e80abdb81ad5003ede1e8d4ef4e1,1,9545d45c37449ccbc376de3a04c66e71,431af27f296bc6519d890aa5a05fdb11,2017-11-10 09:15:32,121.90,13.87
0ea01a9be52b4c9fdd44188e854643b8,1,66122b7ff167774803377cb2b1af7799,7c67e1448b00f6e969d365cea6b010ab,2017-08-07 04:15:33,89.99,17.36
0eaa4845a6182d6b72de720fb976abd4,1,6cdd53843498f92890544667809f1595,ccc4bbb5f32a6ab2b7066a4130f114e3,2017-01-24 18:44:09,349.90,17.66
0ec04706b50b8bc69a14dff0d6a26f13,1,66f01f544ba693e1a1a7428caec79279,575df70bde3f9f2b30bf8d2e9910d725,2017-01-31 19:33:54,259.00,9.00
0ec04706b50b8bc69a14dff0d6a26f13,2,66f01f544ba693e1a1a7428caec79279,575df70bde3f9f2b30bf8d2e9910d725,2017-01-31 19:33:54,259.00,9.00
0ed46f17da8a1c3bd0ed5fdfc50decc4,1,20e37962088a4061d3578def47a8648b,cca3071e3e9bb7d12640c9fbe2301306,2017-01-16 22:23:11,64.90,17.29
0ed5043fe7d3f4f88353697330bbc020,1,72c4d61f2a2924a2d4515bc9c7fcd704,293dee954235e4e4e43f129313625ebe,2017-10-19 04:00:11,50.99,25.64
0ed6d545d159bc1c0786d83a66c1cd03,1,d1aa53582c132a7a0ba01cc331ab573f,bce6a5ecf98e99fd2a8868b15c51f04b,2018-06-07 10:30:55,799.00,42.28
0eea5babd8acdffc1ce9dbc764b8dcd7,1,0a57f7d2c983bcf8188589a5fea4a8da,4869f7a5dfa277a7dca6462dcf3b52b2,2017-10-02 15:25:13,117.00,15.57
0f016423033058b7bef153a01ff9100b,1,e59dd207c69d86e890febadc796d1078,e9bc59e7b60fc3063eb2290deda4cced,2018-03-01 09:15:27,148.00,26.32
0f28dea25f498acb1ab8d7f947c2ceaf,1,9cbe4a1fd4db99c14512e9b2ff033ec4,d2374cbcbb3ca4ab1086534108cc3ab7,2017-07-11 11:50:16,27.90,15.10
0f2bbeda958833e5a67ceb4368f282fe,1,bcf8ab16f538b2f7bd63ebf67faef909,d93844a9c55ba7ce353388bcf849ea56,2018-05-04 10:09:28,399.80,36.34
0f47f9183ff34c4a76633181b380acbc,1,cce3ce6484896041ae3dafdd4308a39c,7ddcbb64b5bc1ef36ca8c151f6ec77df,2017-10-03 20:07:31,1004.99,33.35
0f637da50b3c7da105d5a5c6579110d7,1,f4b952dd7ab601c02bb1bd06395f45f6,86ccac0b835037332a596a33b6949ee1,2017-07-20 23:05:15,78.55,17.80
0f7f0f5f679b32fd80e1535ca33a7c30,1,940d38f0ef286bd93612fcdc91dd38ed,53e4c6e0f4312d4d2107a8c9cddf45cd,2018-02-02 02:10:36,85.71,16.85
0f881abda9658ce5c28cca333059224a,1,3f7e7c162952dff0662dcc6186d82a57,f783a638e9c6af4a7d0dbfde811e7a81,2018-03-27 17:10:38,104.00,11.35
0f884853f408247bc673050f33f2c5e5,1,cfe9e8e1f0400c8cc665d41722f34086,1025f0e2d44d7041d6cf58b6550e0bfa,2017-08-17 14:55:14,504.00,18.28
0f9751081b734220a998be212c391523,1,2068e3435a38f6a3cc95ba89a96378ab,cee48807215b30a12ca2ca10ffb5f250,2017-10-13 14:07:13,199.90,33.85
0faa73d77b7f91828bd92315a94d6ef4,1,d032d8b0107424eff267d0d1de3b6a80,7e93a43ef30c4f03f38b393420bc753a,2017-03-06 13:41:43,311.94,17.39
0faccee831e15bfa7b6b1bef3eeba735,1,badc1560b96f07ebed649206bfa27e8d,24a6daf925d9d591870a66660416de31,2018-02-02 09:58:42,31.00,11.85
0fafae9d817a5c3ce897f22d801b7395,1,e28e0ee4dffaf8ed5508c35aaf1d0d25,5160d23075764e18e07c1f4a87fad743,2017-09-20 03:06:04,75.00,21.33
0fbebd49386dfce3800986434bc990c8,1,6dde44b4172999f35f08654d06bad633,a7f13822ceb966b076af67121f87b063,2017-05-08 07:55:51,249.89,53.30
0fd3cee523a106ac501c4cf18f56a4de,1,d05d900323cc6f68c3de5ad56d8d63e3,cca3071e3e9bb7d12640c9fbe2301306,2017-01-21 17:44:58,83.50,13.16
0fdc6ce12cb319cb9c173af525080d3f,1,0c9ff9d8ed9b9bdd825487b3a66e05f5,8581055ce74af1daba164fdbd55a40de,2017-05-25 11:42:37,238.90,35.03
0fe0d22222f747a218a2596963d8b364,1,f936a018eafeb52059650c9e977b53eb,bccf933e006e9b94a6184af782963e77,2018-01-29 18:38:45,65.89,13.48
0fefd780aced50487fedea40b67318b5,1,422879e10f46682990de24d770e7f83d,1f50f920176fa81dab994f9023523100,2017-09-18 14:30:30,59.90,13.44
101e824cbbf87e5511fcdb89150363d1,1,5a848e4ab52fd5445cdc07aab1c40e48,c826c40d7b19f62a09e2d7c5e7295ee2,2018-03-13 02:10:29,122.99,18.74
106f773cca522fe33c40267418112669,1,422879e10f46682990de24d770e7f83d,1f50f920176fa81dab994f9023523100,2018-02-08 21:50:02,49.90,13.37
106f773cca522fe33c40267418112669,2,422879e10f46682990de24d770e7f83d,1f50f920176fa81dab994f9023523100,2018-02-08 21:50:02,49.90,13.37
108f58a6439933a88e7950ee7b46ec11,1,2ada8214e59b86de70b03d8f03894c93,0b64bcdb0784abc139af04077d49a20e,2018-05-16 09:52:11,35.90,18.23
1097d35f1e7f8972fb78c8a135090ca8,1,422879e10f46682990de24d770e7f83d,1f50f920176fa81dab994f9023523100,2017-09-12 04:35:58,59.90,21.20
1097d35f1e7f8972fb78c8a135090ca8,2,389d119b48cf3043d311335e499d9c6b,1f50f920176fa81dab994f9023523100,2017-09-12 04:35:58,59.90,10.60
1097d35f1e7f8972fb78c8a135090ca8,3,422879e10f46682990de24d770e7f83d,1f50f920176fa81dab994f9023523100,2017-09-12 04:35:58,59.90,21.20
10a0be3ae9093afbffac333cf6670922,1,99a4788cb24856965c36a24e339b6058,4a3ca9315b744ce9f8e9374361493884,2017-06-14 22:30:14,89.90,13.65
10a4af81f471c29f5f5d3864e3c8dfab,1,575e0e0242a7a1900558645915d3d9f8,751bdc4d83a466c7206cd42e8f426b03,2018-01-18 16:50:24,25.99,17.63
10b6352081cd9c4b594e4be0c491ee62,1,770c09cc394c3244d902afda4ea364bc,8a32e327fe2c1b3511609d81aaf9f042,2017-01-28 11:16:26,39.99,11.74
10b6352081cd9c4b594e4be0c491ee62,2,770c09cc394c3244d902afda4ea364bc,8a32e327fe2c1b3511609d81aaf9f042,2017-01-28 11:16:26,39.99,11.74
11200294ab90161f54f7effdea8d9466,1,42a2bd596fda1baef5719cb74f73030c,da8622b14eb17ae2831f4ac5b9dab84a,2017-09-29 12:37:58,89.90,13.65
11746f9dc3d55313aadc6e6bf8464595,1,0eb8e03d4ef83152c4642b606b5bbdec,cac4c8e7b1ca6252d8f20b2fc1a2e4af,2018-04-27 01:30:42,29.99,17.14
11db6666e1dbeee776c8e15fd0792c4b,1,964011954f788aa4bd0dcf7b04056d81,2138ccb85b11a4ec1e37afbd1c8eda1f,2017-02-04 11:17:55,18.99,9.00
11db6666e1dbeee776c8e15fd0792c4b,2,410d5b211dce5611e7a6412bf0cc30fa,2138ccb85b11a4ec1e37afbd1c8eda1f,2017-02-04 11:17:55,18.99,9.00
11f0f637c5a38b66abd963cc1926f152,1,e0a554e92afe71fd7f9380b7b135175b,0ea22c1cfbdc755f86b9b54b39c16043,2017-06-15 02:55:40,34.90,25.63
11fd51275a43d1590816139eaca0bf94,1,1f5f0f003ce8595ad88fb215ec1409e6,8d956fec2e4337affcb520f56fd8cbfd,2018-02-22 06:47:01,97.99,17.94
1200ed0c118de7e4524b65918a42c990,1,c4e5ffa25998bab21ddca0d28448435f,85cc55e048b6bcc90c75afe7f0e72f72,2018-07-20 04:35:15,32.90,27.18
12110189ef70d77e946c6a0bd7b945a8,1,e82d0f095d2e87c1d46d5f909ed00a30,4c18691b6037662be2df78a765d98ab5,2018-05-24 15:25:46,24.00,15.23
121dbde7d88c82adc886e26b28552ef7,1,ca5c923962558430573f83661dbe36d6,66922902710d126a0e7d26b0e3805106,2018-05-23 16:31:14,96.00,18.25
12231ecac809d329ff8a11fe2264697a,1,2d0090282bd77e1ae0f6336ba500facf,4371b634e0efc0e22b09b52907d9d469,2018-02-06 02:35:38,30.00,7.78
123eb6c42fb774382bf82e6a332af592,1,bc4a074ab7a7ff14e98fa64671a79dc0,4e17c65a516f69d023a2ae78b84f28d6,2018-03-15 16:08:19,23.90,13.37
124282aeb36f71699a910e0670c08769,1,368c6c730842d78016ad823897a372db,1f50f920176fa81dab994f9023523100,2018-06-14 03:11:05,49.90,26.43
124989cec6f415c879769c699f3134e2,1,d04bbac48960ecb7ea311b00ca6e1cb7,7681ef142fd2c19048da7430856b5588,2018-02-15 21:50:26,102.00,15.47
12619b9be5cc3665b3f36f1e4b4d0ffa,1,a36f2cdee6906fae885c6258e824308c,a2fa0bdc798ee84cdb08281337cf4fb6,2017-04-19 17:25:22,19.99,17.78
1264bdfa22a4cca2beb66c1f542e7f5c,1,d8f1b415091ab79b62ac80443d865ca6,72bc2cce903c872fe376a8faaa81d237,2017-09-25 23:25:35,269.00,14.44
126b56e36148dafa96b5705c766ab2c0,1,38dcb9ae53c258cfba73583f9454d721,6c12e40690c335dbc2f68a4134d30dc1,2017-03-10 13:06:05,1250.00,34.25
126da462f642d99483c0691ac474c783,1,b72e63f4630dcaded1689b28efa4c583,5f2684dab12e59f83bef73ae57724e45,2017-01-31 12:54:57,129.90,18.00
12788af294f51dd5ba2aaed208a45969,1,7d50930301709838d8e90dcac5cfaa84,9616352088dcf83a7c06637f4ebf1c80,2017-09-25 11:05:13,59.90,17.99
12aba4fdeb04e5cca1132f86f2bda749,1,f663527ddb1b3def5cf66a2324c3402e,1bb3812d5f0747a3ab7348f199001a10,2017-11-12 23:50:30,109.90,17.02
12fb5d0cb33d4e9aa4d07b4400346153,1,a54f350cdb1f303fe39221171d003852,23613d49c3ac2bd302259e55c06c050c,2018-01-23 11:49:54,39.90,15.98
130654953b9f4e7e9f1bd08b1b882bf4,1,e7ef7e0bc312196681f8304cf7ddd92e,0417b067eeab773d2f7061a726dc477f,2018-05-14 04:15:33,129.99,59.20
1306d7999cdd320272eeea20f5768b77,1,a703f5ade6e4fae527357132230ea778,f4aba7c0bca51484c30ab7bdc34bcdd1,2017-01-29 11:59:47,23.90,17.78
13134fe6dc043430a875ece99381223b,1,def8b2856a5c8fea8715aa849a198cd4,7299e27ed73d2ad986de7f7c77d919fa,2018-06-15 15:28:57,69.99,18.59
132d431a6757fe865a1f7117978bd0e0,1,2d99b68429ab6c82014dc3ceb9a9501c,c8b0e2b0a7095e5d8219575d5e7e1181,2018-04-09 15:09:19,199.99,13.30
134141b15902a79a3932a6f486de499a,1,625dac8156b3157351e7257305148f3f,18a349e75d307f4b4cc646a691ed4216,2018-07-05 02:15:52,23.99,17.21
1372aa0637277287bda77b0de38676c7,1,e3dd336775af78a83fc27ed85f0f15da,edb1ef5e36e0c8cd84eb3c9b003e486d,2017-12-08 16:06:06,395.65,10.51
13a4e0efe42392b2ee22601883f47d24,1,cd23f8469a90c62d99eb9bf8ad74fed1,4a3ca9315b744ce9f8e9374361493884,2017-01-21 00:16:14,290.00,13.42
13c208c7221faed9cb7ac326a6f873da,1,66421745b3128972e1b0dcb3123e8c1d,1f50f920176fa81dab994f9023523100,2018-07-23 23:04:02,79.90,59.79
1400d6665ba7f18ed06ea15ab083203f,1,3c794d260ad4b5f507a5d90df23523bf,1bb2bdb95f4841f1bba2c0d2cd83d3c9,2017-02-04 11:39:45,25.00,20.40
141e9339279b23d1c38a8512d0e9ba7f,1,0c3cd8d63839bed6f80aca6388766417,86ccac0b835037332a596a33b6949ee1,2017-08-07 15:05:12,34.90,16.11
141f7d3071b3a6ebbc34ea1454624e3f,1,bdcf6a834e8faa30dac3886c7a58e92e,2a84855fd20af891be03bc5924d2b453,2018-05-22 02:54:28,35.90,22.93
1434f15909999c1562d1c4a24a4409cc,1,6800d91175b6abde04b1d70ff2474746,6560211a19b47992c3666cc44a7e94c0,2017-10-26 13:14:21,69.00,15.23
143f8e1be12f4d99301cec6f0d7a3834,1,52801616f7cc110c31c559fa94cb8563,dbb9b48c841a0e39e21f98e1a6b2ec3e,2017-01-28 16:58:46,59.90,11.03
145afae38debe68ec37d5671526db93e,1,f1fe595ee7ef768b41bd9b246d13432d,81a1104df0f08b59c68aa5b03cfe398e,2017-10-26 02:45:42,99.90,16.95
146bfe4003096bc16316672e59c6fb2e,1,e7d26dd6742baca292020c158e6720c3,6cd68b3ed6d59aaa9fece558ad360c0a,2017-01-30 23:08:52,54.90,10.99
1475652ad485c6469bd02393c70fdaa9,1,36c2fb4fa746273709c373f6d6ec6796,00ee68308b45bc5e2660cd833c3f81cc,2018-01-18 22:49:38,70.00,11.73
148946b469e7c2af2231c7c2ba0c5681,1,2b4609f8948be18874494203496bc318,cc419e0650a3c5ba77189a1882b7556a,2017-07-14 14:55:24,89.99,15.38
1489856fc5e3169af6b06edbc1aeb1b1,1,5e57a146ccdca976190821a00a059ebf,620c87c171fb2a6dd6e8bb4dec959fc6,2017-02-02 20:24:13,369.90,18.00
149bca3daf097d7695389efb9b491653,1,49e4da381c1d39e7df445cb2209e2359,5a413ade68e8f8d93071a7f52a64cb9e,2018-08-22 14:11:03,55.00,11.41
14b4ad3f2983687b458e0118ab3c1d5c,1,f7bb503725fb4d7bb55301d5bceba728,55a5b51f93f2b70ea513f5a047b0262a,2017-06-13 23:45:15,99.70,15.45
14d9794bbb53614d12cc2df6a045f82b,1,e53e557d5a159f5aa2c5e995dfdf244b,0b90b6df587eb83608a64ea8b390cf07,2018-01-26 03:38:48,99.56,17.14
14def5e6b6021ae117c181c039258033,1,bd8c0934082247e8c53c9b8fe35a4dad,c60b801f2d52c7f7f91de00870882a75,2018-08-06 01:35:12,172.00,8.46
14f6c86b695ea4ddd3dd4386d10388b0,1,1d79cdcf69371b7e6e8ab6831d2c6483,d91fb3b7d041e83b64a00a3edfb37e4f,2017-06-13 14:25:18,21.00,9.27
14f81abb54984ba116bc1994d6a34b9d,1,a9e0a3a894f4bf7844830c090853c3e1,8b321bb669392f5163d04c59e235e066,2018-06-28 11:57:12,15.90,15.23
150fb6d066c66925d51a48782deafdfe,1,38ef617a023fc4398829dd8c2b9e8be6,1900267e848ceeba8fa32d80c1a5f5a8,2018-06-11 11:15:16,53.00,19.34
15360da03a0a021fc0e712a2d11f3020,1,52a12e7275f0bd832ef3aade407a39bd,80e6699fe29150b372a0c8a1ebf7dcc8,2017-09-05 13:25:11,39.99,14.10
1544633fddddf3dd98fd5e9eaeb01b4d,1,fa157aa51a996cc533b9048c3c8118a0,2379bdc3888025689a9deb7b141507d5,2018-08-09 04:10:24,175.00,13.89
1555d6b8d8b15b1080ee70dda21c8d02,1,84f456958365164420cfc80fbe4c7fab,4a3ca9315b744ce9f8e9374361493884,2017-11-28 02:56:30,99.00,17.94
1573c1514d9e6b02151d3f7a1e9b0b20,1,a87567bdce60de6f901e3d7c6d8df820,318f287a62ab7ac10b703ac37435a231,2018-02-21 16:46:56,74.00,13.08
1573c1514d9e6b02151d3f7a1e9b0b20,2,a87567bdce60de6f901e3d7c6d8df820,318f287a62ab7ac10b703ac37435a231,2018-02-21 16:46:56,74.00,13.08
15762fbce0478c48462956d3fbee08a7,1,4025ee582ef6b8c478af3b44cf89054b,da8622b14eb17ae2831f4ac5b9dab84a,2018-07-10 17:10:08,24.90,37.08
158745a153fbab78119f6c57c38c5306,1,7ce3cb8d513147ece112c5200b7fc84c,27a56ff04b34c2ba34ce6ba4d3b9d616,2017-04-27 21:25:18,35.90,10.96
15a87de4d6c4996cbee619479ddfe71e,1,1e859a053a2210cb74b1134e0419b1dd,9cad4b68bb993ee401a3c5aaa2bc26dd,2018-03-14 23:10:32,89.90,18.51
15f8e1e2abf48b0c5161b2f0110ba6eb,1,e59dd207c69d86e890febadc796d1078,e9bc59e7b60fc3063eb2290deda4cced,2018-07-25 03:04:22,133.90,19.04
16084e188e0613c06730f77bcbfa9ff7,1,a179fe5e75138e812571da4d038f0271,7142540dd4c91e2237acb7e911c4eba2,2018-02-28 02:10:38,149.90,33.50
162475e808583e34c8306484480badb8,1,1dec4c88c685d5a07bf01dcb0f8bf9f8,712e6ed8aa4aa1fa65dab41fed5737e4,2018-05-09 16:35:23,569.00,103.37
1629176e313470cd1d1bc811b4695065,1,2aba8009f50472b2eda33e9e2bb3ef6f,f419677537694f0462a91990df6ca44f,2018-03-20 16:08:22,27.90,8.88
162b56a349cbc23e6ff66357119607d1,1,66b5f91356d928ae807ab4ee547f5e3e,f45122a9ab94eb4f3f8953578bc0c560,2017-07-03 04:15:13,42.99,15.10
1634d04100d187e0f985f2eb2909cba1,1,2b4609f8948be18874494203496bc318,cc419e0650a3c5ba77189a1882b7556a,2017-11-21 12:55:51,89.99,15.39
164f61f77f7f2a8c90a1e382606d53ba,1,b3b0bce74668bf355cbd94db1e4d17b9,8c16d1f32a54d92897cc437244442e1b,2017-12-04 00:31:31,21.49,13.50
1676852853bb81a2a74bceb23c87ea44,1,21538f484ba135893f2b51c8b8750966,d1c7fa84e48cfa21a0e595167c1c500e,2018-04-26 18:31:29,65.00,18.33
16a50f1f11876372829112e48b471e3e,1,03826ede2cac52b3011b58cfd58c84f9,32b8764b4ef628b53608fc34011fcc13,2018-04-26 17:30:59,119.00,44.41
16bf4bebb63fe2842793fa1e3fbb83d9,1,3b82e71cc658bc6deadebef95075ac55,bbad7e518d7af88a0897397ffdca1979,2017-10-04 02:49:30,19.90,7.78
16c176e6448f550368cc0078b433b617,1,d6bbda35f0b8505c2f824f1d90295855,fa40cc5b934574b62717c68f3d678b6d,2017-12-07 19:31:43,54.99,14.13
16d353779b7e746727313fe0b83a5cb3,1,d4c52f33c1f0cbe94b47983bc6043e23,f5b44895715ddfe3087dc414f30268f3,2018-06-20 21:00:36,19.00,22.06
17158b7ebb079668a6f21a5660ec6e83,1,2ac7c9339ff85fff3e1aee3eaf7bb315,8a2d12a90e92f012ce5226fc6592b653,2018-02-08 20:24:12,29.90,16.92
1728325be5eb1de748928d1e52fbdc29,1,5baf51b71ace9afbb38f0b161f0c098b,b17b679f4f5ce2e03ce6968c62648246,2018-03-12 12:16:01,39.97,19.32
1749aa0c3e963525049e36964941cee5,1,12cfb75a481057d8c401f03f870a3305,ef990a83bbea832f36ebe81376335aa8,2018-02-01 20:37:25,54.90,14.13
17528d72766893a90deabc12ffc91207,1,09258106f546b38b0f817fc3aadf650b,4a3ca9315b744ce9f8e9374361493884,2017-12-12 13:30:48,48.50,11.85
17528d72766893a90deabc12ffc91207,2,09258106f546b38b0f817fc3aadf650b,4a3ca9315b744ce9f8e9374361493884,2017-12-12 13:30:48,48.50,11.85
175a79065991e40569812e90232dc38d,1,69e8f74916646e186145f5648840ea9e,acadd4d36859671cb635527c6c977533,2018-08-15 10:05:04,817.00,63.80
1765804f6753bf6a25ba8c9fd45977f9,1,17878434ca0082537806de545c2f0351,0b90b6df587eb83608a64ea8b390cf07,2018-07-12 17:31:43,140.90,41.48
1765804f6753bf6a25ba8c9fd45977f9,2,1427b126f61597524866770b05d4eed2,0b90b6df587eb83608a64ea8b390cf07,2018-07-12 17:31:43,110.81,4.15
17784b9fbb37fb0bdc230d8ed6f6b355,1,acc444eb5ad26f79d5a11baa6a03c439,1025f0e2d44d7041d6cf58b6550e0bfa,2018-03-15 19:08:21,140.00,83.83
17784b9fbb37fb0bdc230d8ed6f6b355,2,acc444eb5ad26f79d5a11baa6a03c439,1025f0e2d44d7041d6cf58b6550e0bfa,2018-03-15 19:08:21,140.00,83.83
17784b9fbb37fb0bdc230d8ed6f6b355,3,acc444eb5ad26f79d5a11baa6a03c439,1025f0e2d44d7041d6cf58b6550e0bfa,2018-03-15 19:08:21,140.00,83.83
17784b9fbb37fb0bdc230d8ed6f6b355,4,acc444eb5ad26f79d5a11baa6a03c439,1025f0e2d44d7041d6cf58b6550e0bfa,2018-03-15 19:08:21,140.00,83.83
17784b9fbb37fb0bdc230d8ed6f6b355,5,acc444eb5ad26f79d5a11baa6a03c439,1025f0e2d44d7041d6cf58b6550e0bfa,2018-03-15 19:08:21,140.00,83.83
17784b9fbb37fb0bdc230d8ed6f6b355,6,acc444eb5ad26f79d5a11baa6a03c439,1025f0e2d44d7041d6cf58b6550e0bfa,2018-03-15 19:08:21,140.00,83.83
177b06f07f7d57b07c732247e5f3a179,1,5e26cbd45b83e411e82e3a8cafa8d951,c6bda72e4dbf5c5866b13cb1810c6d03,2018-02-01 22:11:31,109.90,9.58
179b8db66f5362945c237b68bc358a77,1,209fa5709fd95c3fac1edddca1d6c505,004c9cd9d87a3c30c522c48c4fc07416,2017-02-05 20:26:28,79.99,18.00
17e3d1534284361efd337a39b62cce8d,1,a8cd3c264c6b406a06a23ace0b16fd9a,77530e9772f57a62c906e1c21538ab82,2018-03-15 02:10:38,148.00,20.77
17e62f08a374da7740ffded4b25d4f31,1,d696750e550fd0f733979dd7e5dff921,9de4643a8dbde634fe55621059d92273,2017-07-21 14:25:22,167.99,16.94
17e62f08a374da7740ffded4b25d4f31,2,d696750e550fd0f733979dd7e5dff921,9de4643a8dbde634fe55621059d92273,2017-07-21 14:25:22,167.99,16.94
17eba629ec542978d1ea929d473d4f19,1,c5e9693041e519fd6e2ebde0d76cc1ad,4e7c18b98d84e05cbae3ff0ff03846c2,2017-02-08 20:09:10,163.90,43.61
17f1a38cf243632b938f18aa6b80928a,1,5d66715cc928aadd0074f61332698593,128639473a139ac0f3e5f5ade55873a5,2018-02-13 00:53:51,19.90,16.79
17f70d10c2acd50864b5dae4885894b5,1,2636a9812d151c718b53387171ce08be,b17b679f4f5ce2e03ce6968c62648246,2017-01-29 09:12:10,30.97,14.52
17f97d000b0ebd36b6dbdf154b0a3d7f,1,bd78aa243ba78f9d4a311681e172b090,b17b679f4f5ce2e03ce6968c62648246,2018-04-05 08:10:07,67.97,23.41
180bb1b8686d6679359207ce3b1f5885,1,9d395a6bc9dbad2dfe60c8c92d8df397,77530e9772f57a62c906e1c21538ab82,2018-01-19 13:30:24,148.00,20.28
182680afbd9247820be311a34cafb4e9,1,437c05a395e9e47f9762e677a7068ce7,f84fa566034f5e8e880a07ec624c56af,2018-03-07 10:55:33,49.90,8.11
183f2bb10e984acdee08ad34070ebf69,1,0aabfb375647d9738ad0f7b4ea3653b1,37515688008a7a40ac93e3b2e4ab203f,2017-11-09 22:10:49,24.50,15.10
1857f0409d8180beab0cbec5cd97478f,1,aba92acbdc38cb3a656015d4fa601a23,db4350fd57ae30082dec7acbaacc17f9,2017-12-19 15:50:39,21.90,7.78
1857f0409d8180beab0cbec5cd97478f,2,aba92acbdc38cb3a656015d4fa601a23,db4350fd57ae30082dec7acbaacc17f9,2017-12-19 15:50:39,21.90,7.78
1857f0409d8180beab0cbec5cd97478f,3,aba92acbdc38cb3a656015d4fa601a23,db4350fd57ae30082dec7acbaacc17f9,2017-12-19 15:50:39,21.90,7.78
186a0845cd1b679057c8b0ea86931e2f,1,ea260f972b87224bc68cc0c605e915fc,966cb4760537b1404caedd472cc610a5,2018-07-25 17:31:17,692.00,13.00
18709eaac22345a27e1027cd4900b554,1,75f6a4f019ec1322758d53b2fee2cc12,058cb5aeb36d7c0fcae20fc85d5e0a59,2018-08-17 07:25:11,92.00,35.36
1871117e3b468a4dc29c82849099069b,1,3914a208bb9313e3d980399268ddd54e,56642bcb79900e777d68e91915cb4267,2018-01-22 03:39:58,16.00,11.85
18974292ee839a7a7038699422e6cd39,1,ec2d43cc59763ec91694573b31f1c29a,1c129092bf23f28a5930387c980c0dfc,2017-11-30 01:17:35,39.50,15.11
18a9ccf08fbcc3c0bf4ad9ceb583f2b6,1,4aca38e787c979a6106440c7a63036b4,5f2684dab12e59f83bef73ae57724e45,2017-07-11 20:05:27,79.90,17.81
18b33f2430f136a8deba8893596a53da,1,8af5b5f4f89849cc4dce36dee73dd9de,d6b1ce66b035a475f00c017792ff9769,2018-08-14 15:25:33,75.00,23.33
18b33f2430f136a8deba8893596a53da,2,8af5b5f4f89849cc4dce36dee73dd9de,d6b1ce66b035a475f00c017792ff9769,2018-08-14 15:25:33,75.00,23.33
18bafb91a9e78b83e54eb5aa495a955f,1,b0cd550945da1de6eb9cb69595d540df,6b243f80ed07b10f0e8aa0f21a205f3c,2017-08-18 12:50:12,84.90,16.35
18bb4acb90913593d37049c601660009,1,1dfb36d969d347f56f43590ec42c7b8c,7f152321c60a266edc53af1925ef96c1,2018-05-07 09:56:57,159.99,37.28
18cc97889312466cc90150237a3e2603,1,fe61253e50ad6ee9f1d180da22ce5eef,39d54ff918774174706fb065d7f9dc07,2017-12-14 15:31:37,99.00,18.26
18ed4e5757d8a37fcb75325f41d7165b,1,75a47765c76d844336312e1fe832184e,cca3071e3e9bb7d12640c9fbe2301306,2017-06-14 12:44:07,83.36,16.34
18fa032cf65a1c5c2820d16276b4741a,1,854dea7019a248cec54711ded4744e30,fa1c13f2614d7b5c4749cbc52fecda94,2017-11-07 19:30:13,349.90,16.20
1905a6fa69b8fe273cc0ec81f8ec31b5,1,7b35ccd93a2184646c03b70326626923,d05ae8f7a5bd1d2a690a44cd079e4e27,2017-12-27 07:18:18,179.00,16.00
19071fa97256edc89512749be1569e7e,1,3bf486d35e1a39e53cffdbb457ba4c50,99002261c568a84cce14d43fcffb43ea,2018-04-12 14:35:16,120.00,32.76
1915bc319651dfbfa6563a6d19d558c5,1,525a5744fb5d26e4035d0610446900c5,f41ce2e25237f9092cd8e6e7516c7a2f,2017-05-24 14:30:15,58.00,7.78
192162688f179d526243e303ed01abe6,1,42025f5a5a9be121b14cc11611331b20,e2aee0892199b1d92530e371abd825bf,2018-06-07 13:10:17,329.48,29.04
192162688f179d526243e303ed01abe6,2,42025f5a5a9be121b14cc11611331b20,e2aee0892199b1d92530e371abd825bf,2018-06-07 13:10:17,329.48,29.04
192162688f179d526243e303ed01abe6,3,42025f5a5a9be121b14cc11611331b20,e2aee0892199b1d92530e371abd825bf,2018-06-07 13:10:17,329.48,29.04
194c72d466120c8e1241d610c72cc5e9,1,775917a2882dceb1d02aaa6b1abc1b24,0241d4d5d36f10f80c644447315af0bd,2018-02-14 07:35:56,295.00,60.51
1962f977f7b7b5eb73a3c2c39bbc93b5,1,a703f5ade6e4fae527357132230ea778,f4aba7c0bca51484c30ab7bdc34bcdd1,2017-01-30 16:28:04,23.90,8.72
19c37103c79e5f4a03f5fcc5b1fe97e7,1,6b61c9889ff5ea54a786b54fff36251f,8fdca8e349553f99bc738833a62c8802,2017-07-13 02:43:51,17.50,15.10
19c6408c8c146a18e4fa634340aa5685,1,3003a2841d6a775095317139ed2f7943,240b9776d844d37535668549a396af32,2018-08-15 17:24:53,64.90,11.71
19ddb42a5be901faf63f0caa5cfbfd38,1,a6ad77b15e566298a4e8ee2011ab1255,1025f0e2d44d7041d6cf58b6550e0bfa,2018-06-28 13:30:46,27.00,11.21
19ddb42a5be901faf63f0caa5cfbfd38,2,a6ad77b15e566298a4e8ee2011ab1255,1025f0e2d44d7041d6cf58b6550e0bfa,2018-06-28 13:30:46,27.00,11.21
19e2f4888f56504ec0f7e0765c9e36dc,1,001795ec6f1b187d37335e1c4704762e,8b321bb669392f5163d04c59e235e066,2017-11-03 18:30:22,38.90,8.72
1a46a59c4c13f2c52e453f8f490b7840,1,51ab806bb1d1ef2896844087e3b4f7b3,e5e33c0d8e7e002f398f5dc4cbbb338f,2018-08-06 05:24:00,115.35,15.12
1a4bf675df415785d3d9b3f3521988a7,1,5bfc7506459ae2a7b4b573fe557a58e1,4a3ca9315b744ce9f8e9374361493884,2017-02-02 18:19:02,69.90,18.00
1a64643317da0457d3f145fab8734b22,1,7c1bd920dbdf22470b68bde975dd3ccf,cc419e0650a3c5ba77189a1882b7556a,2017-09-19 04:45:01,58.99,20.81
1a67c7a3cb47a447f68bc24f7cbbe825,1,b532349fe46b38fbc7bb3914c1bdae07,1025f0e2d44d7041d6cf58b6550e0bfa,2018-04-04 02:47:56,35.00,21.65
1a67c7a3cb47a447f68bc24f7cbbe825,2,b532349fe46b38fbc7bb3914c1bdae07,1025f0e2d44d7041d6cf58b6550e0bfa,2018-04-04 02:47:56,35.00,21.65
1a777b4fbc5f78c56a4d194ce7311df5,1,1a6c9da4039deae58c2b769f049ae121,ed4311e67debd72b8610a5347a743087,2018-07-12 09:45:15,97.00,21.98
1aaa23146b41cdd25da482e0b2dd0534,1,678f2ac714d00eef5ccc48a9b25b2fef,8b2492b7ff4468839593fafeed55bad9,2018-03-08 20:29:07,25.26,14.10
1ae6cdc7484c3cf6f29144b09d68f360,1,2cf9ec82c2ca858baedfb2c2e5c06b6f,57c764b4a836300be881e2ff86e449f9,2018-03-27 20:47:53,9.90,18.23
1af47f4805c833e818afbc304a27de73,1,44a34214a57dc373dcd80f54c919d006,7008613ea464bad5cb9b83456e1e6a8f,2017-06-21 03:10:41,29.50,16.11
1af47f4805c833e818afbc304a27de73,2,44a34214a57dc373dcd80f54c919d006,7008613ea464bad5cb9b83456e1e6a8f,2017-06-21 03:10:41,29.50,16.11
1af47f4805c833e818afbc304a27de73,3,44a34214a57dc373dcd80f54c919d006,7008613ea464bad5cb9b83456e1e6a8f,2017-06-21 03:10:41,29.50,16.11
1af47f4805c833e818afbc304a27de73,4,44a34214a57dc373dcd80f54c919d006,7008613ea464bad5cb9b83456e1e6a8f,2017-06-21 03:10:41,29.50,16.11
1af4acf47f9833b90e3b7cb326ed85f9,1,e9a69340883a438c3f91739d14d3a56d,1b4c3a6f53068f0b6944d2d005c9fc89,2018-05-31 03:31:06,159.49,17.32
1b00c4d80c81cdbc36487c96c6e92f07,1,b6c3ac7e88727311d75dc5695fb9f18e,2f09f7d37a97956d11cc1a7cadd5262b,2017-05-22 03:22:50,95.00,17.92
1b0bc119ea5ac37e73e2275afc7904ee,1,b9311d581f5f341576a5a2892168355c,ec4608a1f76453166bb312b2968aeaf4,2018-08-20 14:30:22,38.90,30.18
1b0bc119ea5ac37e73e2275afc7904ee,2,b9311d581f5f341576a5a2892168355c,ec4608a1f76453166bb312b2968aeaf4,2018-08-20 14:30:22,38.90,30.18
1b0bc119ea5ac37e73e2275afc7904ee,3,e56f102e763165e7e32d0f9955f8ee4a,0873d9f8f36123f8d910f4760e788cfb,2018-08-20 14:30:22,1390.00,15.09
1b41edd8cc8fe751d98cba50338f8c8b,1,7a10781637204d8d10485c71a6108a2e,4869f7a5dfa277a7dca6462dcf3b52b2,2018-04-25 09:55:20,209.00,0.00
1b694ef5b28d3e949a4f0ffeb2c9fcd6,1,e500a9395078ba5b59387db0dbee0063,48efc9d94a9834137efd9ea76b065a38,2017-01-09 13:43:17,9.90,8.72
1b8745ddd6a7e93533359bb9e6bc91f4,1,d69e906470f99256b16bee14a0268fd1,7178f9f4dd81dcef02f62acdf8151e01,2018-02-12 23:50:13,79.90,15.31
1b8cfe91cd0a25a8db0841e48cc76029,1,b3e40ff639c185b9d726b4b19c17e6cd,7a67c85e85bb2ce8582c35f2203ad736,2018-02-06 13:31:39,229.99,14.16
1b9b3a976302524d2f05a417b095afb1,1,045c0f3faa3d81ff1af071e0811b2711,fa1c13f2614d7b5c4749cbc52fecda94,2017-12-07 21:31:03,179.91,15.01
1bb74bdf991ecc937ab8901c6b412a24,1,8dc0c7343c861029f0455cf20b0c19c0,f7ccf836d21b2fb1de37564105216cc1,2018-06-18 17:30:45,43.00,13.88
1bf389bed4651ac01500f40b2dbc7f0c,1,f282b8032570cf3ce692b8ea7e1b6c53,e8b4225284fbb02d16f200513f1f395d,2018-07-18 10:10:11,139.90,105.44
1bf5ad2a94cb784f7e27820ab656c398,1,3b2c3b5eca3b8bd45a556828662ac340,51e0557bc7b86de13e946c60ee91ce39,2017-05-18 01:30:19,45.80,17.60
1bf6db71e147c950fe9925e0be89ec4b,1,11875b30b49585209e608f40e8082e65,669ae81880e08f269a64487cfb287169,2017-01-31 15:37:27,65.00,17.88
1c036a86b23c31b9383c1e6f67a94652,1,4876ed03e78909ab8001cf42557022e7,582d4f8675b945722eda7c0cb61ba4c7,2018-07-20 09:30:15,10.00,12.79
1c061a8ec3723c908e73a617687fe54a,1,71b3b750619385c825054d16cd9584d0,1554a68530182680ad5c8b042c3ab563,2018-03-01 14:09:52,119.90,18.46
1c308eca3f339414a92e518e2a2e5ee9,1,cfb763496d9fc48751a27db4fd02aa2d,391fc6631aebcf3004804e51b40bcf1e,2017-12-05 23:34:29,49.95,16.79
1c366a6fab2801f8b19036b3fc66ef17,1,964dd0fcba2ca4eff8e31ec74a77d41d,259f7b5e6e482c230e5bfaa670b6bb8f,2017-10-08 22:28:16,35.99,16.60
1c366a6fab2801f8b19036b3fc66ef17,2,964dd0fcba2ca4eff8e31ec74a77d41d,259f7b5e6e482c230e5bfaa670b6bb8f,2017-10-08 22:28:16,35.99,16.60
1c3f752b9a4d09bf1e016439a427d5f8,1,56a1efb30499b4dffd45c8d655199b11,55f7a3319d80f7fdf078b8f03e6725fe,2018-08-20 23:35:14,16.49,7.39
1c55aa51edc71bb7071a9a1e32b9caab,1,09061028f7ee991c6f2c294e19d344dd,0ea22c1cfbdc755f86b9b54b39c16043,2017-05-28 23:55:15,59.90,15.14
1c55aa51edc71bb7071a9a1e32b9caab,2,a78ca2f8bd17ee6472a95310f930ec54,0ea22c1cfbdc755f86b9b54b39c16043,2017-05-28 23:55:15,39.90,15.13
1c5998a66da200447c5cbb528969a95a,1,44a6e4ecf7b48f87481c243383b1c4cf,4c498c7345e89aebad651544829beca0,2018-01-23 07:29:51,42.90,14.10
1c75d337e19f5c35ad9fd80d51153208,1,59fc88d07b8100b80600e42f3e5ac79d,06579cb253ecd5a3a12a9e6eb6bf8f47,2018-02-01 21:18:19,61.90,17.68
1c8757886a51b1d2a57ef26e7004ee37,1,dd3575a8c5e2139f680a9816a15c8f2a,4869f7a5dfa277a7dca6462dcf3b52b2,2017-03-23 19:26:44,235.00,15.82
1c8c848f0ae6345dce75efde3c535160,1,dd0286e208604a3b60d3d0653981dbd7,70a12e78e608ac31179aea7f8422044b,2018-03-22 20:55:50,59.00,7.87
1cc1289499f63feb5febc86506a7052c,1,202bd859659a841de892b00c341300ff,6560211a19b47992c3666cc44a7e94c0,2017-09-21 14:25:19,35.00,7.78
1ce3ff41294921f70c327561096eb467,1,b7d9db2a8c7f078de2c61f891dc89907,4992e76a42cb3aad7a7047e0d3d7e729,2018-01-29 08:32:25,59.90,12.76
1cecdea35f2ce72040549f9fe816b8a9,1,10070e29929f7c7d609ee3201f236b8e,8a130737016f838139d31878787a39c9,2018-07-09 18:31:40,95.20,11.69
1cfb97c2bd23fb8142435ff6c9ac2f84,1,cc5447118c174dcc6456c84ccb29e6f7,058fd0aa2bfdb2274e05e1ae971dabb6,2017-11-17 02:46:36,135.00,14.70
1d0c373f68c650322d4f065497cd4494,1,422879e10f46682990de24d770e7f83d,1f50f920176fa81dab994f9023523100,2018-04-04 03:10:28,53.90,21.35
1d0c373f68c650322d4f065497cd4494,2,422879e10f46682990de24d770e7f83d,1f50f920176fa81dab994f9023523100,2018-04-04 03:10:28,53.90,21.35
1d0c373f68c650322d4f065497cd4494,3,422879e10f46682990de24d770e7f83d,1f50f920176fa81dab994f9023523100,2018-04-04 03:10:28,53.90,21.35
1d1cd1be4eb8ccedea997348b859065d,1,e7261ba9b589b73ac45411a15058403e,f6122bc84774df1b372bdb3bb88ddb9f,2017-10-10 09:56:22,1399.99,27.05
1d21d81713a3dea4ee564c915cf2fd94,1,e33df02e384487f2bcd3788619f89215,53e4c6e0f4312d4d2107a8c9cddf45cd,2017-08-10 10:05:26,16.80,16.11
1d4915fcba7b140e7a82379ded2c76d6,1,c18ac1d6cc053c0ec7296b994ae6ffeb,86ccac0b835037332a596a33b6949ee1,2018-02-07 16:29:43,35.90,5.14
1d4915fcba7b140e7a82379ded2c76d6,2,e3425df9bd51be69917273c9dd92ed5e,86ccac0b835037332a596a33b6949ee1,2018-02-07 16:29:43,74.90,12.86
1d4fef737d9b6c214e13e92ae014018f,1,8370300e444c4394d3c3f878606a9601,4869f7a5dfa277a7dca6462dcf3b52b2,2018-08-21 19:09:40,299.90,14.76
1d56a69c61d4c1cfa98fd5379f4f22fe,1,9b90cdb2d9223fc2e400fcdda43bdd48,c3cfdc648177fdbbbb35635a37472c53,2017-08-07 15:25:09,329.90,27.18
1d5cf40416bcb8a9d98d2f759f9f1839,1,130482add9fd75ccb6c57ba007694a2d,87142160b41353c4e5fca2360caf6f92,2017-07-18 14:05:38,105.00,23.60
1d7a6b5b87fcf498f7748f4790faa745,1,44feb28a74abb0f2f303412d60160750,72bc2cce903c872fe376a8faaa81d237,2017-12-11 11:05:34,127.00,15.64
1d80070bfe715fe0b628207297d72eaa,1,420921e97463577fd5cc62c687d90bca,53243585a1d6dc2643021fd1853d8905,2017-11-09 16:35:52,283.20,22.78
1db209fdc128d35605e562a70180dd32,1,0d98754cfefd5a306f6633725f3aed59,4c8b8048e33af2bf94f2eb547746a916,2018-08-06 15:31:52,101.20,21.35
1df257323bb550a9b9bb150345c42e45,1,d2686065b870834cc92605a5b9ec84ba,2138ccb85b11a4ec1e37afbd1c8eda1f,2017-02-01 16:10:01,18.99,18.00
1e12bd2ecc7b4ed9cb562be4e64cbd7f,1,ccb162ed569f47d83f62aebd5700d7ad,7a241947449cc45dbfda4f9d0798d9d0,2018-05-24 19:50:44,139.00,12.78
1e21edc6c6810b5779fa6685c82a6a89,1,ed8ba7857b8c1dd66da5bf95ecd166a4,f7496d659ca9fdaf323c0aae84176632,2017-08-17 11:30:16,299.90,75.05
1e2f320acd9cf7428412fb4ba5c537fe,1,0eb8e03d4ef83152c4642b606b5bbdec,cac4c8e7b1ca6252d8f20b2fc1a2e4af,2018-08-24 09:05:07,29.99,12.51
1e6025fd19451c74352d0bbf6a218bf6,1,d9279101bd9bcdf95aa06a8081b24367,46dc3b2cc0980fb8ec44634e21d2718e,2017-01-31 21:23:00,349.99,18.00
1e69dcdcbc094d39d6ba64248af906fb,1,2c2a7e84b8ea741adf739c11dd78ee1a,2493dc3f20131696a0ecdb9948051a8d,2017-01-28 17:09:24,164.89,21.60
1e7b55dfee29c0ed7edb54c8cfeaf244,1,6e4918d7c7d1499da5ef7bae5e0cdef6,8b321bb669392f5163d04c59e235e066,2018-08-21 03:09:42,16.90,18.23
1ebeea841c590e86a14a0d7a48e7d062,1,08401f48b67a852d06105725c3013eff,95e03ca3d4146e4011985981aeb959b9,2018-01-30 12:56:32,25.00,14.10
1ec2e1de3e116559a59ec5166697d334,1,32371620a54fa76bdc3575748f8b8ce9,aba1721a889e04decc910aa13b768ef4,2017-03-13 14:25:12,166.00,11.77
1ed9fe02b5d745a3397a33415ecd5577,1,afdcebff326be8196c01b6ac2758fce1,1b45169b635ef59425637e9a33eb5fb3,2018-02-26 19:46:41,16.50,12.48
1ee5be25d6e54e1ea3c75d3fc9ca3d6f,1,a75b732b129c2fe3d8e371dd8333cd00,78a4d36f65a019172c6154468831a69f,2017-11-08 12:50:34,228.00,21.57
1f2c730715e25c512d5beee0f697bedb,1,6a8631b72a2f8729b91514db87e771c0,128639473a139ac0f3e5f5ade55873a5,2017-08-28 02:25:14,24.90,8.27
1f2c730715e25c512d5beee0f697bedb,2,6a8631b72a2f8729b91514db87e771c0,128639473a139ac0f3e5f5ade55873a5,2017-08-28 02:25:14,24.90,8.27
1f440e230578d73badf5afd8bb78c632,1,4a0938478787f49dc07af734b86be96c,6560211a19b47992c3666cc44a7e94c0,2017-09-06 18:35:22,149.00,14.79
1f440e230578d73badf5afd8bb78c632,2,4a0938478787f49dc07af734b86be96c,6560211a19b47992c3666cc44a7e94c0,2017-09-06 18:35:22,149.00,14.79
1f59870d6111d909e3c3f511d4d6dfe2,1,a7d2c99f1d0e7ddfbce06d48f12b61a2,99a54764c341d5dc80b4a8fac4eba3fb,2018-08-27 11:09:54,19.90,15.44
1f7db95b8fd2c7432d59242430cb2163,1,dd47440cb56de3ab674f9208ff0edc3e,3bdff180c7e1f6551a643b99c265a120,2018-02-14 10:50:22,69.90,20.98
1fa3578be8d670ef139e0216365d71dc,1,3b473a6b1c280e0345e876648a61a032,4a3ccda38b2129705f3fb522db62ca31,2017-11-03 21:50:17,199.90,12.90
1feca64d75daa682ce3174a1eff73d8b,1,4aa6014eceb682077f9dc4bffebc05b0,b8bc237ba3788b23da09c0f1f3a3288c,2018-04-23 14:35:27,299.99,18.62
1ff554f292eca293a405beea2511f6de,1,f422d0d9f8b5f7c27289382b14b61248,1554a68530182680ad5c8b042c3ab563,2017-03-27 08:35:10,66.99,17.21
1ffb9dc91fdfd3d86671c5dc2a94dab1,1,71040c7f50609abf6865f4429f8b1035,ebd2d60905fb58271facef5596b620d3,2017-05-14 22:25:15,169.90,28.57
1ffded15ce20a1a518490765dc37cc9c,1,8c38d21062ec6ee492c3500d01150b7a,b4a476fbd28de64b1e347abf9089366a,2017-04-27 08:30:07,14.00,14.52
200f4d883fcc701355e46b8c6035743f,1,1f1354b0aa934e7ad75546467a6d028b,cca3071e3e9bb7d12640c9fbe2301306,2017-01-21 23:25:23,19.90,8.33
200f4d883fcc701355e46b8c6035743f,2,67f9d01bcd84e2229ba6f8a75b635b40,cca3071e3e9bb7d12640c9fbe2301306,2017-01-21 23:25:23,19.90,8.35
200f4d883fcc701355e46b8c6035743f,3,0e92dcf7b03df1de4e9349af065f8e63,cca3071e3e9bb7d12640c9fbe2301306,2017-01-21 23:25:23,19.90,8.33
200f4d883fcc701355e46b8c6035743f,4,d54a7e69c3102b38b13952aeae0bc8f3,cca3071e3e9bb7d12640c9fbe2301306,2017-01-21 23:25:23,19.90,8.33
200f4d883fcc701355e46b8c6035743f,5,b6f9abef16fdfec89e4f3675f6627dca,cca3071e3e9bb7d12640c9fbe2301306,2017-01-21 23:25:23,19.90,8.33
200f4d883fcc701355e46b8c6035743f,6,7e441b33f896ba519d58063f4c714bef,cca3071e3e9bb7d12640c9fbe2301306,2017-01-21 23:25:23,19.90,8.33
2011387fcf68d0d56838be05771c4db8,1,f9259c9e7c0f12c70f7a81409680a5ff,3db66a856d18a9cba7c9241fc5221c50,2018-02-15 02:09:07,69.90,16.25
2047058984e5864a83158101943495bb,1,b0ea553bf35b42dfe69a5c2eae9e96f5,6a8b085f816a1f75f92dbac6eb545f8f,2017-08-03 17:43:16,39.90,25.63
20550ea4a86fb3f3cc065b2598ebb01c,1,7e0dc102074f8285580c9777f79c90cf,e26901d5ab434ce92fd9b5c256820a4e,2017-02-06 15:32:24,39.90,18.00
205fd64bd13038fe08ccceddf788336e,1,ad938d3b79856582ace5b311ab864826,1554a68530182680ad5c8b042c3ab563,2017-12-20 22:31:46,69.90,19.35
20914c76989e5eac4e2675de44f7275a,1,ee0c1cf2fbeae95205b4aa506f1469f0,cc419e0650a3c5ba77189a1882b7556a,2018-08-27 03:35:09,44.99,12.98
20a2e132c352b08f18529a9478c011c1,1,407729653f67fdfa6e588c6b0853edd7,ef506c96320abeedfb894c34db06f478,2017-10-16 18:09:48,25.99,15.10
20d120b5a95a60c3d599810d5ee01c21,1,5c973b4202aac5c372a483e712306f4f,391fc6631aebcf3004804e51b40bcf1e,2017-12-05 14:58:28,49.95,11.85
20ece825fd1a3714c240d58a96df35ea,1,1dec4c88c685d5a07bf01dcb0f8bf9f8,712e6ed8aa4aa1fa65dab41fed5737e4,2018-01-04 14:30:57,559.00,100.84
20edc82cf5400ce95e1afacc25798b31,1,55bfa0307d7a46bed72c492259921231,343e716476e3748b069f980efbaa294e,2018-07-03 16:29:30,45.90,9.07
20ef4f721610e50167d484f950d19b77,1,dbb4ce89c8ed5fb6fd901e2e51093179,91f848e9f4be368f4318775aac733370,2017-04-07 16:25:11,84.99,14.36
213014b043512462e21606eccb1a4aae,1,32459442f3b850918e20febc47c9edfb,1430239a858e7682bbc43b20758af153,2017-12-07 09:18:56,39.90,7.78
213014b043512462e21606eccb1a4aae,2,aa49abfbe4f971849628bdae6a7e5efb,1430239a858e7682bbc43b20758af153,2017-12-07 09:18:56,39.90,7.78
213014b043512462e21606eccb1a4aae,3,1a1607ff3b9bced214efc0a8cdfb2510,1430239a858e7682bbc43b20758af153,2017-12-07 09:18:56,39.90,7.78
2140193e2b0829d9e294a5b08560a497,1,9eca7d28777e4887c113e775ed3cb87c,5b85809efd0d0e4dea1a9544e1280ed9,2018-08-22 16:12:55,44.90,18.41
214e7b7443be4c9b396b5e12d6d9d416,1,f71973c922ccaab05514a36a8bc741b8,5dceca129747e92ff8ef7a997dc4f8ca,2017-08-08 02:50:31,109.90,59.32
21733cca729d55bc70908258a2e90984,1,556f5f6c941fc24540f7602d7079d1e6,04aba03279157f6d4e0fe8ccaf21963c,2018-04-17 14:49:58,198.00,14.38
218420c55032b9db817c110f06b85fde,1,b6e352d888ba31d8999af279cd63aa24,f61c63d13f7cd800549d5acdd390ae72,2018-07-26 18:25:10,79.90,14.87
2195712688ef03e20c8053de61c82493,1,eb6b6f708fb1a57720d0734f30c3b31e,440dd6ab244315c632130ecfb63827b1,2017-01-21 15:30:34,159.90,27.59
21a700353585ff0d776cdde844166983,1,d6aa421b9567e3e2a3a0caf8fb846cbc,99a54764c341d5dc80b4a8fac4eba3fb,2018-05-16 12:55:38,41.80,13.71
21a724726546c32790ded320f982a506,1,12760bcacfaaf1457bc36e601e26dc79,aced59e9b31ef866a94f9e7f29d8d418,2017-11-30 02:15:11,19.90,0.40
21a724726546c32790ded320f982a506,2,83fb98f2457985e6333f2e307adc5864,d5c530f4884a75ae0dba9c148718d278,2017-11-30 02:15:11,33.02,15.90
21a724726546c32790ded320f982a506,3,83fb98f2457985e6333f2e307adc5864,d5c530f4884a75ae0dba9c148718d278,2017-11-30 02:15:11,33.02,15.90
21a724726546c32790ded320f982a506,4,83fb98f2457985e6333f2e307adc5864,d5c530f4884a75ae0dba9c148718d278,2017-11-30 02:15:11,33.02,15.90
21a724726546c32790ded320f982a506,5,83fb98f2457985e6333f2e307adc5864,d5c530f4884a75ae0dba9c148718d278,2017-11-30 02:15:11,33.02,15.90
21b966a378471db65c18fa4ca20d6800,1,595fac2a385ac33a80bd5114aec74eb8,289cdb325fb7e7f891c38608bf9e0962,2018-08-23 20:50:15,116.90,15.92
21c24f8f2452ec20a5184abfb269c35e,1,46c01e269265ddd1b66ccc8b4588a411,31be790e64fc99f8ff48ec2bd18a3104,2018-08-14 16:05:15,44.90,12.61
21eb47858aa7100e94ede112bf5ed1b3,1,c211ff3068fcd2f8898192976d8b3a32,da8622b14eb17ae2831f4ac5b9dab84a,2018-01-05 17:29:22,24.90,15.10
21f3d0f22004d8bad479ca281e1f00a2,1,6c04f5ced4964898effa486a73d81ca2,76d64c4aca3a7baf218bf93ef7fa768d,2018-03-14 16:29:55,39.90,16.32
21fc87cfedd833f6e6749fd823dc9754,1,88d07a97123a341509effc395bf418c8,f45122a9ab94eb4f3f8953578bc0c560,2017-05-11 03:55:10,29.90,14.52
222ca921eb7f9e8bb4fd4cc5af27d943,1,53759a2ecddad2bb87a079a1f1519f73,1f50f920176fa81dab994f9023523100,2017-08-31 14:25:11,59.90,13.44
22393c9bb58fd23ba0aaf68dab5094cc,1,0a57f7d2c983bcf8188589a5fea4a8da,4869f7a5dfa277a7dca6462dcf3b52b2,2018-05-23 11:15:18,99.00,6.57
2242566da9e4bf1d65f3530015a389e1,1,36f60d45225e60c7da4558b070ce4b60,8e6d7754bc7e0f22c96d255ebda59eba,2018-01-15 00:54:35,109.89,10.18
224b8a1097696621e5ab952014690223,1,757e8df3e7c5c52482db573f5f368e1d,522620dcb18a6b31cd7bdf73665113a9,2018-04-11 13:08:55,79.00,22.26
224bd0a94ce4f3eeebe2ef447e596863,1,cc2232dbef2c9fca23f4c7f6a19a42e3,198c7ea11960a9844b544d9bcdca860c,2017-07-18 02:10:47,16.99,12.48
224ec929ecdaa7563512572447c65d02,1,bb42f37fc3d9130e4a4339d24a47dd7c,da8622b14eb17ae2831f4ac5b9dab84a,2018-04-09 05:31:44,44.90,8.64
2251c2ae48921e06fee59a7779d9bd47,1,62f68be290c2e9c8403e306bd023041c,e5a3438891c0bfdb9394643f95273d8e,2017-10-18 02:04:09,35.70,8.27
225f91612c9a38c727b64ac3c7d11e7c,1,01cdc6fbdb39fc792bb4c40164ce2331,5ee7fd217d08dfe5d3e2f51f96a12c9a,2017-12-08 17:07:40,114.90,33.25
22df89b611e2a03b4957043cf949e51f,1,d51f9e208b88e49c98f6a55649d5df35,65febd49fd28ec955651299159b1f527,2018-08-24 09:30:20,55.00,11.41
22f5a4d80d9f247d6970456d5211d30d,1,7320ebe51211feb87fcabba5e645353a,8e6cc767478edae941d9bd9eb778d77a,2017-07-27 13:50:16,5.99,17.92
231f7e18395c045198f74f63e3cad304,1,2b4609f8948be18874494203496bc318,cc419e0650a3c5ba77189a1882b7556a,2017-07-12 04:45:10,89.99,7.88
2343dbf79839ce221f3e1ec059cbff9f,1,a1f9e41822bf2fb8bb98659e650b7e3d,ceaec5548eefc6e23e6607c5435102e7,2018-07-12 22:31:32,109.99,30.57
2355c3ba8f870f103fa43351ffc1a905,1,25f86162fee18735fffdb762dcb10d7c,1a3df491d1c4f1589fc2b934ada68bf2,2017-08-15 03:50:40,159.90,18.37
2373908388bcaa9a225c34e33d9e9f0d,1,b343cce43d6f08fe602d2892b106ad59,5058e8c1e82653974541e83690655b4a,2017-11-20 15:50:48,112.99,17.57
2388959a19bd21ca9ce8639defeb9789,1,e0ab3fcfb0c3a63324f2797e03bc4199,38102b031c2a15e54623d711bfc753d3,2017-04-13 03:23:01,35.00,29.55
23941956ac5ebb846fc41ddbf76e7ccc,1,ac0bb4405e9661957160dd5ee9d5585c,dee656f0f566ed1aa85bd137c943f08f,2018-07-20 04:32:03,149.99,23.85
23a9867e2ef4c3cd636e7e275edb0252,1,b9ca577f48894c59a9677f895f9a44bc,527801b552d0077ffd170872eb49683b,2018-04-27 08:31:42,334.90,16.43
23ad1ae9db6999293449603e1a247803,1,8470bac0f1a7439fe183013eab283534,4a3ca9315b744ce9f8e9374361493884,2017-01-31 16:25:37,139.90,11.59
23f8d85e1bed4bc79e3b7e9f7c2d6437,1,c862d801c5bf9b08e1bde0e3801199ed,6d66611d7c44cc30ce351abc49a68421,2018-06-18 04:17:17,39.90,19.32
23f99f3d6a5974cd50c00ebb3d6540a1,1,afeeea6271148ee1bb15173b8187c431,53243585a1d6dc2643021fd1853d8905,2018-08-13 21:05:12,219.00,19.63
24040647efd179bd506acacbbbabd838,1,6ae7f4ef0ca670ca2609d039af87d057,620c87c171fb2a6dd6e8bb4dec959fc6,2017-02-02 19:59:20,23.90,3.60
24040647efd179bd506acacbbbabd838,2,6ae7f4ef0ca670ca2609d039af87d057,620c87c171fb2a6dd6e8bb4dec959fc6,2017-02-02 19:59:20,23.90,3.60
24040647efd179bd506acacbbbabd838,3,6ae7f4ef0ca670ca2609d039af87d057,620c87c171fb2a6dd6e8bb4dec959fc6,2017-02-02 19:59:20,23.90,3.60
24040647efd179bd506acacbbbabd838,4,6ae7f4ef0ca670ca2609d039af87d057,620c87c171fb2a6dd6e8bb4dec959fc6,2017-02-02 19:59:20,23.90,3.60
24040647efd179bd506acacbbbabd838,5,6ae7f4ef0ca670ca2609d039af87d057,620c87c171fb2a6dd6e8bb4dec959fc6,2017-02-02 19:59:20,23.90,3.60
24040b0114230e6113ea96d0161ff4a9,1,3354a4e684f5e7199f9407db70ccd92b,7a67c85e85bb2ce8582c35f2203ad736,2018-05-24 19:17:26,89.99,15.53
242ab4ce744f666fcffbc5d7fed8700d,1,422879e10f46682990de24d770e7f83d,1f50f920176fa81dab994f9023523100,2017-11-30 14:52:34,49.00,19.63
2445a82ec841c77c3fa6573bc3e00dcb,1,11fd9d7ba552e1d28872e008acf1e050,cb8bcce248bb1fb274ba762d8b971456,2017-03-27 15:16:57,139.90,16.68
244e91c4c416908e17829094e3eb7aa6,1,247fa5b4e2f524a22b21ef256ffc23e4,3bdff180c7e1f6551a643b99c265a120,2017-04-04 02:10:54,26.90,15.56
2457f30493cdc677ad02b57dd6d17285,1,ca38c039b717207dec906f4fa9a21db7,59fb871bf6f4522a87ba567b42dafecf,2017-01-26 17:02:03,184.99,15.46
24608c1bed92ba4666829514c1a408b3,1,96d1c06692244e2fed6e1f9aa9552770,fdb9095204a334cd8872252ffec6f2db,2018-05-17 19:32:13,62.00,16.40
2476a3346dc4a10dd9238bc6dac93f89,1,d67dba1c3b73cd096ec52d02ba7f359a,f7496d659ca9fdaf323c0aae84176632,2018-06-15 19:55:53,119.90,11.46
247ba9f6a94558776b1ccd2d59ce8cb0,1,83a837a76c0753d44c7c12bcb1b96158,fc906263ca5083d09dce42fe02247800,2017-09-22 12:55:23,29.90,8.11
248f06491b94081a333b97639693e59f,1,b623b7cb05ee3248fbe4a6ecbeed79a4,7aa4334be125fcdd2ba64b3180029f14,2017-12-13 22:11:07,70.97,17.75
248f06491b94081a333b97639693e59f,2,b623b7cb05ee3248fbe4a6ecbeed79a4,7aa4334be125fcdd2ba64b3180029f14,2017-12-13 22:11:07,70.97,17.75
24d96d6845bf5f0eb587c745f06b871b,1,d017a2151d543a9885604dc62a3d9dcc,6560211a19b47992c3666cc44a7e94c0,2017-09-25 13:45:37,49.00,17.63
24f17834d1edff2ec50e2fb099896d80,1,f1c7f353075ce59d8a6f3cf58f419c9c,37be5a7c751166fbc5f8ccba4119e043,2017-09-04 18:44:28,195.00,26.21
252c40159f2a9ab94b552a779514e790,1,f20b79bd0939728b29d409062c5c486b,f0837c8d71434931d9e38e7b79234797,2018-06-14 20:32:07,79.00,23.13
2548aa48f7db62d5579e7e20ae85ca03,1,d9c2eaccfa617895e2720f212e592de1,c3867b4666c7d76867627c2f7fb22e21,2018-03-02 02:30:31,125.00,13.89
256aeafecb4d20915af4655d87085173,1,11fd9d7ba552e1d28872e008acf1e050,cb8bcce248bb1fb274ba762d8b971456,2018-07-10 10:15:17,119.90,14.18
257b54c7aa667fa7865055803a58a737,1,496f6bd86011e5a9ddea8dc96e802340,cca3071e3e9bb7d12640c9fbe2301306,2018-02-06 14:32:35,72.90,12.85
2582e280d624a46c545db9c09f6cd424,1,550dc4417c636abc04c71404342de695,e9bc59e7b60fc3063eb2290deda4cced,2017-11-01 03:09:43,149.00,44.89
2582e280d624a46c545db9c09f6cd424,2,550dc4417c636abc04c71404342de695,e9bc59e7b60fc3063eb2290deda4cced,2017-11-01 03:09:43,149.00,44.89
25857521bead5be64bf8305c71db1fa2,1,f343690217692891e7a092d5c1e5eef7,7178f9f4dd81dcef02f62acdf8151e01,2017-08-24 19:35:15,24.90,42.38
2591dc67686367f1aa9b8f09497f8bde,1,4a52db5eba2f48f7f5454ada6ce3d56a,d9bd94811c3338dceb4181f3dbc0c73e,2018-06-14 20:31:50,68.34,8.88
259ed824424260153076008ccc088840,1,1fe1f9dca96414bdc282cddb276db70e,3df020b72d3d44b3af9d110fa3940b65,2018-03-07 15:31:01,49.90,12.69
259ed824424260153076008ccc088840,2,1fe1f9dca96414bdc282cddb276db70e,3df020b72d3d44b3af9d110fa3940b65,2018-03-07 15:31:01,49.90,12.69
25d6858f3b1d2f332623bdccb12db9eb,1,6f3b5b605d91b7439c5e3f5a8dffeea7,7d13fca15225358621be4086e1eb0964,2018-08-14 15:50:07,155.00,19.19
25dae1a0efc5bba5a14622eaf552ad78,1,b50c950aba0dcead2c48032a690ce817,218d46b86c1881d022bce9c68a7d4b15,2018-01-15 07:21:02,99.00,29.09
25dbad31db4b9059dd02d72929578d1c,1,44be579342e8ba8bbe3d0448d126afea,4992e76a42cb3aad7a7047e0d3d7e729,2018-01-29 11:38:03,24.90,8.72
25e23f5fbf3139c628fe56c126c97391,1,429e7401fafb76436f15e86498bd7364,da8622b14eb17ae2831f4ac5b9dab84a,2018-05-18 10:38:34,199.90,13.83
25eac842862525f18a083c6edf1929a3,1,f3f12eabcd090650146791b249f48880,5b67882648febfb6e1225e6ad7164f6b,2017-12-27 22:23:28,1698.99,84.71
25f4376934e13d3508486352e11a5db0,1,aca2eb7d00ea1a7b8ebd4e68314663af,955fee9216a65b617aa5c0531780ce60,2018-05-22 01:17:39,69.90,12.43
26227999b191329fe62cd797aede5270,1,a62e25e09e05e6faf31d90c6ec1aa3d1,634964b17796e64304cadf1ad3050fb7,2018-02-22 01:07:56,108.00,16.52
2629f879b3928da2cbad95a46fa904ac,1,eea3e07f864a0a1389726d8a5f31c3f6,3c7c4a49ec3c6550809089c6a2ca9370,2018-01-04 09:16:19,98.90,15.44
26309b9af9801e215252ef79be51f75a,1,c1079a63b2984263e9942c44c7ab2da4,dfa0c4c6229ab200a4a1336b4d7128ff,2018-08-24 15:35:14,48.00,19.53
2669093ac4da5e6445749e5e36e24c6c,1,5af8f974918d5e68bc22ea894296adb6,0bb738e4d789e63e2267697c42d35a2d,2017-08-08 12:10:18,14.90,9.94
266fd5134fd1b895a5b06936d51aaa17,1,e344e7fbb51b08fbb06076b02f457dd9,1d503743d2526f03f0c2c89540ee008c,2018-03-23 14:55:42,26.99,19.04
267cf5d5f5d44907ac3a107257c47290,1,83aae8023b8feda53259f63e0ec06390,715bbd5ba4e6b74cb0d2f29eb45058b0,2018-07-27 03:55:17,89.90,18.93
268611f7d2f0106b616e88e532e05a2b,1,4f094d03e0acd9b1259fc846321e85b7,715bbd5ba4e6b74cb0d2f29eb45058b0,2017-11-30 07:50:30,50.00,12.69
269ad8edf5c7dd6bfbe01dc68832f6ce,1,73326828aa5efe1ba096223de496f596,d13e50eaa47b4cbe9eb81465865d8cfc,2018-08-20 15:50:19,80.49,15.66
26a4525518bf2e891e2cdffef0742346,1,24c66f106f642621e524291a895c9032,620c87c171fb2a6dd6e8bb4dec959fc6,2017-09-26 17:24:19,159.90,15.87
26b5660725133bc74bfe584874b637cc,1,25c3eb54945e82e7c1dc8191a1ebb5f1,f1fd5ab1181f827ffad998c1a5de7d74,2018-04-05 19:08:10,799.00,93.16
26cdf11da38117ed1bca961a210dd21d,1,78efe838c04bbc568be034082200ac20,0241d4d5d36f10f80c644447315af0bd,2018-03-06 09:30:55,99.90,43.11
26ed76d9ca565506c2d4c50fd5fc323b,1,2155593e689475e40e4c8b93143c0287,daeb5653dd96c1b11860f72209795012,2017-10-27 10:37:03,34.90,9.74
270c203303119d8cee340c3b736a8ea1,1,aa8fce5e65ab73ab73101ea58d710905,218d46b86c1881d022bce9c68a7d4b15,2017-04-02 23:35:18,127.48,11.50
270e2c93dda2be7908cdf2a877171b8d,1,f76a9967d2129cda56d7b3be6cb5c9cf,ea8482cd71df3c1969d7b9473ff13abc,2018-02-28 22:30:31,39.90,7.78
271f637085c45e7e58268625604724a9,1,dea9b88ceaceff342424e0a74ae36af7,37be5a7c751166fbc5f8ccba4119e043,2018-05-23 13:15:27,179.00,23.79
27507e5396fa8fdcce6c0b40fd77dbc2,1,03552ec45033c8658713c541f6af9f05,2e1c9f22be269ef4643f826c9e650a52,2018-01-25 16:00:27,54.49,14.13
275322de6426ec5071b219b77fba6a65,1,d14fc36666bc80405693671778350124,897060da8b9a21f655304d50fd935913,2018-01-24 23:29:47,33.85,15.10
277006d8d593850cce4c18ce1c9a136a,1,1613b819ab5dae53aead2dbb4ebdb378,16090f2ca825584b5a147ab24aa30c86,2018-06-18 10:20:05,27.90,7.94
2780bd2c2ec051df9919aa3841b9d049,1,eb8c629f70275fd1c4f809116cce1efc,1025f0e2d44d7041d6cf58b6550e0bfa,2018-05-16 21:31:43,35.00,7.27
2780bd2c2ec051df9919aa3841b9d049,2,eb8c629f70275fd1c4f809116cce1efc,1025f0e2d44d7041d6cf58b6550e0bfa,2018-05-16 21:31:43,35.00,7.27
2780bd2c2ec051df9919aa3841b9d049,3,eb8c629f70275fd1c4f809116cce1efc,1025f0e2d44d7041d6cf58b6550e0bfa,2018-05-16 21:31:43,35.00,7.27
27bb59120b021cf6ebad6ea92f289d53,1,2ff995aead9c63a1f37a07b3664ead37,8b9d6eec4a7eb7d0f9d579ce0b38324d,2018-07-10 16:05:50,69.99,49.00
27d4565688530c96555c05e21f6740c1,1,9fe172fa8e662ca8572cf12abf8bce23,cab85505710c7cb9b720bceb52b01cee,2018-07-05 12:15:13,49.90,7.61
27daa394276d904c4a0fbe8307e854b8,1,491067a4bc3ca4303e9fba74d629412c,5075aaa8404020ae6aa8bf4792099b41,2017-06-21 03:45:18,49.99,19.21
27f9cf9d843287e332dcd815a0feda60,1,a41be7a2d5be5248080b227a53fe3937,213b25e6f54661939f11710a6fddb871,2018-08-09 16:24:41,41.95,19.48
27f9cf9d843287e332dcd815a0feda60,2,a41be7a2d5be5248080b227a53fe3937,213b25e6f54661939f11710a6fddb871,2018-08-09 16:24:41,41.95,19.48
27f9cf9d843287e332dcd815a0feda60,3,a41be7a2d5be5248080b227a53fe3937,213b25e6f54661939f11710a6fddb871,2018-08-09 16:24:41,41.95,19.48
27feef8b6702f1d6ccdffd697e7f4334,1,b80921007ed3f68cf6e536e6daf08610,ea8482cd71df3c1969d7b9473ff13abc,2017-10-10 13:03:35,27.99,7.78
2812dbf450ac5dd26b952cfc6db60529,1,c181ddb9a0403b7f2010870a988a61bd,70bf57d811208f8923b41bbd499a67a4,2018-08-29 17:35:22,95.40,11.69
281a4e1ef3ab9d256027ddd2db90c762,1,a14aea6067b93158e956612c50b74cfa,4e8dacf3d38f281ae26c3e0321d92d88,2017-01-31 14:59:18,449.99,18.00
2829e7fdff89a6af03cb5de5348ecf3f,1,c896aa5b12fcfbb05d648eab1240f407,b4ffb71f0cb1b1c3d63fad021ecf93e1,2018-08-14 18:45:17,34.00,50.96
2833a586d04517b0c18e17c24ae684c3,1,6f1b3488c5314b527201978357a8d85f,240b9776d844d37535668549a396af32,2018-08-21 14:04:21,259.99,22.09
28443792b60e1229531d828dc74087ff,1,2c3f424b5643b03663e0f5861dde2bfe,0b35c634521043bf4b47e21547b99ab5,2018-04-10 14:28:54,338.00,61.38
28a1ff56441c9df5d5bfaead83cd76fd,1,d325b4b600e06bd11a1f8afdfdf3679c,06a2c3af7b3aee5d69171b0e14f0ee87,2018-07-17 22:06:05,154.99,29.20
28a1ff56441c9df5d5bfaead83cd76fd,2,1df5ecdbd7a222e8e37cc6aec3fccbb7,06a2c3af7b3aee5d69171b0e14f0ee87,2018-07-17 22:06:05,112.99,29.20
28a90e83ad0833466ffd4c3fd14379aa,1,683647534fe73616ae97d91a6ef253f4,49383af7ab774e4e8f3000f49c83dc4b,2018-05-18 14:58:09,55.00,14.48
28b3a0c20aef4102b44f6928bdcffc7d,1,8477d691ae21afadfa805681bef3a620,272f092de69afedd4d2969440b37f18f,2017-04-13 09:10:15,64.90,11.06
28b3a0c20aef4102b44f6928bdcffc7d,2,8477d691ae21afadfa805681bef3a620,272f092de69afedd4d2969440b37f18f,2017-04-13 09:10:15,64.90,11.06
28bc142035cc9a8ee9aa0288221ee056,1,141bfc7707c259668ab7d5c4017dce4a,3d871de0142ce09b7081e2b9d1733cb1,2017-10-02 14:25:14,20.00,11.85
28c3483a3f62b4b5bb0121055f94c951,1,53ea9da485f6aed8a6f03a85831fe021,7e93a43ef30c4f03f38b393420bc753a,2017-10-30 21:49:27,249.99,12.95
28d07cf52af4d36587d0347032cebdfd,1,694e58e56c74114ee0628c25f3f26f8c,7008613ea464bad5cb9b83456e1e6a8f,2017-10-18 03:47:02,52.50,16.13
28d0d98e542f0409627c3717348339c4,1,25f86162fee18735fffdb762dcb10d7c,1a3df491d1c4f1589fc2b934ada68bf2,2018-03-14 16:29:44,149.90,15.55
28e5cef9cc61c5abe004567dca778bbb,1,abc3432ff825d8e524db1d4eac6d2099,8d956fec2e4337affcb520f56fd8cbfd,2018-02-13 11:30:37,39.99,14.10
28e7148abde825a20fa617db02f92c99,1,ff6a816ae8a01312fe42dc48c7c8ead1,138dbe45fc62f1e244378131a6801526,2018-05-17 21:35:21,13.90,8.29
28f079a1f1568fda3a17841d6fe48390,1,4ba9263261711e19aa09a61e3ab72316,3d5d0dc7073a299e31fa718ce1bc00b6,2018-06-22 13:16:52,50.00,16.54
28f5847427849401fb017537fd20da41,1,2636a9812d151c718b53387171ce08be,b17b679f4f5ce2e03ce6968c62648246,2017-01-29 16:32:21,30.97,10.96
28f6e619a89b10d9c70bc35eb43adca1,1,ffd4bf4306745865e5692f69bd237893,d98eec89afa3380e14463da2aabaea72,2018-08-20 21:29:41,29.99,22.93
29210b1d48462ce1f12d87ed7ccd6397,1,113f80f12c8892f0c59206f70b862b40,1900267e848ceeba8fa32d80c1a5f5a8,2018-02-08 02:55:55,19.90,11.85
29378d5129c88c97f152331affe2ed00,1,2be2be0a6a5916840503fdf50808ebcb,dfc475d54e1b6dbeeb7d7d9bdaa63827,2018-03-28 11:55:40,24.20,15.23
293ce7e1d3220058be631162721ba82f,1,334995514673fb6bae67885458b52984,53e4c6e0f4312d4d2107a8c9cddf45cd,2017-09-21 23:20:41,16.55,15.11
29664dfe32fa36fe220eb8ba86d93445,1,c37e775cc9f2dd910db751444447fa3d,8fdca8e349553f99bc738833a62c8802,2017-04-17 03:50:38,11.99,15.65
298ee4d77c0352fc41f432254afdf1d3,1,693a4eef562b75a833c7ffbc3ddb61dc,0ea22c1cfbdc755f86b9b54b39c16043,2017-04-04 02:16:00,24.90,20.80
29985fe387407ff7f6904b294fb89028,1,3edc3d3ffe806f5115118f86cbf5a021,ce33c6211beaa8fef4cae8b52db39862,2017-02-16 15:53:19,49.00,14.52
29cb59b155735e49bf9d85d37f7ecd79,1,fdd84aefb08c8f8225e0b8c97429d53b,94144541854e298c2d976cb893b81343,2017-03-30 16:30:16,59.90,17.85
29d99fdabd0cb6b4e9d82f2f38c04a5a,1,fcde1899043318107d8f0ae043f69bc3,d66c305afaec317ebee552073a674429,2017-01-29 19:44:48,99.00,14.86
29e40e2efb1493c943466c5e401d08ab,1,cc5c55b85ec65541272bea4b9895add4,32fdd5d44ecb43dfd6a24b9369eca144,2017-03-30 01:43:19,59.90,11.81
29e438b97b6d677fa72eeb836259ac4d,1,c85df3adf4b059fd3292eb6530c9a598,fe1bbc5feda5c8979a8a1b3b2512d5a6,2017-04-14 17:02:17,79.99,11.17
29e438b97b6d677fa72eeb836259ac4d,2,c85df3adf4b059fd3292eb6530c9a598,fe1bbc5feda5c8979a8a1b3b2512d5a6,2017-04-14 17:02:17,79.99,11.17
29e6f39d57976e61801fbb8f266f30e6,1,7a10781637204d8d10485c71a6108a2e,4869f7a5dfa277a7dca6462dcf3b52b2,2017-12-15 17:14:27,219.90,18.79
29f5eee55471690bb64be28bdbb7f11e,1,87283a98b24f9f1ac3a31b631073cf47,cab85505710c7cb9b720bceb52b01cee,2018-01-23 16:49:48,49.90,16.79
2a66d384322fe0cce57c8083d687a79e,1,5ceafdc1d838f693f92b8c2d8c3bdc86,b4ffb71f0cb1b1c3d63fad021ecf93e1,2018-07-09 21:30:56,20.00,50.86
2a80be7c365bb224ec513f04f13c9f29,1,1ff1090afbb3b1a09f61f5e49f0a6cce,7e93a43ef30c4f03f38b393420bc753a,2017-03-02 11:30:17,249.99,12.36
2a9748c25bff8d93dd13a28eced24db9,1,d096e0e170ba78894105effb6d513d97,e8b3a3a38279a82f0e5d006d5e5b7d2c,2018-03-12 22:28:21,249.90,17.51
2aad3ba5eaa0bcda42cc8fec92d395a3,1,f2577870331ed710015cbfb36ce2e027,1d8dbc4f32378d715c717c1c1fc57bae,2017-05-26 15:30:20,110.00,18.02
2ae0d5789dfb9195d410a8b56f7cc75a,1,d239f8cc06397dba9cfb42f9bd6e0377,b92e3c8f9738272ff7c59e111e108d7c,2018-06-20 10:58:08,69.90,23.07
2ae0d5789dfb9195d410a8b56f7cc75a,2,d239f8cc06397dba9cfb42f9bd6e0377,b92e3c8f9738272ff7c59e111e108d7c,2018-06-20 10:58:08,69.90,23.07
2ae4b7aa9e05e499dc71a87e27f0017c,1,f89d2b130b571d24532514dca6fee2a8,8b321bb669392f5163d04c59e235e066,2017-11-29 02:35:24,13.65,7.78
2ae6bf810adb8aa11c97527eb4e62a15,1,14555ba663de8689feacf1d0819cc3b3,dbc22125167c298ef99da25668e1011f,2018-04-19 17:11:11,87.99,18.45
2ae6bf810adb8aa11c97527eb4e62a15,2,14555ba663de8689feacf1d0819cc3b3,dbc22125167c298ef99da25668e1011f,2018-04-19 17:11:11,87.99,18.45
2b016617466b3d768cebf616e68a3983,1,652698dafbccac29d78c7ba70dceef10,44073f8b7e41514de3b7815dd0237f4f,2017-11-22 15:07:00,65.00,9.74
2b0a897dec5e098d39a6aad719ed97a9,1,803668f063859a1f96b67b83b71e86ef,df91910b6a03bb2e3358fa6a35e32f6f,2018-07-19 17:05:17,78.00,19.74
2b29ddaabb47afeacb5daa2c68670baa,1,db5efde3ad0cc579b130d71c4b2db522,4869f7a5dfa277a7dca6462dcf3b52b2,2017-12-20 20:17:45,219.00,16.28
2b6e532558903184200ab657802e5ae6,1,3a4db42aea95097b7a616b36f21d143f,b2ba3715d723d245138f291a6fe42594,2017-12-21 14:31:13,234.90,18.89
2b7737f7accfb9e2ee360963a202eaf3,1,d7d5562fce331ad958ca6f57057b3526,7a67c85e85bb2ce8582c35f2203ad736,2018-04-23 05:55:46,65.99,23.04
2b7d922e73fbd058099b6ff4b33e99f7,1,228f57b1acb5bdce9401c58653c8cc14,7e93a43ef30c4f03f38b393420bc753a,2017-10-06 18:14:22,169.99,17.76
2b851d9512b237dafe33b79cf00c9885,1,d3ceda8c68fb31960dab19adf28e5c6d,77530e9772f57a62c906e1c21538ab82,2017-12-05 22:53:43,99.00,17.94
2b98d5c9b1969095e65f74308ae2e861,1,7958e96171ca669184bf4a085d7deec3,054694fa03fe82cec4b7551487331d74,2017-01-30 15:01:45,177.00,18.53
2b9f8ad9f32e83a7cc84270f04858de6,1,6630485063578b527549697547ed3ed5,1554a68530182680ad5c8b042c3ab563,2017-08-24 19:35:14,29.99,37.90
2bac4f3e8f31c3174e87367649517359,1,2ec3bf1b93f25ee7d82b0f49c5d5927f,c3cfdc648177fdbbbb35635a37472c53,2017-09-19 16:43:58,180.00,17.51
2bcf195f4b476e9e1a4bd6d139db37ea,1,7776d83c2db3d88b275ab95137f7441e,d91fb3b7d041e83b64a00a3edfb37e4f,2018-05-24 17:15:30,33.60,19.32
2bcf5ca88957e31faab027f2325cfd63,1,8c5876b1c7768217964f353bc7e64393,0db783cfcd3b73998abc6e10e59a102f,2017-01-31 12:29:31,49.00,10.96
2bd2241ff5bd59887a8a706c309c5938,1,99f265229d46f700208ad7cb1ff48aae,ea8482cd71df3c1969d7b9473ff13abc,2018-01-18 02:38:38,39.99,7.78
2bd2241ff5bd59887a8a706c309c5938,2,99f265229d46f700208ad7cb1ff48aae,ea8482cd71df3c1969d7b9473ff13abc,2018-01-18 02:38:38,39.99,7.78
2bd6a9cea9df97f5f2d0717bb6307f32,1,422879e10f46682990de24d770e7f83d,1f50f920176fa81dab994f9023523100,2018-05-09 00:12:57,53.90,0.00
2c1c76b055716216ebf282a6e2b7d18c,1,d1c427060a0f73f6b889a5c7c61f2ac4,a1043bafd471dff536d0c462352beb48,2018-05-08 20:53:33,119.00,17.60
2c3eb0fe0135ed9d71065de1e06f8e01,1,389d119b48cf3043d311335e499d9c6b,1f50f920176fa81dab994f9023523100,2018-06-29 03:32:02,49.90,20.99
2c6b178947f5f631ec35f2a04c65c6d0,1,f521813909e310116b6b2f0b11f3dd44,09f952a5f58d2285b0372551ae8f9b01,2018-08-09 21:45:22,101.00,14.29
2c7e5cbdab3bc1cc70b61425a7648ff1,1,c6e513054b982283c1cbbb2a45d02d83,f8db351d8c4c4c22c6835c19a46f01b0,2017-12-21 15:12:43,31.90,11.85
2c9d99ef4b6645ccf36b919ebe2b839c,1,ada800a927673ac73cdfbbd2c832331b,ffdd9f82b9a447f6f8d4b91554cc7dd3,2018-02-16 17:15:35,53.60,22.25
2ccfe5d6558b5a6b11ab972747e26132,1,779471f3320ebf3c8695d3774cd90d98,d91fb3b7d041e83b64a00a3edfb37e4f,2018-01-23 18:17:36,22.00,9.94
2d2bd0487565c23b4bcc0b29a41da55a,1,196616257eff8bc851dc4fc041cbbbe9,701938c450705b8ae65fc923b70f35c7,2017-02-03 17:36:05,103.99,18.00
2d33e2f321b7f676de5d3ab87c08d1ab,1,50b9ed3a22932b28d452c73046083f5d,55a5b51f93f2b70ea513f5a047b0262a,2017-08-10 22:31:58,34.60,16.79
2d48e0823cd1b60fcd0653613d712e27,1,88c20c5a22f2ca169af8cfc2df00a7a2,f08c008c8a8d31417763738a1788a2a8,2017-12-07 14:31:48,69.90,8.72
2d5c2551306ebb8492eb8c36d062f314,1,68c01f1f3e73b30776f7d737f6a012ac,b494891378bd8f4560abe576c52deacd,2018-08-14 22:10:09,144.90,16.11
2d7eb01778411aad90ac1f9b50187b07,1,76d1a1a9d21ab677a61c3ae34b1b352f,c826c40d7b19f62a09e2d7c5e7295ee2,2018-03-29 17:30:53,159.77,17.67
2db89d0e7f0dc38ccf1374a6c51b5b7d,1,af2d506fb01b724e03591349ad36b67e,4b9750c8ad28220fe6702d4ecb7c898f,2018-06-22 00:15:58,48.90,9.47
2dc89150e25e0d36a6b80cea3c8a1290,1,8a6bebed424788f0e8e407bf8789102b,8d956fec2e4337affcb520f56fd8cbfd,2018-05-10 00:52:55,53.99,12.82
2dd3e9627a0cec07b3092f404934ce6b,1,e5bf6ab312403d6e8f45bbdb48fa2fd5,c878515173c84a492ebe50d6b493230b,2017-04-27 18:30:17,310.99,17.39
2dd5f6a66c1d82ee0b8c864ddf9833f2,1,af0a99476d96dcc1a1baa7c0d9ff6b9d,04308b1ee57b6625f47df1d56f00eedf,2018-08-17 04:35:17,527.90,21.80
2de5b68f713b073b77fda04cb4868443,1,1a3c44587dd8d3db5f2447078bc50d75,3078096983cf766a32a06257648502d1,2017-12-12 12:51:11,47.30,12.69
2dedcbba76be1566c5b983e07348d75f,1,a5d722d3c7a01c224625d0881e630503,f8db351d8c4c4c22c6835c19a46f01b0,2017-02-04 15:56:56,51.90,11.75
2e1b58feba35b519cd774e6016c56e19,1,53759a2ecddad2bb87a079a1f1519f73,1f50f920176fa81dab994f9023523100,2018-03-20 19:55:28,53.90,22.96
2e5e827b80515bc21c042a5181e32ec5,1,b8762d562d810c2f8d7ad7e9c12957be,dbb9b48c841a0e39e21f98e1a6b2ec3e,2017-09-15 16:05:09,29.89,12.69
2e782e419da1d80f6d1b9c7eb67b6dde,1,142edaf86e4eb5d0f928534667ab63f7,53e4c6e0f4312d4d2107a8c9cddf45cd,2017-09-28 00:30:18,42.00,17.60
2e7f2a6731020cda16dc217491d631cf,1,6435535083cf42eb1ce5d96f2c4d3482,7142540dd4c91e2237acb7e911c4eba2,2018-01-08 11:11:10,59.90,19.66
2e931584519b7ebc7b1a445a4f7cd8f1,1,b18040a8b795afd0802abd9c3755ea64,c864036feaab8c1659f65ea4faebe1da,2017-12-11 15:21:26,149.90,25.89
2e98befb6d10b5b83de9d9b4a6f836f9,1,f69c0a81b54c02376872d8bab620c55c,12b9676b00f60f3b700e83af21824c0e,2017-10-27 11:56:15,199.00,47.92
2e9a02fad8f4629cc049053cca7a9a1c,1,913803e9e4b81c3fed4841cbbfdc59fd,218d46b86c1881d022bce9c68a7d4b15,2018-01-31 02:53:21,120.00,13.18
2e9a694ad185420c2ac7461d41f35ed7,1,ebee6703e867082f455a058a8bd04092,fc906263ca5083d09dce42fe02247800,2017-05-29 15:50:23,39.00,15.79
2ec517892d22fd59d39b4cfa2a69637b,1,19c91ef95d509ea33eda93495c4d3481,06a2c3af7b3aee5d69171b0e14f0ee87,2018-08-21 17:45:11,122.99,25.21
2ec63bd84c4e873ee8bf8786f4942673,1,4298b7e67dc399c200662b569563a2b2,9c0e69c7bf2619675bbadf47b43f655a,2017-07-26 19:10:13,179.90,10.00
2f184c1f767b1dab8ce9aefda0db5b33,1,5cd07c84a1c25575ac2fc3fa73f1d952,86bb7c4b535e49a541baf3266b1c95b1,2018-01-18 08:28:17,597.90,21.44
2f29cfa739331301e37ea8e0cc5c863f,1,7f4e034245e45549110139d1de248f83,4b9750c8ad28220fe6702d4ecb7c898f,2018-02-25 23:30:27,48.90,9.74
2f3eedb1154600a40d3529dd83441775,1,de9305867467640bebc680708d43f27a,87b740daf17b5d1be335a64164ec6842,2017-05-18 20:45:11,1299.99,58.76
2f530dde74c88c4df00b7767e76f7542,1,dd0dcee76f9c12fff4bc0eb641d57c7f,8b321bb669392f5163d04c59e235e066,2018-04-06 13:50:01,23.70,8.29
2f61fac6b8c3e6dc71dc0999144e6ffe,1,8b1c8d92f0eece60d9b05532d2b88184,d50d79cb34e38265a8649c383dcffd48,2017-09-01 20:45:17,327.99,57.82
2f7b0d36ffcaf0277583329ded34c97d,1,642a40d4d73b4b2604968937de13634a,d2374cbcbb3ca4ab1086534108cc3ab7,2017-03-29 11:44:39,12.90,12.18
2f7b0d36ffcaf0277583329ded34c97d,2,0152f69b6cf919bcdaf117aa8c43e5a2,d2374cbcbb3ca4ab1086534108cc3ab7,2017-03-29 11:44:39,13.90,8.52
2f7b0d36ffcaf0277583329ded34c97d,3,642a40d4d73b4b2604968937de13634a,d2374cbcbb3ca4ab1086534108cc3ab7,2017-03-29 11:44:39,12.90,12.18
2f820dfff29d7bd20670d70c9a33ba51,1,86df1e9a07c3d463f6a6c3f776051e9d,cd06602b43d8800bd0afad514919d35c,2017-12-11 17:12:17,116.10,33.26
2f881be41e2ead562c1aa96d274fde55,1,9328c3a5c42ae7b32d53e419f9b93d66,cca3071e3e9bb7d12640c9fbe2301306,2018-05-02 12:35:26,48.09,13.71
2f972348117659ed047953f60257c3cd,1,bdb4be6ce2f7f2b5be0a16088028c7fc,955fee9216a65b617aa5c0531780ce60,2017-09-18 22:15:13,85.00,20.08
2fc4990b9de2806b1e361d39937c113c,1,e40873fb50963a123c7930e3bd2f9bae,33d677f27a69b84051204ee4ae76eaca,2018-04-11 21:55:15,14.90,18.23
2fd573eea535b447eea60a9b4aa2603d,1,7c88ed4fc8c3ae3a1e08a074cbfc9a88,0bebbb2cea103a4a020c95d43fd7d754,2018-08-27 17:31:06,217.90,25.61
2fd7d8e43a256d464a02dd7bbe8cb125,1,e2095018c250b68d73a98ba81f1e5f59,edd066cd02126d7800f9b66e980e9931,2017-09-08 18:04:24,108.00,31.51
2fe9c43306d90b933dc4efadb0f852ff,1,cc971e0365873137b8bef2ebad633e6f,7a67c85e85bb2ce8582c35f2203ad736,2017-05-29 17:15:18,229.99,18.86
2ffc25e4c67c5d5ad8a0142b8f542d4f,1,e5eadf9be70a4a9fa514019542fc330a,4559697a8f7e637227c2eeaed843baff,2017-10-02 03:56:32,69.90,17.74
3005c05dbcb19ff903a28b5d654bb1cf,1,4fb3bad6b502eaca3b6d7d87bc1613a4,45d33f715e24d15a6ccf5c17b3a23e3c,2017-01-29 16:57:30,59.90,11.81
30189c9fc2174b8677dd06fda47c097a,1,1d4de03a6141ce2a2ae5a97f51cabb37,17306570e772e7718c92a562d33f5f1d,2017-12-06 11:55:23,219.90,17.17
30192988070ccc8d5f5d40aad62b8ed4,1,141807ad4a13efebac9bbd9609137182,968268a686aa05d1f529fb07dff08130,2018-06-28 18:39:26,149.99,14.63
3029ae44ec91ac6c793566e668db93cd,1,d37abf50cce5bcd682830a357783622e,6cd68b3ed6d59aaa9fece558ad360c0a,2017-06-22 15:42:58,97.90,38.24
303deafb916b70339ff5c11be8039888,1,474bb6b54fc608ca71059a6c4f7ecda3,8b321bb669392f5163d04c59e235e066,2017-11-30 12:12:56,21.90,15.79
3068ff17db7d22d0a343f06ae2687c5e,1,b3cf0a98f31b76ed0cec13d9c77102c4,1bb2bdb95f4841f1bba2c0d2cd83d3c9,2018-03-22 11:30:23,27.93,8.29
30abb2f439ba28a74be74a347eb3a6e0,1,4281803fa72c51eef83d338cc2fbfa7b,f593898ec748b7a8cb81fc04edafd98a,2017-12-14 21:54:02,170.49,46.87
30c902056ce61a4404a706f9dc06b4bc,1,d4d1de9db08cae166ea1a506ea87769b,70a12e78e608ac31179aea7f8422044b,2017-03-03 18:05:13,20.00,10.96
30f0086bfe1b046a524f8acf1d3eaa11,1,a076986c6dbcb66fb479167aa5a1b68e,670c26e0f1bf8d0576271d5cfaec6d2b,2018-04-03 02:48:01,98.90,14.77
3103926e92e716e11f3f4920b70428d8,1,53759a2ecddad2bb87a079a1f1519f73,1f50f920176fa81dab994f9023523100,2018-04-30 03:31:34,53.90,13.46
3110fc0996c37031e67f3d28cd9b854c,1,84dacba9d49f304ee015bc094083df20,32b8764b4ef628b53608fc34011fcc13,2018-08-23 16:15:23,395.00,133.52
3127891eb38cfdbbe6d5603c658c1509,1,4eaa9539b7777049d7b8451cf44fd967,897060da8b9a21f655304d50fd935913,2018-02-20 10:07:56,41.50,11.85
31328a81d4ea41d47dc777dcbd88f222,1,c6dd917a0be2a704582055949915ab32,7a67c85e85bb2ce8582c35f2203ad736,2017-06-16 14:05:21,99.99,17.27
3139cd96bee99e023a4a899b9ffc5de4,1,10d196ec072e2d8382c7ec9c942d7ea8,d12c926d74ceff0a90a21184466ce161,2018-01-23 14:58:23,24.90,14.10
31419a94f3447056848ea2a664a7ef72,1,9c5cec867c62c0ec4674b002eb1c3e0c,e882b2a25a10b9c057cc49695f222c19,2018-05-22 19:14:24,1054.00,104.99
31426d292a5d34315a18ac11d6eef7eb,1,ef703385b2707af7f9af3e185679811c,a3e9a2c700480d9bb01fba070ba80a0e,2018-01-26 19:36:36,79.00,13.57
3170de33866d3923448fa787230ef7d1,1,87f6e794e8e759e774a4c34590565036,9e6967d3cf386d284251784b18ccb485,2018-06-20 02:31:14,87.99,16.81
31725408e39733c6fbccf9559d25f0e4,1,6e1b14d3cbb5fb3a2c00351007127dfd,7a67c85e85bb2ce8582c35f2203ad736,2017-11-01 11:35:28,239.99,24.55
3175edf02fcecf739fa306e493b283bb,1,c9c455f9fd8ca66d3ff7f90a249753b4,96804ea39d96eb908e7c3afdb671bb9e,2017-12-01 14:19:50,109.95,16.53
317bfcd79627d89d54a917da6e066beb,1,2e511b5741ab14e7f5294df6f1310b03,00fc707aaaad2d31347cf883cd2dfe10,2018-03-22 10:15:50,110.00,13.89
317fb26a1a8a29eb9d6e36996afcffc2,1,ed5122a6a757a4fea8f32a6fb95a5135,00ee68308b45bc5e2660cd833c3f81cc,2018-02-01 02:41:26,110.00,11.97
318cbbe8d7e81a3901639555be1e8041,1,ebccaf8ddfeb6858f6cf417708159453,4091f77d8c768fc3e81c20761471761d,2018-08-13 11:44:51,75.00,9.28
31ad4814ceda6fbaf80287df5e35073c,1,817e1c2d22418c36386406ccacfa53e8,624f4ece8da4aafb77699233d480f8ef,2017-12-06 11:11:07,159.00,16.82
31d97e07fe8d91fbea9cca127739d2f5,1,b4f9530c931398e215242293c2c8ba4c,70a12e78e608ac31179aea7f8422044b,2018-05-14 20:30:28,90.00,13.07
31f9d6ac65559c258f1992bd34d10e02,1,777d2e438a1b645f3aec9bd57e92672c,4a3ca9315b744ce9f8e9374361493884,2018-01-26 13:50:56,69.90,17.74
320663ce04c21d3c2df2e5097f90695a,1,bd7cab8de4d7943286634023cc06f8ff,855668e0971d4dfd7bef1b6a4133b41b,2018-04-27 09:52:13,225.00,36.72
3211a50b2771974d1a3a57054cca7dbb,1,3fbc0ef745950c7932d5f2a446189725,06a2c3af7b3aee5d69171b0e14f0ee87,2018-05-10 10:30:07,64.99,27.51
32219b8b14d2170cb4d16cf24c5d6025,1,4a300735bc293723103db0d0c1bc1585,6f892e20a171e98efe17fdb971ff319b,2017-10-27 02:56:38,70.90,14.25
32339685fefe9062d33175a4bc12d555,1,a8557b8cc2880e245f6e7b7dbb0cfb04,0adac9fbd9a2b63cccaac4f8756c1ca8,2017-01-26 20:25:54,32.90,10.96
323dad8c483c7f8b818a825d257f4aa0,1,152153cc85a6e47325494a479a93fc4b,2138ccb85b11a4ec1e37afbd1c8eda1f,2016-10-11 10:16:04,29.90,8.72
325aaded48f3d27932d49793acc90b9b,1,b0c1e71a37e29bd3d463eb93e4861c6a,1caf283236cd69af44cbc09a0a1e7d32,2017-07-25 18:43:42,21.99,9.54
32931b358e8eb9042cf278a4e233321f,1,21fd3b391a97c2fedab9d0efdd183a93,9de4643a8dbde634fe55621059d92273,2017-07-10 04:45:13,488.99,23.91
329465dad46fffab333860e92e7ac984,1,92c1eb75a887a500d9689fbad65e27e3,7c67e1448b00f6e969d365cea6b010ab,2017-02-03 22:14:53,199.98,25.00
32ee8636a1273b8d63c0bcedaba76ff0,1,aca27d7a91bfb10489d3e1aae184d137,e06f09ec0a4aca210779cf1cfc63cf19,2017-12-28 02:12:40,155.00,16.85
32f0db75abd9599736ef815f021c684f,1,fc1449f3ffc59fd2eb9640505aea0581,25c5c91f63607446a97b143d2d535d31,2017-11-21 03:50:31,149.87,18.30
32f0db75abd9599736ef815f021c684f,2,fc1449f3ffc59fd2eb9640505aea0581,25c5c91f63607446a97b143d2d535d31,2017-11-21 03:50:31,149.87,18.30
32f0db75abd9599736ef815f021c684f,3,fc1449f3ffc59fd2eb9640505aea0581,25c5c91f63607446a97b143d2d535d31,2017-11-21 03:50:31,149.87,18.30
32f7089f715424548bd5307fded896d3,1,85fa36e792c259f4f0022c6966c50c1c,218f991754f360af9c2daa5e0b8e990c,2018-03-09 16:09:33,199.90,15.15
33053ee45764f34778295ba8a0a4131d,1,d696750e550fd0f733979dd7e5dff921,9de4643a8dbde634fe55621059d92273,2017-11-27 12:09:59,177.99,17.01
330a8410950e2c8bd89631999a37b2c9,1,95dacbf52db1d378303344b43f821cb6,cca3071e3e9bb7d12640c9fbe2301306,2017-01-29 18:02:48,129.90,17.65
3312588178a16638759fca54495ef50d,1,6df665a20caa80a66804f836165bbf36,f235413f677777a0738ff215d0184901,2017-01-20 18:36:49,595.99,32.36
3335f13449d5b75804a0a49611cf11a4,1,5b99f79ba0d929b0f3270ab0f0f5911f,b0b346d3a89f5eb4c2968af3f083cd43,2017-12-07 20:32:21,40.00,17.60
338b0cffa439f5e95d42cd30d7ace847,1,8b50377e6ef3606c6e606ca0289d5f34,b37c4c02bda3161a7546a4e6d222d5b2,2017-05-03 08:05:21,175.00,15.40
338d2237cff9d84c960705a68b88c638,1,b68cf84ede4fd1e14b1740de5b727d55,13fa2a6c6b9d0f43cb588d7c82117a12,2017-08-17 11:25:14,459.00,17.97
33adf242c9c30fa2e16fc97d70845487,1,c1678c7353738f1698430b8ea0d6a488,b4f8921fcc4ff77b66bea6dda43dcd51,2018-06-28 12:14:39,599.99,23.11
33cd2b3de2ec32a78518fd9a66c98641,1,7c4a8bec217df1de0df2b5aaf8175b65,7040e82f899a04d1b434b795a43b4617,2017-11-17 11:10:36,19.90,7.78
33d1c541fe62cc7e7de82f1a6f7209f1,1,1f9210c9ed7b87ba42a048f297fbeb03,334cab711dee080b079fa5779b584783,2018-07-09 19:55:13,49.90,15.45
33d1c541fe62cc7e7de82f1a6f7209f1,2,1f9210c9ed7b87ba42a048f297fbeb03,334cab711dee080b079fa5779b584783,2018-07-09 19:55:13,49.90,15.45
33d1c541fe62cc7e7de82f1a6f7209f1,3,1f9210c9ed7b87ba42a048f297fbeb03,334cab711dee080b079fa5779b584783,2018-07-09 19:55:13,49.90,15.45
33ec97b423d769023dbd71f138aca94a,1,7c20caef078d055077dcf2c8a6f49b46,25e6ffe976bd75618accfe16cefcbd0d,2017-11-06 22:06:47,340.00,5.47
33ec97b423d769023dbd71f138aca94a,2,7c20caef078d055077dcf2c8a6f49b46,25e6ffe976bd75618accfe16cefcbd0d,2017-11-06 22:06:47,340.00,5.47
33ec97b423d769023dbd71f138aca94a,3,7c20caef078d055077dcf2c8a6f49b46,25e6ffe976bd75618accfe16cefcbd0d,2017-11-06 22:06:47,340.00,5.47
33ec97b423d769023dbd71f138aca94a,4,7c20caef078d055077dcf2c8a6f49b46,25e6ffe976bd75618accfe16cefcbd0d,2017-11-06 22:06:47,340.00,5.47
33ef079ec39c1b46e6e552e038e67c5b,1,ace5d86cf1ac63cdb76f49e5cd23d2f8,cca3071e3e9bb7d12640c9fbe2301306,2017-01-25 18:57:33,50.90,11.75
340e1daf0ffd056453544ca71b501098,1,e8b54d5aeae0ec3077cd89301a9c6023,50c9975695009e5e6473912e83a6d1da,2017-03-30 20:50:17,22.50,25.85
340e1daf0ffd056453544ca71b501098,2,e8b54d5aeae0ec3077cd89301a9c6023,50c9975695009e5e6473912e83a6d1da,2017-03-30 20:50:17,22.50,25.85
340e1daf0ffd056453544ca71b501098,3,e8b54d5aeae0ec3077cd89301a9c6023,50c9975695009e5e6473912e83a6d1da,2017-03-30 20:50:17,22.50,25.85
340e1daf0ffd056453544ca71b501098,4,e8b54d5aeae0ec3077cd89301a9c6023,50c9975695009e5e6473912e83a6d1da,2017-03-30 20:50:17,22.50,25.85
340f19321c9eaa5865ffcd8f90e7530d,1,41ae9f1ae64408cbe2b980a3227f04b3,32fdd5d44ecb43dfd6a24b9369eca144,2017-04-03 21:23:02,59.90,15.63
341dc4ea81fabe7de6af564b72fcf3e2,1,d76c049f36a5b4975aa3cf095a6fa499,3bb548e3cb7f70f28e3f11ee9dce0e59,2018-07-10 16:31:58,124.85,37.78
341fde35809d4cdae709b875a0040b23,1,d22625c4bd160a54f96629f139153c74,c3cfdc648177fdbbbb35635a37472c53,2017-11-13 22:15:25,159.90,36.48
342ef067ff890d38864730c89a8776ff,1,f788dd44fc883f0664693a6dea50437f,3d871de0142ce09b7081e2b9d1733cb1,2017-09-04 17:10:41,39.00,16.11
343d749914bab05f8c752813a075ef36,1,c94d19d021d4a8fbae5a45f904aeea90,701938c450705b8ae65fc923b70f35c7,2017-02-04 21:39:15,103.99,37.24
3443749ed04d4b33597a21fc22e24a4b,1,ff7fccf8513f360157f0660fe51d1d88,440dd6ab244315c632130ecfb63827b1,2017-09-20 19:10:21,159.90,38.67
3453b206c6aec2e9dcb09d2cea15e7cb,1,f07dfd51b27ae763526ca43745920b7d,3771c85bac139d2344864ede5d9341e3,2017-08-16 10:50:21,14.90,8.27
3464107c541f0583d599cc7d335cb9c7,1,b7277571c3b0c8900e528b94ad5a05dd,8581055ce74af1daba164fdbd55a40de,2017-05-03 09:38:10,88.00,15.73
34658a3acc2e95feb3382c78cbc1564c,1,8cc4fe56312075f8c29550fcd66b0fa9,79ebd9a61bac3eaf882805ed4ecfa12a,2018-02-21 22:55:37,49.90,16.11
346cd3685987f63655b81288de9e577a,1,93ad397044e27dfead96813e2f895acd,86ccac0b835037332a596a33b6949ee1,2017-11-17 03:06:45,59.90,15.17
349419805b6735ed9a2cf737205fae53,1,c9c6fde711572c1ad99ca12728c6af00,562fc2f2c2863ab7e79a9e4388a58a14,2018-02-26 07:07:26,29.99,7.78
3498a243e9fe88c9c4ce97bf7fa4617c,1,bf80e0bf47dacb5f19bac03656bcf4bc,e5a38146df062edaf55c38afa99e42dc,2017-01-28 17:15:56,16.90,11.74
34a1e7e0bd6987d552a7b050ad68a314,1,3f2146831fb32311f584fd931a0d51ad,725c32fa80c2faacc4fc88450d27314e,2017-05-22 03:15:34,159.99,9.93
34ae480fe2cec3fa921d33b72b32572a,1,e932008cf0ea7c93a077dd8d7e5f49eb,fcdd820084f17e9982427971e4e9d47f,2018-08-21 02:50:04,190.00,17.66
34ae480fe2cec3fa921d33b72b32572a,2,e932008cf0ea7c93a077dd8d7e5f49eb,fcdd820084f17e9982427971e4e9d47f,2018-08-21 02:50:04,190.00,17.66
34ae480fe2cec3fa921d33b72b32572a,3,e932008cf0ea7c93a077dd8d7e5f49eb,fcdd820084f17e9982427971e4e9d47f,2018-08-21 02:50:04,190.00,17.66
34aed6e4313d7573b0d3b459f3a805ea,1,588531f8ec37e7d5ff5b7b22ea0488f8,53243585a1d6dc2643021fd1853d8905,2017-11-08 07:06:26,1437.00,52.47
34b1c1b1fca85eecadd97c4612423897,1,fa7e460c8ef762c029b4042723e481c7,034b9387752bfa309f350a70cd45ffa3,2018-04-23 16:52:07,12.00,18.23
34c3abee8d77fe0a974fdfa816078235,1,4af7719ff3907f9e7f11a7652dfe5d90,93b9a99027bd8bd6af682aff18dd19bf,2017-08-28 12:05:34,175.00,12.43
34cc8cb419e5e8ffe6a5090b551dbf61,1,e034c021254ff4d8da4e936e047967af,6b15924333bd1a741595fe981ea04822,2017-06-01 02:55:08,23.70,7.78
34d0b73ffe40c22d8537270e7ffe7517,1,a4167d08b603cb1a06a87a41c9f3adbd,c878515173c84a492ebe50d6b493230b,2017-11-14 20:07:01,16.90,16.11
34d91b022de394cf98320a2109457501,1,df371be2e5f40ffec4285926ae7ebcd1,013900e863eace745d3ec7614cab5b1a,2018-04-19 16:52:52,98.50,23.62
34f4394bcaeb05083b670513b73961c6,1,e0d64dcfaa3b6db5c54ca298ae101d05,4869f7a5dfa277a7dca6462dcf3b52b2,2017-10-02 04:07:17,158.00,21.60
34fa619907e44766d5119a7ac48c56de,1,c6dd917a0be2a704582055949915ab32,7a67c85e85bb2ce8582c35f2203ad736,2017-05-17 13:15:14,99.99,17.27
34fa8bc180c03d1b4c70250bca0adace,1,ceae7ba6df69ce2b3d1ec03bcfafc31a,7142540dd4c91e2237acb7e911c4eba2,2018-02-01 11:36:25,89.90,13.65
34fdc362961364d3ff08986ccff2212d,1,3abb0e27cb9374f334c59074d868bcbe,9906e7aa42a3c067b7c9a564d01c4320,2018-05-14 17:55:23,95.70,13.98
34fdc362961364d3ff08986ccff2212d,2,f0c1c1d5ec61ce4c4846abd4283631df,a5a1bfcf728ab0e19182959cf0771ee4,2018-05-14 17:55:23,59.90,13.98
34fdc362961364d3ff08986ccff2212d,3,4715eb4e21b1833327567e8c62ce5790,c240c4061717ac1806ae6ee72be3533b,2018-05-14 17:55:23,59.90,13.99
34fe5a39b9e65ac47aac2872c3538c41,1,a7c73814e6894bc049f7aac7d37f7175,6f892e20a171e98efe17fdb971ff319b,2017-11-07 16:35:15,254.90,9.98
350aad4e4bc8240326121102708f0504,1,44a34214a57dc373dcd80f54c919d006,7008613ea464bad5cb9b83456e1e6a8f,2017-05-31 23:50:13,29.50,16.79
350aad4e4bc8240326121102708f0504,2,44a34214a57dc373dcd80f54c919d006,7008613ea464bad5cb9b83456e1e6a8f,2017-05-31 23:50:13,29.50,16.79
350aad4e4bc8240326121102708f0504,3,44a34214a57dc373dcd80f54c919d006,7008613ea464bad5cb9b83456e1e6a8f,2017-05-31 23:50:13,29.50,16.79
350aad4e4bc8240326121102708f0504,4,44a34214a57dc373dcd80f54c919d006,7008613ea464bad5cb9b83456e1e6a8f,2017-05-31 23:50:13,29.50,16.79
350aad4e4bc8240326121102708f0504,5,44a34214a57dc373dcd80f54c919d006,7008613ea464bad5cb9b83456e1e6a8f,2017-05-31 23:50:13,29.50,16.79
350f47d61d589f6218bff053db95fe62,1,837f3d09b625825bd84bfccb1f51d8be,6df688df543f90e9b38f4319e75a9d88,2017-02-04 13:01:10,11.63,17.35
350f47d61d589f6218bff053db95fe62,2,837f3d09b625825bd84bfccb1f51d8be,6df688df543f90e9b38f4319e75a9d88,2017-02-04 13:01:10,11.63,17.35
3517c4c24184e3c518a1c8319dc60765,1,d401d9445df5a515a304b386278b4844,afe0067131b73e40875c9b6c10bd2e21,2017-09-13 11:25:21,119.90,21.33
352c07bd942e2c6def34464d7d84469a,1,d04bbac48960ecb7ea311b00ca6e1cb7,0dd184061fb0eaa7ca37932c68ab91c5,2018-04-12 13:10:08,104.00,14.72
35444785eacb17aeda6810ebd8dd188e,1,f2a4a74038882bf1adc8a466962559ec,6edacfd9f9074789dad6d62ba7950b9c,2017-01-24 10:47:03,51.90,16.06
3568894fa3afedc367d3a4816983dceb,1,dfb92838905ead933a01256a80edc894,76d5af76d0271110f9af36c92573f765,2017-01-28 15:59:17,320.00,19.53
356fd0826eb73e2f62ab842bfe38b4c3,1,06f0e85c7892d5df893f332706340af1,3d871de0142ce09b7081e2b9d1733cb1,2017-11-15 22:50:27,179.00,32.28
35837feff69c830a990c5ecae625bab5,1,edd268662f0b2a4f131cf4690ca6cbc8,b2ba3715d723d245138f291a6fe42594,2017-02-17 16:49:29,294.90,12.24
358691d1ca37befc409b28a20817ed0a,1,c7e02747ef9366a4fb7f4ac4fd261c36,974cf2cb8f4b7add98709c30df02fe10,2018-02-22 19:26:49,119.99,18.09
36103705d12a975b5d3355253253f7c1,1,504f07e36481e5e72043def3d874b92a,2e1c9f22be269ef4643f826c9e650a52,2017-11-14 14:30:32,89.99,16.39
3611e9793009655c4d1350655211953c,1,f0f25035bed5ba1a75a678c0f9f09190,1554a68530182680ad5c8b042c3ab563,2017-06-26 10:50:31,62.90,17.69
3630513f30286ed696e4a2e36c79ae3c,1,e0b0974d4a06e6bd75b1412858f39da3,38e679b9e0064cd94c6f035707344dae,2017-02-02 19:17:41,87.74,18.00
364d9b97d95d0b5128f8c03467a03f04,1,3354a4e684f5e7199f9407db70ccd92b,7a67c85e85bb2ce8582c35f2203ad736,2018-05-15 16:58:45,89.99,13.92
364ea3582bbe134bec58a6e192aa6390,1,668b1e2b9471f837ba1797832e3f2012,36a968b544695394e4e9d7572688598f,2018-06-29 05:31:13,34.90,18.34
366ad1dd93fb7f77b686017bc779447b,1,06c6e01186af8b98ee1fc9e01f9471e9,fc906263ca5083d09dce42fe02247800,2017-09-08 10:44:26,29.90,15.10
367cead10022c703e2a1529c52699ac4,1,cfd414b4463647f58c7775eaae06893d,f8db351d8c4c4c22c6835c19a46f01b0,2017-04-04 13:05:46,98.90,14.86
369634708db140c5d2c4e365882c443a,1,d83509907a19c72e1e4cdde78b8177ec,94e93ce877be27a515118dbfd2c2be41,2017-06-22 23:10:19,39.90,11.85
36e694cf4cbc2a4803200c35e84abdc4,1,b5466db4cecf95c3c1be0ba32538ce1a,9f505651f4a6abe901a56cdc21508025,2018-02-23 14:50:37,14.99,7.78
36eb3c711e799624b2138786f704d202,1,b97f763397091be9d344874e6cd31028,ea566164622c6b439516ab18062c42cd,2018-05-17 20:10:20,129.00,8.67
36ee5e5872c5ae9c20647fcc29511b56,1,5f4a2dd6b0e07a858c761e41abc8ec8c,d566c37fa119d5e66c4e9052e83ee4ea,2018-05-14 19:53:01,67.90,18.41
371d3a892917017b32ada644ba1f301d,1,eaa53c85856d19bc9f611f5628b4ce7b,ac9b01377919cdbd2a1bbb8d5837c70b,2018-08-09 19:05:18,55.90,23.54
372fc04e6d43eb870979226848fa93a1,1,f25bbb88c1a219c21b1af6b99895b960,aaed1309374718fdd995ee4c58c9dfcd,2017-09-28 02:25:22,65.90,27.00
3749ffb24b4dec6d0cab14cb31e4fa94,1,49196a215bd6514843cebf65ebbe52c0,17e34d8224d27a541263c4c64b11a56b,2017-11-21 13:26:23,196.50,17.20
374a125372cffb30e8e2df55f8448da4,1,42a2c92a0979a949ca4ea89ec5c7b934,813348c996469b40f2e028d5429d3495,2018-02-12 02:55:44,58.90,14.13
3756637ed2fc243af380469a2aa5384c,1,608b018a4443a457a5cd1e58de213cb2,93b9a99027bd8bd6af682aff18dd19bf,2018-02-14 11:12:58,27.00,8.72
377ed239c64b69ab76ed4d18bdf76958,1,52e07ce385c39e2c591f040dea409c23,55d3daac7c404d59e51c2aa2f4dc5a23,2017-08-17 16:35:18,89.90,25.14
3784bc92c8ff0ca207ed55629e5df7e9,1,2fea0f2cec6b6324a277d4a61c2ed2c6,beadbee30901a7f61d031b6b686095ad,2018-07-16 10:31:51,70.00,7.75
3786374eb6f56d00e96bf7511002cd00,1,1dec4c88c685d5a07bf01dcb0f8bf9f8,712e6ed8aa4aa1fa65dab41fed5737e4,2018-03-22 23:30:26,589.00,54.19
378e9f1b518253964f1e82f349d90b7b,1,127d3b28487be63864af02f25333decd,b76dba6c951ab00dc4edf0a1aa88037e,2017-05-08 16:45:17,12.97,10.96
37921782093cc3bbeec6354572683718,1,a4aa7c1427c31344e5f7cc3d839fe562,66922902710d126a0e7d26b0e3805106,2017-11-21 10:06:39,110.00,58.94
37a7476e58da10721b5e55ba4be6807d,1,dc36a7859b743d8610a2bbbaea26ece9,191d55f7edb8524d525ed01b20fe32e8,2017-12-12 20:33:01,249.00,9.33
37a7c67354a15ed78011b5e51306b221,1,72d3bf1d3a790f8874096fcf860e3eff,0bae85eb84b9fb3bd773911e89288d54,2017-12-26 09:56:57,38.25,17.92
37a7c67354a15ed78011b5e51306b221,2,72d3bf1d3a790f8874096fcf860e3eff,0bae85eb84b9fb3bd773911e89288d54,2017-12-26 09:56:57,38.25,17.92
37a7c67354a15ed78011b5e51306b221,3,72d3bf1d3a790f8874096fcf860e3eff,0bae85eb84b9fb3bd773911e89288d54,2017-12-26 09:56:57,38.25,17.92
37db66be8ce4684e201e94e4ce19944d,1,1175dc374bce5c9d93c4d4281d8d85d7,8444e55c1f13cd5c179851e5ca5ebd00,2017-10-03 17:43:56,79.00,16.31
3818dcc3b7bd25996c0f1684437f019b,1,3933e8a85308e9e9e9bc428355ba203e,4a3ca9315b744ce9f8e9374361493884,2018-01-09 00:14:28,90.10,12.97
38191a080c6c22b7c4268a2d51a8ac60,1,f18ab2ae5b32acd3afdaa8c5f96087ec,0be8ff43f22e456b4e0371b2245e4d01,2018-03-08 02:50:50,49.90,15.10
3824c33989b707cc0b0f7fe2b86df7f5,1,3c7426b4df1386b6b355a5fa6bf85873,381c83fdca332ea6afd896da20bf6e4a,2018-04-02 07:07:41,101.00,32.63
38303a6a61c69a067203b03e3e839e3e,1,51ce083cd2b9078656a94655ab45b8a4,da8622b14eb17ae2831f4ac5b9dab84a,2018-01-24 23:20:13,199.90,17.03
383730d8be253fb34891920a417f2861,1,620ea491128bf83c51950ac006de001d,6d66611d7c44cc30ce351abc49a68421,2017-08-07 11:30:12,139.90,18.03
383730d8be253fb34891920a417f2861,2,df306b9d83f3a792369ff3360475936a,6d66611d7c44cc30ce351abc49a68421,2017-08-07 11:30:12,299.90,40.06
3840fe9112c9177e852ff72b8c6af01e,1,75d6b6963340c6063f7f4cfcccfe6a30,cc419e0650a3c5ba77189a1882b7556a,2017-12-21 21:50:23,56.99,15.15
3860898db238028285b1e05b5ab31238,1,c04b8195870068ff5c495f269a0bc993,ba143b05f0110f0dc71ad71b4466ce92,2018-07-24 08:55:29,48.99,19.53
386a7bf9de133efa1516c4145330f3a6,1,d04857e7b4b708ee8b8b9921163edba3,9f505651f4a6abe901a56cdc21508025,2018-08-02 04:05:50,74.99,15.63
387016f36a926f6d861f812a8aeccffb,1,b623b7cb05ee3248fbe4a6ecbeed79a4,7aa4334be125fcdd2ba64b3180029f14,2017-12-13 17:32:17,70.97,17.75
387016f36a926f6d861f812a8aeccffb,2,b623b7cb05ee3248fbe4a6ecbeed79a4,7aa4334be125fcdd2ba64b3180029f14,2017-12-13 17:32:17,70.97,17.75
387d6eb2681cc0d53bf68df6845a729a,1,877037e9f558d11ce22f3224771fd12f,a3a38f4affed601eb87a97788c949667,2017-02-15 16:52:47,159.90,16.33
387d999316bb3a42822318138fb1b0e0,1,9545d45c37449ccbc376de3a04c66e71,431af27f296bc6519d890aa5a05fdb11,2018-05-09 17:31:29,135.90,10.53
388093f2361bae7f871b80bf9673e2ee,1,43f88c8353708451babf9bcdd1fda92a,cab85505710c7cb9b720bceb52b01cee,2017-06-22 16:10:12,49.90,7.78
38a5a268ed9f84995c960ba876ab6952,1,e9a69340883a438c3f91739d14d3a56d,1b4c3a6f53068f0b6944d2d005c9fc89,2017-04-18 16:25:23,169.90,27.62
38c2b634e9399138e8c5e726ddfe765d,1,ec96b7b4e1401281edb9465d0d689cae,5011f0d93373a4c5753adf58ca77af8d,2017-09-27 02:45:32,34.99,17.60
38c2b634e9399138e8c5e726ddfe765d,2,ec96b7b4e1401281edb9465d0d689cae,5011f0d93373a4c5753adf58ca77af8d,2017-09-27 02:45:32,34.99,17.60
38c2b634e9399138e8c5e726ddfe765d,3,ec96b7b4e1401281edb9465d0d689cae,5011f0d93373a4c5753adf58ca77af8d,2017-09-27 02:45:32,34.99,17.60
38c2b634e9399138e8c5e726ddfe765d,4,ec96b7b4e1401281edb9465d0d689cae,5011f0d93373a4c5753adf58ca77af8d,2017-09-27 02:45:32,34.99,17.60
38dea96735b5f6e74378a68f84099233,1,d16a25f576e1296fd955eb4136323f21,e9779976487b77c6d4ac45f75ec7afe9,2017-12-14 02:54:06,190.00,9.07
38e0e9763bb6c91f55550e6d8555c78b,1,ba9f160a6ae1c23f25d690fd06fe4fd8,ac3508719a1d8f5b7614b798f70af136,2017-11-17 16:46:33,99.90,49.23
38e3895efc70d2d46a3b967b8781368a,1,99a4788cb24856965c36a24e339b6058,4a3ca9315b744ce9f8e9374361493884,2017-05-08 16:02:15,89.90,14.80
38e9145bfbed86212bf884f4a8420fcd,1,eecc2c78b528d8073b4f1c4bddf92aae,897060da8b9a21f655304d50fd935913,2018-01-15 10:32:47,29.00,16.11
38eb881851d90ec36b46d10b81792089,1,aad225c687cc75ba1148d41f2ce414c2,2f4b9d112bfa44a214bc6cef085d17c8,2017-01-31 09:29:40,18.90,17.19
38eb881851d90ec36b46d10b81792089,2,aad225c687cc75ba1148d41f2ce414c2,2f4b9d112bfa44a214bc6cef085d17c8,2017-01-31 09:29:40,18.90,17.19
38eec5bb3f0c72a0441c485a07bd99b5,1,422879e10f46682990de24d770e7f83d,1f50f920176fa81dab994f9023523100,2017-11-30 01:38:45,49.00,17.64
38fc09accaec15642b3f2ce5fc46ebb0,1,19c91ef95d509ea33eda93495c4d3481,06a2c3af7b3aee5d69171b0e14f0ee87,2018-08-23 04:50:32,122.99,30.11
38fd57a781f31c3c00a012db1e52f6fa,1,3fbc0ef745950c7932d5f2a446189725,06a2c3af7b3aee5d69171b0e14f0ee87,2018-04-27 18:32:28,64.99,19.14
3908808de1bc14e2592cbdd80fd41729,1,e54464e95c9fb80e4edefa0ba49133c1,8f119a0aee85c0c8fc534629734e94fd,2017-05-15 23:10:23,54.90,15.13
392139c3311c506adf32de8492011f15,1,6ab6d9589ae19abcee458918d4779fae,6039e27294dc75811c0d8a39069f52c0,2018-04-26 11:31:21,169.90,25.99
3937ff0dcfc2d3e0ccf73d9b6521611a,1,777d2e438a1b645f3aec9bd57e92672c,4a3ca9315b744ce9f8e9374361493884,2017-01-28 18:11:44,69.90,26.75
395630df55589c28c5dbf91e72f7ca90,1,94957e92f3bfe1d1b2330039dc803853,1b8356dabde1d35e17cef975c3f82730,2017-02-07 16:13:58,44.99,9.34
397c0e626cd53023d629b5053d222ce4,1,dd231637766e756fd1cf2fd80501fce1,101a3a003516bc11253298b2fad3cb65,2018-07-05 10:55:14,40.00,19.47
399775d0638168dfd529422f995fcc41,1,4d882bfbe6d83c0671d5b2776d46c248,cb5df0dcb9e280b1780e9d589889f2c7,2017-02-02 14:57:59,209.99,50.00
39c6a14b3b53cb560bade12dfc733d11,1,a62e25e09e05e6faf31d90c6ec1aa3d1,634964b17796e64304cadf1ad3050fb7,2017-12-21 02:17:44,108.00,15.52
39dd6ee10ed18591bddeb83c8136dd52,1,3c794d260ad4b5f507a5d90df23523bf,1bb2bdb95f4841f1bba2c0d2cd83d3c9,2018-04-27 18:31:34,24.95,15.23
39fa02e23ac8857769bdcdd496180f7c,1,368c6c730842d78016ad823897a372db,1f50f920176fa81dab994f9023523100,2018-08-14 00:50:07,49.90,20.99
39fa4236f74ce3cf9427df583375b046,1,3e7ca2ff3d372303c5773c8018746fc2,89ad3263c0931c47f976d7c5778e60f6,2018-07-17 21:26:10,69.90,7.75
39fdb37dae517d0d4185d590337aff82,1,5320227c4bd28373213316b78f0f0b44,fa1c13f2614d7b5c4749cbc52fecda94,2017-03-16 12:39:28,159.90,11.73
3a0bae7f6e06392212474608b9093e00,1,786733d317255508bd4d648585977611,3d871de0142ce09b7081e2b9d1733cb1,2017-11-03 03:07:12,69.00,17.73
3a1400b5d4dd3082a4bc8a64d66f6d90,1,1cf0c9095608952cb1c65c4789946375,f262cbc1c910c83959f849465454ddd3,2018-03-27 17:28:20,49.99,15.23
3a1b7d917cc04f710c5afdd8fbbabe85,1,555b27dfb2ed94d001c28e5624dd6961,004c9cd9d87a3c30c522c48c4fc07416,2017-12-04 01:31:28,82.99,17.83
3a242772733bbe85f793b47f375aaed4,1,67fc455b96e0908bc5e0d917237b2977,4200ddf1967c5e41e48db62bc6d4b5ac,2018-04-09 05:15:24,16.90,1.58
3a242772733bbe85f793b47f375aaed4,2,64464a1e471ff30f71b31bad5d656f83,4200ddf1967c5e41e48db62bc6d4b5ac,2018-04-09 05:15:24,16.90,13.20
3a4ce496edcc2323227f5a6726d1ed49,1,8aa6223e400af9c97b07c75993142721,1f9ab4708f3056ede07124aad39a2554,2018-01-18 02:37:40,174.90,31.97
3a53c89c1526bec25191f47b5ab57df6,1,bcb4f6803e8889a70dc5ed14c2f5f785,897060da8b9a21f655304d50fd935913,2017-11-30 16:30:55,45.65,15.10
3a5e90544587e9755b94618af63ab9de,1,173e9fe34bfe97f3a5e6dc57fe897b74,ba143b05f0110f0dc71ad71b4466ce92,2018-05-11 18:31:54,57.89,56.96
3a667f6f00042dac8b2259c2b2c78869,1,99f265229d46f700208ad7cb1ff48aae,ea8482cd71df3c1969d7b9473ff13abc,2017-11-24 18:14:23,29.99,15.79
3a8b1e565c498e2688ae1e60745544d8,1,c784a651cf319526cc7cf854f83cb941,3d871de0142ce09b7081e2b9d1733cb1,2018-02-15 15:29:27,59.00,11.91
3aa2600d02e113fa1145a76a2e90185f,1,aa53b7499856e6df13008f34100cc336,1025f0e2d44d7041d6cf58b6550e0bfa,2018-07-05 15:15:15,75.00,44.45
3aaa9a0f68e9743aef38c75a7cb6d998,1,271f1932e906a6f5e59ffbf12cf04e93,cfb1a033743668a192316f3c6d1d2671,2018-03-05 03:36:47,124.90,23.74
3ac0423d1e7e335f83c8fa3600ae47d7,1,a3fc0390c2d3101f940c0d6e78006e4e,b92e3c8f9738272ff7c59e111e108d7c,2017-02-18 17:04:00,159.90,29.31
3ac2f9ede9c2c9be884248c857c75226,1,2d2600c283c0c1af0528fd84c14a2c28,e48b04bf1aa1ef711caebeb7aede6180,2017-02-12 22:08:44,127.90,23.89
3ac5f81cae4e0191f17d05323fb9ce6f,1,205cf43d203186d5eb440a791a5b7404,d98eec89afa3380e14463da2aabaea72,2018-01-05 21:07:00,29.99,14.10
3ac963599c50b9beedbcebb47eb33af9,1,66921e471530ee0d23a53ad72f49887f,834f8533b2ecb6598dd004ff3de7203a,2017-01-22 14:32:43,70.83,52.21
3ad68235680db3c8a491e0362402fd96,1,97b3b8e8ed22d0ceb3b3c520e806a334,8b321bb669392f5163d04c59e235e066,2018-01-31 08:56:56,14.60,7.78
3b2124c60aeceeefe963adfc35d0310d,1,a5341e3f8155dbb3e62323d3ea289729,ff063b022a9a0aab91bad2c9088760b7,2017-06-08 13:22:44,79.50,20.05
3b3ef4cb2acb79f0af542185bc12bdcf,1,e424f69523d159f82480c01a1ebf9f7e,fcb5ace8bcc92f75707dc0f01a27d269,2017-12-05 02:23:18,145.00,9.83
3b8571d1b976c25db4b555a5f04b1968,1,3f4269f81421aadbfc643a23d5dbf3ff,b4ffb71f0cb1b1c3d63fad021ecf93e1,2018-08-13 21:50:20,19.55,18.24
3bcf5ba4eec8b84af7663e2e261957cc,1,cae79e3b5c787c231543fa415a20b5cc,56642bcb79900e777d68e91915cb4267,2017-01-28 14:23:45,25.00,14.11
3bd5b53dee9d54938f56208bcc03d855,1,e1772099adc6b03202a50a2aae5efb0c,5f1dc28029d2c244352a68107ec2b542,2017-01-28 12:15:42,45.90,20.80
3bdb4a8f9e391c81696a80c1bf7c67ff,1,c43ab4269cbf91b373263db4c2973cad,48436dade18ac8b2bce089ec2a041202,2017-04-11 14:10:13,45.90,15.56
3c060be8256385c5eab23e0f857609d8,1,cf6514025ef5d3a93d69d2a7bfa4036b,d2374cbcbb3ca4ab1086534108cc3ab7,2017-06-07 04:35:12,17.90,16.79
3c32b5ee0d19331febeea91a6fbf37c8,1,2136c70bbe723d338fab53da3c03e6dc,6560211a19b47992c3666cc44a7e94c0,2018-08-07 10:30:15,29.00,22.92
3c5b8e9f31061a7aeb8531216a18606d,1,48f45fb4d7e27353b8abef59be38b65e,8b28d096634035667e8263d57ba3368c,2018-01-05 07:15:22,99.90,13.72
3c5edc9665595ab8ab9bdd6c5c4a961a,1,68f3adaef1620e7b0c4c7cd9f78d7ed0,7b0df942f46435babab05d49b744b2c4,2017-02-07 10:09:40,1297.25,20.11
3c75e106ed38695c5bbf7fe5ab77a851,1,89321f94e35fc6d7903d36f74e351d40,16090f2ca825584b5a147ab24aa30c86,2018-07-10 20:10:16,27.90,7.94
3c75e106ed38695c5bbf7fe5ab77a851,2,89321f94e35fc6d7903d36f74e351d40,16090f2ca825584b5a147ab24aa30c86,2018-07-10 20:10:16,27.90,7.94
3c888e8444c04cf2fea3d8b2db0195ef,1,25e531393ced00e48e0c790fb864f1bf,fe2032dab1a61af8794248c8196565c9,2018-08-24 15:30:29,160.65,9.29
3c9e706b2938bbef0922d8c7da956ec8,1,0992c6cba95a13bfa68ea7d5e22d478b,d50d79cb34e38265a8649c383dcffd48,2017-08-29 02:46:54,355.99,28.81
3cb36784c17acb3eca55ded497da243d,1,768ea53ea10b7fb3bfa4d3cc4f918772,7b07b3c7487f0ea825fc6df75abd658b,2017-11-03 03:06:47,12.00,7.78
3cbae6cd7d4ccde80ef2d1ec061ce54b,1,3a4db42aea95097b7a616b36f21d143f,b2ba3715d723d245138f291a6fe42594,2017-12-22 20:56:32,234.90,17.89
3cc57d3144ae8df639a05eb5783f872f,1,217069e9233500f56584e23e8fb5489f,26b482dccfa29bd2e40703ba45523702,2018-08-06 20:50:14,64.99,15.56
3cc57d3144ae8df639a05eb5783f872f,2,217069e9233500f56584e23e8fb5489f,26b482dccfa29bd2e40703ba45523702,2018-08-06 20:50:14,64.99,15.56
3cda6f52ca254406b2c0ce1ae433a481,1,d5eaad1134bfeff3b2e4a051f652801d,b499c00f28f4b7069ff6550af8c1348a,2018-02-21 02:55:56,71.99,9.09
3cda6f52ca254406b2c0ce1ae433a481,2,d5eaad1134bfeff3b2e4a051f652801d,b499c00f28f4b7069ff6550af8c1348a,2018-02-21 02:55:56,71.99,9.09
3ceb8926c7d570d68d8307beb320f2ae,1,5a419dbf24a8c9718fe522b81c69f61a,3504c0cb71d7fa48d967e0e4c94d59d9,2017-10-16 13:26:07,48.90,16.60
3cf90d04a286c1ea16f5700dbc764fff,1,7b5d8be0e04080e4c8ee6a7ec2f1f597,1025f0e2d44d7041d6cf58b6550e0bfa,2018-04-26 18:30:41,35.00,8.88
3cf90d04a286c1ea16f5700dbc764fff,2,7b5d8be0e04080e4c8ee6a7ec2f1f597,1025f0e2d44d7041d6cf58b6550e0bfa,2018-04-26 18:30:41,35.00,8.88
3d17d211984312889a4d60f359859535,1,23bcd6822a33df5534f9b290216eec1f,ac3508719a1d8f5b7614b798f70af136,2017-10-03 12:07:26,129.90,25.75
3d44f7b0d44056fcb488f7d2fd22e820,1,f40876e0ef3cd5f9132b1f16b04b1346,620c87c171fb2a6dd6e8bb4dec959fc6,2018-01-12 10:56:52,99.90,18.27
3d47e0476424fd50eb22128e64571e97,1,c224f464aeeb2c6af33f0682a181efa7,53e4c6e0f4312d4d2107a8c9cddf45cd,2018-04-18 17:35:17,141.57,49.14
3d5ac3886057103d59fc294cef2677e6,1,3869f6f786f62c6b885593406506aaab,7a425d299613df3e613bcf9d2eaf5c49,2018-01-09 19:11:23,22.50,15.10
3d6002f122e72a5d6e07d4c54e79e3a4,1,bfa393df5b4494bea7158660999a921b,b499c00f28f4b7069ff6550af8c1348a,2018-03-27 19:10:24,29.99,8.64
3d6002f122e72a5d6e07d4c54e79e3a4,2,bfa393df5b4494bea7158660999a921b,b499c00f28f4b7069ff6550af8c1348a,2018-03-27 19:10:24,29.99,8.64
3d6002f122e72a5d6e07d4c54e79e3a4,3,bfa393df5b4494bea7158660999a921b,b499c00f28f4b7069ff6550af8c1348a,2018-03-27 19:10:24,29.99,8.64
3d6002f122e72a5d6e07d4c54e79e3a4,4,bfa393df5b4494bea7158660999a921b,b499c00f28f4b7069ff6550af8c1348a,2018-03-27 19:10:24,29.99,8.64
3d7bbb0855485cbe41eca68eb774caeb,1,b616783675f9399f98376a7a1cf2d0bf,98dac6635aee4995d501a3972e047414,2018-06-20 18:37:24,39.90,23.08
3d7ee397cbe71826e767837af0d81c2a,1,e6b6e13cf71449a457269f425b89dc74,95b293867b5862941c9cd74f756a3c68,2017-12-01 11:54:56,108.90,14.51
3d80d12c0beadfcdcf2b4df407112f3f,1,7d08c685504c66533015d5366856da12,1da3aeb70d7989d1e6d9b0e887f97c23,2017-05-11 19:01:54,64.99,14.52
3d98c6327fa1c45b931c31e7ca2c97cb,1,96b0a882d11b17ce51238420ec63e3a1,259f7b5e6e482c230e5bfaa670b6bb8f,2017-07-12 10:30:18,54.90,19.87
3d9a71340ea2b14362b1a69f08252e45,1,626fcce994b573d0bd54d6447d5badd3,c113b8df1fc375bc3d73d29c1b1144d1,2017-06-21 10:30:11,59.00,17.69
3d9a71340ea2b14362b1a69f08252e45,2,626fcce994b573d0bd54d6447d5badd3,c113b8df1fc375bc3d73d29c1b1144d1,2017-06-21 10:30:11,59.00,17.69
3dc2e037b872ca03f5b91028710abae5,1,387e781bdd254dd8821e6194af0fa8d7,9c690ceacd5c66731bf443ea810195cb,2018-06-20 17:01:18,128.90,26.27
3dc83811b95fef30cdbfcdae61bdb25d,1,d9545b3e8df3155bca5b302d0f7c3c1c,5b8154610ebb21fb90eb587365e673df,2018-02-08 12:35:35,333.99,28.66
3dd5cc10816f5a16ed7d1c54e7d7549b,1,7fb04722aba7a2b632bac8f9819796f3,f3b80352b986ab4d1057a4b724be19d0,2017-11-30 04:54:39,80.00,28.96
3dd755153da335084e4f2ae10c077b5e,1,0cf41187284d7f099adc8415a743ebbd,bbad7e518d7af88a0897397ffdca1979,2018-05-16 00:30:58,35.90,13.71
3dd755153da335084e4f2ae10c077b5e,2,0cf41187284d7f099adc8415a743ebbd,bbad7e518d7af88a0897397ffdca1979,2018-05-16 00:30:58,35.90,13.71
3e0181129c289a075b9cf01aae3ed86d,1,5bfc7506459ae2a7b4b573fe557a58e1,4a3ca9315b744ce9f8e9374361493884,2017-06-01 02:25:19,69.90,12.83
3e07f3e5491c1c3d9c9f02a1071006a7,1,71540d636652fc682032d3b3c0a180c1,213b25e6f54661939f11710a6fddb871,2018-04-19 13:14:12,113.85,14.89
3e46d4c127db26ad30843bd14fcb98f7,1,017692475c1c954ff597feda05131d73,3c7c4a49ec3c6550809089c6a2ca9370,2018-05-02 03:55:26,13.99,15.23
3e46d4c127db26ad30843bd14fcb98f7,2,f2ecbb02b6da187a9f14b8ac5781faec,3c7c4a49ec3c6550809089c6a2ca9370,2018-05-02 03:55:26,13.99,15.23
3e46d4c127db26ad30843bd14fcb98f7,3,44291e25afe160dfe5f844da1b0f8b15,3c7c4a49ec3c6550809089c6a2ca9370,2018-05-02 03:55:26,13.99,15.23
3e7c30293bf4e4c26815e44fa58ff074,1,21767347dfdabbe42b3ca5846a4cdb48,d921b68bf747894be13a97ae52b0f386,2018-05-09 23:50:24,299.00,19.97
3e913a9dfc52c9a6dcbfc18c5ded61b8,1,4befae07dba4384f6d8237ad1e7f8294,522620dcb18a6b31cd7bdf73665113a9,2017-07-04 14:05:46,329.00,21.54
3ec57f387771800e135888860c546cf8,1,21937020c7e5f15e9ec26ebb88d3c26d,b6d44737c043328708f6749c2dbe50bd,2017-10-09 13:49:26,12.00,9.34
3ed194a912f562ede28628d0ec2ad218,1,3ec2984cb2de1675a0306bfc60dbe5a5,25e47381a6c510ddeb36084e33b89f0c,2017-06-28 16:15:18,109.90,18.02
3ef5c8159bd4605715d1fd6e20cf8137,1,f22c9d6ce2431ff939aad39e026cc7ef,c847e075301870dd144a116762eaff9a,2017-05-23 13:11:26,1199.90,58.06
3f0d61c44dd01ad249fa7589cbdcb8b3,1,2f2eee65fc4cc4a5ee8362730719d290,594f9aaa48e5bf431f011ddc5669b0d5,2018-05-24 13:31:36,119.90,19.81
3f3f8127c7e0537f9f74550f3504f93d,1,bdcf6a834e8faa30dac3886c7a58e92e,2a84855fd20af891be03bc5924d2b453,2018-07-05 05:31:26,35.90,15.32
3f62abd470c4d6aecea1ef66a8b2d3f3,1,d7f94e8a47066a6a4ddb422718f59531,70a12e78e608ac31179aea7f8422044b,2017-07-17 14:43:44,79.00,15.30
3fddb37d99af3ae9c36dc26f4edb3afe,1,777d2e438a1b645f3aec9bd57e92672c,4a3ca9315b744ce9f8e9374361493884,2017-11-24 19:09:31,69.90,17.74
3fe7c5853b6def3524128a2d44fb3d24,1,e5f3a09149ee7db697907f61e7366267,41c2bad7229b0c25e6becf179ebf63ff,2017-12-26 15:16:22,34.00,8.27
3ffa506c19577dce30f9dbce07028c38,1,0a540d39a147c5937238e5126403c892,88cd3681e0a2ba85e190f7d817629c4c,2018-08-21 21:23:53,180.00,19.36
401aaeb144fdc31e60486809bf917ce5,1,ff28477a5bcb2fc34bb86a6c2eea1566,ebd2d60905fb58271facef5596b620d3,2017-05-25 12:15:42,239.90,17.31
40276598768326cdd5ae39038037434f,1,008cff0e5792219fae03e570f980b330,530ec6109d11eaaf87999465c6afee01,2018-07-26 03:45:09,134.99,43.23
4027aaf151a408af313fee7a5af64c5a,1,e0a554e92afe71fd7f9380b7b135175b,0ea22c1cfbdc755f86b9b54b39c16043,2018-01-05 00:13:48,34.90,15.10
4054f3a02c9191a518601fba04f06742,1,aadff88486740e0b0ebe2be6c09476ae,da8622b14eb17ae2831f4ac5b9dab84a,2017-12-05 21:32:29,29.90,15.10
405894653b2f151f3eb662b80f9b8a92,1,7830940a7e1e18bb7e59e112bca98d1e,4c2b230173bb36f9b240f2b8ac11786e,2017-07-12 03:10:21,35.90,15.10
405894653b2f151f3eb662b80f9b8a92,2,7830940a7e1e18bb7e59e112bca98d1e,4c2b230173bb36f9b240f2b8ac11786e,2017-07-12 03:10:21,35.90,15.10
405ab8184e07bfa663f7627527c96049,1,9ecadb84c81da840dbf3564378b586e9,1025f0e2d44d7041d6cf58b6550e0bfa,2018-08-15 03:50:15,35.00,19.44
4060a8c4cf4cdd2f9ffd6f7af3930fde,1,db7f3f42ccab32fa6328b3063b278bcc,7299e27ed73d2ad986de7f7c77d919fa,2017-11-30 09:38:33,38.00,34.15
4060a8c4cf4cdd2f9ffd6f7af3930fde,2,f6e3aeb40c00aec24ade8333c2ac1b20,7299e27ed73d2ad986de7f7c77d919fa,2017-11-30 09:38:33,40.00,34.15
406a5ab51424aef9f3674c18a3060945,1,6171e0ffb665e527d521c2435e065644,44073f8b7e41514de3b7815dd0237f4f,2017-07-10 14:25:17,93.50,16.09
4079df924e51e553825e62f9f8995d59,1,078482c5821678267aeb55b8edcdcb29,4d600e08ecbe08258c79e536c5a42fee,2017-01-28 14:22:33,224.16,15.74
407c6c87763b40c6ecbdf86ce3e07d76,1,28f61ad35fb219e9debd750a73b63985,080102cd0a76b09e0dcf55fcacc60e05,2018-07-12 09:45:13,41.79,7.87
407c915b14e91ef7bfab0f2f272ccfc9,1,b5c1a16643b475591d742c4ef29d3202,5d0363b33554b373851fc1622e4d5f3c,2018-03-06 19:10:38,89.90,16.35
4089dcf1cbb89bc02b04c143c7dab499,1,78819ab10b4a44927c832a21c06849e0,34d1ca11b242c0fee2c834ae8d788566,2018-05-07 14:30:33,580.27,56.19
408bba49e507e2efa9fbb77966ca4697,1,03613e666b3919a3e807eac45a8f2731,edd066cd02126d7800f9b66e980e9931,2017-10-05 20:49:25,147.00,31.78
409e4a6eadbdc33f16ccf0bda01eec1f,1,17704da54fb7512da5a72cc3b227185e,a416b6a846a11724393025641d4edd5e,2017-09-13 02:44:03,179.90,16.02
40a601b71bfefbc0f6a7566b0d201fad,1,e3a67a7350378910b2eb888ba9d2d095,7d76b645482be4a332374e8223836592,2018-04-23 01:52:09,14.89,15.23
40f263da2fff3c6d39ed98ff3700546b,1,3bbacbe586e957acbf26c63b3ed532a3,729f06993dac8e860d4f02d7088ca48a,2017-09-27 17:06:05,144.90,21.50
41159ff064a2cebfc663d0eda2a35d32,1,bf40a2c68f58ee4873b0a79084030073,8e34331b7eedd03be4e5d965c1956225,2018-07-12 04:48:32,30.00,22.93
411b631e48e96d67d14a881f338f6b46,1,7949871b5edc894d9286c38dc369e3dc,e8f6dc8e6a1dcde89d20e3995c8d90b3,2018-01-05 02:37:24,32.90,28.90
411d2a5826116cb819444537c0d0360d,1,acdd408fe971bbe29a81f8febb575ffc,128639473a139ac0f3e5f5ade55873a5,2017-11-17 19:30:33,18.90,12.48
414aa35f4bb723e9b5787467f282450e,1,3ede26b9ff5be98aa46feaf2b1416ddb,ef506c96320abeedfb894c34db06f478,2017-07-31 03:25:32,22.99,15.10
414c2d0aa3ca7ba2ded1e645b3dc42d8,1,dd0dcee76f9c12fff4bc0eb641d57c7f,8b321bb669392f5163d04c59e235e066,2018-03-06 22:30:57,23.70,14.10
414c2d0aa3ca7ba2ded1e645b3dc42d8,2,dd0dcee76f9c12fff4bc0eb641d57c7f,8b321bb669392f5163d04c59e235e066,2018-03-06 22:30:57,23.70,14.10
4152a677b7acfa7fdab8dc8e1dd436eb,1,0dcbc0d012d42719216ea7dff6b90a6f,46dc3b2cc0980fb8ec44634e21d2718e,2017-01-28 19:39:42,199.99,16.16
4160b6447ad70e6d73f7221dd970bbe9,1,cc1829caca1897ee76144ef20a32330f,612a743d294c27884fb7b80d2b19ba35,2018-08-22 14:45:51,2999.90,76.23
416e49799e9260d93c8f636ce6661a55,1,4c2394abfbac7ff59ec7a420918562fa,cc419e0650a3c5ba77189a1882b7556a,2017-12-18 00:30:29,84.99,9.41
41713846ac2af0e189ba1b8ba8288e64,1,551e8141f88ef14ec41f77f67575f6f5,25e6ffe976bd75618accfe16cefcbd0d,2017-06-19 03:45:21,116.25,16.57
417996696d91e1f74fe36c995ab65b97,1,ec2d43cc59763ec91694573b31f1c29a,1c129092bf23f28a5930387c980c0dfc,2018-03-14 09:48:29,47.90,19.32
417abe2ef3ebf13d2ce7606ebadbf834,1,42a2c92a0979a949ca4ea89ec5c7b934,813348c996469b40f2e028d5429d3495,2017-11-30 23:13:14,58.90,14.13
418aaa61ff9515614340e03422fed9c9,1,5bfc7506459ae2a7b4b573fe557a58e1,4a3ca9315b744ce9f8e9374361493884,2017-03-16 14:02:57,69.90,15.70
419de35b9f49a3e9822b8f09116cdea2,1,18f30e92d58932a17e40b403951b2861,77530e9772f57a62c906e1c21538ab82,2018-01-11 17:09:24,299.00,23.96
419de35b9f49a3e9822b8f09116cdea2,2,18f30e92d58932a17e40b403951b2861,77530e9772f57a62c906e1c21538ab82,2018-01-11 17:09:24,299.00,23.96
419de35b9f49a3e9822b8f09116cdea2,3,18f30e92d58932a17e40b403951b2861,77530e9772f57a62c906e1c21538ab82,2018-01-11 17:09:24,299.00,23.96
41e33d3c157e00a75938cd0345e207de,1,75840050584f39e359b995495e33f997,12b9676b00f60f3b700e83af21824c0e,2018-03-22 02:15:43,149.00,67.96
42187cae0bc6e0829886d8131b4c4864,1,b50a88003f2de609b7fb5d419bdb6b9c,e5475dcab1e07b63d7f6e902d8f5eda8,2018-08-09 20:25:07,35.00,12.91
421965457f0703d25ba727b4d31a1ad3,1,5fe986940fc67df6769cf784fb063395,1838dd9b8977065acf51d95e0053ea7a,2018-03-02 08:48:36,29.90,14.10
421deffec215845f8632fb3543789f86,1,d04857e7b4b708ee8b8b9921163edba3,9f505651f4a6abe901a56cdc21508025,2018-08-28 14:24:29,84.99,18.70
423c157cb61f228b20c08e79cd28b9b9,1,9d364fec2ac9a80f64bae58b5c034832,0bae85eb84b9fb3bd773911e89288d54,2018-02-09 20:10:53,185.94,21.79
4269e9f98b1e74f0732bc93de6aaca6f,1,c86f95986c7050bf988aed62520093e7,b1fecf4da1fa2689bccffa0121953643,2017-01-27 10:21:21,310.90,20.31
426d4272fc71353cab0d91dc2658b066,1,47fb043ed62be785ecb7a5e30c7787d4,abc015ebac1d283a323ca9db35ede4b9,2017-08-14 04:04:49,54.90,11.88
42845ec86a155bf18a11b8be59fa8442,1,4345b14b84ad05bc0f724913b134c6eb,20a8b0dc55da94fe74d112082427c84f,2018-08-28 11:30:23,39.90,8.44
42a05f75800f7b2f57f1c57a63955911,1,429de6049b45a9fcb96aff1603f55d3c,9f505651f4a6abe901a56cdc21508025,2017-10-16 03:28:21,29.99,11.85
42c58d1a5434d2675b7835a9e8a26dda,1,d6aa421b9567e3e2a3a0caf8fb846cbc,99a54764c341d5dc80b4a8fac4eba3fb,2018-05-08 11:54:03,41.80,19.32
42f4cf7ee7d96f2d2465b6f203e531ba,1,36cacc00d6c8a439a65077fd08294322,1c129092bf23f28a5930387c980c0dfc,2018-06-07 21:50:02,34.50,8.88
4310f91feaa68e3b065256b3a4debe75,1,67d9cf5b0dc7a0b9fb091efc68b14140,d50d79cb34e38265a8649c383dcffd48,2017-12-14 04:13:30,269.99,28.33
433069333714082fdb039d4a92682534,1,a4aa7c1427c31344e5f7cc3d839fe562,66922902710d126a0e7d26b0e3805106,2018-05-16 17:00:04,88.00,16.47
4375cac0cfa2a87273ea83c661bdfcca,1,0d8c593f5408c0e5d59f850bb0a7b499,0725b8c0f3f906e58f70cbe76b7c748c,2018-08-06 14:05:12,329.99,106.39
4384f1e73716020a06569f0802ad8c38,1,38947803f4effe2c45539bd71b509529,46dc3b2cc0980fb8ec44634e21d2718e,2017-11-08 18:15:27,229.99,17.86
4392f572045f074cbfacbb5757ac5405,1,f4cd1164757f2f82e7f949e9ba129664,520b493b57809f446cb0a233bb3e25c7,2017-06-02 14:35:13,29.00,9.94
43aacfeefda02bc2a69ce66910a2d4cf,1,a7b42937ab954b0e03bcf6cc35209940,d566c37fa119d5e66c4e9052e83ee4ea,2018-04-19 13:15:23,23.90,15.23
43c1be92476a64a1b407df92c9a8c903,1,53b36df67ebb7c41585e8d54d6772e08,4869f7a5dfa277a7dca6462dcf3b52b2,2017-08-24 01:44:29,159.90,12.62
43d29c6fc78c31c80080d85e5260a9fb,1,f5d8f4fbc70ca2a0038b9a0010ed5cb0,48efc9d94a9834137efd9ea76b065a38,2017-01-09 14:36:18,10.90,8.72
43d3bde64fc6f4f2f504d808d3be576c,1,089cc17c8bf2226d13648392e33dabd7,70a12e78e608ac31179aea7f8422044b,2017-05-09 12:31:02,45.00,24.84
43df7d0ebdaa1d4df7b8f25e2fc50fd8,1,d8cabd83757ecf48a7d2628dee9135c1,fe2032dab1a61af8794248c8196565c9,2018-06-13 17:40:12,189.00,39.59
43f32db0dedd975e294e98ce23b24661,1,1f411e9a31196b71ed8438c8254b858e,7681ef142fd2c19048da7430856b5588,2018-05-18 04:12:22,619.99,25.89
43f32db0dedd975e294e98ce23b24661,2,1f411e9a31196b71ed8438c8254b858e,7681ef142fd2c19048da7430856b5588,2018-05-18 04:12:22,619.99,25.89
43f32db0dedd975e294e98ce23b24661,3,1f411e9a31196b71ed8438c8254b858e,7681ef142fd2c19048da7430856b5588,2018-05-18 04:12:22,619.99,25.89
43f8e020752c67130ddf027e0297291a,1,8dacc114d37ff4b78075db0d2464022e,6cd68b3ed6d59aaa9fece558ad360c0a,2017-01-30 17:40:03,87.90,14.79
443f3ab34f06d2d9124cd153812b4ba6,1,f8e4c6a9bf1c1277191c445474b61778,d9a84e1403de8da0c3aa531d6d108ba6,2018-07-03 17:50:03,34.90,12.90
443f3ab34f06d2d9124cd153812b4ba6,2,74bb93f0c5192fc10b1c78acf5d7b21a,d9a84e1403de8da0c3aa531d6d108ba6,2018-07-03 17:50:03,34.90,12.90
44569e91b30111309ef6cdca8bfaaca9,1,5e5d267a41f3d8bb608c2f0bd4b4972f,7d13fca15225358621be4086e1eb0964,2018-04-09 21:49:35,223.00,14.00
4467dd578066b5d41c3c401cb0b3f628,1,7fe486a60125c1541517e30944f95066,4917cee8d902e13428c3ec4b1ca6f315,2017-07-17 17:24:11,149.00,27.36
446fdc806b0c1bade7477c8adb83b9e7,1,9783bd52943df9833a6a92f2e8f34f32,2ff97219cb8622eaf3cd89b7d9c09824,2018-03-11 21:55:24,89.90,12.77
44a03ff139461361ec4cce7949663c2f,1,704ef63ad0ac345842ea734060a83db2,da8622b14eb17ae2831f4ac5b9dab84a,2018-05-25 17:16:46,79.90,9.29
44a10a741d51010c1440fc7337b5ff6e,1,cec09725da5ed01471d9a505e7389d37,4d6d651bd7684af3fffabd5f08d12e5a,2018-02-15 09:35:29,69.90,20.98
44a3722417745e1a99c297ced13c7b85,1,21fecd254a3103704126b28478ea7980,001cca7ae9ae17fb1caed9dfb1094831,2017-11-16 22:30:21,119.00,43.20
44bba9f46db37145d420ff8e02b679a3,1,e282624d8c82e04983f125e167eb4521,2138ccb85b11a4ec1e37afbd1c8eda1f,2017-08-21 03:50:32,18.99,7.78
44c0292da2b6567285d4d06b0ac1a676,1,9c204ffd5c81fc50cecadd18f222d091,a673821011d0cec28146ea42f5ab767f,2017-11-21 02:35:56,99.90,81.79
44d075f07cb67c5fa539041c4548953a,1,6a4bdc32bf81f50cb387fd6178ce7b07,cca3071e3e9bb7d12640c9fbe2301306,2017-09-08 02:15:35,143.54,18.25
45029aac398517a7869c2f22ba01affd,1,386486367c1f9d4f587a8864ccb6902b,cca3071e3e9bb7d12640c9fbe2301306,2017-03-20 14:02:57,109.90,17.51
45234e26d8f4a497d57ba385398874f8,1,c76ce8f19e21cfc8226f0551ed5da750,7a67c85e85bb2ce8582c35f2203ad736,2017-05-17 04:05:22,199.99,29.80
453b7a88cd66cd9e4210f05233cbf197,1,98d61056e0568ba048e5d78038790e77,8581055ce74af1daba164fdbd55a40de,2017-02-13 20:43:22,169.00,18.47
4540273b4f01534b24124542bc34568a,1,ea650c84a7d5aaf2a2c5f1b108de8f7c,cd68562d3f44870c08922d380acae552,2017-10-11 17:49:11,29.00,25.63
4549b64678720dc5a26b734faa820d93,1,4cc8bfa581f41841ce5e24aba773a44a,1835b56ce799e6a4dc4eddc053f04066,2017-10-09 20:56:32,56.99,16.16
454c3851ea6ca1eaa09fd44d2502aac0,1,d30115c5c4af6437de4bbf9faa668de1,d2374cbcbb3ca4ab1086534108cc3ab7,2018-08-09 07:04:00,19.90,12.80
45623f1421557207f2d93ca576418a4e,1,31d6f0a621ee145ae8c70304cf564483,6560211a19b47992c3666cc44a7e94c0,2018-05-21 08:12:43,35.00,19.04
4576ccc69bb4a9402048a8672467675b,1,8844bd4b8ca8f93603694ca2bceb77e9,cc419e0650a3c5ba77189a1882b7556a,2017-12-04 08:30:54,84.99,13.15
45d9d23c62d17d0c6aadb813d38831b3,1,978859c6048ded0fa8bf3b9ea8236387,813348c996469b40f2e028d5429d3495,2018-03-11 22:10:47,15.30,11.85
45eb4503d3f73099fb98d5fa26d2039b,1,e44f675b60b3a3a2453ec36421e06f0f,218d46b86c1881d022bce9c68a7d4b15,2017-12-14 16:55:48,107.00,15.50
46081612169925ef8882b3bbf1c5011d,1,8681c71d24e694aaa4c582760736dd00,0ea22c1cfbdc755f86b9b54b39c16043,2017-01-27 08:35:27,44.90,11.06
46081612169925ef8882b3bbf1c5011d,2,d1b8f5983d9573c8e523b8c56a59497d,0ea22c1cfbdc755f86b9b54b39c16043,2017-01-27 08:35:27,79.90,11.07
4617a1e4f74a5e42a73b281034db89c5,1,7c91038b7370c2ea3343e1472be3e97c,f8db351d8c4c4c22c6835c19a46f01b0,2017-07-04 02:15:27,28.90,11.85
462713cbc1abe1d91797604551133abf,1,aff39c649de8c4e36d325880de8f4338,3ade81dab5a172b88e1871c28ae05260,2018-08-16 00:50:09,179.00,87.84
463cefaa4147d39621500e986396b5cf,1,4583e308182e4e78d5b71b5af1804def,cd68562d3f44870c08922d380acae552,2017-12-14 17:53:37,169.00,27.72
464a29715467046008c5aa817d1ae498,1,95afc7174e826b350262195e9810e327,8648b1e89e9b349e32d3741b30ec737e,2018-03-29 14:27:50,89.00,7.97
464b622b9d163f8703cdfe7e0f24f8fc,1,45cfee87da128a8f939226bedd92a72d,718539d38d07dd351c76db862760e2e2,2017-05-19 09:25:28,32.64,15.10
465c2e1bee4561cb39e0db8c5993aafc,1,11250b0d4b709fee92441c5f34122aed,e59aa562b9f8076dd550fcddf0e73491,2018-02-27 12:28:15,412.00,27.72
465c2e1bee4561cb39e0db8c5993aafc,2,11250b0d4b709fee92441c5f34122aed,e59aa562b9f8076dd550fcddf0e73491,2018-02-27 12:28:15,412.00,27.72
4660bb9edc05ee0d35c8aeaa896f3300,1,165f86fe8b799a708a20ee4ba125c289,7ddcbb64b5bc1ef36ca8c151f6ec77df,2017-11-20 12:15:46,166.99,13.72
46725d773b27a905cf629f60fa30762e,1,e256d05115f9eb3766f3ab752132a4e2,165fc07beebdcb6190fba8a06db2a449,2017-11-23 02:15:27,219.00,14.55
469efe9b7784ec97f17da1643f3e327d,1,2028bf1b01cafb2d2b1901fca4083222,cc419e0650a3c5ba77189a1882b7556a,2017-10-31 03:07:18,56.99,8.72
469f0b908881368c45917f1bed8240ce,1,f422d0d9f8b5f7c27289382b14b61248,1554a68530182680ad5c8b042c3ab563,2017-02-04 21:35:25,66.99,17.21
46a9ef8b08f32e1f040b1196a4b1fdc8,1,b4bcc9155de9c60e343ecbff22b86dc8,f8db351d8c4c4c22c6835c19a46f01b0,2018-01-23 03:38:27,149.90,34.85
46c22ce0488991c798933effd2b57574,1,a50acd33ba7a8da8e9db65094fa990a4,8581055ce74af1daba164fdbd55a40de,2017-02-10 15:43:18,117.30,22.29
46d69313b61b50a82923f811db17de3b,1,e56331a76de436e89a803efd4738a7df,bf100ecb7997df312b285358fb32f92c,2017-07-30 21:35:17,149.90,18.30
46dc90c294321a6e0bc324c6d9522927,1,e44f675b60b3a3a2453ec36421e06f0f,218d46b86c1881d022bce9c68a7d4b15,2018-03-01 16:10:23,107.00,12.25
47106caf7707ccc0552581877874349f,1,1efd84ba20d23186f576a37baf64ae9d,762fafdaa57a532ee0119731697579dd,2018-08-14 11:15:12,24.50,12.83
4726bb2be36557009e1f231af49916e0,1,7ec7316a34a907336bae0f4b56d12d24,537eb890efff034a88679788b647c564,2018-02-22 06:55:52,16.90,7.94
47378b461210a310c95e17323f7dd726,1,72af228db018a06518f1b2a8c070a2ac,83e197e95a1bbabc8c75e883ed016c47,2017-01-31 05:27:14,124.99,19.15
475f773f6c0d909e49b758adb2401e3a,1,7e0dc102074f8285580c9777f79c90cf,e26901d5ab434ce92fd9b5c256820a4e,2017-02-06 18:39:24,39.90,18.00
47c001ba3d3d57aa11d52c45995d9e11,1,4cc8bfa581f41841ce5e24aba773a44a,1835b56ce799e6a4dc4eddc053f04066,2018-03-01 14:08:05,56.99,16.16
47c6cbb371cb3681d7d52cbb6ad3f94a,1,ab255f5e05402d14ba0dc69d530a5785,b2ba3715d723d245138f291a6fe42594,2018-02-15 10:49:11,159.90,12.32
47cdb12caf2067098633bc9a0d3679f7,1,d1c427060a0f73f6b889a5c7c61f2ac4,a1043bafd471dff536d0c462352beb48,2018-06-26 11:58:02,119.99,25.00
47d142852e82970e78f1ed02c1dfce94,1,306d69bdf4ce0d89bad3e622e443cf47,6560211a19b47992c3666cc44a7e94c0,2018-07-25 12:20:31,49.00,7.60
47deff0f69fd02d0085bd77d6c9c0181,1,bd6e6fce9ada76ea2db0f1912e8e478f,1835b56ce799e6a4dc4eddc053f04066,2018-07-27 03:04:44,56.99,13.98
47deff0f69fd02d0085bd77d6c9c0181,2,bd6e6fce9ada76ea2db0f1912e8e478f,1835b56ce799e6a4dc4eddc053f04066,2018-07-27 03:04:44,56.99,13.98
47f6f4fe0e134442ba777c87169469c3,1,e0a35b4c1be73785b8637ee21d5dcd02,f3da5b2ff499efb8d4a6d371d175d7dd,2018-05-22 04:14:33,22.15,8.88
48152543286e71de6452df5ae4bd069c,1,4c2a4ab2efb349db80f195f4b122eb6b,7d456afc660226829370f3173d14520c,2018-06-21 04:17:08,56.00,9.14
484bc55c468ac3e8d5ca1ab45b24ff99,1,01d4157fd9738ea81038316ae4cfc192,7ad32824caee82087b3e2e5f33b1bf32,2018-08-21 01:29:45,56.00,13.97
484bc55c468ac3e8d5ca1ab45b24ff99,2,01d4157fd9738ea81038316ae4cfc192,7ad32824caee82087b3e2e5f33b1bf32,2018-08-21 01:29:45,56.00,13.97
4854af5348bb406f4929fbe225112925,1,90ecafcda7c811f567aff494b2981812,b76a1f8356322f12529c37b67d5c96c2,2018-02-22 07:10:33,39.90,8.27
486bce96008cea9cb14d0593189961da,1,ca5c923962558430573f83661dbe36d6,66922902710d126a0e7d26b0e3805106,2018-01-23 09:30:49,120.00,20.33
48705eed276c3080033e79ac60460f75,1,19d1f95608edf8246e8891c90d9b211a,46dc3b2cc0980fb8ec44634e21d2718e,2017-05-24 23:50:06,199.99,34.32
4883042a7a5f22fee4e519f15da7f9e2,1,f35927953ed82e19d06ad3aac2f06353,669ae81880e08f269a64487cfb287169,2017-09-20 21:50:15,115.00,15.56
489d362ded79f4394b61b6e58453ab18,1,f4cd030cd445192809e17afbdec67f56,79ebd9a61bac3eaf882805ed4ecfa12a,2018-01-10 13:49:33,14.90,15.10
489db951401825ce7d66665e5b5108bf,1,4ebab6a2135a2477b657bda38646b64b,7aa4334be125fcdd2ba64b3180029f14,2017-08-08 19:25:21,25.60,12.69
48a1c733458a579cd85f95918057dc82,1,4b5b5541f871f879ee44aa461968e90b,2138ccb85b11a4ec1e37afbd1c8eda1f,2018-04-16 12:49:53,32.99,12.79
48abd4dcc16f0885de523602c047d437,1,50843862efe2e06ab1758601c6509700,7aa4334be125fcdd2ba64b3180029f14,2017-10-13 02:28:14,79.99,13.58
48e57ab120e323dcb9b330fe88adfd87,1,08fd8427101cb0428a663c2ae8f90aee,d5ba419e26d246a0719437cf37d9b46d,2018-04-02 03:35:08,37.00,19.04
48e624e6a92ba57c07b642f214c5bb81,1,44a34214a57dc373dcd80f54c919d006,7008613ea464bad5cb9b83456e1e6a8f,2017-03-24 10:03:12,29.50,24.84
490f9c9fc86a9e753c5729f7119e84d7,1,625d78433e8cc9aadb5a88b4e45e4a30,5f3ae9136c875522250f8184f253413a,2018-05-10 03:50:28,24.95,18.23
491c5a96f47a083b2792f1a306a5fade,1,7e8c9cebda42cbe9ae5ae912f81db940,57e632711dec9ec14ca7546769483e7e,2017-06-20 02:05:13,89.90,12.88
491f193fc52075598871cfe6f19976d4,1,177d3d5bb9d4d29222a222e3b3554f41,3d871de0142ce09b7081e2b9d1733cb1,2018-06-13 12:21:35,118.50,21.25
492d9d1a1eb3b5a079dff6d1eb3f4b67,1,77cc62dc80ebe12a0452d1ce0565acdc,218d46b86c1881d022bce9c68a7d4b15,2017-10-10 07:14:17,113.00,21.28
49410e2fb311cf8b70baeea98a3cdbf1,1,787a7fee45732e04f90ace8fda0ed076,537eb890efff034a88679788b647c564,2018-08-05 22:23:53,19.90,27.42
4947e751fe684314c040cac7a908143c,1,4d38a4daf13a87012b73156f834afec0,41b39e28db005d9731d9d485a83b4c38,2017-08-25 00:45:17,29.90,15.11
494df7e03a951e947ea15c177503ef84,1,f71973c922ccaab05514a36a8bc741b8,5dceca129747e92ff8ef7a997dc4f8ca,2017-06-01 14:45:16,89.90,21.28
494f869f61ebf5fd01f40a4a2a569481,1,a5bbc554f75cf4afa2cd56791015ec27,955fee9216a65b617aa5c0531780ce60,2018-05-04 11:52:14,55.00,22.97
49693494d8f42b42b80c8241976f8460,1,4bb4fb9c85785b75ab4f6559900c7ca1,ef506c96320abeedfb894c34db06f478,2017-05-10 10:03:02,37.99,20.80
4973b3b81af1585534c0b3de209acec6,1,ab3c88a070e61288a0f37d8ea38e7cbe,1025f0e2d44d7041d6cf58b6550e0bfa,2018-08-21 21:44:12,162.80,45.06
4986ad26a712831bf15208292d72e96d,1,ea1d59339533cb7f68f0319501d8e4d4,a420f60ff1aa9acc80d0e42959f2b313,2018-06-15 17:20:36,1234.00,35.50
499798fd04e5748ac54b4456d1b7995c,1,177d3d5bb9d4d29222a222e3b3554f41,3d871de0142ce09b7081e2b9d1733cb1,2018-06-14 21:59:57,118.50,21.47
49a025561e725132c9661f305515a65e,1,cdc4af478fef19f03f1d0353c00271cd,3d871de0142ce09b7081e2b9d1733cb1,2018-03-05 22:10:32,29.90,16.11
49a167dbd18cbfffffda7befe7d179b8,1,95882ad7734c1fb14cf538cf382b792d,822166ed1e47908f7cfb49946d03c726,2017-12-29 02:51:05,44.99,16.11
49a76356bba249478a61707cb37319ea,1,7f4e034245e45549110139d1de248f83,4b9750c8ad28220fe6702d4ecb7c898f,2017-10-24 08:49:09,48.90,26.89
49bbb428c234dcf31c4d66d4e8e1c04c,1,3dd2a17168ec895c781a9191c1e95ad7,de722cd6dad950a92b7d4f82673f8833,2018-05-07 13:50:38,149.90,9.78
49bcc1ace70cb046d87e21636d05f090,1,7b226739613196772c6ae86368c87f5d,643214e62b870443ccbe55ab29a4dccf,2017-11-23 10:26:55,79.90,14.31
49c3293b870ffc5fcd1f11ca77eb841f,1,aca11cfc608a458947b3038e5e70312f,dbb9b48c841a0e39e21f98e1a6b2ec3e,2017-05-11 09:42:06,49.90,15.56
49c3293b870ffc5fcd1f11ca77eb841f,2,aca11cfc608a458947b3038e5e70312f,dbb9b48c841a0e39e21f98e1a6b2ec3e,2017-05-11 09:42:06,49.90,15.56
49c6d2d936de699d0f22a5b66451200c,1,9ccf11289147e5277b022439b4ea1f20,955fee9216a65b617aa5c0531780ce60,2018-06-29 08:31:47,60.00,14.00
49c7df46784ee525af9f5cb40fc1d508,1,727a46f0b58a9ef165af9f7ebcfebfa9,e9779976487b77c6d4ac45f75ec7afe9,2018-06-12 10:10:26,19.49,7.87
49dc298f34ef553977f998818dbeb38f,1,6413f7a28e149a324c4a914000399fb2,7a67c85e85bb2ce8582c35f2203ad736,2018-03-01 19:47:54,144.99,18.26
49fd840f83db20dfb9558764aee35a33,1,cad2db5e318d7283a234c517b2f28a42,8160255418d5aaa7dbdc9f4c64ebda44,2017-11-30 12:31:26,99.90,17.20
49fd840f83db20dfb9558764aee35a33,2,9ad75bd7267e5c724cb42c71ac56ca72,8160255418d5aaa7dbdc9f4c64ebda44,2017-11-30 12:31:26,99.90,17.20
4a38745716bb4884b76fd3a12ad5cdd2,1,a298a105818dce6878b787e4af6cff7d,e26901d5ab434ce92fd9b5c256820a4e,2017-06-26 15:55:21,79.90,7.81
4a514eb755fe5187e79bb4765ba82d51,1,98b22c1129886cbd7fcae69d1c93e442,da8622b14eb17ae2831f4ac5b9dab84a,2017-04-13 10:35:21,79.90,13.14
4a514eb755fe5187e79bb4765ba82d51,2,3cc4b421c1f28dd22e86fc4aaafb600e,da8622b14eb17ae2831f4ac5b9dab84a,2017-04-13 10:35:21,79.90,13.14
4a514eb755fe5187e79bb4765ba82d51,3,42a2bd596fda1baef5719cb74f73030c,da8622b14eb17ae2831f4ac5b9dab84a,2017-04-13 10:35:21,79.90,13.14
4a5470dfcf2368971425d5aa451cf3b9,1,0b0f32c8bd5426698d01d72f155b75f5,83645b1645cdee8953ee54c29ceed564,2017-08-31 17:55:09,59.90,20.91
4a7062d398b2eba9c25e6483b056df8f,1,53b36df67ebb7c41585e8d54d6772e08,7d13fca15225358621be4086e1eb0964,2018-05-04 01:31:14,99.90,0.00
4a84096c064c8cd3d887cf815a923c06,1,252641aa4855aef622089db60c4ad90a,06e5eefc71ec47ae763c5c6f8db7064f,2017-11-03 03:07:25,169.97,13.32
4ac9d969022c4a7ba509b39bb0f3d36c,1,243bb58796ed2164b831fb75e1241888,2138ccb85b11a4ec1e37afbd1c8eda1f,2017-01-30 16:59:33,27.99,14.11
4b186efcda6f283e9c4a71332f6d3ad0,1,7926af7d3e25dce27c3eee0279afb530,f45122a9ab94eb4f3f8953578bc0c560,2017-04-13 19:43:04,42.99,14.52
4b26fbc3d9dab4bb7bed35fbe2746f26,1,13db47eae724e2848e12b71a617a3a41,7d13fca15225358621be4086e1eb0964,2018-05-02 10:35:24,499.99,15.94
4b4d023762cb66a4517f22ec1497ee17,1,93c902b021a9e594f658ab1b0351602a,2e90cb1677d35cfe24eef47d441b7c87,2018-03-01 17:10:22,97.90,11.89
4b79da007cc374ddaaa469af64c51cf4,1,53759a2ecddad2bb87a079a1f1519f73,1f50f920176fa81dab994f9023523100,2018-01-16 15:12:27,49.90,17.60
4b7c1bc59d4ec725d8530c19ec09b06f,1,027cdd14a677a5834bc67a9789db5021,620c87c171fb2a6dd6e8bb4dec959fc6,2017-01-30 10:21:45,99.90,14.87
4b81239fe83a49acf69014a6819d45f7,1,33b9801fec06f14bb7d33af01769bb3f,688756f717c462a206ad854c5027a64a,2018-08-22 21:50:12,28.80,16.39
4b90a2d18610d0b0ebb42c4abda69034,1,6cdd53843498f92890544667809f1595,ccc4bbb5f32a6ab2b7066a4130f114e3,2018-02-06 20:13:32,349.90,48.98
4b936f52e9d0886cbe8ab2c15fa0a71f,1,0a57f7d2c983bcf8188589a5fea4a8da,4869f7a5dfa277a7dca6462dcf3b52b2,2017-10-02 11:10:12,117.00,12.32
4ba6cf8c58812d65edc6a67cf37c4aeb,1,8feb43a054893da80044ad0f693fd0ad,f3c38ab652836d21de61fb8314b69182,2018-06-26 02:37:00,49.00,15.44
4bdbe1f2d1b360c34d90175e10ec090b,1,f436a5130457df6b73cdb2c12a90ea2b,dd2bdf855a9172734fbc3744021ae9b9,2017-02-04 17:54:09,169.90,27.69
4c1cb882a6632f95d9732ca92f5715f8,1,88bd8458fdc2ceec3e71ef1d867a7b45,92eb0f42c21942b6552362b9b114707d,2018-01-17 02:48:32,11.95,14.10
4c3e9e2bce3a3234a9255f390683e3af,1,15859e3a8aaa3c192c10a91d8722abd5,e5a38146df062edaf55c38afa99e42dc,2018-02-19 12:07:20,299.90,13.30
4c792ea6a2a9a0d044176c1c42d49b22,1,06f2166336faca73c644b11eaca22d06,d5ba419e26d246a0719437cf37d9b46d,2018-08-06 16:35:11,105.00,9.49
4c80861e8667ad2c3ec1686683c93ed0,1,4d7ccacbf7d2dd3e566cf5f149fb92e8,897060da8b9a21f655304d50fd935913,2017-06-19 04:50:28,180.00,13.60
4c96e6cd1329471164e71b76d8ac0619,1,21dda9c8f188955446cf905038acd22a,acadd4d36859671cb635527c6c977533,2018-04-02 22:30:10,158.00,18.02
4cad943ab8ba8479347dd102125fa87b,1,f1261761d91b574288d60a6390a007b6,4a3ca9315b744ce9f8e9374361493884,2017-02-17 15:08:08,104.00,14.90
4caecf79f2dfbc0304ffdc8637ff5900,1,2136c70bbe723d338fab53da3c03e6dc,6560211a19b47992c3666cc44a7e94c0,2017-06-12 10:15:10,29.00,21.15
4cc65e8e0ab1879889ab53fbcd422978,1,422879e10f46682990de24d770e7f83d,1f50f920176fa81dab994f9023523100,2017-12-14 11:55:29,59.00,19.65
4cc65e8e0ab1879889ab53fbcd422978,2,422879e10f46682990de24d770e7f83d,1f50f920176fa81dab994f9023523100,2017-12-14 11:55:29,59.00,19.65
4ccd8da82485c892ae90284af589153a,1,9766ad53f42ee034fbc0e29c85fe626c,41b39e28db005d9731d9d485a83b4c38,2017-01-29 12:18:11,99.90,23.16
4cebb64502b3c7295709a972ae314c7c,1,0aabfb375647d9738ad0f7b4ea3653b1,37515688008a7a40ac93e3b2e4ab203f,2017-08-31 11:50:14,19.90,15.10
4cfc21861f949b1bb4f23340193a2138,1,a62e25e09e05e6faf31d90c6ec1aa3d1,634964b17796e64304cadf1ad3050fb7,2018-05-10 02:35:11,105.00,26.43
4d0b1ea51ea051ef9f4765df8148c0cd,1,176e81d05865d1cf72d45caf8023268d,f0b47fbbc6dee9aafe415a6e33051b3f,2018-08-09 05:05:11,29.99,22.14
4d0b1ea51ea051ef9f4765df8148c0cd,2,176e81d05865d1cf72d45caf8023268d,f0b47fbbc6dee9aafe415a6e33051b3f,2018-08-09 05:05:11,29.99,22.14
4d0b1ea51ea051ef9f4765df8148c0cd,3,176e81d05865d1cf72d45caf8023268d,f0b47fbbc6dee9aafe415a6e33051b3f,2018-08-09 05:05:11,29.99,22.14
4d2c3fb1909604d5f9474e4675971ef2,1,47c064333cf67e5cdc8243db3f095767,b499c00f28f4b7069ff6550af8c1348a,2017-02-02 14:05:53,24.99,4.50
4d2c3fb1909604d5f9474e4675971ef2,2,47c064333cf67e5cdc8243db3f095767,b499c00f28f4b7069ff6550af8c1348a,2017-02-02 14:05:53,24.99,4.50
4d2c3fb1909604d5f9474e4675971ef2,3,47c064333cf67e5cdc8243db3f095767,b499c00f28f4b7069ff6550af8c1348a,2017-02-02 14:05:53,24.99,4.50
4d2c3fb1909604d5f9474e4675971ef2,4,47c064333cf67e5cdc8243db3f095767,b499c00f28f4b7069ff6550af8c1348a,2017-02-02 14:05:53,24.99,4.50
4d41aecae7fc035c91789128309fb7b0,1,0354c6a8cb8961e29b70e564b93861fe,a3a38f4affed601eb87a97788c949667,2017-05-05 00:31:40,34.99,14.52
4d52cfe3ad25169d39fe5e6f99d17e2c,1,fc1d8637c0268af3db482c14b7ef8e75,da8622b14eb17ae2831f4ac5b9dab84a,2018-04-09 12:49:05,149.90,21.97
4d552c5c82094dbeb98a8048f8b31adb,1,88f723b1cc87199862c31b071276b0f5,4b5f66b7adcf57f1ecc0d3c07dd6b177,2017-10-13 11:14:12,199.99,14.42
4d5edcd8dc3dd4c5a02b9a0d0773b621,1,63c21c167a87abcbed6efe83c8169866,48162d548f5b1b11b9d29d1e01f75a61,2018-03-30 20:50:15,285.00,54.12
4d7a365119241cbd17c7afb5b39bb9a0,1,1eb85357e22bf0c8c2a6f10eafad8423,522620dcb18a6b31cd7bdf73665113a9,2017-02-02 20:53:13,309.90,18.00
4d7cba9ac539bd48f7fdde25ccbf3eb2,1,521a361808bedd9fffb32181e501e09b,5b179e9e8cc7ab6fd113a46ca584da81,2017-05-23 04:05:31,149.90,15.80
4d8333ce7e8cf1184099aeab819da7e5,1,8145324c201f9a26420e555a504a8c9d,f0ec78809fe0bc3edb11c9fe5b97b059,2018-06-15 13:11:08,24.70,8.29
4da4840a1f38aad712a0857596e24b44,1,3b0fbb3ab5b1512278d2e1c695b07e85,d2374cbcbb3ca4ab1086534108cc3ab7,2018-07-30 10:43:55,79.90,18.66
4da4840a1f38aad712a0857596e24b44,2,3b0fbb3ab5b1512278d2e1c695b07e85,d2374cbcbb3ca4ab1086534108cc3ab7,2018-07-30 10:43:55,79.90,18.66
4db127e6d30efbcbaa8d0b94c4c4b374,1,d103a59e482517dd37f6865b1bf5499d,8629c241b3622ac12cd4118afdc8d394,2018-06-22 10:32:16,99.06,15.00
4dbf5de576e0e8d18ad0932e1ed8e89d,1,f159439c5c382fae366d444e05c590c1,26d8a1c7c75d513045798992ead43aa2,2018-06-13 13:30:29,149.90,14.17
4dbf5de576e0e8d18ad0932e1ed8e89d,2,f159439c5c382fae366d444e05c590c1,26d8a1c7c75d513045798992ead43aa2,2018-06-13 13:30:29,149.90,14.17
4dd1f29debee7ab872c8919f35a80070,1,22594ba8fd9a72ad95d352929c821560,7c67e1448b00f6e969d365cea6b010ab,2017-04-13 03:15:57,119.99,33.14
4dda84ad43d105c6d3b73004b4f647ba,1,52d7a7207b9646509bdc754fed3a0cef,cca3071e3e9bb7d12640c9fbe2301306,2017-08-22 10:05:14,52.64,34.17
4deb2316dadf42f0daa6b8965d384ba8,1,cd2c03056720c7de4d6a59c1167bdee0,0ea22c1cfbdc755f86b9b54b39c16043,2017-02-02 14:46:06,79.90,5.14
4deb2316dadf42f0daa6b8965d384ba8,2,f727305c90ca9b9c36d4e84a817bc01d,0ea22c1cfbdc755f86b9b54b39c16043,2017-02-02 14:46:06,59.90,12.86
4dfe63cb6237de0624ec0183a74b57e6,1,2f2eee65fc4cc4a5ee8362730719d290,594f9aaa48e5bf431f011ddc5669b0d5,2018-05-25 16:14:22,119.90,16.81
4e1d5bf07ad851a6470d6b28cfd1f1e6,1,a35a9f46dcee0a67c8c7ad8493eb4135,85d9eb9ddc5d00ca9336a2219c97bb13,2017-02-04 18:19:23,20.90,50.00
4e204da6cc8b59dcfdc532fb5a9281f0,1,2c925b58c178637d60168ac80cf7f836,46dc3b2cc0980fb8ec44634e21d2718e,2018-06-13 16:53:32,99.99,9.23
4e3cf72d676f793f15859c9ae34be2ad,1,389d119b48cf3043d311335e499d9c6b,1f50f920176fa81dab994f9023523100,2017-09-12 13:50:10,59.90,13.44
4e3cf72d676f793f15859c9ae34be2ad,2,389d119b48cf3043d311335e499d9c6b,1f50f920176fa81dab994f9023523100,2017-09-12 13:50:10,59.90,13.44
4e426aca1d549d77439cb4eb115a5d37,1,3350d0f553c213f918a89ce65d269417,c013e57c075a06e5b5c48ee03c525719,2018-05-09 11:54:43,42.99,19.32
4e53a913dfd522beb67229c2784dde5b,1,2948658cb6abc82847412be7201bfc4c,955fee9216a65b617aa5c0531780ce60,2018-04-23 05:50:56,120.00,34.38
4e61d7c6f86143c04ee80dae4955fd92,1,1707ef553eb000d860fff09e3d08b037,8d956fec2e4337affcb520f56fd8cbfd,2017-12-27 12:45:34,68.99,14.23
4eb3a441cbc81bd1c7d4449e569ae605,1,f71973c922ccaab05514a36a8bc741b8,5dceca129747e92ff8ef7a997dc4f8ca,2017-03-09 23:10:20,109.90,24.05
4eb910d27cb13ee96a5e5c6dacfe4e4a,1,5bfc7506459ae2a7b4b573fe557a58e1,4a3ca9315b744ce9f8e9374361493884,2017-10-26 15:06:05,69.90,12.83
4ec3c9f805653722ef9965b81ffe924c,1,7088744b00831b410bd17716cb578f39,41b14765bd56c8ad10971074380f9c0c,2018-03-27 02:49:08,34.50,7.39
4eeb7a26bd818dca75553383c9ef857c,1,83e68070fbf16ac859fc13285a5ba9ba,ef506c96320abeedfb894c34db06f478,2018-01-29 21:20:26,49.99,14.10
4ef685e6dcade551ce14cb3783ca664d,1,cbc5b9bf8ef22d5d2fdc8aab94b47212,fa1c13f2614d7b5c4749cbc52fecda94,2018-01-29 21:20:22,199.90,15.15
4f080f85daf0d53e2757336275292310,1,85cdaad7591c6b04ee56edf0a4407a5a,31561f325664a8a7aba4c8d0c3a9b3db,2018-07-31 14:50:07,39.90,7.54
4f0b7853ed43ab1a2dbc32c3c2b17da2,1,c50ca07e9e4db9ea5011f06802c0aea0,e9779976487b77c6d4ac45f75ec7afe9,2018-07-24 02:41:47,18.49,18.23
4f16d07441ebb275f11b0c403433a20b,1,78efe838c04bbc568be034082200ac20,0241d4d5d36f10f80c644447315af0bd,2018-08-03 13:31:54,70.00,24.36
4f2dc4a949823819bfc75b784fb32686,1,5999995b8f64d769dbc6f592b86d6f8a,c013e57c075a06e5b5c48ee03c525719,2018-07-02 02:15:54,36.99,14.57
4f7801b0527e8669f25d2f5488ea8a58,1,8a443635fdf9759915c9be5be2e3b862,da8622b14eb17ae2831f4ac5b9dab84a,2018-04-16 21:55:18,109.90,11.86
4f7801b0527e8669f25d2f5488ea8a58,2,8a443635fdf9759915c9be5be2e3b862,da8622b14eb17ae2831f4ac5b9dab84a,2018-04-16 21:55:18,109.90,11.86
4f821ef636d5a5eb870c9ae7b7d7654f,1,378bb6601c068c842ca65be6c5e45ccd,8d79c8a04e42d722a75097ce5cbcf2ef,2017-02-04 23:52:27,27.50,18.00
4f869174cbff0495e39adbe5a6c4c040,1,d934d5a5c12e50df26c0669f578e2621,080102cd0a76b09e0dcf55fcacc60e05,2018-01-29 03:52:41,53.99,14.13
4f8a2144278d625038f8d55d5a334d93,1,817e1c2d22418c36386406ccacfa53e8,624f4ece8da4aafb77699233d480f8ef,2018-03-08 02:35:37,159.00,29.63
4fa07e91d7b4f8b191e3a6ab40f14f54,1,11875b30b49585209e608f40e8082e65,669ae81880e08f269a64487cfb287169,2017-02-05 15:41:21,65.00,14.62
4fc44d78867142c627497b60a7e0228a,1,c56ecdd06c754c22fc5c5245d9502e30,8b2492b7ff4468839593fafeed55bad9,2018-07-08 21:31:40,51.67,13.57
4fc7ee0d4813a5443edc4f7348eaad58,1,10a3a969b9e7d03b0dc2384ebbcad6ef,712e6ed8aa4aa1fa65dab41fed5737e4,2017-12-27 10:19:30,659.00,164.16
4fd2c689dda2edbc8c11a796959a1d24,1,ca873fc3d2a6186b92f8c32d685012a6,70a12e78e608ac31179aea7f8422044b,2017-09-06 02:05:16,65.00,34.25
4fe2e8b329e56a00aba9b0136b46f00f,1,53bd0c908c6ab820c9828763348728ef,cca3071e3e9bb7d12640c9fbe2301306,2017-01-20 11:06:56,69.90,13.07
4fe4c496a13fb35dc73b330ccb988813,1,3ca306b1b3e51dfd838b06c8017eefda,f5b44895715ddfe3087dc414f30268f3,2018-07-30 15:50:10,19.00,7.39
4feb155d6d4d8b2ba3191d90655f3b99,1,831b1757a9744c37ddd574b5eaa3cc9b,ea8482cd71df3c1969d7b9473ff13abc,2018-02-16 18:28:21,24.99,14.10
4fec76db2097ee09cc1dd9717d6ead9c,1,ed647aab9859ee8a1e0dc6bdb6f4ba0b,63a79f5a7eb5cb48a7e5787b141c7993,2018-04-26 07:30:52,124.90,13.99
500c54b4910a5312b3afc7ab377b1a98,1,437c05a395e9e47f9762e677a7068ce7,f84fa566034f5e8e880a07ec624c56af,2018-03-08 13:55:13,49.90,15.10
501b6d9a20b143063d1711970953fcb0,1,57e089e3103f5cda6a4ce23b77399bdb,aafe36600ce604f205b86b5084d3d767,2018-06-19 21:31:51,47.90,19.53
504b7cb87442ebd376fbcab13b114a3f,1,4413a608a42bd21bbf9d5abbd58c249a,7ddcbb64b5bc1ef36ca8c151f6ec77df,2017-11-09 19:10:32,146.99,20.52
50a2d9e8f28f577acd594ba29d58eced,1,8af4a717d0442a5fbe332dc587583296,b92e3c8f9738272ff7c59e111e108d7c,2018-06-01 01:53:38,129.90,71.34
50c4d73707f3154c08eb85d0fd1e5149,1,9a4b54310a69c82a6773791c9099e109,7040e82f899a04d1b434b795a43b4617,2018-06-27 03:31:44,5.90,18.23
50d8c54f968d5b38446e26e018dc89c9,1,52c80cedd4e90108bf4fa6a206ef6b03,a1043bafd471dff536d0c462352beb48,2017-12-27 09:30:09,179.99,81.43
50de76b6e07161441556b571d4e85248,1,f422d0d9f8b5f7c27289382b14b61248,1554a68530182680ad5c8b042c3ab563,2017-03-01 16:43:04,66.99,17.21
50e49c6629868bcdab3c499bb73fe2af,1,62d41a80c366aa2d8644e3270adf8440,25c5c91f63607446a97b143d2d535d31,2018-04-03 02:47:45,268.00,16.79
50eff1a80cf88f66d317710f1b036b36,1,a1bf559ac1eab015ba992bd76d9d76c7,85d9eb9ddc5d00ca9336a2219c97bb13,2017-04-13 15:15:22,23.90,10.96
510489aaadbd8f7064bc8f433b222de9,1,0667b4afff64a57f01669f9af9ce685e,2379bdc3888025689a9deb7b141507d5,2018-07-18 17:58:02,329.90,10.82
510c73928b73404e2d64851f6b4bfdc5,1,0ec09d10ef472b982d230612dbd5bd16,da8622b14eb17ae2831f4ac5b9dab84a,2017-11-23 10:35:43,219.90,26.38
5124343628b2cd43d0980ccc67353226,1,f3720bc68555b1bff49b9ffd41b017ac,9c0e69c7bf2619675bbadf47b43f655a,2017-06-15 13:05:06,199.00,17.15
5124343628b2cd43d0980ccc67353226,2,f3720bc68555b1bff49b9ffd41b017ac,9c0e69c7bf2619675bbadf47b43f655a,2017-06-15 13:05:06,199.00,17.15
5124343628b2cd43d0980ccc67353226,3,f3720bc68555b1bff49b9ffd41b017ac,9c0e69c7bf2619675bbadf47b43f655a,2017-06-15 13:05:06,199.00,17.15
5124343628b2cd43d0980ccc67353226,4,f3720bc68555b1bff49b9ffd41b017ac,9c0e69c7bf2619675bbadf47b43f655a,2017-06-15 13:05:06,199.00,17.15
512669f049d27cb8c95c83eb6e268bfa,1,a50acd33ba7a8da8e9db65094fa990a4,8581055ce74af1daba164fdbd55a40de,2018-01-08 18:13:20,117.30,25.66
5133357f704cf088de56cd5671858cf8,1,b736ba4727efeae1f506172be7e39905,6560211a19b47992c3666cc44a7e94c0,2018-01-19 20:35:26,57.00,15.15
514290e30cb76393d6623ca6d7d79ee0,1,c6dd917a0be2a704582055949915ab32,7a67c85e85bb2ce8582c35f2203ad736,2017-03-16 19:33:03,99.99,15.91
5182f75b9ed284e0a569ea4f61e9bfc5,1,0a57f7d2c983bcf8188589a5fea4a8da,4869f7a5dfa277a7dca6462dcf3b52b2,2018-02-28 15:55:27,109.90,16.40
5187d6e3efdec859c111d889c9ad7d9a,1,c19d5ba108c34b8255cf9a524da92bc4,4e922959ae960d389249c378d1c939f5,2017-06-12 11:55:14,75.00,15.28
519b26d18bc4a42eaac1841acd217baa,1,20992273fc264d0a559e37c346090fe6,ec8879960bd2221d5c32f8e12f7da711,2017-09-15 13:05:19,34.90,9.34
51a4d80c45232e938d7504001271af64,1,4aa6014eceb682077f9dc4bffebc05b0,b8bc237ba3788b23da09c0f1f3a3288c,2017-12-07 16:36:22,269.00,46.34
51a78fb31e4d1dc9a712c428af94ce6d,1,3ae1230d17a23cd85318a2b902269d72,4049512728d969bec69f84088b012416,2017-11-01 02:56:47,53.00,34.17
51a78fb31e4d1dc9a712c428af94ce6d,2,3ae1230d17a23cd85318a2b902269d72,4049512728d969bec69f84088b012416,2017-11-01 02:56:47,53.00,34.17
51b961a61693c869d201aee32178ad77,1,0b039b61011417822882815943f13dac,8b321bb669392f5163d04c59e235e066,2018-03-01 02:31:08,23.70,15.10
51c064ec2d79d398b30db3f8e1de8ec8,1,b6d96e7683a87fc151ea589ce97a330d,2709af9587499e95e803a6498a5a56e9,2017-05-11 02:25:24,20.00,18.63
51ceba3ba51d4b4543e7f78e181e0ba9,1,7c68e7297c7df2535c9f0dcd61007f64,bb135baca94c82fcb731335ad5b04a03,2017-01-27 13:31:26,9.90,10.96
51ceba3ba51d4b4543e7f78e181e0ba9,2,7c68e7297c7df2535c9f0dcd61007f64,bb135baca94c82fcb731335ad5b04a03,2017-01-27 13:31:26,9.90,10.96
51ceba3ba51d4b4543e7f78e181e0ba9,3,7c68e7297c7df2535c9f0dcd61007f64,bb135baca94c82fcb731335ad5b04a03,2017-01-27 13:31:26,9.90,10.96
51ceba3ba51d4b4543e7f78e181e0ba9,4,7c68e7297c7df2535c9f0dcd61007f64,bb135baca94c82fcb731335ad5b04a03,2017-01-27 13:31:26,9.90,10.96
51ceba3ba51d4b4543e7f78e181e0ba9,5,7c68e7297c7df2535c9f0dcd61007f64,bb135baca94c82fcb731335ad5b04a03,2017-01-27 13:31:26,9.90,10.96
51e284ce71f96710652ab6d5da30fc09,1,952670bc019a73f0933157ec82ff6e4f,37be5a7c751166fbc5f8ccba4119e043,2017-08-09 13:55:09,205.00,18.14
51fea792e465500a842c7325adabf0ad,1,fc6ba6bf4b28fdad575e27b56cafe176,54965bbe3e4f07ae045b90b0b8541f52,2018-07-13 04:31:42,69.90,27.44
520e9b73b66dd639c67ced184953ca2d,1,6daadc7e6029cf01762f941e488caa1b,46dc3b2cc0980fb8ec44634e21d2718e,2017-07-27 06:43:26,299.99,58.90
523a8bb981fdb61599630fe01b89f642,1,c4baedd846ed09b85f78a781b522f126,a1043bafd471dff536d0c462352beb48,2017-12-05 15:30:54,89.99,45.09
523a8bb981fdb61599630fe01b89f642,2,c4baedd846ed09b85f78a781b522f126,a1043bafd471dff536d0c462352beb48,2017-12-05 15:30:54,89.99,45.09
523a8bb981fdb61599630fe01b89f642,3,c4baedd846ed09b85f78a781b522f126,a1043bafd471dff536d0c462352beb48,2017-12-05 15:30:54,89.99,45.09
523edc667ecf141c2018ec8c1e6c0211,1,ecbe1ef7e2903ff8b1d704ba78fa264d,c3cfdc648177fdbbbb35635a37472c53,2017-03-07 16:55:12,99.00,13.33
523edc667ecf141c2018ec8c1e6c0211,2,72a30483855e2eafc67aee5dc2560482,c3cfdc648177fdbbbb35635a37472c53,2017-03-07 16:55:12,99.00,21.53
5260625f881ed6e315cd3eb3f4bc2d42,1,ab481d9ef0fb9cab12778cdf56564ff7,7142540dd4c91e2237acb7e911c4eba2,2017-04-25 12:34:42,74.90,13.10
5260625f881ed6e315cd3eb3f4bc2d42,2,9f31b36609877849f75e9586f6b6a62c,7142540dd4c91e2237acb7e911c4eba2,2017-04-25 12:34:42,74.90,13.10
5261141ee2f17f6a0dcb5f7aab6acaec,1,8d0bda0e4b386849210b1210ecb1a7fb,01fdefa7697d26ad920e9e0346d4bd1b,2017-09-13 02:44:01,118.90,14.56
52628d72feaca84428e9d902d3985605,1,1c42a107473d6b20db8ac7772b870e33,1900267e848ceeba8fa32d80c1a5f5a8,2018-08-09 15:05:16,78.99,17.68
5265e13b1b649ee26bbaa159d56167aa,1,5599be6fe59cd2257edfdec9d45442e0,116ccb1a1604bc88e4d234a8c23f33de,2018-07-23 22:10:14,20.00,15.24
5281594b70a5c7ed8821c77aae621155,1,a8fe47ad6f852f93cc92c7b408687de3,aaed1309374718fdd995ee4c58c9dfcd,2017-09-25 03:34:52,72.90,27.05
52a96c4082dfe660d01acfdc740c4f61,1,d1c427060a0f73f6b889a5c7c61f2ac4,a1043bafd471dff536d0c462352beb48,2018-04-30 01:31:27,119.00,46.08
5333db16fe357175d39c82840dd3269d,1,4deb009c36a910076a023947a7929201,4c61e37f664c3c88aff092aa5ac779d7,2018-03-19 04:08:22,53.89,15.26
5333db16fe357175d39c82840dd3269d,2,4deb009c36a910076a023947a7929201,4c61e37f664c3c88aff092aa5ac779d7,2018-03-19 04:08:22,53.89,15.26
539fbc059a691c7fa7d239e2d495f60b,1,382db2ed3015c04d4b844d2a0712494c,dc4a0fc896dc34b0d5bfec8438291c80,2017-10-26 23:14:26,95.03,17.92
53bf51495103abe64e330f5360456ca0,1,e456721fdab66b576664c035ad183965,0ea22c1cfbdc755f86b9b54b39c16043,2017-11-12 22:51:56,29.90,21.19
53c898ca05dd376204a04358c8dd0e79,1,44fded21627553d1886d459384bbce06,8b321bb669392f5163d04c59e235e066,2018-06-12 20:11:56,15.00,22.06
53d6ff29496a8aec64f36ab9a4691d77,1,8ac83e639035f00faa972f1fb0063b4e,ececbfcff9804a2d6b40f589df8eef2b,2018-08-14 17:10:12,59.50,13.08
53e92c6a182704806c0b00b02f89ad32,1,8466762a9393a2b2b1de73f3cf6081a3,1dcfa3835714681d4ba4a93bc1e0fd41,2017-08-14 15:30:15,79.90,17.00
53e92c6a182704806c0b00b02f89ad32,2,8466762a9393a2b2b1de73f3cf6081a3,1dcfa3835714681d4ba4a93bc1e0fd41,2017-08-14 15:30:15,79.90,17.00
53f4ca548f6dc3456de1628fa16854f0,1,ef7902ad08e80e1e6d5b418cedaedaf7,537eb890efff034a88679788b647c564,2018-02-22 06:50:55,16.90,7.94
53fafd0933d69603122f8f804fb76968,1,8ae20127b8e1aa6df4a5b628d1680e35,ececbfcff9804a2d6b40f589df8eef2b,2018-03-30 14:47:47,73.80,12.96
53fafd0933d69603122f8f804fb76968,2,862e1c1b2c4a148c5a5b23dc0ced1fba,ececbfcff9804a2d6b40f589df8eef2b,2018-03-30 14:47:47,73.80,12.96
543842af6f788d8bdaf1b1e63c0d3da1,1,ac32162917f9c1842336f4018493fb1d,f45122a9ab94eb4f3f8953578bc0c560,2018-04-11 21:15:26,69.90,13.85
543842af6f788d8bdaf1b1e63c0d3da1,2,ac32162917f9c1842336f4018493fb1d,f45122a9ab94eb4f3f8953578bc0c560,2018-04-11 21:15:26,69.90,13.85
5442b242d10aae8dff9aa365da9bf76b,1,2c7f01e4f39f8ca21caddb86374d7b4b,edf96ef93ed595084bbcbd9224bd2894,2018-04-13 00:15:15,198.00,20.08
54484ffea00a1f43881bfaeeeaf0dfb8,1,f03859e4cc21018569f5ae7a03897ff4,7299e27ed73d2ad986de7f7c77d919fa,2017-11-30 20:36:25,49.99,44.81
544b98cbee1fc6152e5ede26e1ef2986,1,d934d5a5c12e50df26c0669f578e2621,080102cd0a76b09e0dcf55fcacc60e05,2018-01-11 12:35:23,53.99,14.13
5456769456d0d521af0d1675613702a8,1,c556dfe03a2efef617497a3de58cb44d,7e93a43ef30c4f03f38b393420bc753a,2017-09-20 09:30:20,185.99,10.12
545f259d01f0a271186e324228070de7,1,1c57458e824ca3d974ec1831a1a55e72,2e90cb1677d35cfe24eef47d441b7c87,2017-05-24 02:30:10,99.90,26.84
546fb5e88f96553369c04bd920b9becf,1,422879e10f46682990de24d770e7f83d,1f50f920176fa81dab994f9023523100,2018-05-07 02:15:24,53.90,0.00
546fb5e88f96553369c04bd920b9becf,2,422879e10f46682990de24d770e7f83d,1f50f920176fa81dab994f9023523100,2018-05-07 02:15:24,53.90,0.00
54766753b06221dcdc0b0d27db25cc10,1,485aa17cb179a6624fb0c9e12cc639d1,f8201cab383e484733266d1906e2fdfa,2018-08-09 04:05:20,79.90,23.71
547bbd260d2956c4b7eac06beac85ba4,1,d24dd388a7b9f9c2efcbad7dc6cca05f,b76dba6c951ab00dc4edf0a1aa88037e,2017-04-14 16:55:12,18.90,10.96
5480f040b65927b72574473cce844a76,1,4f34087fd58f28545be71ade9c5322a3,45c20d94d9171b0bcfab3c955e47d67b,2017-09-05 18:07:47,36.49,15.10
5497655681652e7e1306139bb5d04a14,1,f32af0a8b0bcb05b60f05e8907ad8866,2a1348e9addc1af5aaa619b1a3679d6b,2017-01-27 22:23:01,29.90,14.52
54ac5ed66a8b2c74a3878d90d805f367,1,f97d74310019b255120e4316f4515d74,0ea22c1cfbdc755f86b9b54b39c16043,2017-04-14 14:42:13,39.90,14.52
54cf02ae7c090640834d4f9d190f3b9d,1,3f14d740544f37ece8a9e7bc8349797e,6973a06f484aacf400ece213dbf3d946,2018-03-27 10:35:28,84.89,18.47
54e52b3d64eaadee5422554c2f2a7056,1,aba86c093ccdbac75b09111d57e50004,7c67e1448b00f6e969d365cea6b010ab,2017-07-18 14:23:40,116.60,20.79
5506aa9cafae9629ef0a21b3ad199219,1,6c50c87e36d8641d67fbcceed5cfec5e,6560211a19b47992c3666cc44a7e94c0,2017-12-08 11:16:01,55.00,15.83
55101b36a58251926b6cbfdb540c0461,1,93c902b021a9e594f658ab1b0351602a,2e90cb1677d35cfe24eef47d441b7c87,2018-05-16 21:52:33,103.90,13.05
553ba7f2b59345ea057f5a8062784dfd,1,fc8595227785863846b7daa2ae3f2c9b,db2956745b3a8e9f3785c99f34b5d25e,2018-07-05 12:30:59,139.00,9.66
556bbf53c2c22fbb9ef31a414dd444a6,1,9e2d3a8d8ffad53e2e35282a2020221c,1da366cade6d8276e7d8beea7af5d4bf,2017-12-28 17:56:24,49.90,17.60
558731462aceb9588378c7c19194d2db,1,9c5cec867c62c0ec4674b002eb1c3e0c,e882b2a25a10b9c057cc49695f222c19,2018-05-16 14:16:26,1054.00,35.96
55b2e390d5d80ada31ad1b795ebeb087,1,c856eb93568d1abd93fbc39fc0a9704e,ed9eef5be0992d413d251fadba1a410d,2017-01-30 00:20:23,44.90,19.58
55b2e390d5d80ada31ad1b795ebeb087,2,ba1446377b3e8fb2c3ec8c7b59a0d9ba,ed9eef5be0992d413d251fadba1a410d,2017-01-30 00:20:23,44.90,22.02
55bb79b4227dafa41a25a45e8462c7b5,1,f5e48ba4fcfdf3920b7a857b261a3ef3,8f119a0aee85c0c8fc534629734e94fd,2018-07-06 11:30:16,21.50,18.25
55bb79b4227dafa41a25a45e8462c7b5,2,f5e48ba4fcfdf3920b7a857b261a3ef3,8f119a0aee85c0c8fc534629734e94fd,2018-07-06 11:30:16,21.50,18.25
55d56409f0dbe0e3681f5a486ae0cce1,1,3dd2a17168ec895c781a9191c1e95ad7,de722cd6dad950a92b7d4f82673f8833,2018-04-20 18:15:37,149.90,39.10
55d61651bd48809af0402aa14f64e523,1,8f8cb7e4a7f16d339f87f8aa2711a003,850f4f8af5ea87287ac68de36e29107f,2017-12-06 19:32:24,79.90,12.90
55ece185ce1172927bae2507bf48cff8,1,aec710f01b389f7277acf17f5fa20094,83deb69e889cf80f82be1dc6d5f2d486,2018-08-21 04:31:45,64.90,15.55
55ef1695189508c09b58080d53d2b32e,1,3bb8427f7700385308f42cfcf4c8d10d,522620dcb18a6b31cd7bdf73665113a9,2018-07-08 21:10:52,599.00,22.29
55f48d94df188b3d4f74c9db5396b6db,1,f95d9369ebf76f811194c72bd22ff244,c31eff8334d6b3047ed34bebd4d62c36,2018-04-12 10:29:50,149.00,27.77
561e6fec91c4b5771dad3f613b72c699,1,5b8a5a9417210b1b84b67b9a7aefb935,f457c46070d02cadd8a68551231220dd,2018-02-12 17:15:29,74.90,16.96
565ccfa6f9e28da74700c42da9deb949,1,9e0e152552a1323f7e5dcf63d50cdae3,cc419e0650a3c5ba77189a1882b7556a,2017-09-13 04:32:57,56.99,15.15
566f53fc7d36fa366f7e221468121877,1,02a99f266fc960423c1186ecbd627804,4da0e408c99d2fdc2126dc9fce518060,2017-02-04 13:15:42,69.90,15.70
5685548b79358ab0ae555e21ef9cb4ea,1,f858dbf7475a6089fc882318b8aeaded,835f0f7810c76831d6c7d24c7a646d4d,2017-02-15 21:54:04,24.90,1.88
5685548b79358ab0ae555e21ef9cb4ea,2,7afa8c8eca2a26b599823eed4975a820,835f0f7810c76831d6c7d24c7a646d4d,2017-02-15 21:54:04,169.90,37.65
56a726fa0f40d3678696e62aaed9690d,1,9fe172fa8e662ca8572cf12abf8bce23,cab85505710c7cb9b720bceb52b01cee,2017-01-29 00:46:17,49.90,10.96
56a91c78a7764f270b44113386c34866,1,ceeb8b2d571b23399910f1b83980c973,1900267e848ceeba8fa32d80c1a5f5a8,2017-11-21 21:50:30,53.00,16.13
56bbc7d92e6e74b8782abbf5ee336a92,1,3bf87d2001b8176e6a3ad804b80774b4,7c67e1448b00f6e969d365cea6b010ab,2018-04-13 10:30:55,192.99,35.02
56de333dae82ab3c1d1d123e55d882fc,1,fd9bc1610a48cabefb0ef59453f7ebeb,1025f0e2d44d7041d6cf58b6550e0bfa,2018-05-16 21:11:01,135.00,42.81
56ef80c564f6fd57cc662adee0379746,1,06e73ddcb54620a36bfdb2e073c4dc40,0ea22c1cfbdc755f86b9b54b39c16043,2017-01-20 14:24:22,34.90,14.52
56fdda0cb0aee560cd00b1a571dcb10f,1,656e0eca68dcecf6a31b8ececfabe3e8,e9bc59e7b60fc3063eb2290deda4cced,2018-07-25 18:24:02,72.99,18.61
56fdda0cb0aee560cd00b1a571dcb10f,2,656e0eca68dcecf6a31b8ececfabe3e8,e9bc59e7b60fc3063eb2290deda4cced,2018-07-25 18:24:02,72.99,18.61
57490284e3524fb4b1c4112fa966cbde,1,b1ab8c16165f6d66427b01ac9b26e141,ae45df84722b1d15c5f32b23a095746c,2018-06-27 03:31:46,139.99,17.91
576fed147504338aa428f01cb08ab5a4,1,3cb39171fd36c50097f2dedbbe0dfe6e,16090f2ca825584b5a147ab24aa30c86,2018-06-14 03:11:07,28.99,7.87
5775b40b5767cf4043ffa1322c7d646c,1,0bbdc963004d9b2fd3427ee3c5ae3608,06df0c10d34e459d9672bc77388742eb,2018-05-17 16:35:19,299.00,14.18
5782b3af52f3953fec44afe27ecd1892,1,dc881ef926ca402063ea142afc83874c,7aa4334be125fcdd2ba64b3180029f14,2017-09-28 09:05:21,92.99,17.90
57a959471d822333138826c2694ea6b6,1,e9a69340883a438c3f91739d14d3a56d,1b4c3a6f53068f0b6944d2d005c9fc89,2017-03-13 19:15:17,169.90,22.66
57e34f23ea6f7d6197a2792928bfbb04,1,629e019a6f298a83aeecc7877964f935,c003204e1ab016dfa150abc119207b24,2018-04-25 02:35:22,109.90,18.85
57eeb1ae64d1ca34bebe90920670cfb9,1,704ef63ad0ac345842ea734060a83db2,da8622b14eb17ae2831f4ac5b9dab84a,2018-08-28 09:30:22,74.90,9.27
57f7bb7d658b442616fce795fcc30146,1,2b6aba96aca0f3f5f28779c8a4395f42,066a6914e1ebf3ea95a216c73a986b91,2017-02-04 20:04:08,74.99,20.60
5813dccc11eeeec1c8b609e396c12291,1,423b46d7ff817b1cd19ab195c7b76546,6560211a19b47992c3666cc44a7e94c0,2017-11-27 10:06:53,55.00,15.14
582ecddc80251f58adb996143e81d6e0,1,d04e48982547095af81c231c3d581cb6,d921b68bf747894be13a97ae52b0f386,2018-05-21 16:31:58,245.00,19.59
58317a8b3dfbcadbd945cb80dda94304,1,01365901d8f2247976a7e5d4c98c52c0,6560211a19b47992c3666cc44a7e94c0,2018-06-07 01:31:17,29.00,15.23
5836a9fd173a29689e12bf421d2d280b,1,15b142fc0f773fb67de91301d1701894,4a3ca9315b744ce9f8e9374361493884,2017-02-03 14:19:23,83.90,9.00
5836a9fd173a29689e12bf421d2d280b,2,5bfc7506459ae2a7b4b573fe557a58e1,4a3ca9315b744ce9f8e9374361493884,2017-02-03 14:19:23,69.90,9.00
583778f2a1b6b016b054423277086598,1,c230b471b7e21ff9060e68ee154afd70,1ca7077d890b907f89be8c954a02686a,2018-01-05 18:46:39,69.99,14.24
583897e4cf9cd552e5abfacdf82bcb75,1,1b0fb6d6a05121d4b76a49f44c2c427b,3ade81dab5a172b88e1871c28ae05260,2018-06-06 22:13:56,199.00,48.25
5890259dc546292bd43919d8a284222b,1,7c1e2b3fa0233e46fb3bcdcb9919a72f,788e857f317e53de488d393e65a80f45,2018-08-23 15:12:57,110.00,13.07
5897449bce69856d88610b3c0f4f63b5,1,b0364648b1c062169015d9234d97d306,4da0e408c99d2fdc2126dc9fce518060,2017-01-19 21:46:43,183.90,15.46
589eac637e68da58add10ee5e6710bac,1,e5ae72c62ebfa708624f5029d609b160,e9bc59e7b60fc3063eb2290deda4cced,2018-01-18 02:31:48,61.90,0.62
589eac637e68da58add10ee5e6710bac,2,fe59a1e006df3ac42bf0ceb876d70969,25c5c91f63607446a97b143d2d535d31,2018-01-18 02:31:48,599.00,49.61
589eac637e68da58add10ee5e6710bac,3,5b8a5a9417210b1b84b67b9a7aefb935,f457c46070d02cadd8a68551231220dd,2018-01-18 02:31:48,74.90,9.92
58aa4a2e2d2b63972e1c4508ed5f7cd7,1,6feecc05ee0c88b6194450c8a580629b,5f2684dab12e59f83bef73ae57724e45,2017-06-01 14:22:35,139.90,14.00
58b67b63bcec8f5f157c17d15b724b89,1,b192be433004cc1f10b467c0e9ea309b,de722cd6dad950a92b7d4f82673f8833,2018-08-17 12:05:13,179.90,39.53
58b99a93ab6127501faa09a1c8878dc4,1,b369e02eda28d74a9bd658415b08d7fb,77a515caa36327151d1cc6c32a9f00e1,2018-05-24 16:31:51,79.90,16.53
58c851c107a9a3e21e03a9e2a1951d12,1,6cdd53843498f92890544667809f1595,ccc4bbb5f32a6ab2b7066a4130f114e3,2017-01-30 22:39:00,349.90,24.38
58f999d3fc97ccaa6ce17d0488658cb5,1,bcee6fd62c36b571fc4522eb3aa7138b,cc5a78bbad32776dc4e3af205218368c,2018-06-21 11:59:39,68.65,25.35
58fa3cd471625c6384fc92e41508b3a6,1,08713ad044290890b1373e1bedc8464c,daeb5653dd96c1b11860f72209795012,2018-01-18 17:09:19,9.90,34.15
58fc974f8e0ddd9ce549e3272d0140c0,1,8d15106f1709b2a5340c0141ec76144e,1771297ac436903d1dd6b0e9279aa505,2017-02-03 23:40:39,46.22,18.00
5938114522194bd566d9f5a5cd9dcb88,1,1ba045cf3a974c9b36bd1f6f0383ac8d,fa1c13f2614d7b5c4749cbc52fecda94,2018-08-13 20:25:10,109.90,8.03
594013e81f2c775b3fb2591f7e4bd4a9,1,ad0e74d7a7848008daa87492dff8db9f,080199a181c46c657dc5aa235411be3b,2018-03-07 12:10:14,179.49,9.45
594d9204df0349e9b6ddaeeecc1f0748,1,2b4609f8948be18874494203496bc318,cc419e0650a3c5ba77189a1882b7556a,2017-10-24 20:14:15,89.99,15.39
5982fca4536769e5024e12eb8b6f473c,1,aca2eb7d00ea1a7b8ebd4e68314663af,955fee9216a65b617aa5c0531780ce60,2018-03-27 16:08:37,69.90,24.71
59934ef5e174b490aacecbbe4f381155,1,7fb7c9580222a2af9eb7a95a6ce85fc5,688756f717c462a206ad854c5027a64a,2018-05-30 23:31:49,28.99,35.23
5a34dfccd6fb223c870ad34652d64274,1,5a1a5bb0e9e3dbd18e6d8d3c326d3fed,da8622b14eb17ae2831f4ac5b9dab84a,2018-02-22 01:07:25,74.90,12.86
5a359fd847978055438c2563b425d343,1,cb0c5efccd7813081ac13792fcaeb07a,59b22a78efb79a4797979612b885db36,2018-08-27 11:25:30,169.00,22.93
5a37429384be05ca14780e4989543688,1,a5f6ba3fe91a2e73f10b612131cb2404,4e922959ae960d389249c378d1c939f5,2017-01-22 17:42:22,60.00,14.59
5a6816abc699af392f8a2520aadf1cd9,1,ef79ec374ba852bbced7662285946619,6560211a19b47992c3666cc44a7e94c0,2017-11-17 19:55:29,199.00,8.65
5ac2c9301491372ab320f5aa4e451ff1,1,b1f32fc9713cf8c0813fff7c9c8262b2,8c16d1f32a54d92897cc437244442e1b,2017-11-13 04:31:18,45.60,16.79
5ac2db22c3a1a5c7d59208f225e41fef,1,52c80cedd4e90108bf4fa6a206ef6b03,a1043bafd471dff536d0c462352beb48,2018-05-15 16:59:55,179.00,43.95
5aca16835e759ea6a7e1d4369d0ce451,1,560ed840b584c6aef5c8959366dfd41e,5dceca129747e92ff8ef7a997dc4f8ca,2018-05-21 21:55:18,428.00,33.65
5accb23a030458bbfb5eb669903f05b7,1,37dcce9d511e9729330ad4d80de13cfa,e5a3438891c0bfdb9394643f95273d8e,2017-09-29 14:51:46,20.30,15.10
5ae5a2d65d23cd2e0d8a1ca9b0c5a3bf,1,a6961c368e99bfa3e39fadf7530d7ea1,1cd9e0cc1839d55516843def5600816d,2018-07-27 11:30:44,99.00,18.49
5b36d696990ca3b000d4094e51d5b2a1,1,94a6c010ef78e62cab34c6caf0a69b5f,080102cd0a76b09e0dcf55fcacc60e05,2018-05-16 11:54:11,11.50,18.23
5b3f436dc53597ba05614a473a03783f,1,77aadda8f3636c56d2e32ebf735426ba,dbc22125167c298ef99da25668e1011f,2017-06-12 12:42:44,131.90,20.16
5b81d7f0f897982fce8bd000471c973a,1,fdd84aefb08c8f8225e0b8c97429d53b,94144541854e298c2d976cb893b81343,2017-05-09 11:22:51,51.90,16.06
5baeaa8bec54f12f0aa0ee4b4d285cf9,1,49484d56efdb9b218cbb9f96a117ffd2,44073f8b7e41514de3b7815dd0237f4f,2018-01-12 11:32:02,89.99,17.07
5bb7f13d8996f3b384e2820e7f7e8659,1,4c6cbc8f097c261f62ae0a8a2660db03,0df3984f9dfb3d49ac6366acbd3bbb85,2017-05-08 12:36:04,92.90,18.08
5bb9511e1d233eedad299acb511799f2,1,f110a8fd4a8052d5717ce2adc2bb71d0,f7ba60f8c3f99e7ee4042fdef03b70c4,2018-04-19 02:31:36,411.00,72.87
5bc4d0aa53124192dd06058bdf74a6a7,1,3dd2a17168ec895c781a9191c1e95ad7,de722cd6dad950a92b7d4f82673f8833,2018-03-15 19:08:29,149.90,12.00
5bc4d0aa53124192dd06058bdf74a6a7,2,3dd2a17168ec895c781a9191c1e95ad7,de722cd6dad950a92b7d4f82673f8833,2018-03-15 19:08:29,149.90,12.00
5be7fcdba040de4538c9bd6fc2447973,1,d44757bff9d0a479db38e2117eba931d,7aa4334be125fcdd2ba64b3180029f14,2017-09-08 11:25:09,125.99,56.55
5bebe0296b65287e94b489cd279782cc,1,ac8af924237ed4591dc8d9b8c6a935f0,5670f4db5b62c43d542e1b2d56b0cf7c,2018-08-21 11:50:59,682.98,20.08
5bebe39740e4434a58d1fead1a4d854d,1,89e4362d74afa10ac57f8d67210132a6,dbc22125167c298ef99da25668e1011f,2018-05-08 11:31:04,89.90,18.51
5bf2faa0ca6a4d0baff82907f7495f79,1,f6bcb15602b0ca66d77ef1cf4edff1a6,e9779976487b77c6d4ac45f75ec7afe9,2017-11-22 23:31:19,93.49,14.05
5c0d142e02002952ffe6ae4db1b02baf,1,51d646c5c93e0f1de543528d0e24eadc,c35672b10ad50968f567ea3f4b91e877,2018-05-14 15:51:51,69.99,27.04
5c110a6989b5bf2b90e611d478bafa3e,1,f8b624d4e475bb8d1bddf1b65c6a64f6,b410bdd36d5db7a65dcd42b7ead933b8,2018-02-14 22:48:28,179.00,16.69
5c28fcfb4e50a56899353fd6f8609f42,1,aca2eb7d00ea1a7b8ebd4e68314663af,955fee9216a65b617aa5c0531780ce60,2018-03-07 10:09:44,69.90,13.08
5c28fcfb4e50a56899353fd6f8609f42,2,aca2eb7d00ea1a7b8ebd4e68314663af,955fee9216a65b617aa5c0531780ce60,2018-03-07 10:09:44,69.90,13.08
5c2d1d55c31db1cbe069dc9b6454b897,1,cdd914e78124a73cc28a165cfc4a0bbc,ba143b05f0110f0dc71ad71b4466ce92,2018-07-27 09:17:32,93.99,23.46
5c52bc8eeaca96c7b9ed2d47db358f43,1,2c0722227025e08e761c39159ef0d701,fde0cc9ea29c8ccfc0a2c22256a58c71,2018-08-09 11:35:24,104.00,26.24
5c5c9fde60ffb741545cf2608e8c12ca,1,4af813a3e5bc89370ef80fe126542076,46dc3b2cc0980fb8ec44634e21d2718e,2016-10-14 11:02:17,549.99,63.79
5c71ea0184088e38bb96418275b4fef3,1,0a5a41c678bcf81e041826bb24eb0b01,4b9750c8ad28220fe6702d4ecb7c898f,2018-03-29 07:10:33,48.90,9.26
5c8d479eeb47c38de98d8ab2d956e04d,1,0aabfb375647d9738ad0f7b4ea3653b1,37515688008a7a40ac93e3b2e4ab203f,2017-10-18 13:35:11,19.90,11.85
5c973d2b4652e1dec15353b59339f3b4,1,e9eebb8e8ba0fadb9020f8ba1c003b48,620c87c171fb2a6dd6e8bb4dec959fc6,2016-10-11 12:13:52,349.90,13.61
5d05467df1b7834684fe4c0783f5db1f,1,2190082493d586e315bfbb93762ab3e3,43f8c9950d11ecd03a0304a49e010da6,2017-12-29 11:52:29,49.99,17.63
5d103f49c32225c353410679f8e90880,1,ce130b350f529a1d6288f927da7404ea,e38db885400cd35c71dfd162f2c1dbcf,2017-11-30 09:12:02,64.90,16.70
5d2e7157465c583b526adf7d226d9623,1,4fe644d766c7566dbc46fb851363cb3b,c31eff8334d6b3047ed34bebd4d62c36,2018-05-23 10:12:36,99.99,12.34
5d3600123565a48b65ad1ae42b48ae9e,1,b59b5899ecf4bcc294a72fdd48adaa94,ea8482cd71df3c1969d7b9473ff13abc,2018-06-11 18:31:17,28.89,7.39
5d36e8ca3ccd1262b7641467fdba0b8e,1,daf9915404caf75fa1717a436b46fa14,0f519b0d2e5eb2227c93dd25038bfc01,2017-01-31 12:10:46,79.90,23.00
5d389775a013b9eb8fcdab4cdc1eae1d,1,0f3288619c16188d156acc3ba91f36ab,87142160b41353c4e5fca2360caf6f92,2017-02-07 16:25:13,19.90,14.52
5d5b8c94e2bc6b963da5af8a4b02bf08,1,7721582bb750762d81850267d19881c1,0c8380b62e38e8a1e6adbeba7eb9688c,2017-01-26 10:08:18,59.50,21.05
5d5bb894cb86c2b5aff1513531e63055,1,a92930c327948861c015c919a0bcb4a8,6560211a19b47992c3666cc44a7e94c0,2018-05-02 04:10:51,78.00,15.43
5d67a487bcc575e994f0e84e84823af2,1,2c71438371b35f7ce3c2511d6b0927e7,6560211a19b47992c3666cc44a7e94c0,2017-08-02 23:51:57,29.00,17.63
5d67a487bcc575e994f0e84e84823af2,2,2c71438371b35f7ce3c2511d6b0927e7,6560211a19b47992c3666cc44a7e94c0,2017-08-02 23:51:57,29.00,17.63
5d67a487bcc575e994f0e84e84823af2,3,2c71438371b35f7ce3c2511d6b0927e7,6560211a19b47992c3666cc44a7e94c0,2017-08-02 23:51:57,29.00,17.63
5d97051b2fbe2d850d8c195e054735b4,1,11875b30b49585209e608f40e8082e65,669ae81880e08f269a64487cfb287169,2017-02-02 09:49:10,65.00,18.00
5da33f2ec794bb55994fc59563a04107,1,3f14d740544f37ece8a9e7bc8349797e,6973a06f484aacf400ece213dbf3d946,2018-03-30 02:15:56,84.89,18.47
5dc269b7c4dce1624653e914a1b739f5,1,20518c6950587eb5e8f02dad2fa0d685,aae3bfea055532c57fb453ed3ec80b30,2017-01-22 17:20:39,77.08,11.15
5dccad03ac8016afdcdb7cc0227ec9d7,1,402e8d6a95c83da5c3cef16b795329b9,6edacfd9f9074789dad6d62ba7950b9c,2017-01-29 15:10:14,66.90,14.64
5dd2d22e1330c17a5d2ce7ba581b2c98,1,4413a608a42bd21bbf9d5abbd58c249a,7ddcbb64b5bc1ef36ca8c151f6ec77df,2017-12-08 16:49:35,166.99,20.66
5de443f7adc75b72230b61e63ce5007a,1,f8a7665279f140d238371c8e7604c204,6861de0f40cacb0602e473c51639f980,2018-07-10 08:32:02,25.00,18.33
5de443f7adc75b72230b61e63ce5007a,2,f8a7665279f140d238371c8e7604c204,6861de0f40cacb0602e473c51639f980,2018-07-10 08:32:02,25.00,18.33
5de443f7adc75b72230b61e63ce5007a,3,f8a7665279f140d238371c8e7604c204,6861de0f40cacb0602e473c51639f980,2018-07-10 08:32:02,25.00,18.33
5de443f7adc75b72230b61e63ce5007a,4,f8a7665279f140d238371c8e7604c204,6861de0f40cacb0602e473c51639f980,2018-07-10 08:32:02,25.00,18.33
5dec9bf4b2c859f8de5fee5f1e08d1c6,1,ffe75578163d45caa52bca3529cb511e,ea8482cd71df3c1969d7b9473ff13abc,2018-02-08 02:53:35,27.99,15.10
5dff8347ba30bf1b9e5d1a1ce778702a,1,05928363cd16fb2d20ccad40992105aa,abe42c5d03695b4257b5c6cbf4e6784e,2017-09-28 11:30:12,439.00,16.82
5e1e97f999b0aa80d601a6619c1c050f,1,99aa268744e2967e0ed6d3b22a38eff2,52562a9f449c3dc3d53f5f5b9ed74903,2018-01-10 23:46:41,89.90,27.48
5e41372dfed214a973d082c2ba36e9a1,1,a5bbc554f75cf4afa2cd56791015ec27,955fee9216a65b617aa5c0531780ce60,2018-05-24 09:14:21,55.00,8.88
5e41ebabb65c9b6a46dbbfee1b4d6a4b,1,ecbd40ab57460010c6e9454b586231a8,f52c2422904463fdd7741f99045fecb6,2018-08-07 22:35:19,14.90,7.39
5e7a884a951fb8fa7f6596c513bd8fa3,1,88f608e85fd33226d6fa5e15d9748d92,bd0389da23d89b726abf911cccc54596,2018-08-16 21:04:24,189.90,20.24
5e7e66344d4f127f114875c930d621f9,1,513e834f4f9225e4e8b233716a699774,7a425d299613df3e613bcf9d2eaf5c49,2018-02-09 18:29:59,43.90,15.10
5e889b27fcf62bb902c417303e5f688f,1,4ba03c3932b9242b45a6fe987149a517,ea8482cd71df3c1969d7b9473ff13abc,2017-11-10 17:10:32,99.00,17.13
5e9fbea0a384b612fd7b6d66c1e21152,1,f5bb0eef3914b07a9dea355a6a3069da,ef506c96320abeedfb894c34db06f478,2017-10-05 13:50:22,25.99,14.10
5ef2b9c9a5e997664dcaacc5fa769e07,1,61e10f3719455e41bd5956ef8dc29092,a416b6a846a11724393025641d4edd5e,2017-03-30 02:10:41,164.90,16.36
5f0f8a9ceb96ceb90d49907d4c14ac7e,1,f6eda47c88d786adf6f3e3f016833927,5cf13accae3222c70a9cac40818ae839,2018-01-25 12:19:13,99.90,36.02
5f4232203a9f7cd910b49787d7f32437,1,07e00c385280d659de8eb0254b75ecdd,c679fb69a36e1d8349e8c50a217b4d58,2018-08-06 18:24:33,31.98,18.32
5f498836a73a6ef414a303556f3f83bb,1,f1565c6b7be8ebed9fafb07bcb6435a9,53d00c40e32aeb924a84ce72b1af869d,2018-05-02 21:51:16,147.90,23.62
5f63f81968c1ed5835496acaa5b63434,1,5abb262996451f878f52e83d721e74dc,f9d010e39375d9c91dce3f40b73a2f84,2018-06-26 08:56:22,329.00,64.32
5f7363eba95d6b80c0b0d44e53193e0b,1,e0ab3fcfb0c3a63324f2797e03bc4199,38102b031c2a15e54623d711bfc753d3,2017-05-11 21:01:56,35.00,42.38
5f82563eed1525084af012688a78398a,1,48e82f62f499350869ac7529efd9fcbd,cca3071e3e9bb7d12640c9fbe2301306,2017-10-02 07:07:14,54.90,16.14
5f9571ac1f7bd358f3fcfa9d07900869,1,2e7980421ad7946eab8a71b637955704,8e6cc767478edae941d9bd9eb778d77a,2017-08-03 00:43:37,79.90,23.43
5f9e345bd69028860ff1b6a72c26dc45,1,33a07ea8a7b3dbab277c180e9f1233ea,8f2b51a30523cdecddc2f179f351c7d6,2017-06-14 19:20:21,37.00,7.78
5fbe2cf3289a1fade6523b8745d466e8,1,72d135605b8f0dd92505c47ca12157bd,6ec1a01e866584bb679eb9b098345919,2018-03-26 11:10:36,33.25,7.87
5fc156541c3cea8af8784a46dbfcd183,1,6c4f9f5db7665ec7f628f17d459b4aac,06a2c3af7b3aee5d69171b0e14f0ee87,2018-06-07 10:56:37,64.99,27.51
5ffbbd67f14392efe8fd533d38cd1338,1,196616257eff8bc851dc4fc041cbbbe9,701938c450705b8ae65fc923b70f35c7,2017-01-31 19:04:57,103.99,9.50
5ffbbd67f14392efe8fd533d38cd1338,2,196616257eff8bc851dc4fc041cbbbe9,701938c450705b8ae65fc923b70f35c7,2017-01-31 19:04:57,103.99,9.50
5ffc7455c07cb79260d36024277e417a,1,bc68b4f9aacf4761a51fe96ac9cb6d62,2138ccb85b11a4ec1e37afbd1c8eda1f,2017-02-10 17:02:13,32.99,16.05
6002f1429927599498f346578f57af4b,1,9328c3a5c42ae7b32d53e419f9b93d66,cca3071e3e9bb7d12640c9fbe2301306,2017-03-21 18:05:17,50.90,15.57
600a1cc5fe241900d619ca1ee2f3be2a,1,d2e1eee81b5ff42f0f1f4693e1182349,0adac9fbd9a2b63cccaac4f8756c1ca8,2018-05-18 15:30:50,29.90,12.79
6011382a54da3024a3e9650faa1b5e2a,1,086351823300e0339f6955b27998c186,33a6f4b1e7cdc205511e76ba1b6e0186,2018-04-09 18:55:18,115.00,16.78
601fb7b5c950f370e9b7fa94529b8880,1,450c25d98ed6923154a934554475bf13,dbdd0ec73a4817971d962698f2fea022,2018-07-09 15:30:32,399.00,63.07
6031b4a1dbafab99322d682f7d2070fa,1,9ad75bd7267e5c724cb42c71ac56ca72,8160255418d5aaa7dbdc9f4c64ebda44,2018-01-09 04:16:33,105.90,13.76
6046bc15c899ee2dd06d1a235f9f61c9,1,11dcc970f7a5581e1bf777b6da3f7096,06579cb253ecd5a3a12a9e6eb6bf8f47,2017-09-01 14:55:23,69.90,13.51
6054d8418ec326a7a9382171632b7a7d,1,144b8110f0a755915d67660ab747d9d6,3492e68f37fd1df87f4f2f2ea247f445,2018-07-29 22:04:17,379.95,48.96
6094159cbb1c76bdf3249a954c2da017,1,79863f997e214f8f98c423694c745f3d,a416b6a846a11724393025641d4edd5e,2018-05-24 00:14:56,166.00,15.25
60b7a154dfbcedf1c0b7b294d0cfae7b,1,c9c6fde711572c1ad99ca12728c6af00,562fc2f2c2863ab7e79a9e4388a58a14,2018-02-12 03:50:48,29.99,25.38
60d89454741d31c6c07226c6069864dd,1,42a2c92a0979a949ca4ea89ec5c7b934,813348c996469b40f2e028d5429d3495,2017-07-05 09:55:20,59.90,14.13
60e2fe3a23e71c24f3ab0f648ebd6a8f,1,860a24fe5502e492593ec000b1c33559,f650a9708fa1bab22bdd8d3a818cc415,2017-01-29 13:42:49,91.71,14.81
610d998ea61935583bd897dd101d0e1d,1,d189fbf8b5d79a670cebcaaad68d77b2,0d85bbda9889ce1f7e63778d24f346eb,2017-08-04 19:50:14,59.90,25.26
6139a798f92b14ad667f3a8fb8f78c4c,1,396bf7d8b2215de13a3332d2426e2abb,26d8a1c7c75d513045798992ead43aa2,2018-03-02 07:30:37,69.99,16.93
614c0b4b5169af9eb895bc8aefe5a418,1,145978af3e89b318be0b717a0953649a,18e694e0e48ed6f7aa3f24aade5fd697,2018-08-22 18:49:24,20.90,12.81
616b813dbea8acc9de0ca0380cd89b83,1,dbd024d4182504993ad1e3cd2ee9d9e9,ffff564a4f9085cd26170f4732393726,2017-01-26 19:04:32,29.40,16.05
616f1f539d7add607844e0199fed7ea6,1,a0fe1efb855f3e786f0650268cd77f44,ef506c96320abeedfb894c34db06f478,2017-01-27 07:03:04,21.99,8.72
616f1f539d7add607844e0199fed7ea6,2,a0fe1efb855f3e786f0650268cd77f44,ef506c96320abeedfb894c34db06f478,2017-01-27 07:03:04,21.99,8.72
6189844031702fdf168d8194d504bc0b,1,bdabd28372ee8e7e7b3a825efd22a8fe,562fc2f2c2863ab7e79a9e4388a58a14,2018-05-04 01:31:13,19.99,18.23
6199bf17a85a73b61d5e43a596b95b5b,1,e41a6ac2f57a273eb0d214c7cbab5db9,a7f13822ceb966b076af67121f87b063,2017-02-10 18:59:30,119.97,20.14
61b40f2b303f6b312a3563e508baafb7,1,634256dbcd184b3757ffd7632c9fe52a,42b729f859728f5079499127a9c2ef37,2018-02-28 08:30:53,24.90,14.10
61b40f2b303f6b312a3563e508baafb7,2,634256dbcd184b3757ffd7632c9fe52a,42b729f859728f5079499127a9c2ef37,2018-02-28 08:30:53,24.90,14.10
61c0331f4a2916cc12ae6abe6f4caf41,1,1e8c9a649b9c92a2acf771c3168e15b8,00ee68308b45bc5e2660cd833c3f81cc,2018-02-22 21:50:38,450.00,16.90
61e268eee1d131498001b6121895c5ee,1,2ff17002562478fb03cd44f09e7ca51a,fa1c13f2614d7b5c4749cbc52fecda94,2017-12-26 02:50:42,227.80,18.03
61e94ee01643283937897275a00ed8ff,1,5f21301936c11698db6aee5444190da0,fe2032dab1a61af8794248c8196565c9,2017-05-08 10:42:24,149.90,15.22
61fbc4a76e5b3db28d2dd737ace32716,1,47125061c86148a6f08a9e8708cef1ff,c500367424994318b9e779ff1ae9a330,2017-11-06 16:29:05,299.00,22.49
621be24850f6edd2e8dbd75a0f19668a,1,86b905f8e48ccc43feec909bd9b934fb,710e3548e02bc1d2831dfc4f1b5b14d4,2018-07-05 15:15:55,299.99,17.17
62260701eb6b51252ed47c4967b1a48d,1,913580fde3e72c3b3e4ce0b79963bee6,b76dba6c951ab00dc4edf0a1aa88037e,2017-01-20 13:21:19,10.99,8.72
622dac2e43c9fe4e17d08cbc259f8448,1,bb50f2e236e5eea0100680137654686c,f7ba60f8c3f99e7ee4042fdef03b70c4,2017-09-25 21:30:22,325.00,17.02
622e1ac05d77a0fe978afdbb3d174017,1,691c1cc8a89f47bf99b00a7aeee5c4f3,a416b6a846a11724393025641d4edd5e,2017-10-06 12:24:39,493.00,25.77
6232b520aa859c47ba46e5213737f418,1,fa8485bc54eaad5b218cd8081c859568,5f1dc28029d2c244352a68107ec2b542,2018-06-21 13:27:02,3.90,15.23
6232b520aa859c47ba46e5213737f418,2,fa8485bc54eaad5b218cd8081c859568,5f1dc28029d2c244352a68107ec2b542,2018-06-21 13:27:02,3.90,15.23
6232b520aa859c47ba46e5213737f418,3,fa8485bc54eaad5b218cd8081c859568,5f1dc28029d2c244352a68107ec2b542,2018-06-21 13:27:02,3.90,15.23
6232b520aa859c47ba46e5213737f418,4,fa8485bc54eaad5b218cd8081c859568,5f1dc28029d2c244352a68107ec2b542,2018-06-21 13:27:02,3.90,15.23
6232b520aa859c47ba46e5213737f418,5,fa8485bc54eaad5b218cd8081c859568,5f1dc28029d2c244352a68107ec2b542,2018-06-21 13:27:02,3.90,15.23
623695cd72cc41aa116c10c7c28608a1,1,07d78aaf21af9a0d738b9da323e3571d,8581055ce74af1daba164fdbd55a40de,2018-04-11 21:15:22,133.20,14.93
625f92d47eee6330318032089c61a90e,1,dc6217e7f9d8c15039ca95b702ce7e02,855668e0971d4dfd7bef1b6a4133b41b,2017-12-18 03:54:29,40.00,15.11
627a881a7d2543a80dc59460ab08eaab,1,09f6dccfebfa0688abfc1af640b69e61,7c4618c82226628831613e95e9c22f44,2018-02-15 18:32:18,29.99,15.10
627d872bac94d3a4276ebd2f708387cb,1,9da950e8c8c482441f1b93955b21c827,ceaec5548eefc6e23e6607c5435102e7,2018-05-17 17:10:31,209.99,22.55
62a4c6ee1b6f43e8a1ac86ad87fb0f35,1,8e7a3ee016b12c87b5e3e7e717620758,955fee9216a65b617aa5c0531780ce60,2018-05-09 20:15:23,110.00,14.13
62a906256e72774922d85060d98c8a5d,1,0075c14603d80515e20908c156ceb47b,cda598c48d7c614bc1cad7d8ff6f0010,2018-05-16 17:30:47,49.90,18.23
632ba34265b5449d1f742d24cacf1208,1,33731b575da5eeaa98cd7c30b2c5c2e0,bfd938b22bc99bce1ae60dc602889f52,2017-01-26 21:50:07,69.90,19.19
632ba34265b5449d1f742d24cacf1208,2,33731b575da5eeaa98cd7c30b2c5c2e0,bfd938b22bc99bce1ae60dc602889f52,2017-01-26 21:50:07,69.90,19.19
632ba34265b5449d1f742d24cacf1208,3,33731b575da5eeaa98cd7c30b2c5c2e0,bfd938b22bc99bce1ae60dc602889f52,2017-01-26 21:50:07,69.90,19.19
634adfa0f5cb0fd3a7c932f3b5b463fa,1,4fb651ace30be388c0e95f48f3308e5a,44073f8b7e41514de3b7815dd0237f4f,2017-09-14 08:55:11,125.00,22.74
634d0a0f8ec5eb8078eb64340dcd355b,1,34e83bed8d615779f4ed501e7033fc60,5656537e588803a555b8eb41f07a944b,2017-11-06 20:31:29,46.89,9.09
63514fae43596b11a770416049c86856,1,9741b01d3911ec9a565569b19d533bff,e250d617a0ad591ba9bd663e584a895d,2018-07-16 12:06:05,131.00,16.02
6369478ccc25c089500c88305545244b,1,446a112adf10992c2e26eb566a68bd46,609e1a9a6c2539919b8205cf7c4e6ff0,2018-04-25 02:51:26,36.90,19.32
6369478ccc25c089500c88305545244b,2,eac61d05154fde75066aa2e1758ecdb1,609e1a9a6c2539919b8205cf7c4e6ff0,2018-04-25 02:51:26,36.90,19.32
637617b3ffe9e2f7a2411243829226d0,1,e11092e9722d1b6f8c18cd8947a1daff,1f50f920176fa81dab994f9023523100,2018-04-25 02:51:20,79.90,24.01
637617b3ffe9e2f7a2411243829226d0,2,b6ada73818651fe7e64be10653062ea2,1f50f920176fa81dab994f9023523100,2018-04-25 02:51:20,79.90,24.01
637617b3ffe9e2f7a2411243829226d0,3,b6ada73818651fe7e64be10653062ea2,1f50f920176fa81dab994f9023523100,2018-04-25 02:51:20,79.90,24.01
637617b3ffe9e2f7a2411243829226d0,4,b6ada73818651fe7e64be10653062ea2,1f50f920176fa81dab994f9023523100,2018-04-25 02:51:20,79.90,24.01
637617b3ffe9e2f7a2411243829226d0,5,e11092e9722d1b6f8c18cd8947a1daff,1f50f920176fa81dab994f9023523100,2018-04-25 02:51:20,79.90,24.01
637617b3ffe9e2f7a2411243829226d0,6,e11092e9722d1b6f8c18cd8947a1daff,1f50f920176fa81dab994f9023523100,2018-04-25 02:51:20,79.90,24.01
637617b3ffe9e2f7a2411243829226d0,7,1ba4e3fe92f16fd5a8942f7b7d804b52,1f50f920176fa81dab994f9023523100,2018-04-25 02:51:20,79.90,24.01
637617b3ffe9e2f7a2411243829226d0,8,1ba4e3fe92f16fd5a8942f7b7d804b52,1f50f920176fa81dab994f9023523100,2018-04-25 02:51:20,79.90,24.01
637617b3ffe9e2f7a2411243829226d0,9,1ba4e3fe92f16fd5a8942f7b7d804b52,1f50f920176fa81dab994f9023523100,2018-04-25 02:51:20,79.90,24.01
637617b3ffe9e2f7a2411243829226d0,10,bf44071ef18f5c9ded039681c68b1996,1f50f920176fa81dab994f9023523100,2018-04-25 02:51:20,79.90,24.02
637617b3ffe9e2f7a2411243829226d0,11,bf44071ef18f5c9ded039681c68b1996,1f50f920176fa81dab994f9023523100,2018-04-25 02:51:20,79.90,24.02
637617b3ffe9e2f7a2411243829226d0,12,bf44071ef18f5c9ded039681c68b1996,1f50f920176fa81dab994f9023523100,2018-04-25 02:51:20,79.90,24.02
6386b8aabb7f032b77475740cb035e86,1,4d69476a7bd01b8eec1c87e60778364c,751bdc4d83a466c7206cd42e8f426b03,2017-06-15 11:15:26,15.90,5.37
6386b8aabb7f032b77475740cb035e86,2,a42d9c825894f96fc6ed02610891454d,4d6d651bd7684af3fffabd5f08d12e5a,2017-06-15 11:15:26,69.90,10.75
63c92634b4aa9841e6ef2be29bbebd77,1,289dfe89bc0d1eb6bea5a0a3bde85552,259f7b5e6e482c230e5bfaa670b6bb8f,2018-01-26 13:52:28,54.90,17.63
64065ff7503353586b3dacf9aec56ae7,1,c33af1c0bec994ff07664ab6dcae7a86,081acf3de680d554796c9cf041be7bc2,2018-01-11 20:48:21,29.60,26.89
64065ff7503353586b3dacf9aec56ae7,2,c33af1c0bec994ff07664ab6dcae7a86,081acf3de680d554796c9cf041be7bc2,2018-01-11 20:48:21,29.60,26.89
64065ff7503353586b3dacf9aec56ae7,3,c33af1c0bec994ff07664ab6dcae7a86,081acf3de680d554796c9cf041be7bc2,2018-01-11 20:48:21,29.60,26.89
64065ff7503353586b3dacf9aec56ae7,4,c33af1c0bec994ff07664ab6dcae7a86,081acf3de680d554796c9cf041be7bc2,2018-01-11 20:48:21,29.60,26.89
64065ff7503353586b3dacf9aec56ae7,5,c33af1c0bec994ff07664ab6dcae7a86,081acf3de680d554796c9cf041be7bc2,2018-01-11 20:48:21,29.60,26.89
641292e8fd78ba42f0c7ae8786620a83,1,1f5f0f003ce8595ad88fb215ec1409e6,8d956fec2e4337affcb520f56fd8cbfd,2018-03-22 15:30:27,99.95,18.28
641b2871fe2ce7418e69b4c4fa21bd40,1,a1b3a75aaaee5c9a683f2266c088f720,fa1c13f2614d7b5c4749cbc52fecda94,2018-02-21 10:55:34,399.90,10.05
64212621110bae7f5310d5737a9c8e53,1,e44f675b60b3a3a2453ec36421e06f0f,218d46b86c1881d022bce9c68a7d4b15,2017-12-18 03:58:24,107.00,15.50
642bb05feac1a0177c93210d0553e8e4,1,1df2d3dd3744189ada2f2053d70039ae,bf00385a5f7fc1ef39a13c2e9ee50a5f,2018-08-29 19:55:12,32.90,8.98
6460c57b49a7ef155f5f1588ef5b4e60,1,b95aa596a845b94878fd6d210d7fd9b7,3d871de0142ce09b7081e2b9d1733cb1,2018-01-16 23:13:30,79.00,13.57
646410b7c77f0bae163c4d4cbe4d78de,1,99a4788cb24856965c36a24e339b6058,4a3ca9315b744ce9f8e9374361493884,2017-08-02 22:35:17,89.90,12.13
6484880197398c11ca3f6a7709f60aad,1,b1acb7e8152c90c9619897753a75c973,cc419e0650a3c5ba77189a1882b7556a,2017-03-30 10:57:31,34.99,16.05
64a6cbaf0304bb145b7eae00fbbac35b,1,a62e25e09e05e6faf31d90c6ec1aa3d1,634964b17796e64304cadf1ad3050fb7,2018-04-11 15:30:22,105.00,9.27
64be1ceac437f2eed73e5b001d190e97,1,51e8feeedd83467b86a79aa2769367c5,1da3aeb70d7989d1e6d9b0e887f97c23,2018-08-20 16:04:45,17.99,12.79
64bea65441db4c3e2817c4986436a56e,1,145028037adecb27b1a58cf9597676cc,c26a2be5b53b7db6b276280da212a779,2017-08-30 11:30:11,399.00,10.54
64c0c5937e0922b1d2f1124087499646,1,43423cdffde7fda63d0414ed38c11a73,b1fc4f64df5a0e8b6913ab38803c57a9,2018-03-29 18:08:08,54.99,7.55
64d493ad39cf733d3cc70821e69208a2,1,84412fdf17ffe7f7b52913a82e73b5b2,c3cfdc648177fdbbbb35635a37472c53,2017-03-10 10:45:09,169.90,24.91
6509efe5f7fec11ff1e44d9232103a0e,1,c1b1fa3428453960653af124b17ab165,f08a5b9dd6767129688d001acafc21e5,2017-12-18 03:36:29,267.00,34.76
653f05432280006916452a2fbb55b136,1,5af8f974918d5e68bc22ea894296adb6,0bb738e4d789e63e2267697c42d35a2d,2017-03-24 15:56:47,14.90,15.56
653f05432280006916452a2fbb55b136,2,5af8f974918d5e68bc22ea894296adb6,0bb738e4d789e63e2267697c42d35a2d,2017-03-24 15:56:47,14.90,15.56
653fb84a9e7359c05777a5332a48a876,1,8a9efe06f7135fd2dfc7b84b30144bda,fa14641f57b655e933124a9ea49cd7a5,2017-07-31 03:43:51,69.99,14.24
656a18a8006d264fcc120edf67a4e98c,1,2fea0f2cec6b6324a277d4a61c2ed2c6,beadbee30901a7f61d031b6b686095ad,2018-09-05 03:04:33,95.00,7.93
656c5942e852b20473ae268796549007,1,2f49b62fc8f8d52f9c98b8e0e79457d2,45ba18c210d42734ec52c0c1c574e9ee,2018-07-25 10:23:39,179.90,30.24
658bea3a595af733d395a91ed9714160,1,b07499163c612b591ce1621452672e69,0b90b6df587eb83608a64ea8b390cf07,2017-12-05 18:25:02,223.87,26.85
658bea3a595af733d395a91ed9714160,2,b07499163c612b591ce1621452672e69,0b90b6df587eb83608a64ea8b390cf07,2017-12-05 18:25:02,223.87,26.85
65b133214f06c44865a7a54148c84e0a,1,f34707f5f83dbd799b36e79242802784,562fc2f2c2863ab7e79a9e4388a58a14,2018-04-19 15:31:56,39.99,18.23
65b5697d10acdb50f0d5ce555c8aa46e,1,fa824bd872b3bfb379407d40ff3059c0,fa1c13f2614d7b5c4749cbc52fecda94,2018-03-29 19:27:39,599.90,11.06
65beeed06eb791b6c1026364455fdca3,1,f177b434709ecb652dbee4f4b19aef2f,d98eec89afa3380e14463da2aabaea72,2018-03-18 23:30:34,29.99,15.23
65d009e49beeedab2b25830b9e69a6ea,1,51ff0a0f61611dfa94e43c834c949dd3,33a17d60c64393351ebf1ef860f4e0f2,2018-07-09 15:35:16,149.90,17.00
65e6b525bace662c8db890bd33df5299,1,5328338cfaa16ba10561cd970c73ca11,12b9676b00f60f3b700e83af21824c0e,2017-10-17 23:23:43,199.00,38.94
660e589af9553d75506968867c922d91,1,146e38440bfc14b0d923856ddac3709f,46dc3b2cc0980fb8ec44634e21d2718e,2017-01-29 23:30:25,349.99,18.70
6612d55037369324a1556532b38d02cb,1,88a3a882d28c386d79c18ac2141eaea1,8160255418d5aaa7dbdc9f4c64ebda44,2018-05-30 11:53:47,89.90,14.72
66144189f7b5fbb4eb76eb513ac33a17,1,be958064244f19bf11ee270b2feca7a2,6fc26fe110feebd80a433e1f012a84f9,2017-02-07 00:53:39,59.99,10.00
66144189f7b5fbb4eb76eb513ac33a17,2,be958064244f19bf11ee270b2feca7a2,6fc26fe110feebd80a433e1f012a84f9,2017-02-07 00:53:39,59.99,10.00
66144189f7b5fbb4eb76eb513ac33a17,3,be958064244f19bf11ee270b2feca7a2,6fc26fe110feebd80a433e1f012a84f9,2017-02-07 00:53:39,59.99,10.00
66144189f7b5fbb4eb76eb513ac33a17,4,be958064244f19bf11ee270b2feca7a2,6fc26fe110feebd80a433e1f012a84f9,2017-02-07 00:53:39,59.99,10.00
66144189f7b5fbb4eb76eb513ac33a17,5,be958064244f19bf11ee270b2feca7a2,6fc26fe110feebd80a433e1f012a84f9,2017-02-07 00:53:39,59.99,10.00
662b16dd4926c4d8c8686a306b464500,1,194163a8a65a48a8c95623c399a9d4a7,0c8380b62e38e8a1e6adbeba7eb9688c,2017-03-08 03:45:15,109.90,14.54
6639b799469775ff2a696e1bc96b9f58,1,d285360f29ac7fd97640bf0baef03de0,2eb70248d66e0e3ef83659f71b244378,2018-07-24 03:26:16,199.90,8.66
663ccd66895e16bba443625e63a777ff,1,dd783a33bc94bef9c728611320d559e7,11bfa66332777660bd0640ee84d47006,2018-03-02 14:49:36,45.00,25.63
663f6abf22dfaca17fa6ecdb411d1860,1,a60613d36f37a7b27d3344f40f6a7945,ad420dd0c4f92f8af951ac24b86d0cf5,2017-11-30 16:51:52,200.00,17.84
6643fcf7be174c77fb72dea37c92aa19,1,6bb1532261d0a1b244b21ed4aab982bd,8b2492b7ff4468839593fafeed55bad9,2018-01-17 15:10:30,8.43,7.94
664411dc25ffd21164cc72805f249313,1,55a257b8a93fa8ce0b4774de48718126,4aba391bc3b88717ce08eb11e44937b2,2017-10-10 01:01:59,669.00,16.93
66684ab29bf699746bbe69ca21dcedf5,1,f9a7825fa51f487b8a48f67e9efced8c,76d5af76d0271110f9af36c92573f765,2018-02-13 14:10:07,29.90,17.60
66721fc1b7506481ff0d62fefe0aaa6c,1,fa2fd2d3e78769a9f0b997cfa389a0d2,9535a841eecebed61a9fb1ac1cbb5597,2017-02-14 10:34:36,598.90,17.96
668bd37bba51d3c2a919f037ce6194f1,1,656bf6da1eeb7dd128b9b567eea3ca3e,8a130737016f838139d31878787a39c9,2018-02-12 03:48:32,54.70,15.14
668ee4108169a1d58c55b20ddc3fa3c9,1,027cdd14a677a5834bc67a9789db5021,620c87c171fb2a6dd6e8bb4dec959fc6,2017-01-30 11:32:30,99.90,18.13
6699f3e7d674b95aa5f02c60e3312022,1,e9a69340883a438c3f91739d14d3a56d,1b4c3a6f53068f0b6944d2d005c9fc89,2017-05-05 19:55:11,179.90,25.08
66bc92ed85c6ab828e10ff0cd1c5d026,1,f71050e65776861c8c3ec7a2d2b0194c,53e4c6e0f4312d4d2107a8c9cddf45cd,2017-04-20 19:45:13,85.99,16.30
66f1a7baf73c12eb3af95058da54b6f8,1,b993dfaf418915ff7d0aa74016f030f7,827f8f69dfa529c561901c4f2e0f332f,2017-01-24 22:11:31,34.90,14.11
66fd8efdb13221da1b5d53392e52e921,1,5e48cea2e7cec25464ae5de34e700e68,53e4c6e0f4312d4d2107a8c9cddf45cd,2017-11-28 15:54:19,43.00,17.60
66fda4a54fb43b9ec8ef4e032eaa7e54,1,71137504070dc94a0e1d04089985f3e2,440dd6ab244315c632130ecfb63827b1,2018-02-22 06:55:58,114.90,33.25
6727a4e9eed7135cefc6d0f9de7f88a3,1,093f502d13b400c7acad57562017a149,d4e12e7884759a14fa0f5f896c791cae,2018-07-25 12:23:20,43.80,14.65
6727a4e9eed7135cefc6d0f9de7f88a3,2,47ae44a186225b8a87ebb7bf39cc1444,d4e12e7884759a14fa0f5f896c791cae,2018-07-25 12:23:20,54.90,14.65
6744d76b253e71e06a89867248227b9c,1,3a70556370b28da113dfdd18d2da5413,cca3071e3e9bb7d12640c9fbe2301306,2017-01-18 12:46:35,59.90,24.91
674b530698f9bd8a9167b30ed86bd51d,1,0c3305267c17b542aecbc2385f5f0794,fe2032dab1a61af8794248c8196565c9,2017-06-09 10:30:19,219.90,9.73
674f1f9e4afc192f4400bf65ae05df5b,1,677d8ace413e0060fa8686cde56eaf10,d921b68bf747894be13a97ae52b0f386,2018-05-03 20:31:21,225.00,19.45
67730eb2f9468b8c6eb20a45dd477bbd,1,247fa5b4e2f524a22b21ef256ffc23e4,3bdff180c7e1f6551a643b99c265a120,2017-05-11 19:25:07,26.90,15.11
678563117c6bcedcb0f9d98e8f3faf23,1,601a360bd2a916ecef0e88de72a6531a,7a67c85e85bb2ce8582c35f2203ad736,2017-05-23 17:25:16,129.99,12.11
67859bd0284e2d4c7c7ae873212a5ff4,1,f3a67aed340d9b5f218c2d177cc720e3,86ccac0b835037332a596a33b6949ee1,2017-05-25 12:15:45,47.90,15.10
678b28f078641e74d50be86b4ecaec7e,1,9abb00920aae319ef9eba674b7d2e6ff,1771297ac436903d1dd6b0e9279aa505,2017-01-30 18:19:42,40.00,16.05
67be6410d453784501c125d4f0ecb741,1,61107c91091400f4c4523ed7b461a20e,b32be1695eb7ec5f10f72d9610a12527,2018-07-20 18:30:19,699.00,86.20
67c2939389900ee5ef95296df8691336,1,6df3e292ba834323d4d8164d4c88e698,7a67c85e85bb2ce8582c35f2203ad736,2017-11-02 23:06:07,9.99,21.43
67c2939389900ee5ef95296df8691336,2,0b3f6a2323c814e1b19fd44838c160ef,1900267e848ceeba8fa32d80c1a5f5a8,2017-11-02 23:06:07,19.99,2.14
67c98ded9839fea6b6482d1341517e40,1,8d1cfc0463b545928bfb4e589e017bd4,aae3bfea055532c57fb453ed3ec80b30,2017-03-14 03:15:17,62.90,14.61
67e2b633b65efc08fed5fb68e325761b,1,92503fc18ca14a8f32c182ce3f1b9f05,3586b8580d9c917874e053a1bb37b5ff,2018-08-19 23:04:10,29.90,19.77
67e54a5ddb5e864b3ca5442f999b55ed,1,b8b743faa0c9c15594a70b1bc2e78d8e,8f54d64f28a993550aa7943f12572959,2018-07-23 03:40:52,205.90,24.59
67ef896d205bafce2b0ce685b7173d43,1,a4fdd00347db855f614a18bf51606df5,6d803cb79cc31c41c4c789a75933b3c7,2017-09-08 01:25:57,179.90,17.02
67f8f676db053a060da849e36ee9da6e,1,a5b601f57c1fe288e77100429a1f1b7a,f307937c1bb287c3efc2a514b94b0d1d,2017-06-08 01:22:09,189.99,26.61
67fda58928557660d52d5f17eb0aa105,1,1e9e02777a02de03c17eb432be7daf71,c7c7b2682c648339a0e9846bb1023a39,2017-12-20 18:59:28,56.00,15.14
67ff89e045f61cd73790e9866d3dc6ea,1,97f1396a5a1f7c07ba51784efdec44b8,955fee9216a65b617aa5c0531780ce60,2018-05-03 14:11:59,139.00,11.60
6800d99c79f85a09a82645ff194ba86e,1,a4c2f0735962e3bcce149351d387ffd9,4da0e408c99d2fdc2126dc9fce518060,2018-06-29 18:12:49,74.50,13.86
6800d99c79f85a09a82645ff194ba86e,2,a4c2f0735962e3bcce149351d387ffd9,4da0e408c99d2fdc2126dc9fce518060,2018-06-29 18:12:49,74.50,13.86
680e610535fa4d02ce2d6a820946afb8,1,b77ae16cc8f67cd1c0ec781d5bf4da2b,7a67c85e85bb2ce8582c35f2203ad736,2017-06-26 21:43:59,219.99,39.09
6813024343da715f4461d785148f298e,1,56d7faef0f7d847eea91b3302698bcc4,da8622b14eb17ae2831f4ac5b9dab84a,2017-06-01 23:23:06,219.90,17.17
682bc14ace7856a832cef3a783e4886a,1,87805e636e977dafc7329bb3c4a383d6,297d5eccd19fa9a83b2630071ff105e4,2018-08-28 14:05:14,98.00,16.88
6858998aecdc09bc7b5a8ec2d79d21ff,1,0d85c435fd60b277ffb9e9b0f88f927a,f457c46070d02cadd8a68551231220dd,2018-03-08 02:11:04,72.00,15.25
687297c4cb20d6fad502624bed7376ec,1,c0ad0886177197bdbb891829bafc45d2,d91fb3b7d041e83b64a00a3edfb37e4f,2018-01-22 11:15:30,40.00,11.85
68987346a4a9df9cbbb2234b956dd59d,1,eac894f4cb6bb0f613f80bdbfb18fa57,94c49f20a123aeb9360dbf80ff912bf6,2017-06-09 17:30:11,113.90,18.05
689d9b46b0376ea4ebaeac46ebd6fc18,1,216bb0e0cd43ffd832e0973d35e0377e,955fee9216a65b617aa5c0531780ce60,2018-06-15 18:17:22,46.00,12.79
68abb8a2c8cd552dd8452406b2b0153e,1,b596e2d70dd2f5fb5ff9ee2a1c803e5b,46dc3b2cc0980fb8ec44634e21d2718e,2017-10-03 10:56:31,269.99,30.29
68b3b77e74b7ad7bb9d25331580ddcdf,1,73c15f15e628e4ec389e0ed1cec48b15,9baf5cb77970f539089d09a38bcec5c3,2017-07-14 18:45:20,969.99,51.25
68e55ca79d04a79f20d4bfc0146f4b66,1,bfc0d01be79d9038c7720f983bf954e0,634964b17796e64304cadf1ad3050fb7,2018-03-22 13:09:21,137.00,17.67
68eb31d36231dd3fc97baf5cb6f73103,1,95e25af33821b9d231e06f1e7cd34d4e,bd4889b5e9133b35b66e42a8665cea5c,2018-06-28 17:31:33,151.98,27.36
690199d6a2c51ff57c6b392d7680cbfd,1,75d6b6963340c6063f7f4cfcccfe6a30,cc419e0650a3c5ba77189a1882b7556a,2018-03-23 11:49:14,54.99,18.26
691123bd7667e28df807da5274073e1f,1,3eb235314db36995d65c80718db4fd85,ea8482cd71df3c1969d7b9473ff13abc,2017-12-26 09:50:57,24.99,17.63
6912f9577b4156d72ee607f78328ed11,1,8173ca41cdb176462f9ae79821a48404,d566c37fa119d5e66c4e9052e83ee4ea,2018-08-28 19:50:14,35.90,7.51
693d0d4622b8c4324e34ae71fe19a58f,1,ca36223e14b83df526098afff99de992,8f2ce03f928b567e3d56181ae20ae952,2017-11-03 03:10:13,19.00,9.34
6940c4da07984a3f1986bff00cc21ef2,1,b948a6dd0adccdcf3ea81888bf678924,e1dc0754bada9ee4cfe9713f22f61292,2018-08-24 04:05:09,65.00,23.26
694e3d121f16bcbb9b4595b6c6ab3baf,1,a5215a7a9f46c4185b12f38e9ddf2abc,53243585a1d6dc2643021fd1853d8905,2017-12-21 16:20:28,1340.00,26.03
694e3d121f16bcbb9b4595b6c6ab3baf,2,a5215a7a9f46c4185b12f38e9ddf2abc,53243585a1d6dc2643021fd1853d8905,2017-12-21 16:20:28,1340.00,26.03
696e7a79f34c788e7b79e59e35756fdb,1,389d119b48cf3043d311335e499d9c6b,1f50f920176fa81dab994f9023523100,2017-08-29 12:50:13,59.90,17.67
6981dcb7b07826f29c65ec408f8aaf05,1,0152f69b6cf919bcdaf117aa8c43e5a2,d2374cbcbb3ca4ab1086534108cc3ab7,2018-08-23 12:50:07,17.90,12.79
69a4d311a122356e1eadee79beca43e0,1,2267f81f3634e3fdd5d27151ddad3c26,f181738b150df1f37cb0bd72e705b193,2018-03-08 02:10:30,235.00,59.82
69adad596ce64d77dd2a23f85ce3aa98,1,26baeb9025380946e10f3f86d808e24d,612170e34b97004b3ba37eae81836b4c,2018-08-01 20:05:16,88.90,17.55
69bfec47c3230907ad9552f2f1e0c690,1,5adb6a6b7b1be0e0d89a7b15d1f83251,33cbda8716511e27e556dff9d8418bf2,2018-01-31 02:57:25,28.90,12.60
69cc55eb653cc27eea935e7a0d26b83a,1,5526b1ae9ab2688cf600783cece249df,0b90b6df587eb83608a64ea8b390cf07,2018-05-03 08:31:12,98.44,13.81
69f1e4d5709c13914c309652f82319f8,1,0d4e8d3f34ece63cc5132237ccfc0241,b561927807645834b59ef0d16ba55a24,2018-09-04 00:35:12,98.00,8.46
69f1e4d5709c13914c309652f82319f8,2,e389381479408ccdcdd406d8d3049e45,b561927807645834b59ef0d16ba55a24,2018-09-04 00:35:12,29.30,8.45
69f54f52631eb8ea8bec66cb902cf54e,1,2916f36c18811cafe280f15b803be0eb,7aa4334be125fcdd2ba64b3180029f14,2017-12-14 15:52:43,26.50,19.59
69f5eed47613a9d3cd0ae94d398cdd4e,1,7b07e5afce1bb1e6fa3ffcdc718d7e69,70a12e78e608ac31179aea7f8422044b,2017-07-20 10:50:22,39.95,15.10
6a28b46b87ca2e2e83c8fbd829570ae8,1,c55fe8cbb36a1353e443dc9e773b80da,cfb1a033743668a192316f3c6d1d2671,2017-03-07 06:30:11,26.00,14.52
6a4b06a2b62d1f2c69cf1f7a4eae074a,1,e0cf79767c5b016251fe139915c59a26,da8622b14eb17ae2831f4ac5b9dab84a,2018-04-18 21:50:57,29.90,16.95
6a572211b95b6cd2453951ff6aca653b,1,296160f1474264a2f1d7e738b999b93c,7202e2ba20579a9bd1acb29e61fe71f6,2017-11-21 02:46:32,339.90,28.92
6a618b375464d738bf225aa25553e50c,1,4d99fe6463cbc101057f59a2380bf2ba,86ccac0b835037332a596a33b6949ee1,2017-11-14 16:15:32,49.00,15.10
6a7a8e304ef95be2494384f8d2557845,1,74308f15a8dd46e8e66e8801b76625b0,96493fab2fbb13a14d0c0e8772eef5c3,2017-05-25 06:42:32,269.00,14.22
6a8400c1ae628fd6e3770950582c8b99,1,0e1b67828c6d682c600b49872507d1ae,dd55f1bb788714a40e7954c3be6df745,2018-04-17 15:50:19,383.90,20.27
6a840170ff9f5c99f069b8526d8c21a9,1,cc1180a16524617866588df758c49ec7,9f505651f4a6abe901a56cdc21508025,2018-03-21 10:08:29,64.99,7.39
6a94666b47f6006dda56e5edc10968a3,1,b6cefe1d620b9208fe6fae76b2c72887,d98eec89afa3380e14463da2aabaea72,2017-02-04 09:57:39,65.00,17.92
6a94666b47f6006dda56e5edc10968a3,2,aa0568a1b7093748a1922993f5817983,d98eec89afa3380e14463da2aabaea72,2017-02-04 09:57:39,10.00,0.03
6a94666b47f6006dda56e5edc10968a3,3,aa0568a1b7093748a1922993f5817983,d98eec89afa3380e14463da2aabaea72,2017-02-04 09:57:39,10.00,0.03
6a94666b47f6006dda56e5edc10968a3,4,aa0568a1b7093748a1922993f5817983,d98eec89afa3380e14463da2aabaea72,2017-02-04 09:57:39,10.00,0.03
6ab1c2fed90bf0906b4d5b51f7d333e6,1,0ec7b6a863e219792bc4d50d3a62a839,1e8b33f18b4f7598d87f5cbee2282cc2,2018-04-23 00:50:23,148.90,23.58
6ab838d74d628b6f618844ef50200969,1,e3b5a4c3f8512fe1315f05564e461ff4,1c68394e931a64f90ea236c5ea590300,2017-12-08 13:42:02,127.42,17.33
6acce0b54d9a0e8dab044bda974b383a,1,e0d64dcfaa3b6db5c54ca298ae101d05,4869f7a5dfa277a7dca6462dcf3b52b2,2017-10-03 03:05:05,158.00,21.60
6acecf438369055d9243e121045cca74,1,1514ddb0f4a5afc8d24104e89c714403,48efc9d94a9834137efd9ea76b065a38,2017-01-09 12:11:23,9.90,8.72
6ada1dc97a94d735582a110165f0a0c6,1,63094ac128b54dd72d511043411df079,b372ee768ed69e46ca8cdbd267aa7a38,2017-12-08 11:35:52,250.00,18.19
6afe56a58c8b67e87e2abd3e88c4f41d,1,b24af8bca8813bcde4140ff8562f5e47,ea8482cd71df3c1969d7b9473ff13abc,2018-02-01 11:16:00,49.99,14.10
6b092965cc5bcd955107ed81c1acd489,1,192a8231d086772443a86cb5e2746017,232a6014e7b10cba61c6c2b2ea6bb4b0,2018-07-24 10:50:16,169.00,57.26
6b1391687f84349c62119cb2c95374e0,1,63094ac128b54dd72d511043411df079,b372ee768ed69e46ca8cdbd267aa7a38,2018-01-05 08:59:41,250.00,13.25
6b3ff248b137a5f8d4efe61a1fd4ebbc,1,89321f94e35fc6d7903d36f74e351d40,16090f2ca825584b5a147ab24aa30c86,2018-05-16 02:57:54,27.90,7.87
6b63a86619f7d34ada48e141f2b568f1,1,24afa01830cde8d96507ed5a376e0b84,f8db351d8c4c4c22c6835c19a46f01b0,2017-12-06 10:31:13,55.90,16.15
6b64cb311a0d5baa18bc37ead02d657c,1,84f5c4f480ad6c9998d6a6860f1a2e41,282f23a9769b2690c5dda22e316f9941,2017-12-18 10:50:38,40.80,15.11
6b8a03d40f75b75ec65ed5ba13d80f95,1,588531f8ec37e7d5ff5b7b22ea0488f8,53243585a1d6dc2643021fd1853d8905,2017-10-30 22:56:26,1437.00,45.42
6b95cbf782c29411b0d5feca16490ceb,1,8317b177579dd27ff068b83205e2169b,7e93a43ef30c4f03f38b393420bc753a,2017-02-13 13:15:09,279.64,13.35
6ba5ec180235f8b95042925408ed3bd0,1,5b8a5a9417210b1b84b67b9a7aefb935,f457c46070d02cadd8a68551231220dd,2018-01-22 23:31:25,74.90,16.96
6bc6b07e448bae52d248c4df401d6157,1,566837caf82af3f65421f9d9d8820a27,cca3071e3e9bb7d12640c9fbe2301306,2017-01-30 19:44:07,39.90,11.74
6bd4b48e32c302661000c8a7c586461e,1,b8762d562d810c2f8d7ad7e9c12957be,dbb9b48c841a0e39e21f98e1a6b2ec3e,2017-02-24 00:19:27,19.99,10.96
6be6d87095d612a3a5176d6aff456c62,1,8ea6651a5fee129653198012abdd4185,977f9f63dd360c2a32ece2f93ad6d306,2018-08-09 13:24:40,141.12,19.09
6c0579db279e926d14faf051deae3288,1,f303e2cdf0967ef1a153d12f2685d280,1900267e848ceeba8fa32d80c1a5f5a8,2018-08-10 03:24:54,56.99,14.71
6c3a3ae2b1580cb06944870e258eec3e,1,770c257cdfc072fb50ebf2bbd6696fe1,f3da5b2ff499efb8d4a6d371d175d7dd,2018-03-06 15:12:06,69.90,15.24
6c3ebcad285020fe222c1bff5a23b15c,1,ed5122a6a757a4fea8f32a6fb95a5135,00ee68308b45bc5e2660cd833c3f81cc,2018-05-02 11:30:42,110.00,23.35
6c5668e3fb9c385112fb6ab07093253e,1,db5efde3ad0cc579b130d71c4b2db522,4869f7a5dfa277a7dca6462dcf3b52b2,2018-03-20 11:09:02,173.00,19.09
6c611d177ef47b4d67080071684f3da3,1,59166cb25207e97d04951200086920b3,0bae85eb84b9fb3bd773911e89288d54,2018-05-15 07:55:10,15.90,18.23
6c626fb49235255bbb0d81f5e8785aa0,1,23365beed316535b4105bd800c46670e,92eb0f42c21942b6552362b9b114707d,2018-01-23 21:59:30,13.98,25.63
6c6abb921625dd44d3d406ce4b890cac,1,53b36df67ebb7c41585e8d54d6772e08,7d13fca15225358621be4086e1eb0964,2018-05-08 00:30:55,99.90,0.00
6c75a0779ee3835fcfd142d8ed8b2535,1,dbb4ce89c8ed5fb6fd901e2e51093179,91f848e9f4be368f4318775aac733370,2017-05-05 20:02:30,84.99,14.36
6c82197bc099415d9919ccb609a9c072,1,c7084bc72369a57c93c6edaf0b60b235,59fb871bf6f4522a87ba567b42dafecf,2017-01-17 00:14:27,189.99,12.72
6c8b41df796056dfa59f256768d11654,1,ceb9134650bd7cae74affc51800f309a,48985c61529077fa4f1e38bcff0f2ed3,2017-02-04 08:37:02,129.90,20.00
6cbddb4b9fd4c71ee2b7a0012dfe2fe3,1,052413504e5295cd66ec4ced0b310062,4869f7a5dfa277a7dca6462dcf3b52b2,2018-08-08 13:15:17,159.90,19.22
6cd61eadfcf9bee43e7cf8068b937f55,1,8d1cfc0463b545928bfb4e589e017bd4,aae3bfea055532c57fb453ed3ec80b30,2017-07-27 12:23:24,62.80,16.88
6cf5d7a6b6eb9cad292da0b65d6c010e,1,0cf13ac73dbcf6586ba63b89dd1f780a,b14db04aa7881970e83ffa9426897925,2017-01-26 17:43:58,47.00,26.61
6cf8b5d146910e3d1b0f23f82a132194,1,c80525a7dab2df6000ca88a2e7197323,2a5b78b41cd05baeac8df54c6606b92c,2017-10-09 04:05:13,157.77,13.23
6d480dfe6a776cc015ee944f518a966c,1,612da1ab2099d81e7da8a5769663c1ea,921323538c9f1c4e816f2720eac02bea,2018-07-04 14:11:26,109.90,16.96
6db79d3150cfe0cfaa09cc8e09acdca0,1,30653650de8d186314a945a970c21802,abe42c5d03695b4257b5c6cbf4e6784e,2018-02-08 14:35:34,279.00,18.39
6dc1b0448d8665a1ad93f2c1ec5b925a,1,f8b624d4e475bb8d1bddf1b65c6a64f6,b410bdd36d5db7a65dcd42b7ead933b8,2018-08-07 20:25:15,179.00,25.12
6df64cc2e8fbd99d2f72745f1388a760,1,d730058d1bde41dd32e054abe2fe015f,4a3ca9315b744ce9f8e9374361493884,2017-05-17 10:50:13,73.90,15.27
6dfdc1eefc7a125d1bb81feb04a6c2e6,1,cfd414b4463647f58c7775eaae06893d,f8db351d8c4c4c22c6835c19a46f01b0,2017-02-04 07:39:04,98.90,18.00
6e273ddda8f080e930bfd87f011395c7,1,e95ee6822b66ac6058e2e4aff656071a,729b2d09b2a0bdab221076327f13d050,2018-04-19 13:14:28,23.30,37.04
6e2b63d5084b319e8d72270b7882e119,1,629e019a6f298a83aeecc7877964f935,c003204e1ab016dfa150abc119207b24,2018-03-22 07:30:47,119.90,13.74
6e37d33226a8c50b397a7a334bcfd8f4,1,97b3b8e8ed22d0ceb3b3c520e806a334,8b321bb669392f5163d04c59e235e066,2018-03-26 03:31:49,14.60,18.23
6e63dcc83ec280b72783617737ce886d,1,52c80cedd4e90108bf4fa6a206ef6b03,a1043bafd471dff536d0c462352beb48,2017-12-05 21:56:57,179.99,45.72
6e68d4f670783e41ced4e82d14debce9,1,7c1bd920dbdf22470b68bde975dd3ccf,cc419e0650a3c5ba77189a1882b7556a,2017-02-07 17:15:33,64.99,11.06
6eafb3047f5d0c7cadeec9d129f0e4d0,1,2bc88b31190908684ebece09e5358592,12b9676b00f60f3b700e83af21824c0e,2018-09-04 22:10:24,199.00,12.88
6eb2a690131ac9952365adf622793a1e,1,6cdd53843498f92890544667809f1595,ccc4bbb5f32a6ab2b7066a4130f114e3,2018-02-07 09:18:46,349.90,48.98
6eb4105b2eba30c0d6f8e720d3909cbb,1,938f95c14baec1a1fd57ce55ab5a8af5,95e03ca3d4146e4011985981aeb959b9,2018-03-05 14:35:29,100.00,14.29
6eee33addf2f19cbd1d8e81c851825f8,1,715ff1d94c99db18163cae1eb40f9bb0,4200ddf1967c5e41e48db62bc6d4b5ac,2018-01-05 16:00:38,16.90,9.99
6eee33addf2f19cbd1d8e81c851825f8,2,528dac9e82a36e6b5150d263d1bdaaa9,4200ddf1967c5e41e48db62bc6d4b5ac,2018-01-05 16:00:38,16.90,9.99
6eee33addf2f19cbd1d8e81c851825f8,3,6e6760cb4ddc324d319cf599ce8a8b89,4200ddf1967c5e41e48db62bc6d4b5ac,2018-01-05 16:00:38,16.90,9.99
6eee33addf2f19cbd1d8e81c851825f8,4,b217a380fe548cd65a8d6f18a9c0eb28,4200ddf1967c5e41e48db62bc6d4b5ac,2018-01-05 16:00:38,16.90,1.15
6f275c944d1814eca6bfbb2bcfa3b0ea,1,ebb4faacc3b7ade065ff47901900c4e7,4da0e408c99d2fdc2126dc9fce518060,2017-01-21 09:15:35,45.00,15.56
6f275c944d1814eca6bfbb2bcfa3b0ea,2,ebb4faacc3b7ade065ff47901900c4e7,4da0e408c99d2fdc2126dc9fce518060,2017-01-21 09:15:35,45.00,15.56
6f275c944d1814eca6bfbb2bcfa3b0ea,3,ebb4faacc3b7ade065ff47901900c4e7,4da0e408c99d2fdc2126dc9fce518060,2017-01-21 09:15:35,45.00,15.56
6f275c944d1814eca6bfbb2bcfa3b0ea,4,ebb4faacc3b7ade065ff47901900c4e7,4da0e408c99d2fdc2126dc9fce518060,2017-01-21 09:15:35,45.00,15.56
6f433e1b5764eb255869aedbee1b9d72,1,0a57f7d2c983bcf8188589a5fea4a8da,4869f7a5dfa277a7dca6462dcf3b52b2,2018-01-19 16:35:27,129.00,33.35
6f4452481a003461b40a81ffa3605ac6,1,c8dc26795ea2ee96f3fa57453cd7667e,718539d38d07dd351c76db862760e2e2,2017-06-12 02:30:20,12.99,9.34
6f550fd7d5d229732c20208da33c9ec2,1,036734b5a58d5d4f46b0616ddc047ced,ea8482cd71df3c1969d7b9473ff13abc,2017-12-21 02:38:31,29.99,15.10
6f55fe858c5557f14d4b6ee5255d793b,1,016809bbae76f284266dcffcbb12480b,800214c63934acd05d47e84214db8ba8,2017-04-18 21:10:12,69.90,14.66
6f73a96cdd874d89723d560bda640b52,1,7c898e0b8ea203dd94ba846627fc34d1,7c67e1448b00f6e969d365cea6b010ab,2018-06-14 09:15:38,149.94,33.91
6f78a74ebcd33afa2bccc0c0a82ff04a,1,36f60d45225e60c7da4558b070ce4b60,88460e8ebdecbfecb5f9601833981930,2018-02-21 02:51:08,67.90,16.92
6f794a3ab5fe97d2aaad912ea4f81645,1,95561023115b71f8bbb280afc56b7bed,c679fb69a36e1d8349e8c50a217b4d58,2018-07-27 11:20:22,399.99,43.78
6f8a93209c5ff8f0ce0ccb7b166c4624,1,e3e6b07f8e08fc8862ab0fcaf76dbde4,8648b1e89e9b349e32d3741b30ec737e,2018-02-26 23:47:26,54.50,8.27
6f99460a3922c5c8fa61c49fa488a858,1,27b99299bd10dc45971843eba0ef3124,d9e7e7778b32987280a6f2cb9a39c57d,2018-04-12 11:50:19,80.50,13.00
6fa1dd5611d4b380144fbe44fa788ad9,1,8b4fce794ecf29ba27991bca325c5e2b,0b90b6df587eb83608a64ea8b390cf07,2017-12-13 02:38:05,215.50,14.53
6fc4efdbd3590258aea33eda644ecb12,1,aca2eb7d00ea1a7b8ebd4e68314663af,955fee9216a65b617aa5c0531780ce60,2018-01-30 03:37:23,69.90,19.98
6fc77fe0941b9747d5cc3deae6025a4e,1,738e3bc419b014194ec3587e2321bf61,05d2173d43ea568aa0540eba70d2ca76,2018-03-07 18:49:10,13.00,25.63
6ff09113fd48861d786d40583b7f2aa3,1,67fcc72a4cfd0ac826c0158ce5c98ae6,76d5af76d0271110f9af36c92573f765,2017-01-23 20:12:02,659.00,30.87
7002a78c79c519ac54022d4f8a65e6e8,1,c3b271f47e73d0c9ccf1b43b7606c705,cca3071e3e9bb7d12640c9fbe2301306,2017-01-29 22:26:59,45.90,14.52
701ddcb0eab1d32958b3638a5e8c4e97,1,b6475dae3a2796ed87cabc7b8e8debcf,eb5b6204dde3a6e03b5f1bb8479f055b,2018-01-26 14:54:59,19.90,14.10
702120cb83c02be1babe945e685a254c,1,55af6f61ee17f7290ce7bb14b6e38a60,79ebd9a61bac3eaf882805ed4ecfa12a,2017-12-27 12:10:43,119.90,18.09
70215c7031c6fdd581a2d729c93987e6,1,efd7af8312533d58ccb5ac26304dd3d5,ea8482cd71df3c1969d7b9473ff13abc,2018-05-09 03:53:02,19.69,15.23
704966e2252d9ef26bfb8203cb8fbf1b,1,8c89b3cebb0a18a89a173e79375b44bf,0176f73cc1195f367f7b32db1e5b3aa8,2018-04-25 22:35:23,115.90,26.89
70635d01f32a4247c5afa2052215d892,1,6164a01ab8ccd7fd2c68f5316aa8bec6,9596c870880d900012f2e8e6e30d06d7,2018-04-24 10:11:09,94.45,23.24
709e863921cdc58bb0582cf305270d72,1,d48bacc1dcd9c86bf1ed4ed2a303336c,9d4db00d65d7760644ac0c14edb5fd86,2018-04-19 17:11:05,42.90,9.44
70aefd12bdd5391f02011072c16e6801,1,a92930c327948861c015c919a0bcb4a8,6560211a19b47992c3666cc44a7e94c0,2018-06-21 17:30:56,78.00,7.81
70b8fcabbd42bd4e6bb39052dac647d6,1,24f5af2b789d02450459312d48fc840f,cbd996ad3c1b7dc71fd0e5f5df9087e2,2017-03-20 11:31:36,63.49,11.83
70d0dedf8c23e2cedca5915427acd101,1,77e9f75a40f2341f6a7f9f17cc0a8ffd,2be17df1c49978426251562096c3cc09,2017-01-21 16:58:06,169.90,15.36
70e1e65e23050b71f1357ebf72506b73,1,d34e60a899ba1091792aa4bbac4cc1df,042573af89b6d931f672efaf789d8358,2018-01-26 13:55:27,179.99,21.75
70f2c5825ad1afe906cc0c4036a3593f,1,c21afe62d4629a660593fd9b5e6223bb,ea8482cd71df3c1969d7b9473ff13abc,2017-12-08 21:14:17,29.99,14.10
70fe4927726f292b4cd91c495430d539,1,f264c1d9b20b5e4a340254d0405e613b,7a67c85e85bb2ce8582c35f2203ad736,2018-02-27 20:09:34,72.99,18.75
7110bcab44594321876407867f1fc66e,1,ebb132e52ceaa1001756409f1dd0750a,717b78b0950b51ed00b1471d858b0edc,2018-01-26 14:05:03,29.90,12.69
711446e2cbe250789dc7b3ecdfce793c,1,97f1396a5a1f7c07ba51784efdec44b8,955fee9216a65b617aa5c0531780ce60,2018-07-08 21:31:34,160.00,27.89
7117ea59ab9bdbf381b1a880eb25b07c,1,fb09ab0eb676b60b254250a28fd46e10,ea566164622c6b439516ab18062c42cd,2018-03-21 03:30:33,185.00,8.16
7117ea59ab9bdbf381b1a880eb25b07c,2,fb09ab0eb676b60b254250a28fd46e10,ea566164622c6b439516ab18062c42cd,2018-03-21 03:30:33,185.00,8.16
7124bd2d49c395dc9b4c8ff94d6c919c,1,e7db7c40ea6647c808d48581f1308d88,1d8dbc4f32378d715c717c1c1fc57bae,2018-02-13 18:50:10,109.90,18.02
71282e3ab70a4319b82314e59041549a,1,a62e25e09e05e6faf31d90c6ec1aa3d1,634964b17796e64304cadf1ad3050fb7,2018-02-21 21:26:36,108.00,13.64
713036f22edb8c69c825dc2d0786056a,1,c1b973e587fd6f4e5aa1fa2c01fc6e59,b2ba3715d723d245138f291a6fe42594,2017-05-05 02:43:14,299.90,12.71
71319d53f28cff9869fa0650f26e9758,1,efa490145b5cc82438b6a6de691535fa,8d956fec2e4337affcb520f56fd8cbfd,2018-05-22 00:55:20,46.99,7.39
71551c2db02730406edd5839f5e2a53b,1,24c66f106f642621e524291a895c9032,620c87c171fb2a6dd6e8bb4dec959fc6,2018-06-11 17:55:10,199.90,23.98
716ae039823c5b809fbf98d24626922a,1,f422d0d9f8b5f7c27289382b14b61248,1554a68530182680ad5c8b042c3ab563,2017-04-23 22:02:38,66.99,17.21
717d28ee12c7c0ef8b384ff1b62b33c7,1,d32c445df9d36f1cdfc915ed14ee44cd,b335c59ab742f751a85db9c411a86739,2017-01-25 21:20:06,65.90,18.74
719312efa72d95b357250140f48b778f,1,e355d989e7c7101b4e80a8e9052985fd,dbc22125167c298ef99da25668e1011f,2017-08-14 00:40:19,67.00,16.23
719a2a4825d52ce82cbc8698a71495ba,1,bee2e070c39f3dd2f6883a17a5f0da45,4e922959ae960d389249c378d1c939f5,2018-04-24 13:53:53,180.00,48.14
719a2a4825d52ce82cbc8698a71495ba,2,bee2e070c39f3dd2f6883a17a5f0da45,4e922959ae960d389249c378d1c939f5,2018-04-24 13:53:53,180.00,48.14
719b940ab2f1e351ffb14a0a02ffe3c4,1,a07d0595ac61dcdd44214f0426431c9b,0ea22c1cfbdc755f86b9b54b39c16043,2017-01-20 13:01:51,29.90,5.14
719b940ab2f1e351ffb14a0a02ffe3c4,2,6b119e825230e877b98f89b47081bc52,0ea22c1cfbdc755f86b9b54b39c16043,2017-01-20 13:01:51,49.90,12.86
71c04eba03595f13adc87878455ffa92,1,31a2fd4c489928b895ded31469fcbb5d,0ea22c1cfbdc755f86b9b54b39c16043,2018-03-14 23:30:32,34.90,15.23
71c0d1686c9b5556355dc29a0f5cf8dd,1,eb6c2ecde53034fc9ec47741b3232c9d,1025f0e2d44d7041d6cf58b6550e0bfa,2017-12-01 19:31:45,32.99,16.11
71c0d1686c9b5556355dc29a0f5cf8dd,2,eb6c2ecde53034fc9ec47741b3232c9d,1025f0e2d44d7041d6cf58b6550e0bfa,2017-12-01 19:31:45,32.99,16.11
71d1d659a3fc76b377ac21af193fae99,1,9453bde60c4ee52155c963641736cfc5,5c243662ce92d84573bfaff24c3e3700,2017-02-09 00:58:25,514.99,12.78
71d69f67014a0966287a08bd24bb0324,1,9154514352d1fa2118cef7a94f364687,3d871de0142ce09b7081e2b9d1733cb1,2018-01-04 20:46:37,79.00,13.57
71e65504647428c80f14efcc2a85f666,1,5a848e4ab52fd5445cdc07aab1c40e48,c826c40d7b19f62a09e2d7c5e7295ee2,2018-02-15 22:10:29,122.99,14.61
71ee60584962dede5dd9685e8bf397f0,1,657247f6f60543b93e3cc708a8e6329c,7ddcbb64b5bc1ef36ca8c151f6ec77df,2018-02-01 20:31:41,248.99,35.91
72057e22b4e99820f18ad51861441403,1,53b36df67ebb7c41585e8d54d6772e08,7d13fca15225358621be4086e1eb0964,2018-05-10 10:35:22,99.90,0.00
7208fb539f856e3b18b9642be7249e83,1,f7cb23f8a75e563a826b0121408db6a2,72bc2cce903c872fe376a8faaa81d237,2017-12-04 03:33:23,35.90,7.78
721c8ce6d70e0d7c73d0d0ec262b09bd,1,04dc26a02c448f6f2b914f01c2902ebd,522620dcb18a6b31cd7bdf73665113a9,2017-02-24 21:54:03,343.40,16.57
7226f4ceb664d56167de4b60aaecc01a,1,e44f675b60b3a3a2453ec36421e06f0f,218d46b86c1881d022bce9c68a7d4b15,2018-01-11 12:08:24,107.00,12.25
72306b6ce07a9860eab715afd663dd73,1,ae6b739ab6e9d7991fb2ddd70f9c0b6b,53e4c6e0f4312d4d2107a8c9cddf45cd,2018-04-05 15:08:30,43.50,26.90
726a67ad063495177a87c3958017c32e,1,425db55cb3b0f5b18a2d9964da31c3c0,2a84855fd20af891be03bc5924d2b453,2018-08-23 18:30:42,49.90,16.54
727412faf7aef5ef3c7e0f03350d80c7,1,eebe0f0f8b8d4e13e07a558b90e1a6dd,d2374cbcbb3ca4ab1086534108cc3ab7,2017-05-12 05:22:15,65.90,17.20
727efa2785deaaad8480da8e66db7e67,1,e070a61270050c4b1b704300f331cca6,66922902710d126a0e7d26b0e3805106,2018-07-18 17:35:14,69.90,18.29
72c1d87887d0b9a3965557013e74f543,1,81288df52439985f610be64465e53f57,54a1852d1b8f10312c55e906355666ee,2017-01-27 13:55:30,109.99,29.70
72d92e444e5ae71da33e1ca59fb9f8a8,1,f89cd865cac300a9bf1320dd8f0fa223,8b321bb669392f5163d04c59e235e066,2018-01-22 03:38:44,11.55,7.78
72e93009f1735bbd1de92c45ec1fe3c5,1,6addacff5b9a648cf0760f3d943b99b0,2156f2671501a81034d7d07f217609d0,2017-09-26 09:15:12,54.60,14.13
72effeb8a2be92644dddb7dbf5df144a,1,ca9c04665b3deab07935392e7432cdbe,5a8e7d5003a1f221f9e1d6e411de7c23,2017-10-16 18:51:56,59.90,14.17
72effeb8a2be92644dddb7dbf5df144a,2,ca9c04665b3deab07935392e7432cdbe,5a8e7d5003a1f221f9e1d6e411de7c23,2017-10-16 18:51:56,59.90,14.17
72effeb8a2be92644dddb7dbf5df144a,3,ca9c04665b3deab07935392e7432cdbe,5a8e7d5003a1f221f9e1d6e411de7c23,2017-10-16 18:51:56,59.90,14.17
733e030acd7fb0584a2e64f9a981e9fc,1,55782cb82e0efe052da0a3da237da3b2,c003204e1ab016dfa150abc119207b24,2018-08-14 12:05:12,166.90,27.47
73465e1b285d2f5f6067c118ff99d204,1,8317b177579dd27ff068b83205e2169b,58f1a6197ed863543e0136bdedb3fce2,2018-08-07 16:45:17,139.00,19.07
73596e67516934a7fe64cc6ca6d75545,1,377d0ea8bb2c8365af0b1519223d324a,d3674f271c91f824f82d24d92011f669,2018-06-20 20:31:43,39.90,22.21
736401dfe860545394d24b098b2728eb,1,813329d52f377306fa1614ca9a962cd5,2138ccb85b11a4ec1e37afbd1c8eda1f,2017-05-05 19:55:08,29.99,16.05
736eb87a85959d07f8b5cdc5f8e7187f,1,154e7e31ebfa092203795c972e5804a6,cc419e0650a3c5ba77189a1882b7556a,2018-01-30 18:31:07,23.99,16.79
73de28dd75c1a15abc8a5fb46fb734b6,1,b06e4ddd013b4a1a81e80fe575d9b762,cca3071e3e9bb7d12640c9fbe2301306,2017-09-22 13:05:20,87.85,13.63
73e675969b9e5495c9d1c8d4b3b21e1e,1,fe75529a267b76ac6e96f0c322a899a4,620c87c171fb2a6dd6e8bb4dec959fc6,2018-03-12 18:31:08,119.90,16.60
742ba39f629d08705cf64769ff41dd3e,1,7c8e2b381bb0fcba5b368961d7823cd2,53243585a1d6dc2643021fd1853d8905,2018-01-04 16:47:22,599.00,27.76
742bb86f369fadd10d68946fd903aaed,1,d418ddef3e7017381084956220b00b9d,d91fb3b7d041e83b64a00a3edfb37e4f,2017-09-06 19:55:12,11.40,8.27
7449c171d08772e5bcbde94f39411d36,1,6a595ba787e397469b1a147508f361a9,080199a181c46c657dc5aa235411be3b,2018-02-08 23:09:50,179.49,9.45
746e40ac3c01101618e8a7d582b1029a,1,566a4f2c4385f36d15c00dfcaae132d1,8b321bb669392f5163d04c59e235e066,2017-11-30 21:31:20,21.90,25.63
747674a4b8b96ff3a901d54e528c9059,1,43423cdffde7fda63d0414ed38c11a73,b1fc4f64df5a0e8b6913ab38803c57a9,2018-08-08 11:50:17,74.67,37.43
747996a66f5aa711deb8ae58f5ae46a0,1,2797d3826d386bfda4f347a378b89f4d,48efc9d94a9834137efd9ea76b065a38,2017-01-09 15:25:10,9.90,8.72
74962a666c603a2f294a4f3846ae3b40,1,ac44def10e24998cdee20a208d691127,8160255418d5aaa7dbdc9f4c64ebda44,2018-05-21 12:39:42,89.90,38.88
74962a666c603a2f294a4f3846ae3b40,2,ac44def10e24998cdee20a208d691127,8160255418d5aaa7dbdc9f4c64ebda44,2018-05-21 12:39:42,89.90,38.88
7497aef0a44235d9716819a06ae3d1b8,1,87cc2aef12eddf0b170234138b0946e0,34d1ca11b242c0fee2c834ae8d788566,2018-03-05 16:50:03,185.81,36.00
749a31c1093994e39ecb4aef66a7aa3a,1,a703f5ade6e4fae527357132230ea778,f4aba7c0bca51484c30ab7bdc34bcdd1,2017-01-31 11:57:43,23.90,16.05
74a73605b5d8e00f1692a308a2ea566e,1,98c9ff7d86040b4030472af040f1a4a8,7e3f87d16fb353f408d467e74fbd8014,2018-01-05 02:08:44,38.90,14.10
74b9c5a1b6f7632750a25db4de597512,1,f7b6ca5735bfd052e73fa0b776070112,70a12e78e608ac31179aea7f8422044b,2017-01-22 16:25:29,38.90,14.52
74c25aa167f9836099a217d0fa82ed0f,1,24c66f106f642621e524291a895c9032,620c87c171fb2a6dd6e8bb4dec959fc6,2017-09-26 17:50:34,159.90,15.87
75086a2f175d1548f12ffd72be9d06a7,1,431d674f9a4fbd0957ecf6ba3fcb6899,53243585a1d6dc2643021fd1853d8905,2017-12-11 04:15:39,235.90,18.93
75086a2f175d1548f12ffd72be9d06a7,2,431d674f9a4fbd0957ecf6ba3fcb6899,53243585a1d6dc2643021fd1853d8905,2017-12-11 04:15:39,235.90,18.93
7525e8f8b1a51d44f9912ce81146ac7d,1,acdb489a7451fff0633e91357a8e60eb,77530e9772f57a62c906e1c21538ab82,2017-07-14 13:55:15,299.00,22.58
753aaaa715f963740a358c291bc79727,1,77f70ac9f5426624db4fb65c4f1195b8,fa1c13f2614d7b5c4749cbc52fecda94,2017-01-15 23:32:55,129.00,15.07
7588fbb6c9001d45b0f2bafb4be7ef56,1,6b9cd06d7020fdbbffa996fcf9707b0a,46dc3b2cc0980fb8ec44634e21d2718e,2017-10-19 17:56:25,249.99,14.63
758c8ff64cc233c51b12159bea040efc,1,bc596794d92f7b9959fe0e7430354b52,aafe36600ce604f205b86b5084d3d767,2017-12-11 18:10:20,279.90,22.45
758f87ed332796046d9312299cdf1e5d,1,08ac23cd333352eff43b210f6ebaaff4,cca3071e3e9bb7d12640c9fbe2301306,2017-03-13 16:55:20,24.90,10.96
75ad912f0b81298161aeabd41c9ee843,1,bb7181410b4e02f93f3697f765db53c7,855668e0971d4dfd7bef1b6a4133b41b,2017-09-20 00:55:12,109.99,27.21
75b6f8722f53c2f4ec267dfeaaa8808a,1,d59435f889321f310e2e71bdb3bd466a,53e4c6e0f4312d4d2107a8c9cddf45cd,2018-04-05 03:10:22,33.00,8.88
75d356a1c924fad59ba5ed142004e9de,1,29427de7f8a9ee983d9dbc51cec569b4,7a67c85e85bb2ce8582c35f2203ad736,2017-08-30 10:45:17,99.99,11.90
762accd1f919295f51f3b39e314cee12,1,dfb97c88e066dc22165f31648efe1312,8581055ce74af1daba164fdbd55a40de,2017-06-02 20:25:16,139.00,15.73
7643003db706885af24736e3a12e76bd,1,6f3b5b605d91b7439c5e3f5a8dffeea7,4869f7a5dfa277a7dca6462dcf3b52b2,2018-04-26 15:31:11,145.90,18.90
765442de6466c0bb079c22b8b20e0eab,1,8a330ba3cd34d650c45bce0fc21771ac,46dc3b2cc0980fb8ec44634e21d2718e,2017-01-13 17:50:06,349.99,17.66
7659849a6efa9d49c5ac7bf7fdbddb2c,1,e6fd80a00ebb1a3e0d58a38555fbbf2c,f262cbc1c910c83959f849465454ddd3,2018-06-19 21:31:25,24.99,8.93
765e82006189100419015233bf26be8a,1,010a3a47c14f1295796c08419f32cef6,ef506c96320abeedfb894c34db06f478,2017-02-01 19:50:15,9.99,50.00
76606b013751ab0fc648e671d8bbf16c,1,fc7138a8f96aee8302e42916bbbbb818,28f10b1c5e5abb9d4857745bede6147c,2018-05-07 05:55:12,10.00,7.39
766a7aafdf6f237885465c7487a30eb7,1,4dfbe01419f983d397ed0439f090541d,54965bbe3e4f07ae045b90b0b8541f52,2017-11-30 10:54:14,119.90,21.33
76bd9ce8aa3ce93bd913f3ec17f66790,1,67f95d5d22a25ae3c8c0651319c7d355,933446e9a59dece7ae9175103820ca8f,2017-02-12 15:37:05,64.99,22.38
76d8b3b6bdf825ebc88bd1b2aa81f65c,1,aefae62335aa97901109f0c0f08ff0bd,c3867b4666c7d76867627c2f7fb22e21,2018-02-09 19:10:15,194.00,16.99
76de219e02a69e67c85ab229f27eee44,1,d48bacc1dcd9c86bf1ed4ed2a303336c,9d4db00d65d7760644ac0c14edb5fd86,2018-04-18 14:31:38,42.90,9.44
771b1c1071afb60efdf55afffd0ad25b,1,3cce0d166c3fb2507956c630c1d0f87c,95e03ca3d4146e4011985981aeb959b9,2017-12-07 12:57:25,79.90,15.32
7727f2b370c8c7e236872c980d69968f,1,9da950e8c8c482441f1b93955b21c827,ceaec5548eefc6e23e6607c5435102e7,2018-04-26 14:51:55,215.00,22.59
773632f583feeda7d9b063496b6526a2,1,fb7a74777a6afa91445275b19024a722,56e361f411e38dcef17cdc2a3d99628b,2018-07-09 05:31:40,62.00,23.58
7743b506a4c2e87e3f5af919334ea71a,1,52c80cedd4e90108bf4fa6a206ef6b03,a1043bafd471dff536d0c462352beb48,2017-11-13 14:30:46,179.99,45.72
775eb0ae1891c8dd8f12c2f8c6850006,1,07ecfc5bd0d3ca496facedede13afb80,7e93a43ef30c4f03f38b393420bc753a,2017-02-03 09:20:04,1299.00,27.79
77850ecb19783b9c81c2097568e6b4d3,1,b8212b3bd65a9c7070e474f1430c94de,40d54b51e962dbe09cabbcfd33298dee,2017-12-06 23:55:04,498.90,12.31
779ee2bc8384b3ea52f4e6abe2c84271,1,5cc3b3b52374e67281fd366c03b57ff5,5cf13accae3222c70a9cac40818ae839,2018-07-25 20:55:28,99.90,19.89
77ad790bc77b40f61485833a46bb6968,1,db5efde3ad0cc579b130d71c4b2db522,4869f7a5dfa277a7dca6462dcf3b52b2,2017-12-01 09:30:43,190.90,16.09
77ae79f517b55536c4be2d6953ef30af,1,d285360f29ac7fd97640bf0baef03de0,4869f7a5dfa277a7dca6462dcf3b52b2,2018-05-09 04:30:43,276.00,14.37
77b3eaf9da4cd4bce3eaad2547ffda7e,1,e78506414d2563b6414cfd84b7fa0802,fe2032dab1a61af8794248c8196565c9,2018-01-24 16:42:22,159.00,14.86
77c34615b2963e4bf4b48d59da0eb5e1,1,a50acd33ba7a8da8e9db65094fa990a4,8581055ce74af1daba164fdbd55a40de,2017-01-22 17:44:05,117.30,22.29
77d599900cf351da04c8d0f7b5ade74d,1,0fc9a9ac471336734e8617de0b3c9ae1,52092ddbd3a58c450a4459bf051b2287,2018-01-25 14:17:19,149.00,14.06
77e9941864fc840be8e4b1ba5347c0f7,1,a01d1cbb398e386a4a8f8364401a7584,d566c37fa119d5e66c4e9052e83ee4ea,2018-08-07 09:10:14,65.90,37.37
77e9d2f71c740441b1fce48743b8e358,1,969c31fd56d207713e9475c051d984c8,3903c788ded8dc03b5ebab37a2f3e9a1,2018-07-17 14:30:15,49.00,18.49
7829e4ed1e8cf1b45eca5790a96bd2b0,1,c9c455f9fd8ca66d3ff7f90a249753b4,96804ea39d96eb908e7c3afdb671bb9e,2017-10-18 03:47:06,109.95,16.53
782b00205051ed11c71726e9554e788e,1,b8a0d73b2a06e7910d9864dccdb0cda2,620c87c171fb2a6dd6e8bb4dec959fc6,2018-03-22 23:07:44,59.90,17.02
7830b4558355121b3b0703913ad9d100,1,41fbde40144efcd09db07250981d7b93,5d0363b33554b373851fc1622e4d5f3c,2018-02-07 16:56:57,54.90,15.03
7845a2492ab1b4f2cf3d56c7b8da1446,1,16241e79b047426033194065d8b321b2,4830e40640734fc1c52cd21127c341d4,2018-01-24 12:56:40,29.99,14.10
7845d9a1a3d511b756a5c2c2352ba770,1,aa96d291abe7cd0000c25e34bc8ed316,8b28d096634035667e8263d57ba3368c,2017-03-27 18:34:36,24.88,10.96
7879a19dbf7ffa9e1063dfde96081185,1,8c1167a112724e01fae2f8cb6e936bda,c500367424994318b9e779ff1ae9a330,2017-12-06 15:55:25,119.90,9.03
788dadfe475fc16d5e7562f1a5fa8e82,1,71a62950e363cbba0816448a733a58e0,c6bda72e4dbf5c5866b13cb1810c6d03,2017-07-26 10:45:21,119.90,13.18
7892114ce9e8834d860b44a782ef9af6,1,0b0918a3b5efe0c8ea609a26b14e1bff,ea8482cd71df3c1969d7b9473ff13abc,2017-11-09 01:11:00,24.99,16.79
78c0b2e524faf734fa7ecccff7e492aa,1,e85d91619b497e98754390b6198a9818,4b9750c8ad28220fe6702d4ecb7c898f,2018-06-13 04:52:03,134.90,19.91
78ccc8b2b91842cf16b56d474d8c8480,1,679a3e5e1d2bb68982be5734c6e55e63,8a130737016f838139d31878787a39c9,2018-03-05 09:29:35,54.40,16.14
78e71adaa2a4cd500b0c3421c6c588b8,1,1a0bba83632b7dc923d939a7fa2c4530,f262cbc1c910c83959f849465454ddd3,2018-01-18 12:48:28,49.99,21.15
78ed31442f1dba103a38d372eff51503,1,422879e10f46682990de24d770e7f83d,1f50f920176fa81dab994f9023523100,2017-08-22 02:45:07,59.90,17.67
7916e8283be68b0f8c475ec68cf0f333,1,845968d70e40e2ceece1bc1d3f5812d7,1835b56ce799e6a4dc4eddc053f04066,2018-07-09 04:34:15,34.99,18.35
791de4d00367a315bd14eb6ea519adef,1,2e64d11879c5bbda600381dbb5452a38,1eade46fba20122dc4aefb379f8c636b,2017-12-21 02:34:39,81.90,16.82
7942099e2f484fd9f80b3bf901b706ea,1,27fdfad2c6a8f91606eb41ea396785c6,8b321bb669392f5163d04c59e235e066,2018-05-04 03:51:01,13.20,18.23
7951fe56cf685dca47524b1986bf56b6,1,5926c58c462b5d1f932ef3f0a9e37d41,c64a2aec32cc408a8a4c6d7c46017f91,2017-12-27 23:14:26,386.75,63.17
79847bdf9821dfcc7a036271d0c6044b,1,fe8b0ea4a95d3a6488d8e23b41720e46,9d4db00d65d7760644ac0c14edb5fd86,2018-07-09 09:31:33,199.99,10.09
799f11bf34b4fcf6d45f6e2399907cf0,1,24dd446745b812ef3347d7ae00f5541f,4e7c18b98d84e05cbae3ff0ff03846c2,2017-08-28 04:07:03,98.00,17.94
79af690e1f308a4aa1052a6fc4fbc908,1,5ad2fee5f3e327f898435c3fcb0c93bd,080102cd0a76b09e0dcf55fcacc60e05,2018-06-18 18:18:51,48.90,23.06
79e8aed3400f69812f091a2b4f55a8e3,1,7e6c4a0bf900e259f50ba63331fd2785,6560211a19b47992c3666cc44a7e94c0,2017-09-19 01:35:25,65.00,15.20
79f88e060632989f23cae0e00e7381ef,1,65fd9b358b7ee029fba34839e9c35fdf,9f505651f4a6abe901a56cdc21508025,2018-04-10 20:50:21,29.99,7.39
7a18a504c1a4b32d883e68de2e1a7db0,1,c0d4027067afcf9c1697cce981b8fed6,48efc9d94a9834137efd9ea76b065a38,2017-01-09 12:09:08,7.90,8.72
7a36cd04e45972a421517cb7c8a813f3,1,3b09eb8e2d6bb856f77327ebf539e959,53e4c6e0f4312d4d2107a8c9cddf45cd,2017-04-20 02:46:03,115.92,14.58
7a36f62bdb082d4acdfb07a8e0c7f0ee,1,88bd8458fdc2ceec3e71ef1d867a7b45,92eb0f42c21942b6552362b9b114707d,2018-03-12 03:55:50,11.97,11.85
7a3db786a9251bc1603dea2c4970e448,1,2b8d2d937f84136de5b941aba77d4bcc,a13580f0e8f782b7a543885a0ef99f08,2017-12-04 10:31:50,199.99,36.72
7a5b3f682886d750ce6eae941ad0d793,1,2b849e71ada03a262ef4338a7abd8b79,f8db351d8c4c4c22c6835c19a46f01b0,2018-06-15 17:58:48,104.90,12.07
7a92ce27fd58082e708b8eb1eba5f678,1,9eec04a029e2b9372276f3748011b493,ececbfcff9804a2d6b40f589df8eef2b,2018-07-05 11:15:14,69.50,18.59
7ab9c55c59eaeea579d047e2d8aaed81,1,c4b925e40f11289063a854c47aaef129,ffff564a4f9085cd26170f4732393726,2017-02-01 13:04:20,11.50,10.96
7b037997dc5c0effc3ef3339f5e3d509,1,30ac6df06dc59ad72cf2f158fc2d904c,0dd184061fb0eaa7ca37932c68ab91c5,2018-01-29 21:59:25,94.00,14.26
7b056b08bd6ecffcc044693543061ec5,1,839d890a7312912b071c1d864b8faf0a,66dc1b1632bd6a3e508510c5b3492107,2018-05-21 22:08:35,39.90,18.23
7b056b08bd6ecffcc044693543061ec5,2,839d890a7312912b071c1d864b8faf0a,66dc1b1632bd6a3e508510c5b3492107,2018-05-21 22:08:35,39.90,18.23
7b07cef881924b566432e1343e5dba8a,1,1431b5a121c1134957c9aff8c8db2bf9,1caf283236cd69af44cbc09a0a1e7d32,2018-01-08 16:32:21,24.52,10.54
7b07cef881924b566432e1343e5dba8a,2,c6548fa817cc7271747e6c6bd2461171,1caf283236cd69af44cbc09a0a1e7d32,2018-01-08 16:32:21,25.73,7.90
7b21dc72af6d0de45bdd249a637710a1,1,f1fe595ee7ef768b41bd9b246d13432d,81a1104df0f08b59c68aa5b03cfe398e,2018-02-05 04:30:50,99.90,16.95
7b435354ca15646a010388cc18dd2c20,1,cf2f4b488fc5808e6c78366a0b73b4a8,b32be1695eb7ec5f10f72d9610a12527,2018-07-31 11:31:40,849.00,40.79
7b43a2ef9231cfd5d2ed762899da24bd,1,bb50f2e236e5eea0100680137654686c,f7ba60f8c3f99e7ee4042fdef03b70c4,2018-01-31 18:20:04,325.00,10.47
7b497afd7e9512da3d6780bf6b5c9971,1,93c480c7d11c68ba0a71e850da61b674,70a12e78e608ac31179aea7f8422044b,2018-03-28 11:30:22,149.00,17.59
7b74647ef95b9578401bd8a4f723b301,1,0da9ffd92214425d880de3f94e74ce39,001cca7ae9ae17fb1caed9dfb1094831,2017-12-07 02:37:19,112.00,33.17
7b8c32f57706909aaebed84fe68d191f,1,99a4788cb24856965c36a24e339b6058,4a3ca9315b744ce9f8e9374361493884,2017-07-17 17:55:26,89.90,12.13
7b9bc6b76ad9656ca99e8e1f2a6d249b,1,29fd9022374ff3fef2e8f82c39b4133e,4a3ca9315b744ce9f8e9374361493884,2018-07-23 14:05:22,68.50,19.67
7bb355355c075d74665d97db859cfb45,1,9290dcd745e8dcacde07c289f4af71c4,004c9cd9d87a3c30c522c48c4fc07416,2017-12-08 11:58:26,89.99,12.97
7bc26962535d2a6a7f34041908736df5,1,aa70ae9ee9a798d44ae6e00ce6d82cb1,c70c1b0d8ca86052f45a432a38b73958,2018-07-23 13:41:26,110.32,13.43
7bdcc57ef2c5e733958853f9667a2c9d,1,2a2d22ae30e026f1893083c8405ca522,1a3df491d1c4f1589fc2b934ada68bf2,2017-07-03 12:35:25,134.90,21.43
7bfa112c445700297e25c7185c56b4ed,1,574597aaf385996112490308e37399ce,febab0275244b9a49a623f0bd613ca2f,2017-06-07 21:02:49,49.00,11.73
7c0ce5e0916d0bca80839ea19d6112c7,1,7775d718fa8dfebe8015e6e5ee3dc5be,c24173065483e421f9e5e7f599de101d,2017-08-10 11:23:14,37.99,7.78
7c2ee08449e6b8b55158e518778dbe83,1,d7b39598905ba8e791fe3f1f376d59f9,9cea4682e16655f7da87f406902e989e,2017-06-22 17:25:22,4.78,8.11
7c3797b7f047e4358a5b2f9b9cf2e927,1,e13cf83849f5e6cf2b946de4ca48bf2c,e067ad2c1c0b48758eb1b5228bcf7a68,2018-08-03 10:24:28,68.50,8.64
7c83cd570176d1b7e42606920fd81d81,1,74d7448191f6e492834de7fe6dd952c2,620c87c171fb2a6dd6e8bb4dec959fc6,2017-03-02 15:21:51,199.90,43.86
7cbc58346dce935abff14a7c5a0488f5,1,9ce4603565c839785b24a7e95e28f4eb,59fb871bf6f4522a87ba567b42dafecf,2017-01-30 09:15:18,119.99,17.68
7ccc11577ae58791fde9fe83f4c7f106,1,4310db2c2f39a8a5fe403463e39ca5da,13074f016982ff2bd6c58ced8682f000,2017-11-30 19:31:58,120.00,41.30
7ce709f07a1593a395e419ec63e8a766,1,49eeae59754cbcf1abeeffb8f51184ee,972d0f9cf61b499a4812cf0bfa3ad3c4,2018-03-15 14:30:36,69.20,31.13
7d0a7957897551b77224fc297e8f6046,1,abe6b1e401ce596ad0c493aeedb488a4,c847e075301870dd144a116762eaff9a,2017-03-09 00:50:26,29.90,22.28
7d0f5759a0eac0f20456bb8a36547bf5,1,656e0eca68dcecf6a31b8ececfabe3e8,8e6d7754bc7e0f22c96d255ebda59eba,2018-03-23 01:10:36,89.80,7.97
7d20c79f25c64f2c7feca12d01677c8e,1,a52dba3d501f168fc53246f8f8798249,7b7f91e98f8c6def45a1407923304402,2018-07-06 01:11:26,24.89,18.27
7d20c79f25c64f2c7feca12d01677c8e,2,a52dba3d501f168fc53246f8f8798249,7b7f91e98f8c6def45a1407923304402,2018-07-06 01:11:26,24.89,18.27
7d20c79f25c64f2c7feca12d01677c8e,3,a52dba3d501f168fc53246f8f8798249,7b7f91e98f8c6def45a1407923304402,2018-07-06 01:11:26,24.89,18.27
7d20c79f25c64f2c7feca12d01677c8e,4,a52dba3d501f168fc53246f8f8798249,7b7f91e98f8c6def45a1407923304402,2018-07-06 01:11:26,24.89,18.27
7d25201b841d0a91a003edf192834005,1,1e1172a8b6ae12312c22ccf33625f7ca,e5a3438891c0bfdb9394643f95273d8e,2017-08-21 03:30:46,29.90,11.85
7d513824c667a2e85bbf10cb740bf289,1,f25f304f0e7163a29c271960a6704b0f,7c67e1448b00f6e969d365cea6b010ab,2018-04-12 22:26:46,139.94,48.84
7d513824c667a2e85bbf10cb740bf289,2,f25f304f0e7163a29c271960a6704b0f,7c67e1448b00f6e969d365cea6b010ab,2018-04-12 22:26:46,139.94,48.84
7d6ffa9ff53fd7da04eb9025ba231be2,1,5ddd4525c6d0fbca9dc118056fd90d61,eeb6de78f79159600292e314a77cbd18,2018-03-01 16:27:13,309.00,17.92
7db9d39a5077a2cbe00cfad310d2a938,1,99a4788cb24856965c36a24e339b6058,53d00c40e32aeb924a84ce72b1af869d,2018-05-07 02:10:50,83.79,5.88
7de2a03405b2f8af2b71ed46371bc149,1,d4548e7ab697993ec51d864766a8ea4f,4869f7a5dfa277a7dca6462dcf3b52b2,2018-08-07 13:50:16,153.90,37.99
7e03ea2749db964d64386d5ba76cad36,1,5113c9a5037013b0a750444df6dec60f,54a1852d1b8f10312c55e906355666ee,2018-08-13 23:10:11,109.99,30.57
7e486325a643ff4ed591ad4fd1b80d16,1,c998385f80d7e14537b9290617470bfb,6a51fc556dab5f766ced6fbc860bc613,2017-11-30 03:52:14,236.90,46.12
7e54f2e2af1f04c407423998a9812c73,1,8562e2c780a345b609e1b802d7e3e4ae,8160255418d5aaa7dbdc9f4c64ebda44,2018-03-01 12:10:30,79.90,12.90
7e5a1d0e245d9956f8919244b11a1da1,1,1a080577618e7fe4d9ddd8fb2b47a964,4869f7a5dfa277a7dca6462dcf3b52b2,2017-10-19 20:29:20,628.00,15.90
7e5db9e4a8de1e5908fa74963fd30e41,1,8f6e596987a0b45c0c2b2e938aa89a96,86ccac0b835037332a596a33b6949ee1,2017-10-13 02:44:43,96.60,17.12
7e81c4cc31fd46f225b4441e179f78a1,1,8f8cb7e4a7f16d339f87f8aa2711a003,850f4f8af5ea87287ac68de36e29107f,2018-01-26 18:57:13,79.90,16.32
7ead6c8726098bd70de2b16cac42df74,1,6bf1cd252d73626ab181be470f56e07b,8bd0f31cf0a614c658f6763bd02dea69,2017-01-22 10:55:55,37.99,31.95
7ec1a2c6522b9fcb54c68a4f8ff6f331,1,2b939dc9b176d7fa21594d588815d4a4,dbc22125167c298ef99da25668e1011f,2018-07-23 20:35:16,77.50,15.61
7ece3f32d060f91a98d50279ab15ebaf,1,baeb8e1a680cf9e1f13557d74b6cec3d,a36ac007a4d18f865c8d32c3b2402c2d,2017-01-29 01:23:07,129.99,29.95
7ef1da1730f64df72be4189c5ea58c66,1,f33a17471b6e603085c4a0ccd48ce19a,77530e9772f57a62c906e1c21538ab82,2017-01-24 16:32:37,49.00,14.52
7ef3a4439f550deadd7bc3891b2f6242,1,991dc21288b4d582f86f85f7af02aba5,1dfe5347016252a7884b694d4f10f5c4,2017-11-09 14:46:03,60.00,12.76
7f095ef5086869ac49b20d6cc5484418,1,880be32f4db1d9f6e2bec38fb6ac23ab,fa40cc5b934574b62717c68f3d678b6d,2017-03-16 11:37:57,42.99,24.84
7f2f03f3b7e68c7b510177e04cb2b40e,1,4601231c3480315049971ea0a61d3839,6560211a19b47992c3666cc44a7e94c0,2017-10-13 09:56:12,79.00,7.81
7f3ad8f12fb1f6bf1858c175fcd4ab79,1,94475071013412139f862c0bd7e3bb37,68ca56ce86830f3d31b1b7ec6a54da3e,2018-08-10 17:50:20,59.90,18.52
7f4ff75bb83f26aec27c8ccc039a449b,1,7c6fbb3a5346dfd607386155c6f628f8,c70c1b0d8ca86052f45a432a38b73958,2018-05-10 08:55:24,110.32,18.65
7f724def94965291ea5556ad34f72a3a,1,817e1c2d22418c36386406ccacfa53e8,624f4ece8da4aafb77699233d480f8ef,2017-11-01 15:49:34,159.00,31.86
7f877edba51577b9054e7490ab7469e9,1,878c61936b5c51f321ac165750d97a0b,6a8b085f816a1f75f92dbac6eb545f8f,2018-08-20 03:25:31,16.90,18.23
7fb2f6ef625bf7ef303f984bd8cd2267,1,595fac2a385ac33a80bd5114aec74eb8,289cdb325fb7e7f891c38608bf9e0962,2018-07-24 19:05:11,118.70,15.93
806d19127814e557e910ad0c90891886,1,f422d0d9f8b5f7c27289382b14b61248,1554a68530182680ad5c8b042c3ab563,2017-05-29 15:55:15,66.99,38.02
807af8ed74954311649aa47a52ff3061,1,008cff0e5792219fae03e570f980b330,530ec6109d11eaaf87999465c6afee01,2018-07-22 21:55:29,134.99,43.23
807d573c36fdd71594efae0ca1db554e,1,03b58043df5d7424df7eac2be2511c51,3504c0cb71d7fa48d967e0e4c94d59d9,2017-07-26 07:42:55,44.99,17.63
8084fb81dfc973b3d492e788bfe45ab7,1,4c9073fdec69bd1812b35ff1a3472aa8,4c18691b6037662be2df78a765d98ab5,2018-07-11 10:05:06,55.50,11.41
8092da256aefda13b330290d2ca86521,1,93c902b021a9e594f658ab1b0351602a,2e90cb1677d35cfe24eef47d441b7c87,2018-08-29 17:30:40,103.90,11.75
809866afc43dd3f06fc471f5eebe53e6,1,4b7690d7352318e41ae9594241ac4789,44073f8b7e41514de3b7815dd0237f4f,2017-08-10 19:50:11,69.90,17.06
80a516f4d571d5fce4d688cc931b106f,1,be1c4cf8a2d2aade623eb7a646d2a0bc,1900267e848ceeba8fa32d80c1a5f5a8,2018-04-12 19:30:15,70.00,12.88
80a516f4d571d5fce4d688cc931b106f,2,be1c4cf8a2d2aade623eb7a646d2a0bc,1900267e848ceeba8fa32d80c1a5f5a8,2018-04-12 19:30:15,70.00,12.88
80b0bd0c8f8cb86ae0c2dddb11693b07,1,3c79a7c125a368407bd03f3d8b0c4d25,41b39e28db005d9731d9d485a83b4c38,2017-10-09 03:05:30,164.90,12.36
80b74dde5b336c1f75c610521dedec08,1,f7f59e6186e10983a061ac7bdb3494d6,729f06993dac8e860d4f02d7088ca48a,2018-02-01 21:58:02,34.90,13.64
80cfa0890f4319950ce8e5dae346a7b5,1,5083416598756311d4bb4ddabd661e25,af3ef48d0e13835e529c29ac573c63e5,2018-08-27 04:15:26,53.00,23.98
80e9acbfd99b46609bded7263945fe15,1,ff5f8606556b625613f069a5a9a48966,8cbac7e12637ed9cffa18c7875207478,2017-02-01 12:20:43,35.00,18.00
8100c4de96dbf94a93a19c78c69a006d,1,ec242882027ee23182f0e790e4117128,4a3ca9315b744ce9f8e9374361493884,2017-06-15 20:10:18,79.90,12.90
810a275a39d5f6934c225713d5aa9568,1,d26fcc1c248f5f9f8340e6061bf1f2b5,6d66611d7c44cc30ce351abc49a68421,2017-12-13 09:34:34,102.90,11.93
811fb2c7e16f59a332b36c2c87798007,1,ef7f13c7694be202c48017b71801815c,f46490624488d3ff7ce78613913a7711,2018-07-25 10:15:19,49.90,23.11
81251f18621a822ad5b09593dfee4fc9,1,c4b925e40f11289063a854c47aaef129,ffff564a4f9085cd26170f4732393726,2017-01-31 14:17:21,11.50,10.96
817aec5fee39a2d4968cb6c48bad78f1,1,3197b90a5a79fb94cc45a0f42b75dd01,77fccaae319668a8ab6cd0fd16aec48c,2018-05-22 21:14:08,85.00,18.47
818869c4c6740ee23979a7cbf298e31c,1,ba4bfbf74dbe7ab37e263b9326da0523,f8db351d8c4c4c22c6835c19a46f01b0,2017-06-26 11:23:54,36.90,16.11
81a3c1a0ea3b09bad9d4e0a6a3683f4e,1,8bef2f3e34f2cc22c908921e6e9eebee,6560211a19b47992c3666cc44a7e94c0,2018-01-05 10:14:30,39.00,7.78
81a3c1a0ea3b09bad9d4e0a6a3683f4e,2,b01d34f6d2545269d348181768eca049,6560211a19b47992c3666cc44a7e94c0,2018-01-05 10:14:30,55.00,7.78
81ba9566702881081845a0cde9767e2e,1,422879e10f46682990de24d770e7f83d,1f50f920176fa81dab994f9023523100,2017-07-27 06:42:44,59.90,17.67
81ba9566702881081845a0cde9767e2e,2,0bcc3eeca39e1064258aa1e932269894,1f50f920176fa81dab994f9023523100,2017-07-27 06:42:44,59.90,17.67
81ba9566702881081845a0cde9767e2e,3,0bcc3eeca39e1064258aa1e932269894,1f50f920176fa81dab994f9023523100,2017-07-27 06:42:44,59.90,17.67
81ba9566702881081845a0cde9767e2e,4,b0961721fd839e9982420e807758a2a6,1f50f920176fa81dab994f9023523100,2017-07-27 06:42:44,59.90,17.67
81ba9566702881081845a0cde9767e2e,5,b0961721fd839e9982420e807758a2a6,1f50f920176fa81dab994f9023523100,2017-07-27 06:42:44,59.90,17.67
81ba9566702881081845a0cde9767e2e,6,422879e10f46682990de24d770e7f83d,1f50f920176fa81dab994f9023523100,2017-07-27 06:42:44,59.90,17.67
81e4c4d7594a8111a17da1f1b399ba07,1,9437cbf921b0bd3177d8b03ed2783cda,f45122a9ab94eb4f3f8953578bc0c560,2017-09-13 13:25:16,89.99,16.39
81e5043198a44ddeb226002ff55d8ad4,1,c1488892604e4ba5cff5b4eb4d595400,1554a68530182680ad5c8b042c3ab563,2017-01-13 00:37:18,38.50,15.56
81e5043198a44ddeb226002ff55d8ad4,2,c1488892604e4ba5cff5b4eb4d595400,1554a68530182680ad5c8b042c3ab563,2017-01-13 00:37:18,38.50,15.56
822f778d1cd09285df832ee2cf65b83c,1,c3097e07a0a5de0d4b4c836d90c5a284,8b321bb669392f5163d04c59e235e066,2017-11-30 22:12:20,13.70,21.15
8258ee754942254bf787b58cfd650a73,1,c9c6fde711572c1ad99ca12728c6af00,562fc2f2c2863ab7e79a9e4388a58a14,2018-02-12 03:50:55,29.99,7.78
8282d5532e3d6bc650960861965714ee,1,f9025647e0a95c843a2d85c23df34c6c,3586b8580d9c917874e053a1bb37b5ff,2017-06-16 11:05:13,48.90,15.10
8293af079b19a6349d758b3c16ecd6dc,1,75c06ee06b201f9b6301d2b5e72993f8,3c7c4a49ec3c6550809089c6a2ca9370,2017-11-30 11:12:56,13.99,14.10
8297b34c026c282fa7c0940d7217b87c,1,d5b703c271f43f9c588a6f512a00f77e,fa40cc5b934574b62717c68f3d678b6d,2017-06-14 21:02:50,34.90,14.10
82b0919653c8b121cf8b4beb9eda83fb,1,368c6c730842d78016ad823897a372db,1f50f920176fa81dab994f9023523100,2017-10-16 12:49:48,59.90,17.67
82bfafb84a5843f06b8c3983edb1883b,1,8eed5d27f5b8c6248731efb4782f6141,2a1348e9addc1af5aaa619b1a3679d6b,2017-02-01 19:10:46,229.90,18.00
82c997b659ae33d1e56c30e028bd7591,1,2b82632fc977852ca422e8bf3255912f,688756f717c462a206ad854c5027a64a,2018-05-21 08:35:20,25.00,11.15
82d1d87b52fc86b65293b86ccccaf60e,1,8bdd0de5a3c80c06473456b077c17653,dc4a0fc896dc34b0d5bfec8438291c80,2017-12-04 20:15:32,57.31,16.16
82d3f649aa623394cf7ad9432dd748d4,1,db25a58a5da5dfe2fd19f2604491bd27,4e7c18b98d84e05cbae3ff0ff03846c2,2018-01-18 02:28:25,48.00,13.37
8307cd7e144f9c61c639d115ee673bd3,1,bcac2cdcd851929a5caa3e1508d5abc9,0adac9fbd9a2b63cccaac4f8756c1ca8,2017-05-30 16:22:44,109.90,16.53
83177602aad708cea549501386b021c6,1,64e054669023deb2bfa82f61a2829404,da8622b14eb17ae2831f4ac5b9dab84a,2018-01-30 11:12:35,139.90,12.68
83177602aad708cea549501386b021c6,2,64e054669023deb2bfa82f61a2829404,da8622b14eb17ae2831f4ac5b9dab84a,2018-01-30 11:12:35,139.90,12.68
8349ea058481bb2cd229288e7e1a9055,1,af51d485dc5255ba2e18b21b550156e6,5dceca129747e92ff8ef7a997dc4f8ca,2017-05-15 20:42:20,259.90,80.59
8376f6035204b549b6bae5c4a7aa5a44,1,6a7410f88fe57e3fd4e353cfc04e7b31,406822777a0b9eb5c50e442dd4cd3ec5,2017-11-22 19:31:00,55.90,17.64
83af610e0c73e940f967ad32ad943625,1,608b018a4443a457a5cd1e58de213cb2,93b9a99027bd8bd6af682aff18dd19bf,2017-11-20 14:10:35,27.00,8.72
83eee67c21d596a653687afe2c8ebad8,1,171b509779ad4fe0cbed2a3d95d10c68,76d5af76d0271110f9af36c92573f765,2018-04-30 13:32:20,38.70,11.40
83eee67c21d596a653687afe2c8ebad8,2,ed2067a9c1f79553088a3c67b99a9f97,cbd996ad3c1b7dc71fd0e5f5df9087e2,2018-04-30 13:32:20,56.97,3.42
83eee67c21d596a653687afe2c8ebad8,3,171b509779ad4fe0cbed2a3d95d10c68,76d5af76d0271110f9af36c92573f765,2018-04-30 13:32:20,38.70,11.40
84135f650b81a3dad8babdef22952b7f,1,b9f75330f0582e2e33c3ea72ae17f499,4e85b538b0dad58852641540686d0e14,2018-06-29 14:54:03,329.90,40.02
84135f650b81a3dad8babdef22952b7f,2,abe839f92bf39ec954b4b37b4b6c6860,23a0ffca143a15b9b5bbdb7d552f626a,2018-06-27 14:54:03,169.99,40.02
841a1c15177c6184088d268bc0f263f4,1,0b48dc720b9a40d75ce14eda10be0922,715bbd5ba4e6b74cb0d2f29eb45058b0,2018-03-01 09:28:18,139.00,27.29
841ff437dd00dac44a738743ae033be0,1,0ad0b4d6bac55daa9cd221ea08ccbfac,e8b3a3a38279a82f0e5d006d5e5b7d2c,2017-12-06 13:31:22,22.90,16.11
844f01e04cbbf8ba9a2ada9f036eb8d2,1,6a8631b72a2f8729b91514db87e771c0,128639473a139ac0f3e5f5ade55873a5,2018-02-12 20:51:06,25.90,16.79
84723155dd76b3421923b038f617954a,1,40169f8d8c6b5ecde688c395f306812e,750303a20e9c56b2a6bc45cdce0b897d,2018-05-16 11:55:16,19.90,23.28
848bb02f182d3cd9c820281db86fc743,1,67b0d38a61d8e4c1c1df7d56276302aa,0ea22c1cfbdc755f86b9b54b39c16043,2017-05-25 10:55:26,59.90,16.86
84a4ebdaf1a5e3706587f226cc804dfa,1,7040efbf34575afa74e3c6d607336c74,a066df7361163e7ddc5d7452dd17448b,2018-05-15 18:10:31,19.90,18.23
84b1048a4e9d46efbb9e5a65c973cd11,1,7d6bf2a74c5881cd8f7159032ad593e7,ab3e0c171fe84a7ba7de130f19cfb485,2018-04-11 19:15:07,119.99,22.55
84b91dcef1e21e8151a9618564095dae,1,0152f69b6cf919bcdaf117aa8c43e5a2,d2374cbcbb3ca4ab1086534108cc3ab7,2018-04-10 22:35:26,17.90,18.23
84d965c9482e83de042bcb2ed7330012,1,87cc2aef12eddf0b170234138b0946e0,34d1ca11b242c0fee2c834ae8d788566,2017-10-02 06:33:44,185.81,17.06
84e340f8ce26dd8b76b86f8d2c84debd,1,2948658cb6abc82847412be7201bfc4c,955fee9216a65b617aa5c0531780ce60,2018-04-12 02:48:22,120.00,18.92
84e5cd0814900ddfdcc53213d07939e3,1,9c8d6227bbe62913ca96217005540fda,ff1e15b778c700abdd4d239b81ac466d,2018-08-20 16:10:19,59.90,18.57
84f72613dabd8b11141ae6e2710c413c,1,d87a746a8c32da19aabdddac8b632877,2138ccb85b11a4ec1e37afbd1c8eda1f,2017-03-10 07:50:10,32.99,8.72
852ec507c9db5b3b1086cb9e6d89c697,1,e7d5464b94c9a5963f7c686fc80145ad,58f1a6197ed863543e0136bdedb3fce2,2018-07-04 23:30:13,139.00,19.07
853927b32b0ebc007ece729a314338cd,1,f8b624d4e475bb8d1bddf1b65c6a64f6,b410bdd36d5db7a65dcd42b7ead933b8,2018-01-31 15:58:13,179.00,35.05
854963422ef4369edb2416355e8323bd,1,de41aaf0880256b515a29b86285a45c7,0cbcee27c791afa0cdcb08587a2013a8,2017-07-27 20:06:26,135.00,15.70
8557dabbdacec1a9e250f5e70afe1eab,1,fb060ad9a8625b626189641799bccf89,b1204cfda1d4948679db3cfc0d3cb95c,2017-01-30 13:15:41,44.60,16.05
85647e1ff3e4b10814f375af01c38836,1,978859c6048ded0fa8bf3b9ea8236387,813348c996469b40f2e028d5429d3495,2017-11-24 21:31:18,15.30,15.10
8565434e7b68f273260f208a1d2c2aa2,1,9a19dd63632e958f42a66a46afc0f05d,c0aff2da32c17759d30b22fb0af6649d,2018-08-24 16:20:07,15.00,18.23
856d6b7354ca57ce6a2865c9c5e9e6e7,1,6db41bd5a650ed247a5690c0e78c3969,7722b1df1b0e383e000397b2c11e3e19,2018-08-21 13:35:16,19.90,13.72
8578000d0000b3bacf28bd31ee906b92,1,5d66715cc928aadd0074f61332698593,128639473a139ac0f3e5f5ade55873a5,2018-04-19 02:31:42,19.90,22.06
857a83273943276ac60eb1d15bbfed5d,1,aa8fce5e65ab73ab73101ea58d710905,218d46b86c1881d022bce9c68a7d4b15,2017-02-26 15:16:44,127.48,15.06
85951c338d992f64e7abac3d611dba6d,1,0bcc3eeca39e1064258aa1e932269894,1f50f920176fa81dab994f9023523100,2018-08-23 12:35:15,49.90,20.99
85a00341850d3ac099340d190e2ec046,1,6eba58100f906fe0965290b28ca3c45f,1835b56ce799e6a4dc4eddc053f04066,2018-03-20 22:10:52,167.90,23.76
85b58bb30d219374cf9cfdebbc5fbb69,1,e336c656869480e20d04ca9389b12167,cca3071e3e9bb7d12640c9fbe2301306,2017-02-20 08:37:46,59.90,11.81
85c86d629e3c5e477f457be9db748d3b,1,0b0c716fcf2c2571d2e62271261f2abe,f84a00e60c73a49e7e851c9bdca3a5bb,2017-07-10 04:44:36,56.00,36.05
85ca51954c545536cf77a680afe11969,1,7f8bacbe759179781b50331ea609f7f8,d1b65fc7debc3361ea86b5f14c68d2e2,2017-06-07 11:25:17,329.90,18.07
85f264b7facc04c8e6a719c30eb273bd,1,06bc992f73d96cb1ada2073554130d45,13f57c12a00ed4610db646b913a7f5c6,2018-05-10 07:22:05,68.90,18.36
85f8ad45e067abd694b627859fa57453,1,09ff539a621711667c43eba6a3bd8466,8b8cfc8305aa441e4239358c9f6f2485,2017-02-03 21:40:02,1934.00,27.00
85f900f229f817bf7e71ed0c9fdb4fa3,1,b414928d2f8bfbea1bf625562b6fffc2,fe2032dab1a61af8794248c8196565c9,2018-04-27 18:31:44,199.90,9.16
86207b986ce345ccef8bc83647dc491f,1,e59dd207c69d86e890febadc796d1078,e9bc59e7b60fc3063eb2290deda4cced,2018-05-07 05:55:18,148.00,15.92
8628cf35f313fe2e46a2168f21860031,1,dc404a1496a08f9f5540c8b5d4b92925,46dc3b2cc0980fb8ec44634e21d2718e,2017-11-23 20:06:49,299.99,34.55
867711b4834ce56a43da811777ea6ec4,1,54e5939fcd9ae70ad0f59f612d6d29bd,48436dade18ac8b2bce089ec2a041202,2017-11-08 13:26:21,48.90,16.11
868848b4871ab271d735d67e64584f81,1,af35be35db4ad0dc288b571453337376,d20b021d3efdf267a402c402a48ea64b,2018-02-19 20:30:36,10.99,11.85
86a8dda933d2f5ead748b61f816fd181,1,06649da52cbfbb4e9b6cfc332d56c119,ce248b21cb2adc36282ede306b7660e5,2018-07-10 04:48:17,79.90,19.75
86aac59946aefa2672ebf7d495980b27,1,f34aa01a3fe4306c96dccc1256bfa358,7142540dd4c91e2237acb7e911c4eba2,2017-05-08 21:05:17,74.90,17.26
86d06bceca766579cdf18c84e7778a57,1,242e1933d9cb1c789d3c6a3f2d083ba0,e48b04bf1aa1ef711caebeb7aede6180,2017-06-29 15:05:17,158.90,31.86
86e15c44520932e049ca96660a60b776,1,d3b24c68466ec241b98cddd7861bce4a,b372ee768ed69e46ca8cdbd267aa7a38,2018-06-13 21:35:12,55.00,18.27
86f651af29913f6312791c5aef8ac619,1,c4baedd846ed09b85f78a781b522f126,a1043bafd471dff536d0c462352beb48,2017-11-30 19:13:02,89.99,26.25
870262a84754d5ee151a8be2554a5bc6,1,5804729aafca1ebee7b26895d830586e,d94a40fd42351c259927028d163af842,2017-10-10 15:35:22,139.00,25.81
87064d517041a71950b9f0cf6d34b211,1,47ed9bf58ec9b274dd4effeb9c75f117,0df3984f9dfb3d49ac6366acbd3bbb85,2017-05-11 16:55:17,35.90,14.52
871a8acf3aa24b340ca528120ddea498,1,ce0a7865b299f784a6ca12dac0ec8649,e96498ed8daaa3e9c23f7a62da76591c,2018-07-11 21:30:20,89.99,15.73
8736b69cbb962e5cd374e33521430db9,1,c3b8f6be3507bb05fd83797f81f679bc,2138ccb85b11a4ec1e37afbd1c8eda1f,2017-03-08 04:05:21,19.99,14.52
873b89c80c9a05f055f4670e055293ce,1,542b3d80712d51eefe3a3cd1c5f4e8fe,537eb890efff034a88679788b647c564,2017-11-16 15:06:40,42.90,16.11
8752bda3e45c2207f9dc0f94146cd228,1,2ae49b2b174231324f42d783f93d0edc,7d13fca15225358621be4086e1eb0964,2018-04-12 19:30:17,220.00,38.23
8797dc96576f93204dc46d189f4a724b,1,4b456247c6fd6370f0c01903b0c6d67d,87142160b41353c4e5fca2360caf6f92,2017-11-14 18:55:33,139.90,18.55
87daab525d42b65a8fd0083f652cc9d9,1,3c7426b4df1386b6b355a5fa6bf85873,381c83fdca332ea6afd896da20bf6e4a,2018-02-21 19:07:41,101.00,16.96
8831eaa951f7563404fa3355d0a89f1e,1,f1c7f353075ce59d8a6f3cf58f419c9c,37be5a7c751166fbc5f8ccba4119e043,2017-09-11 04:31:24,195.00,0.00
883915e4c377d6f9192fad3ae5d4374c,1,9db0afe3dcd2942f8bef6f7195b9a2e1,b8114f2f589a6804810f04f99b36b498,2018-08-22 10:49:28,142.42,38.44
883bebd3f80e509963fbeaa51abf7c0a,1,3fbc0ef745950c7932d5f2a446189725,06a2c3af7b3aee5d69171b0e14f0ee87,2018-08-27 02:50:21,66.99,19.38
884cb4ce4a06390d35206de06f785d13,1,0a8f26369822d83b82d0d3e87908fbd4,f262cbc1c910c83959f849465454ddd3,2018-04-10 03:29:36,16.99,7.39
884e5d3456c8de94634174aa2fa4cb5e,1,e5bd04e8e3cb77f1a49404d588d3e528,f7ccf836d21b2fb1de37564105216cc1,2018-02-01 14:59:07,31.90,12.69
88503051b9833f27c9492939bcfe2a6a,1,63bfa27a0cee21fd896dc27f58b6d656,612170e34b97004b3ba37eae81836b4c,2018-07-30 16:40:23,184.90,16.39
885f4f4ae28b4914c99d01be5bf570bc,1,ab169b33d13e5041b9b9d4a2fafce9d9,ea8482cd71df3c1969d7b9473ff13abc,2018-01-21 22:30:43,24.99,7.78
88831d307a23183f48f92b32b07ac070,1,30715b45872148dd5322eb2989228a43,4a3ca9315b744ce9f8e9374361493884,2017-11-20 14:10:39,61.80,16.19
88aa3c3fb095aabfed68ad9cfe82c151,1,57d87687241f1aeb1a202f93ceccb0f3,da8622b14eb17ae2831f4ac5b9dab84a,2018-04-02 18:15:19,114.90,11.90
88b40db56f2c37efbf1b4e83db2b40ac,1,0900e9b18da6627157a7e47a8ac8fc08,6560211a19b47992c3666cc44a7e94c0,2017-11-30 08:56:31,29.00,7.78
88ebb2a5aa88ce5fd1f73a821e27bb43,1,41840148302aa7f0c86e7c3f875c6f08,ee2fbacc2fc3794e656cc4d933d59ce7,2018-08-23 21:50:16,164.99,21.43
88f4847c75e52df56f47047103f4697d,1,fe01b643060a6446e59f58e3021e66b3,2dee2ce60de9709b1a24083217181a1f,2017-12-19 07:09:24,129.90,20.15
8912983ff47de54fb2cf774efebd8f09,1,d8e68bbaf74b873af3726c252399e2c9,5145090ab595c0d0b8557199f5701fbf,2018-04-10 11:32:25,139.90,16.95
8929fce83f27ebe948da9c53dcea6bea,1,9fd9505539e1c67c13e4ee824fc1e1cc,f46490624488d3ff7ce78613913a7711,2018-06-20 10:20:11,34.90,11.26
8932f7d67eec4b3ed9a4d5ae0b30e06a,1,b6e47cacea0b2e89b721529d6d8683e7,3364a91ec4d56c98e44174de954b94f6,2017-07-17 00:50:11,149.99,43.08
8964f4133f8364b5b7e09a6b274751cb,1,05a9dadb8402b6b7ae3dd28f7da187b5,522620dcb18a6b31cd7bdf73665113a9,2018-05-18 16:15:14,179.00,12.19
897ef7424df8edd3139511b631ae8e94,1,0fca2bf7fe83539c429a0357389333e7,dbb9b48c841a0e39e21f98e1a6b2ec3e,2017-09-21 02:55:45,134.90,16.70
897ef7424df8edd3139511b631ae8e94,2,0fca2bf7fe83539c429a0357389333e7,dbb9b48c841a0e39e21f98e1a6b2ec3e,2017-09-21 02:55:45,134.90,16.70
89919c333a05c327cd25b1ee32ccaca8,1,bc3d15dd90a6794ea7710f1642aae319,6b89abe95848c850399130d149a39b63,2018-02-26 07:07:26,145.90,18.82
899da82c1aeee8fe315db6826cd9a5ee,1,443686a203341f24c2cead2297359568,f45122a9ab94eb4f3f8953578bc0c560,2017-09-14 05:24:13,119.99,27.38
89a0a77e08de8ab75948884f114d9cbf,1,19c91ef95d509ea33eda93495c4d3481,06a2c3af7b3aee5d69171b0e14f0ee87,2018-05-17 13:55:24,119.99,15.73
89ab5609dfc901cc9824e0a62cbefe59,1,94f49b07158ceba23362f72f24e04962,7a67c85e85bb2ce8582c35f2203ad736,2018-03-07 09:31:28,229.99,18.86
89c04d2250464948257c7dbd4e41c3cc,1,3d73c88390adac7dd50fffe6c00f1022,c8b0e2b0a7095e5d8219575d5e7e1181,2018-03-14 00:20:26,199.99,25.05
8a022a9ef01a1c899cd33cff15aa43db,1,c4baedd846ed09b85f78a781b522f126,a1043bafd471dff536d0c462352beb48,2018-02-01 17:32:01,120.00,26.46
8a1173c84bbf754f61daf556a62fe1ed,1,e9a69340883a438c3f91739d14d3a56d,1b4c3a6f53068f0b6944d2d005c9fc89,2017-04-10 13:15:17,169.90,22.66
8a1afda75a802a8a5dd950aa81756f49,1,1d33febb6ca114fb1b9490005ee49de6,0176f73cc1195f367f7b32db1e5b3aa8,2018-01-09 16:31:29,195.90,34.64
8a6687e2edd62edc2b9c1de51234bd98,1,87ea2f45559e10519513a20b24147316,6a38087bc8ad4f89ff453561005f6dea,2018-07-04 12:15:11,158.90,38.02
8a7c3a3a48dbc1c76fb4e7e5844d5584,1,ff37b24bee4345bc69d11fae0e6cd3da,7fc87cc3e89b3d1d5cabdca32f8485aa,2018-08-14 13:10:17,209.90,39.64
8a7f0e6d9767d52a05dd48229e24d766,1,4b1bf508b7e2b27e8472c16d7f189909,c273175f7c6c80fb02f051e2fc6d0d72,2017-01-29 16:25:03,139.99,18.73
8aa454f4a1257f74aa178aba255e7cf7,1,adaf53b4c04b9aca88c0f5c9ba4c3880,16090f2ca825584b5a147ab24aa30c86,2018-08-09 15:50:24,129.99,9.07
8ab9b41f4fa44e65eabf1c4139e415a6,1,86dbee9634f9942db02e1ac5bc7ded58,cd3d09fbe6e3e9ff0c0ac0c300e93ae7,2018-07-18 09:44:20,73.00,18.61
8ad90551f6c31bd81ee660c78c7250ca,1,fbc1488c1a1e72ba175f53ab29a248e8,289cdb325fb7e7f891c38608bf9e0962,2018-08-15 12:24:18,116.90,14.16
8add635e672a6b52fa66cc99d940ab8c,1,f0f3c686ec837b27ec9da08762d85317,710e3548e02bc1d2831dfc4f1b5b14d4,2018-05-10 10:53:03,49.99,14.43
8ae0da24fb052b94dbf0d5c1527cda13,1,aa280035c50ba62c746480a59045eec4,fa40cc5b934574b62717c68f3d678b6d,2018-03-22 19:05:26,30.50,14.16
8ae7da80a0ae007c1d30c6ff5dc3bf26,1,a8a24b2139731e4be5246104224f0633,25c5c91f63607446a97b143d2d535d31,2017-12-13 14:50:54,186.98,18.56
8b0899ff4934074e16ecacb55c7c2303,1,e0f33a3329af6716a0bb47fd7a664439,7e26c750b4cb9f6766f58265ff9ebe95,2017-04-27 13:45:17,49.80,14.11
8b287c802866ec3b7b594e5cbc2d5acf,1,16765bcb7b5644f6fd28a40c0cfa2a97,516e7738bd8f735ac19a010ee5450d8d,2018-07-05 02:52:15,129.00,18.70
8b2fb881ec8d04ffa5bc7a27833ad984,1,bbc7e843b8e76cabfe107ad624cb2e7a,10089e9f2fd0c668a8fd4e52e1698888,2017-03-20 12:58:42,350.00,19.74
8b62c0757b9c458179c29c2ea24c7886,1,4cf2a0463e06213f6770103e29b637de,9674754b5a0cb32b638cec001178f799,2017-11-14 15:10:35,91.89,18.21
8b69e25aaf296391c63e1158984ed9ce,1,d10f7bc1a57ebe26d5994076f2bfa06b,8ae520247981aa06bc94abddf5f46d34,2017-11-17 12:06:43,259.00,16.56
8b6d201fff0b1b32e59f7cbdc6beaf54,1,16ce899c7af0c99f46948734a0d00f0f,0725b8c0f3f906e58f70cbe76b7c748c,2017-01-25 17:17:20,79.61,10.00
8b6d201fff0b1b32e59f7cbdc6beaf54,2,16ce899c7af0c99f46948734a0d00f0f,0725b8c0f3f906e58f70cbe76b7c748c,2017-01-25 17:17:20,79.61,10.00
8b6d201fff0b1b32e59f7cbdc6beaf54,3,16ce899c7af0c99f46948734a0d00f0f,0725b8c0f3f906e58f70cbe76b7c748c,2017-01-25 17:17:20,79.61,10.00
8b6d201fff0b1b32e59f7cbdc6beaf54,4,16ce899c7af0c99f46948734a0d00f0f,0725b8c0f3f906e58f70cbe76b7c748c,2017-01-25 17:17:20,79.61,10.00
8b6d201fff0b1b32e59f7cbdc6beaf54,5,16ce899c7af0c99f46948734a0d00f0f,0725b8c0f3f906e58f70cbe76b7c748c,2017-01-25 17:17:20,79.61,10.00
8bab0782e1f2a9fdc338a883c124f75b,1,c6c1f263e076bd9c1f1640250a5d0c29,fe2032dab1a61af8794248c8196565c9,2018-08-02 02:44:31,179.00,13.91
8bc4e989df64f2d8c2381c9718a0f963,1,06649da52cbfbb4e9b6cfc332d56c119,ce248b21cb2adc36282ede306b7660e5,2018-07-10 04:48:17,79.90,19.75
8bc835be169be964f492f42b517b0a3c,1,60184212dae4e6b0da32bf54271a8c4a,b33e7c55446eabf8fe1a42d037ac7d6d,2017-12-07 12:38:39,369.00,17.33
8bd792653995ae5a2e101887d982b39a,1,5b3b5f9ae84ca9ead3138b199420cc94,adbc26658d6c7b4b6219f9d934598091,2018-03-21 09:49:30,139.00,23.55
8bef37e0a778afcdf32118f376beb9de,1,0cf13ac73dbcf6586ba63b89dd1f780a,b14db04aa7881970e83ffa9426897925,2017-01-24 19:33:29,47.00,11.74
8c05fe795783a73c159dfddbcf910689,1,a1ca62481619b02ad09535f2b418bb75,4e922959ae960d389249c378d1c939f5,2018-01-22 15:29:22,85.00,15.34
8c0a4c58ee098fea192d86cb195786e6,1,fb949f35bd1873f846cb7246d9db81b0,6edacfd9f9074789dad6d62ba7950b9c,2017-01-22 12:27:53,43.90,26.61
8c10b4712b6c450e49bcfb6b1e48449f,1,6ae7f4ef0ca670ca2609d039af87d057,620c87c171fb2a6dd6e8bb4dec959fc6,2017-01-31 16:31:12,23.90,18.00
8c2c2b26ae4677e7457b0daaea13a8d3,1,1d994f3116c393f22021e72f17ab5af5,809413606dbfe5deefd2db646693ef67,2017-11-13 04:32:06,44.70,14.10
8c2c2b26ae4677e7457b0daaea13a8d3,2,63de579e88d8a9982d2e279eba56e753,809413606dbfe5deefd2db646693ef67,2017-11-13 04:32:06,44.70,14.10
8c46c4b2bbf318ff31368bc87309662e,1,82cfbad6a3bb123bb807f51078765a0f,80e6699fe29150b372a0c8a1ebf7dcc8,2017-02-09 22:32:10,159.00,47.61
8c489400ea17eec342e0ca18af584273,1,f497ba62f1d6b4f6a3a3266fa8623ad3,6df688df543f90e9b38f4319e75a9d88,2017-04-27 15:50:09,58.20,11.02
8c4c737b202bd8dcdaa2336b54e99dc7,1,633ab0ec23c18ed1b64356a25ea7b5bd,fa1c13f2614d7b5c4749cbc52fecda94,2018-04-16 14:31:49,1298.90,15.96
8c7aba5d415316a216626dfdc9e5aa42,1,a56b51724402d77b13ba844e67130c4a,8f119a0aee85c0c8fc534629734e94fd,2018-05-15 03:55:22,66.30,15.34
8cab96495293d1bfed0c4f34ae7fb9e9,1,dc6040ee940ab73a2fdb3b90c6513ed9,5bffbafbb22daf6d3bfc216a46db8708,2017-05-25 15:22:59,139.90,8.39
8cb07e7e810ad9e5f33062cb4735d488,1,a703f5ade6e4fae527357132230ea778,f4aba7c0bca51484c30ab7bdc34bcdd1,2017-01-28 00:22:40,23.90,14.52
8d00e06d3fa925f408fd286f9805a765,1,c9c455f9fd8ca66d3ff7f90a249753b4,96804ea39d96eb908e7c3afdb671bb9e,2018-02-26 17:10:34,109.95,13.79
8d1177e3fcee9f6f1985cc468d87a7d1,1,0bb987ba9ab94c3db5f831375f9d8a5c,d2374cbcbb3ca4ab1086534108cc3ab7,2017-12-14 18:10:44,65.90,28.86
8d25f73f2fe9c225dff2232fd1e7c89b,1,12a3f3a8ef6c5e3c29c88e670fd61ee9,c53bcd3be457a342a97e39e5a9f0be22,2017-02-03 23:20:41,119.90,26.00
8d362590a388a3c9c7de2dbb72edc957,1,70bf4f61950297cf24e18a9b84c3208a,6d988d6174a2c27441597174f8905515,2018-07-20 12:06:14,18.95,13.47
8d47519f5c9c42540b37bd3db0492878,1,3d37da85f5e66558333fb5daee494736,ecccfa2bb93b34a3bf033cc5d1dcdc69,2016-10-21 16:20:04,69.90,19.48
8d771479430ddcc5431d2ef4aa207204,1,777d2e438a1b645f3aec9bd57e92672c,4a3ca9315b744ce9f8e9374361493884,2017-06-12 21:45:13,69.90,16.25
8d785027a8353d2f17d76f05b73f86ef,1,1ea8d02d9ad9f5e5987010de353fa800,6624bc09786f0e41ae48dfc5eeb1a9e2,2017-04-02 22:50:17,89.54,17.47
8d812dbf931bbd85b3b5b528b75ef9bb,1,8338cef8355d238f43711dcb9c0657b2,cca3071e3e9bb7d12640c9fbe2301306,2017-07-25 09:43:10,45.90,16.11
8d812dbf931bbd85b3b5b528b75ef9bb,2,8338cef8355d238f43711dcb9c0657b2,cca3071e3e9bb7d12640c9fbe2301306,2017-07-25 09:43:10,45.90,16.11
8d92a85b0ecdf7d7b3807474390ee2be,1,99a4788cb24856965c36a24e339b6058,4a3ca9315b744ce9f8e9374361493884,2017-05-25 02:25:36,89.90,12.13
8d994f4a7b065361eaddea05bd528909,1,6609d9a71a607da16750629d52615b9e,f80edd2c5aaa505cc4b0a3b219abf4b8,2017-05-10 02:50:13,19.90,22.28
8d9a9808c4a5546adb15d524d6ab2e91,1,dc9f66a56b89e4278d921898a861a29a,8d92f3ea807b89465643c219455e7369,2017-02-01 16:44:35,3.90,10.96
8da4b52fdefe7256cbe20ebf03ac47b7,1,086351823300e0339f6955b27998c186,33a6f4b1e7cdc205511e76ba1b6e0186,2018-02-15 18:50:12,115.00,14.56
8daaa9e99d60fbba579cc1c3e3bfae01,1,45d22d06ecb3dc42e91faf0e52c1a8c6,d91fb3b7d041e83b64a00a3edfb37e4f,2018-03-02 17:50:30,16.80,9.27
8dbd319d233611ca45b64cc56eac5e34,1,617186c3d97ea56c9c683a8a3974e8c1,cc419e0650a3c5ba77189a1882b7556a,2017-06-25 22:55:16,84.99,15.34
8dc67de08c1738a90e70f62f2920b432,1,0de1e69dff6f40f9f71be7034a8bb8d2,620c87c171fb2a6dd6e8bb4dec959fc6,2017-01-29 01:29:42,349.90,19.88
8e054d33e00ddfd994d389e1e7204d3f,1,0f8fbb821185443113de3e04ef989be6,dc4a0fc896dc34b0d5bfec8438291c80,2018-01-29 19:23:17,179.46,16.89
8e287e7d7db7206c7a9d0184e97014ad,1,11e5548d5bc9bd5ef53d3574d9f1c0bb,82e0a475a88cc9595229d8029273f045,2018-01-15 13:19:24,170.50,29.59
8e287e7d7db7206c7a9d0184e97014ad,2,11e5548d5bc9bd5ef53d3574d9f1c0bb,82e0a475a88cc9595229d8029273f045,2018-01-15 13:19:24,170.50,29.59
8e41a4552a7f51874a72a22b403160b8,1,bc15663c211a5ec5ac7d927b7ba60e1f,0241d4d5d36f10f80c644447315af0bd,2017-11-30 16:31:20,29.90,16.11
8e7c39692005bd922dd07d56bd036e87,1,c13a9b9907f209adc406f480a2528c81,fc906263ca5083d09dce42fe02247800,2017-10-26 10:49:19,19.90,14.10
8e806cca085990fdc8483aeb130d1330,1,22c5ddc22ea8cae84fc9917def682dc6,cc419e0650a3c5ba77189a1882b7556a,2017-12-05 15:53:48,56.99,14.15
8eb3ea8875ea46e1d2631a59a278e059,1,75d6b6963340c6063f7f4cfcccfe6a30,cc419e0650a3c5ba77189a1882b7556a,2017-12-26 14:51:20,56.99,17.00
8ebbdbcc79e51da16021583a29f2ee21,1,1468c44dd6c3ecaa8e9b12a8a2a7ed0c,7e93a43ef30c4f03f38b393420bc753a,2018-02-21 09:27:32,155.99,15.84
8ee4b4546da4178fb73e677c628a74b9,1,d00f6c52d2730de05fb409f09ab6e732,d9442042130b7fe579d1295f9f4a248f,2017-06-07 21:50:11,34.90,20.84
8ef4bed1022c0f48012b556559e43f06,1,173d5a1b6c4ea4f41aafca840646d240,06e5eefc71ec47ae763c5c6f8db7064f,2018-04-11 18:27:41,181.01,19.15
8ef7f8c19a00b45667841442d36ad903,1,b1d207586fca400a2370d50a9ba1da98,1ca7077d890b907f89be8c954a02686a,2017-12-21 19:38:28,149.00,8.30
8f0033d3ef07e82e7e942e4136cfbf50,1,12b81d15ffa819dd535e30cb2d00172f,2d50d6282f8aa2257819a77bfaa0efe0,2018-08-16 14:45:07,29.90,19.40
8f0518f5d4437b43c4849faee7e6dacd,1,b7387e83ca44d99d804ba967c492219d,e9779976487b77c6d4ac45f75ec7afe9,2018-07-05 10:55:16,32.90,19.42
8f078af5f7dd54fad5abd423dfb4aad2,1,9d6a5df183306316cd9954e052f30dd3,01fd077212124329bac32490e8ef80d9,2018-06-28 18:18:26,17.00,12.79
8f2e84cb21fcbe7e95d12e4f0dc80487,1,4f1a7a45b6d43fa7e4958e013923d9e5,ce248b21cb2adc36282ede306b7660e5,2017-09-14 16:10:18,46.90,17.92
8f359a870a6206af39d54ab82c99619d,1,55ebae49cf4c0963d5738a39e1e79750,2be17df1c49978426251562096c3cc09,2017-01-29 06:31:50,139.00,21.42
8f3a46cc0e9d362bf43dd339e4379615,1,52c80cedd4e90108bf4fa6a206ef6b03,a1043bafd471dff536d0c462352beb48,2017-09-29 11:50:13,179.99,26.88
8f56d95ba4712b40163a057ba5ab89ac,1,495dd714eb32a76c84c675fc016206f6,83353a83fd769dfafa4f21a72b15e3e5,2017-12-08 20:09:32,69.90,20.98
8f578fbe296dae4b9f11a4996da9c47d,1,3bf56e26b61ad28e0d04d2278fcb7ba8,e06f09ec0a4aca210779cf1cfc63cf19,2017-07-17 21:03:20,699.00,42.44
8f57cd376d453764bfae6581f236952c,1,be5353e2c543ba4f67831f95d3775420,8b28d096634035667e8263d57ba3368c,2017-10-13 20:56:32,18.99,11.85
8f6467bcaef44e076b48a04fa38557f3,1,e8b61f78db501ea0ca45677d1ca27de2,3d871de0142ce09b7081e2b9d1733cb1,2017-10-06 15:35:23,29.00,12.69
8f7fab386de53dade383a220ad572f8b,1,ef60a683caacd212b1cc7b356283c2de,09883d9ab71c8fe8a9bfc7fc3075b07e,2017-09-08 11:44:08,59.90,9.34
8f82cbff74ca9eba2273adac86c08a2d,1,b932cbe9be7a3e71d8fa7f1865797ff6,6df688df543f90e9b38f4319e75a9d88,2017-11-28 09:18:31,35.90,12.48
8ff75375a7a2cbf26e7fbac0c52c9810,1,880be32f4db1d9f6e2bec38fb6ac23ab,fa40cc5b934574b62717c68f3d678b6d,2017-08-01 02:15:37,44.90,7.78
8ffd24fbf822586b2712a4becc7217dc,1,8bba4a8de8b5de57c7ff105d043254dc,5b33b527da3c5b969cc99dc435cad09a,2017-02-02 00:31:42,124.00,18.00
903c880841c9b1af32d6d086b9763133,1,4c55077cfe05007e8051304d1b721343,b17b679f4f5ce2e03ce6968c62648246,2017-01-29 00:47:25,32.30,10.96
904bb8d83ce0a924807b5d34e698a439,1,6cdd53843498f92890544667809f1595,ccc4bbb5f32a6ab2b7066a4130f114e3,2018-02-20 01:36:57,349.90,16.18
9058bc799c3791077efb3aaa8e0d5e02,1,a6f74de3ddfbdc9b33885b92656f992b,0ea22c1cfbdc755f86b9b54b39c16043,2017-01-28 09:24:11,79.90,11.17
90a35d6c7ac144ef7398458a2beb3963,1,eb6913790ee61d3d4d8dffcbbedea827,382229d1e840115ffe3dbf5ff460e417,2018-08-06 14:50:20,29.90,15.31
90e5ad6118ea4ea07eb9de3aa9c698d2,1,4ae289635418a8110ea2d5fb86472c63,955fee9216a65b617aa5c0531780ce60,2017-10-03 07:07:13,75.00,16.78
90f0e72dfebcd41e26656d079d881674,1,1e2e095149b3e9ca487d9c2d8c20378b,7d13fca15225358621be4086e1eb0964,2018-05-24 22:58:20,510.00,16.93
91021949691f50cf0608e62a2b5efb31,1,437c05a395e9e47f9762e677a7068ce7,f84fa566034f5e8e880a07ec624c56af,2018-05-21 03:10:52,53.79,7.39
912806f58b85a8b3b9a57757227c9a36,1,d435c3fa55cfd37fa04032168ed59cf8,51ed72984a04e5dd35c2b27e77179038,2017-12-27 16:52:30,223.90,35.00
912859fef5a0bd5059b6d48fa79d121a,1,9865c67a74684715521d1e70226cce0b,fa1c13f2614d7b5c4749cbc52fecda94,2018-09-03 10:04:16,169.80,8.45
913908597fea142985168af1fc46a6e5,1,6c706bd66d6df5b9eaa716699943efd0,77530e9772f57a62c906e1c21538ab82,2018-03-08 13:21:13,148.00,17.29
9142a3c29501af1e90aa7eea2a6949b3,1,99f5b2240b82bf9387e5cf2fc0335b08,1c68394e931a64f90ea236c5ea590300,2018-03-13 15:10:31,115.52,18.38
9160545c698bc7e9408b84405166f60e,1,373c022e7383e108569b38098f3ed975,891071be6ba827b591264c90c2ae8a63,2018-07-31 11:55:16,34.99,30.05
917ca364b9fb9460dee6ea613ee2a5ab,1,8bc9dee0f2da0b7ad43095be7ad8414f,76d5af76d0271110f9af36c92573f765,2017-01-29 15:12:59,399.00,92.36
91bc515746f412867344f7ee8ce0c60b,1,6c706bd66d6df5b9eaa716699943efd0,77530e9772f57a62c906e1c21538ab82,2018-04-19 23:10:05,148.00,27.77
91c52e15672343c61768b4d10597eea8,1,c4a45b9505564b0de1ff3e79062cffd8,cca3071e3e9bb7d12640c9fbe2301306,2017-02-05 18:35:23,69.90,18.00
920660e6627be7877e8f70d72c8e398e,1,ecab3fa721d1b06c225f23c30f02eb5e,e9779976487b77c6d4ac45f75ec7afe9,2018-05-16 14:15:08,159.49,13.56
920a1599f73c0a2ddadfb7caedcbda60,1,3fbc0ef745950c7932d5f2a446189725,06a2c3af7b3aee5d69171b0e14f0ee87,2018-08-28 03:24:21,66.99,27.75
9241b8242fcfa16437e5eb1136ff9d1e,1,55c241d4a5f20682cdeaec642cb06fa8,dd55f1bb788714a40e7954c3be6df745,2018-03-27 10:08:09,380.90,22.72
924d24dd7c6de024d96e25d4812d65bd,1,d04857e7b4b708ee8b8b9921163edba3,9f505651f4a6abe901a56cdc21508025,2018-07-05 02:31:23,69.99,19.40
925f43c2d4991e4360c5a7435c5431a3,1,ab616e3e77440ec426347964a3489108,9add47bf45ce8e8c7db6b9cf670b1e09,2017-04-05 22:50:19,65.90,21.93
9273f28e7eea7b34cf6d09d37dad4fa5,1,111a3ef82d77e13260a73fbf58c41da5,dee656f0f566ed1aa85bd137c943f08f,2018-03-05 17:48:54,38.90,11.85
92a9ef7f0a0d392c9ad0d5f44e86b4ba,1,9f1c3e71d56894398a42b050b07f1baa,92eb0f42c21942b6552362b9b114707d,2018-03-29 16:55:50,11.87,7.39
92a9ef7f0a0d392c9ad0d5f44e86b4ba,2,9f1c3e71d56894398a42b050b07f1baa,92eb0f42c21942b6552362b9b114707d,2018-03-29 16:55:50,11.87,7.39
92a9ef7f0a0d392c9ad0d5f44e86b4ba,3,9f1c3e71d56894398a42b050b07f1baa,92eb0f42c21942b6552362b9b114707d,2018-03-29 16:55:50,11.87,7.39
92e3415f60fec80f07ebca939434c3a7,1,983fb87b74395e82bbe509cf694296ce,2bd05d410a8fd26dc4184a15f4f2f588,2017-01-31 10:29:59,29.99,10.96
931eb9b18a6471d1f635ff15fcbde0ca,1,89b121bee266dcd25688a1ba72eefb61,2eb70248d66e0e3ef83659f71b244378,2018-05-28 12:13:46,79.90,7.74
9325417ccf2008bcf613acffa684a24e,1,8dc2f396f9c1b21665f94a5caa0ee791,0bae85eb84b9fb3bd773911e89288d54,2017-07-25 07:10:14,54.16,14.82
9325417ccf2008bcf613acffa684a24e,2,bd2128c3d2188ccb151b12d129ee264a,7722b1df1b0e383e000397b2c11e3e19,2017-07-25 07:10:14,64.90,16.28
9330d3796ff2bb8c7b750b4515151c42,1,582dfc3697c5f834a5ddf28460ba9222,1da3aeb70d7989d1e6d9b0e887f97c23,2017-11-03 16:15:17,19.99,15.10
9330e9298742ceea6f94f67a4c6dd785,1,e1723cc3f4bc8a361b57f8c8b97959af,8b321bb669392f5163d04c59e235e066,2018-02-21 07:56:16,18.90,15.10
934583479bac4ab37120cace4120596a,1,dc6185221ef0ba24510b48e0612fd51f,ea67327e24487bdfac5fbfa37ea124df,2018-06-15 15:19:24,127.45,23.47
938cf33aaa64536379e72993eab4cef2,1,19c91ef95d509ea33eda93495c4d3481,06a2c3af7b3aee5d69171b0e14f0ee87,2018-08-28 04:10:21,122.99,30.11
93ae3ec4b92402eb33c04034d5e70d2a,1,62984ea1bba7fcea1f5b57084d3bf885,218d46b86c1881d022bce9c68a7d4b15,2018-02-13 15:11:07,191.00,18.59
93dfb14657b871cc1708647ef95f40f9,1,468f9e86ce85d599b7f48ddab25f1b42,53e4c6e0f4312d4d2107a8c9cddf45cd,2017-11-27 18:30:25,72.00,17.75
93e337ab97f3eaafab94e2129d8feae8,1,9e10ae46a3021a02f1692448ef9fa1db,94144541854e298c2d976cb893b81343,2017-12-11 04:12:01,34.90,14.10
93f0b28291bddb8a70034aa5138ddf24,1,426c58d69aa402e5397c4b6471420fbe,e9511df20ccd82658a30c37b7fb343af,2017-12-01 20:07:23,155.60,21.58
93fe3d332271d38d6974bec644168f57,1,c4baedd846ed09b85f78a781b522f126,a1043bafd471dff536d0c462352beb48,2017-10-05 20:14:26,99.00,22.83
942a2811a7a6e202eec1790c6b69be88,1,c2363f555558eefafc1fb2767571cc57,1c68394e931a64f90ea236c5ea590300,2018-01-22 10:09:48,190.32,13.46
942c437934a994c52629e74e23787f26,1,8d0e7a8e1b1fb5343135045cb7c21542,293dee954235e4e4e43f129313625ebe,2018-01-11 18:11:18,370.99,20.84
9448533671e2c8e65a1bdedf43c778f4,1,e25a1bed3de19f42a0719cff1c771436,609e1a9a6c2539919b8205cf7c4e6ff0,2018-03-29 02:07:58,53.90,19.35
9461233f007294d53c027b24648e02f3,1,af51d485dc5255ba2e18b21b550156e6,5dceca129747e92ff8ef7a997dc4f8ca,2017-04-24 13:05:30,259.90,44.62
947c4f07e94867a7344550a2b9969c13,1,ed00c79b26683d1f8d4a6df605efe886,343e716476e3748b069f980efbaa294e,2017-12-13 22:31:30,32.90,12.24
947c4f07e94867a7344550a2b9969c13,2,f216457c32ee07732482741ca33128c6,343e716476e3748b069f980efbaa294e,2017-12-13 22:31:30,32.90,15.95
947ee6ab639791b5711558a7e55cf98e,1,12803e6c48756086227e39a8a2d2026b,f9244d45189d3a3605499abddeade7d5,2018-07-16 09:01:12,2139.99,83.13
94a01dd9a6fd7d30b879bd61b85a1c00,1,dd61e943598eec72351633dd6a72d5dc,cc419e0650a3c5ba77189a1882b7556a,2017-05-26 10:10:17,79.99,14.31
94f1e81783b607dd10f270a0ceaf9d40,1,2b4609f8948be18874494203496bc318,cc419e0650a3c5ba77189a1882b7556a,2017-12-22 13:12:18,89.99,15.39
9502eac77a6fdde265da489d96557785,1,1e618d311a1b7f88a9d96ec50aa85582,d94a40fd42351c259927028d163af842,2018-05-11 08:52:04,129.00,34.44
9508c52fce9468c56973500f75dbad5b,1,f71e81166f65ac9b5174e4630ab20615,06532f10282704ef4c69168b914b77be,2017-08-24 02:24:50,1815.91,61.93
95234ae57878debe0afc15b3d5bcbc48,1,fe6a9515d655fa7936b8a7c841039f34,dc317f341ab0e22f39acbd9dbf9b4a1f,2017-09-20 22:24:16,249.90,69.21
95247e44ffe87a1402f04c0023650fb4,1,3006b8f5b476750a03137c1b2755cea1,06e5eefc71ec47ae763c5c6f8db7064f,2017-07-24 12:15:15,169.99,34.99
9564498225916371a8670c3b0253ea81,1,a99b67c7e525bb5ca667e1aa284c28e2,adcf50477d6a1f5d91bb9d54c4903cb5,2017-05-24 09:43:14,17.55,26.78
9564498225916371a8670c3b0253ea81,2,a99b67c7e525bb5ca667e1aa284c28e2,adcf50477d6a1f5d91bb9d54c4903cb5,2017-05-24 09:43:14,17.55,26.78
9564498225916371a8670c3b0253ea81,3,a99b67c7e525bb5ca667e1aa284c28e2,adcf50477d6a1f5d91bb9d54c4903cb5,2017-05-24 09:43:14,17.55,26.78
9564498225916371a8670c3b0253ea81,4,a99b67c7e525bb5ca667e1aa284c28e2,adcf50477d6a1f5d91bb9d54c4903cb5,2017-05-24 09:43:14,17.55,26.78
9570076bd35deeec20575eb8e0540131,1,7a9cf133da2a6494259ffeeab11b6276,db4350fd57ae30082dec7acbaacc17f9,2017-08-30 03:11:10,21.99,16.79
957835fcdd687e80443310e35eb113b9,1,7564c1759c04fc0a38f2aa84f7a370ee,6860153b69cc696d5dcfe1cdaaafcf62,2018-06-11 03:31:04,42.99,14.44
958159f0dab5b09c3dad9dc3dc352565,1,677d8ace413e0060fa8686cde56eaf10,d921b68bf747894be13a97ae52b0f386,2018-05-10 15:30:34,225.00,23.28
9583e5c37c1a090275e8af994d6b3231,1,93323c2cfff65a81c9da5566fcdde69f,134285d1f41da5c13a756ee8142c8a4e,2018-06-14 22:17:34,76.00,8.30
959815491185d6d44b4adfb9caaf3b9f,1,8ce0b48cdcc4b753ae4de64497998338,75d34ebb1bd0bd7dde40dd507b8169c3,2017-03-22 11:12:01,149.99,21.50
95a08547138ca5fa14fae54639939af6,1,3d97f0e9cc1e412e5d125b3d24af8707,d379f449f2a3b271bc01c0782020f705,2017-03-27 13:41:44,119.90,22.31
95d8c6b4c0b7c33f86f75fa4e0a74594,1,431d674f9a4fbd0957ecf6ba3fcb6899,53243585a1d6dc2643021fd1853d8905,2017-09-18 16:27:35,299.99,22.90
964d7960d6a2fad0dbe19f9365bfac2d,1,6d97e5cb4df5111845c6aaafba7111ca,88cf19ec1fc2c58f161aee259d57142c,2018-07-30 11:24:22,134.99,13.61
96500f175401baa18ab94e059e3c7ab8,1,98d61056e0568ba048e5d78038790e77,8581055ce74af1daba164fdbd55a40de,2017-05-22 16:35:20,169.00,19.07
96690f8fbafc0eae928f18e8a344c31e,1,3dd2a17168ec895c781a9191c1e95ad7,de722cd6dad950a92b7d4f82673f8833,2018-04-26 07:31:02,149.90,50.46
96867881a8d245ffae18dd2f1c4898d2,1,b7a2d0cb90ba252129d34d7c8d079d2b,620c87c171fb2a6dd6e8bb4dec959fc6,2017-01-30 22:19:43,239.90,15.85
968cb5ac821d8c165eb1bec7d47eede2,1,437c05a395e9e47f9762e677a7068ce7,f84fa566034f5e8e880a07ec624c56af,2018-05-22 21:32:54,53.79,12.96
96a056333b6517f334ac928d91dc7e15,1,2b250e4c796f4ce9da7ee0465bd1b574,3d4824f20035949c710eaf111f869d39,2018-08-26 21:25:16,52.61,19.56
96a2b5167187b3cfde60cd245d421132,1,97017430754804328eb9597b7f85da03,ea8482cd71df3c1969d7b9473ff13abc,2018-05-10 03:31:14,29.99,18.23
96d3d32268dac080180a2da0140a709b,1,e7db7c40ea6647c808d48581f1308d88,1d8dbc4f32378d715c717c1c1fc57bae,2018-03-12 11:30:40,109.90,15.62
96e84b24d3eb91311bd0c42171eb301c,1,8f3a1c2358138bedfb98645db449110c,fa1c13f2614d7b5c4749cbc52fecda94,2017-05-05 02:10:12,279.90,12.57
9725a1c59138f30c5dba936ca3a2de34,1,e390a486e30fd924501447fb663de0b7,004c9cd9d87a3c30c522c48c4fc07416,2017-02-05 14:19:22,89.99,18.00
972744bcdd80014057492bbab6b4e06f,1,632ba0c3ace598871c24c49380796d57,ec8879960bd2221d5c32f8e12f7da711,2018-01-10 09:48:28,129.90,16.31
972de859f5e4986651981a283159a3b0,1,1e297be46cfe3e932c4faf1c0ae329a2,a0415d9b25ede3c4b1e477e9916ffc03,2018-01-15 12:09:17,1105.00,34.27
9758e655b4d2fca01c69a4dde9d4fb5b,1,f821142b81bcee787d6383b5c384d37d,9baf5cb77970f539089d09a38bcec5c3,2017-01-30 09:44:46,119.99,14.61
975a0290ce9c9359576f69b6e00799cf,1,d435c3fa55cfd37fa04032168ed59cf8,51ed72984a04e5dd35c2b27e77179038,2017-12-05 00:19:27,223.90,34.84
9786c52ca3e1ed1ef3ba5c65941627f0,1,7dba49d05059dfa721e63caf83965829,41b39e28db005d9731d9d485a83b4c38,2017-01-25 21:12:13,119.90,50.00
97cc8153b2e7c816783e0ba60083ea67,1,cb81df0e3ccece253557f2a07df4727e,669ae81880e08f269a64487cfb287169,2018-07-02 21:51:12,45.00,18.42
97d6279a91ffe03ed63041acff508488,1,422879e10f46682990de24d770e7f83d,1f50f920176fa81dab994f9023523100,2018-05-11 17:30:06,53.90,0.00
97d6279a91ffe03ed63041acff508488,2,422879e10f46682990de24d770e7f83d,1f50f920176fa81dab994f9023523100,2018-05-11 17:30:06,53.90,0.00
97df4160390cf20ee63b032b5a93d0e2,1,7958e96171ca669184bf4a085d7deec3,054694fa03fe82cec4b7551487331d74,2017-01-30 14:12:54,177.00,26.73
97f0469c4d923101d383461947f575bd,1,cc82434eb4afd2f81d3c2525e54cbfce,83deb69e889cf80f82be1dc6d5f2d486,2018-06-05 09:15:16,164.90,16.03
97fdf3115437c18e71138bdaa80ec60b,1,34d6306314a47fe15c1efdbc23302020,229c3efbfb0ea2058de4ccdfbc3d784a,2017-08-02 11:25:23,69.00,12.61
980b9aef670d4659912793b2fffdea29,1,0388b93e2992639ef7de7b35b2ba91b2,0ea22c1cfbdc755f86b9b54b39c16043,2017-11-08 22:25:27,34.90,12.48
9831b84779bb2216541f702f5ed7c331,1,b953d9a0d8c056d4144acbff1f0adc80,7142540dd4c91e2237acb7e911c4eba2,2018-02-22 20:07:07,74.90,16.28
983de0fdf98ff06d6cf1c379f7540f7f,1,5237739bb5fee495dbd337755a138660,966cb4760537b1404caedd472cc610a5,2018-06-17 21:31:39,809.00,56.38
9843c2a66fe0afda6509bc4274f743de,1,b59cf7db0bc7ebb20a80f1ea335194b0,620c87c171fb2a6dd6e8bb4dec959fc6,2017-02-03 15:12:23,129.90,50.00
98468461ec50580f3a212ef742cccbb3,1,25c38557cf793876c5abdd5931f922db,5dceca129747e92ff8ef7a997dc4f8ca,2018-03-28 21:10:32,987.00,18.81
9846cae21962f6c6e65ad2e77d3c2be7,1,7eb2e1637a623d3491843dff3bad4836,ca3bd7cd9f149df75950150d010fe4a2,2017-02-03 09:39:54,83.20,25.00
9846cae21962f6c6e65ad2e77d3c2be7,2,49f57e8347e394d0ddfcc1c8acaf9b2d,ca3bd7cd9f149df75950150d010fe4a2,2017-02-03 09:39:54,83.20,25.00
984d046c833232079162e22c7ef8c15d,1,461a85909a0075c82f74d0221f6991c9,ed859002ad59dbf8cf3602696a6c3000,2017-01-23 10:33:22,419.90,31.13
9856503e3360fab415c2efa086e44c85,1,ff29d8cb1cd0cd5ea37b80dac9939e1c,8b321bb669392f5163d04c59e235e066,2018-03-29 10:08:36,18.90,15.23
985a7ee1a544f6f20cda38931a22a6dc,1,cdd0b7472213e44df3b48e96f8deee74,86ccac0b835037332a596a33b6949ee1,2018-02-05 15:35:39,59.49,17.67
986eb0e0707439d7852369091e0fa8d9,1,f0c1c1d5ec61ce4c4846abd4283631df,a5a1bfcf728ab0e19182959cf0771ee4,2018-05-22 10:12:47,59.90,12.86
987b7884b5b6e23a2b4d35d8213815a2,1,8da77162e41d47464f9806727417cf6e,4a3ca9315b744ce9f8e9374361493884,2017-10-04 20:51:42,259.90,9.32
987b7884b5b6e23a2b4d35d8213815a2,2,baf4f12ea16c1bb2c457a90df13e4a3c,2528513dd95219a6013d4d05176e391a,2017-10-04 20:51:42,179.00,40.36
988117e4f714ed70371d15b7063e0add,1,8b27cbcf8e5472830ab6ec2bd7a6b867,33a17d60c64393351ebf1ef860f4e0f2,2018-08-10 12:35:18,169.00,17.13
98b7513b33b639343a4a8955906e61a4,1,9f7b48e2d4e4d7375f71a10791faa1b8,259f7b5e6e482c230e5bfaa670b6bb8f,2018-01-23 17:50:43,59.90,19.91
98f0aebfebbcb44cfb1e1057ea15099e,1,6cc44821f36f3156c782da72dd634e47,da8622b14eb17ae2831f4ac5b9dab84a,2018-01-03 17:10:20,99.90,38.25
98f7b0bbb8eebba6398ec18bf1a8cf12,1,50e1b118f266b655f613f753914c42db,1835b56ce799e6a4dc4eddc053f04066,2018-04-20 10:30:39,39.99,13.71
98f7b0bbb8eebba6398ec18bf1a8cf12,2,fb2f2ec90b4ee90ad257bbf89d01247e,1835b56ce799e6a4dc4eddc053f04066,2018-04-20 10:30:39,39.99,13.71
98f7b0bbb8eebba6398ec18bf1a8cf12,3,c801dac0ec4865c5d42cf44b03a7d626,1900267e848ceeba8fa32d80c1a5f5a8,2018-04-20 10:30:39,39.99,13.71
9913ce9487d390ef37cd3b6cc3883f0e,1,f1e258360f5eb6a99119bb6febde40fd,048c2757535328e0d7dac690ad3c0aae,2017-10-10 11:28:23,199.70,29.80
991822bb734dbc3bbda5554397c3d957,1,e1e932dfb67414e80b87ad97688cf2a3,fde0cc9ea29c8ccfc0a2c22256a58c71,2018-06-27 22:31:21,105.00,20.02
99221769ebf04d97afe0f08894b75586,1,bb50f2e236e5eea0100680137654686c,f7ba60f8c3f99e7ee4042fdef03b70c4,2018-03-08 02:51:05,325.00,27.55
995ecfdb2406d9b579cf84368f42e7a0,1,fb55982be901439613a95940feefd9ee,3d871de0142ce09b7081e2b9d1733cb1,2018-02-20 17:48:14,89.00,17.87
996763a377a7e96ea28f02058d1e1883,1,90aaf7f993470e411207adabf5b998b6,1fe5540d7c1c37a595fefbacd5570d9e,2018-08-16 20:44:33,199.00,19.49
996763a377a7e96ea28f02058d1e1883,2,90aaf7f993470e411207adabf5b998b6,1fe5540d7c1c37a595fefbacd5570d9e,2018-08-16 20:44:33,199.00,19.49
996d1a75c8dee7aee3b0cb1d82b266be,1,626a944b34a60ab69c2fcf2827163c84,cc3d14116804f7209f3884f6367f1152,2017-05-09 21:15:12,360.00,13.13
9990874dbb760114a8bcadec87b20b2d,1,a25fb4516757403b129bcfe366dddb9b,8160255418d5aaa7dbdc9f4c64ebda44,2018-04-12 13:30:18,279.90,18.87
999ecbda5d7b314b856c71e7bb73d8ee,1,6cdd53843498f92890544667809f1595,ccc4bbb5f32a6ab2b7066a4130f114e3,2018-08-16 10:55:21,364.00,20.70
99a4238f13a11d486a5eabe5c8b1a1ab,1,a855248349fb73a158bae22b79ae955f,1336efc61c316ddf92c899eb817f7cae,2017-01-27 20:45:59,42.00,16.05
99a89fd45903c4a9d6731af6ca4dd5c4,1,97f1396a5a1f7c07ba51784efdec44b8,955fee9216a65b617aa5c0531780ce60,2018-06-29 19:15:11,160.00,23.92
99c0817d6ecd5fe55d21540917f1f5f9,1,d9471e8bbb843a2afe92def2edfb8638,8a32e327fe2c1b3511609d81aaf9f042,2017-01-30 11:51:38,49.99,14.11
99e3f90c535337b45eace6f8a8a9400f,1,49cd59957f1c81427ca0b2edf5696969,d98eec89afa3380e14463da2aabaea72,2017-01-22 08:01:37,45.00,50.00
9a22906fa846451c54fca825591c0577,1,f4f4debbcfcafe6858d1e37a1f6e436e,7c67e1448b00f6e969d365cea6b010ab,2018-05-07 11:15:16,129.94,70.96
9a3deb474c6a3f4fbdf3252718392c47,1,165f86fe8b799a708a20ee4ba125c289,7ddcbb64b5bc1ef36ca8c151f6ec77df,2018-02-21 17:07:12,176.99,15.99
9a3e437ab219133c20a7033be9087edf,1,368343a35b2e888dae4f3f831d22437a,fa1c13f2614d7b5c4749cbc52fecda94,2017-01-11 20:45:31,149.00,15.21
9a75a775d17d37cd19193fe02c3f21de,1,4a90b44b456e79e7a33435fdd36e551f,c9a06ece156bb057372c68718ec8909b,2017-01-15 15:56:35,380.00,44.04
9a965cd710da5125076afbd641624600,1,0f66dd888ff5af9eba17aa59be9870d1,1336efc61c316ddf92c899eb817f7cae,2017-05-23 03:55:28,69.99,9.94
9aa3595de5e0569f4e0762bf2d005d19,1,f2e84ab8eb8eaa7cddc82f2b0f4424d2,5656537e588803a555b8eb41f07a944b,2018-08-22 11:30:17,74.89,17.45
9aad86a646fc47633629fbc7d2c2cfec,1,f80152c36d5600aabf3bf06bc8dddf8e,d9e7e7778b32987280a6f2cb9a39c57d,2018-01-24 09:38:29,75.00,20.93
9ad89864a2f76f00c0d73d78e7a6aa1e,1,25f86162fee18735fffdb762dcb10d7c,1a3df491d1c4f1589fc2b934ada68bf2,2017-07-21 19:10:20,159.90,29.80
9ae510d02fa72c4de7358dac28ee5eea,1,78efe838c04bbc568be034082200ac20,0241d4d5d36f10f80c644447315af0bd,2018-03-29 22:47:57,99.90,24.35
9aea3a72c2f44a11b792cc58320bed77,1,74ae869eb82594d9cbe6e934cf143e0c,ea8482cd71df3c1969d7b9473ff13abc,2017-10-25 16:49:58,29.99,7.78
9afbd107ffa1b363cbdc3e81895dbdbb,1,c329abd2a10fad4a2f83377956328c67,8b28d096634035667e8263d57ba3368c,2017-09-21 12:35:08,57.80,11.90
9b087af1d905d8987ae126797c9d15b1,1,6ac3978babf6ca76087369391bb6ce5a,4c18691b6037662be2df78a765d98ab5,2018-08-03 14:04:26,85.00,17.73
9b2e5e7107f9b0d28873782803e01ecd,1,c1488892604e4ba5cff5b4eb4d595400,1554a68530182680ad5c8b042c3ab563,2017-01-21 20:20:10,38.50,15.56
9b2fa9acfe395734a133a58bcbfb9776,1,2873da054c3a30189c5aac7b87d3b6e9,42fa4ee7240e9b8eb4576358ec142ba7,2018-05-02 01:15:08,185.00,19.76
9b2fa9acfe395734a133a58bcbfb9776,2,00ae7076313576f94d9107599d79a978,2745f798279e0ed033addcc1474776d7,2018-05-02 01:15:08,89.90,23.71
9b4ecacef8574e8bc05697a77c8437fc,1,d5b703c271f43f9c588a6f512a00f77e,fa40cc5b934574b62717c68f3d678b6d,2017-04-27 10:30:13,34.90,14.52
9b91ddcbd6cbceb83d4fd2462ca1f95e,1,f5d8f4fbc70ca2a0038b9a0010ed5cb0,48efc9d94a9834137efd9ea76b065a38,2017-01-09 14:22:02,10.90,8.72
9b9273325c81fdbb834a17e020c6d131,1,d498e8a880bdf3d26e2b9b3e92c4f424,98dac6635aee4995d501a3972e047414,2017-09-08 15:50:16,69.00,20.97
9bcd65834ef8fc54f03ef36f27bc5645,1,300033210146d71650e4805754be6a45,3be634553519fb6536a03e1358e9fdc7,2018-03-14 22:15:34,39.90,14.10
9bcfea969358b43046969a17bfa436b9,1,0780ab4d63c3fa0b95d7f17f66a3444c,714b9a1332840f257b49f476bea4e341,2018-03-01 15:54:25,249.99,35.55
9bfc2f3d9f6bdb2f0222e3220a7385f6,1,abba23912bdeb1990bd1efa30d888384,fa1c13f2614d7b5c4749cbc52fecda94,2017-11-23 18:35:21,139.90,14.73
9c0b834fc89f4dd70679baffe8bed38e,1,d696750e550fd0f733979dd7e5dff921,9de4643a8dbde634fe55621059d92273,2017-01-22 22:12:34,173.85,12.61
9c5548e522bd06824106a8713a019e1b,1,2722b86640ddc24e1374c2df1ac2a230,72c5da29406b4234927b81855e7b64f6,2018-06-05 10:53:49,299.99,28.18
9c57e2e7098196c6c6ac9d333b0395b0,1,3f31ad7df5482b3e8fcaac6ea060574f,d9a84e1403de8da0c3aa531d6d108ba6,2018-08-22 12:50:33,16.90,7.39
9c5e0415bc4c4c089aa772c9387e0f8e,1,99a4788cb24856965c36a24e339b6058,4a3ca9315b744ce9f8e9374361493884,2018-05-22 10:54:21,84.00,21.02
9c5e0415bc4c4c089aa772c9387e0f8e,2,f2e53dd1670f3c376518263b3f71424d,53d00c40e32aeb924a84ce72b1af869d,2018-05-18 10:54:21,107.90,21.02
9c5e0415bc4c4c089aa772c9387e0f8e,3,b05fae603a3a28a977633c139cece058,4a3ca9315b744ce9f8e9374361493884,2018-05-22 10:54:21,78.25,4.21
9c753fec37c64b5771eb77ef982c34dc,1,04601b648d7d2dcae6e285a41e276a3f,95e03ca3d4146e4011985981aeb959b9,2017-12-11 20:55:39,49.90,16.60
9c8a5a65a01f4a42ddd7fe53ee525568,1,3a56185b0baa8dc98beef8ebba000b96,1025f0e2d44d7041d6cf58b6550e0bfa,2018-06-03 23:49:50,140.00,18.56
9c957591bcb898e6250cde437b938d95,1,6d97e5cb4df5111845c6aaafba7111ca,88cf19ec1fc2c58f161aee259d57142c,2018-07-30 11:24:24,134.99,13.61
9c9ad157b30e942c4359772b6d446e52,1,423b46d7ff817b1cd19ab195c7b76546,6560211a19b47992c3666cc44a7e94c0,2018-03-21 19:48:32,55.00,7.39
9c9b21a2db3ef4c7109f69f7f3614d71,1,a1ebb47a48200e6566603de49b83f621,46dc3b2cc0980fb8ec44634e21d2718e,2017-09-28 16:10:13,279.99,37.32
9ca6d17660064ab8bbc4a8089397afb1,1,943c812216923e4244e83099e0c62a08,5b8154610ebb21fb90eb587365e673df,2017-11-17 12:35:34,139.99,10.39
9ca767bff71e0db7ad334bde5f300c2a,1,2b4609f8948be18874494203496bc318,cc419e0650a3c5ba77189a1882b7556a,2017-11-27 21:15:49,89.99,16.39
9ccd75b5f3444a2dbf104b9cdc1183a1,1,569ffd16f8032478cbeb9800f2e94ba0,20cb7c2fde3e5bf10f0bbe7394e1c6a9,2017-08-01 00:45:07,16.90,15.10
9cd88e173978b7414b46e60ddc882ae2,1,368c6c730842d78016ad823897a372db,1f50f920176fa81dab994f9023523100,2017-09-01 17:05:40,59.90,17.67
9cd88e173978b7414b46e60ddc882ae2,2,368c6c730842d78016ad823897a372db,1f50f920176fa81dab994f9023523100,2017-09-01 17:05:40,59.90,17.67
9ce991aaccb4817cc0ca0b4edb5c5ff1,1,573ecac44bc00133b12d7d80ed8f3fa1,994f04b3718c2bab35c2adfa8afecd2a,2018-05-07 20:55:32,44.90,8.88
9cf3e6427f5cd12f23c42946aec43412,1,8c292ca193d326152e335d77176746f0,7e1fb0a3ebfb01ffb3a7dae98bf3238d,2018-02-08 02:53:56,150.00,15.80
9cf6d08e57855a633b5c0c79258ee121,1,422879e10f46682990de24d770e7f83d,1f50f920176fa81dab994f9023523100,2017-11-30 13:39:44,49.00,17.64
9cf6d08e57855a633b5c0c79258ee121,2,422879e10f46682990de24d770e7f83d,1f50f920176fa81dab994f9023523100,2017-11-30 13:39:44,49.00,17.64
9d19b33124e905478b868d1eb916a01a,1,25d6edcd216a9ee579f19f92d694f7d5,b76dba6c951ab00dc4edf0a1aa88037e,2018-03-27 02:55:57,16.99,12.79
9d23b28df59d72b40012a277ffd9a80a,1,fdbfd4cec6db6e89f22d9aa2c4839eed,09f952a5f58d2285b0372551ae8f9b01,2017-12-06 02:23:44,459.99,55.82
9d34d5659dfa39b38d29bfcf0c85ead9,1,ae7893ab2f9eec6630b5098e6362adc2,41b39e28db005d9731d9d485a83b4c38,2017-01-30 22:23:15,13.80,10.96
9d34d5659dfa39b38d29bfcf0c85ead9,2,ae7893ab2f9eec6630b5098e6362adc2,41b39e28db005d9731d9d485a83b4c38,2017-01-30 22:23:15,13.80,10.96
9d525e537711d24dba959b750dd6fbbc,1,e2998bdeb405a823c497b3ea4e3f263e,9f50216bfd01913736a55a11b55ea842,2018-07-27 13:24:29,120.00,13.50
9d525e537711d24dba959b750dd6fbbc,2,e2998bdeb405a823c497b3ea4e3f263e,9f50216bfd01913736a55a11b55ea842,2018-07-27 13:24:29,120.00,13.50
9d57e7a9c3dae94772187f73e97d9854,1,52c87e7b33516eb97c3023a20848ea81,b127efdabeffb5d559349c7b172eb75d,2017-01-30 13:51:54,28.00,5.03
9d57e7a9c3dae94772187f73e97d9854,2,afab5f7ab5c82f92ddcdc46c4cd85fbc,0ea22c1cfbdc755f86b9b54b39c16043,2017-01-30 13:51:54,24.90,25.14
9d5f8787d55cc08d6f9560414f44f491,1,e35b496654367ba8f9ab8974a23331e6,1da3aeb70d7989d1e6d9b0e887f97c23,2017-08-17 19:23:53,12.99,7.78
9d6ebf13c4103f0a747d86c3c93f7af5,1,29ef8f163a85d31f5a88354c0007a6d1,a67780aba9dd436e7ac0aa1f889e73ec,2018-08-22 03:10:17,171.90,34.96
9d74929fefd45dd3ebce40cc681596b3,1,04cfe2f4173f2acf181b3d2642a387d1,31da954dc0855f2495c6310f70a2f931,2017-10-25 02:56:53,47.00,34.15
9da2e0a62b0b95234b66349473d9616d,1,0fce35c0b7338bda3e52e2389f0c0762,391fc6631aebcf3004804e51b40bcf1e,2018-04-16 13:51:35,149.97,19.13
9da2ef3ac1a6d4e6140835f3ba6e3f86,1,d696750e550fd0f733979dd7e5dff921,9de4643a8dbde634fe55621059d92273,2017-08-09 21:43:21,167.99,16.94
9dc6746a8f29fafaa637f2239a9f3d28,1,6c34d241bbd85d693f1fee6a4b8a8e2b,59417c56835dd8e2e72f91f809cd4092,2017-02-06 20:11:36,839.00,36.96
9dcf2d215096fef19c7e4a8a7d6fb1c3,1,2a5806f10d0f00e5ad032dd2e3c8806e,7c67e1448b00f6e969d365cea6b010ab,2017-05-21 23:15:16,176.99,25.55
9dec1346eeebe57e1353b6c2dbc06f94,1,ee473bd1ca4e671eafbcb7453d7d7c5f,76d5af76d0271110f9af36c92573f765,2017-07-12 14:35:21,659.00,44.60
9def7a5fa150d19b1aaa252828db8df9,1,c0400a62c5019cdc69bfc76d39b1cfb4,cfb1a033743668a192316f3c6d1d2671,2017-04-13 22:45:14,26.00,14.52
9def7a5fa150d19b1aaa252828db8df9,2,8e312c483d79e02dbc1d68cce77e26c8,cfb1a033743668a192316f3c6d1d2671,2017-04-13 22:45:14,26.00,14.52
9df65e0ad2cbfa0485262629bb2b6605,1,40cb7bb3d30559b9b6c4fb62bc837962,26e2c91ef821e1ff8985f408788fe35b,2018-02-28 02:08:45,57.50,15.15
9e1516d69461cbce6204729191230717,1,2a2d22ae30e026f1893083c8405ca522,1a3df491d1c4f1589fc2b934ada68bf2,2017-08-02 03:30:13,134.90,21.43
9e1875fa0cf820137eeddfab7245ebb4,1,ec2d43cc59763ec91694573b31f1c29a,1c129092bf23f28a5930387c980c0dfc,2018-02-06 13:31:40,45.90,16.11
9e1c9e249d55ea95fe0f9510c2e47862,1,42f25a7251d847a86c1849731bf166ff,7178f9f4dd81dcef02f62acdf8151e01,2017-09-22 03:06:08,139.00,16.73
9e2d5a5568e945a766c01200f5f3cdc8,1,ea20f928ceaa7f146fe62a0cc8413ee5,5a8e7d5003a1f221f9e1d6e411de7c23,2017-03-27 11:03:03,59.90,11.03
9e2d5a5568e945a766c01200f5f3cdc8,2,ea20f928ceaa7f146fe62a0cc8413ee5,5a8e7d5003a1f221f9e1d6e411de7c23,2017-03-27 11:03:03,59.90,11.03
9e2fbf3b51437bc915ed549c475eef2c,1,ebea98c5fc701994cfef24664f1e3708,7dc8c42cc750eeafea6c85712ffee9bf,2018-08-02 09:32:34,14.99,7.39
9e5608d7d556337c7a3f1bb6f0eea5b4,1,08ef610bbd6b290c3811f95c354779a6,0b35c634521043bf4b47e21547b99ab5,2018-05-11 18:10:39,590.00,15.41
9e5c76fbc358dc58156586a03f9fa07f,1,f93213a23c50edc16c27b96333f734dc,46dc3b2cc0980fb8ec44634e21d2718e,2017-12-07 11:12:21,259.99,26.66
9e635c54c1b48e4a6c2dee84d2f4f11a,1,41f447e263110b954a7e52f6052ab5e1,b76dba6c951ab00dc4edf0a1aa88037e,2018-03-05 18:29:08,16.97,7.78
9e7298f5bfed83404b628b69f965c94d,1,ec5b3c8bb77ad22278f6e9d719a83de3,4a3ca9315b744ce9f8e9374361493884,2017-10-23 19:46:12,12.90,15.10
9e9019ce043c4bb38f4bb4afa8bd55ca,1,952e73f7e8bee61569a32b35c19bc981,7ad32824caee82087b3e2e5f33b1bf32,2018-08-22 11:30:53,59.00,13.99
9ea31bc786d569fb961d6aca5b8ac618,1,bdfe450775bde583b7abb5698f1bd6e2,56642bcb79900e777d68e91915cb4267,2017-03-23 09:32:47,131.00,9.91
9eb625cb452456dcf60ac5b2ce2ed445,1,e87c9809c13acca4246dfb2fdcaebbe1,b2ba3715d723d245138f291a6fe42594,2018-03-01 16:15:35,84.90,15.35
9ebfe4f8443f801cf3685442b0d26e6b,1,7814c273ab16783d73a9863ebfa8b141,1025f0e2d44d7041d6cf58b6550e0bfa,2018-01-12 17:07:59,250.00,111.20
9ed5fb43923ff520458d675521c4f9a7,1,52d7a7207b9646509bdc754fed3a0cef,cca3071e3e9bb7d12640c9fbe2301306,2017-07-28 11:10:11,52.64,34.17
9edaabce3c4beef5432b6327ade4109b,1,9818832859d572545cee5a86ff7f4a3b,bfd938b22bc99bce1ae60dc602889f52,2017-01-30 11:39:55,199.90,18.40
9ede3a76d22fdfce4d6be1e75ab3e1a5,1,31d976f5306d3408e3d41d670343495f,d624126b9206f595fb3fbb6ba03b28a8,2017-06-15 13:15:16,359.90,20.76
9ee391a01004a9f330f16ebf9f7f0966,1,68a058d125ba1544e726898f0b8c0523,7c67e1448b00f6e969d365cea6b010ab,2017-02-05 15:28:18,119.99,18.00
9ef13efd6949e4573a18964dd1bbe7f5,1,37eb69aca8718e843d897aa7b82f462d,0b36063d5818f81ccb94b54adfaebbf5,2017-02-03 21:44:49,51.00,1.20
9ef13efd6949e4573a18964dd1bbe7f5,2,37eb69aca8718e843d897aa7b82f462d,0b36063d5818f81ccb94b54adfaebbf5,2017-02-03 21:44:49,51.00,1.20
9ef13efd6949e4573a18964dd1bbe7f5,3,37eb69aca8718e843d897aa7b82f462d,0b36063d5818f81ccb94b54adfaebbf5,2017-02-03 21:44:49,51.00,1.20
9ef13efd6949e4573a18964dd1bbe7f5,4,37eb69aca8718e843d897aa7b82f462d,0b36063d5818f81ccb94b54adfaebbf5,2017-02-03 21:44:49,51.00,1.20
9ef13efd6949e4573a18964dd1bbe7f5,5,37eb69aca8718e843d897aa7b82f462d,0b36063d5818f81ccb94b54adfaebbf5,2017-02-03 21:44:49,51.00,1.20
9ef13efd6949e4573a18964dd1bbe7f5,6,37eb69aca8718e843d897aa7b82f462d,0b36063d5818f81ccb94b54adfaebbf5,2017-02-03 21:44:49,51.00,1.20
9ef13efd6949e4573a18964dd1bbe7f5,7,37eb69aca8718e843d897aa7b82f462d,0b36063d5818f81ccb94b54adfaebbf5,2017-02-03 21:44:49,51.00,1.20
9ef13efd6949e4573a18964dd1bbe7f5,8,37eb69aca8718e843d897aa7b82f462d,0b36063d5818f81ccb94b54adfaebbf5,2017-02-03 21:44:49,51.00,1.20
9ef13efd6949e4573a18964dd1bbe7f5,9,37eb69aca8718e843d897aa7b82f462d,0b36063d5818f81ccb94b54adfaebbf5,2017-02-03 21:44:49,51.00,1.20
9ef13efd6949e4573a18964dd1bbe7f5,10,37eb69aca8718e843d897aa7b82f462d,0b36063d5818f81ccb94b54adfaebbf5,2017-02-03 21:44:49,51.00,1.20
9ef13efd6949e4573a18964dd1bbe7f5,11,37eb69aca8718e843d897aa7b82f462d,0b36063d5818f81ccb94b54adfaebbf5,2017-02-03 21:44:49,51.00,1.20
9ef13efd6949e4573a18964dd1bbe7f5,12,37eb69aca8718e843d897aa7b82f462d,0b36063d5818f81ccb94b54adfaebbf5,2017-02-03 21:44:49,51.00,1.20
9ef13efd6949e4573a18964dd1bbe7f5,13,37eb69aca8718e843d897aa7b82f462d,0b36063d5818f81ccb94b54adfaebbf5,2017-02-03 21:44:49,51.00,1.20
9ef13efd6949e4573a18964dd1bbe7f5,14,37eb69aca8718e843d897aa7b82f462d,0b36063d5818f81ccb94b54adfaebbf5,2017-02-03 21:44:49,51.00,1.20
9ef13efd6949e4573a18964dd1bbe7f5,15,37eb69aca8718e843d897aa7b82f462d,0b36063d5818f81ccb94b54adfaebbf5,2017-02-03 21:44:49,51.00,1.20
9ef31a923c43ec898b3e23b270a98c1e,1,6d9c13461ff3d5e84455aec235969d23,8b321bb669392f5163d04c59e235e066,2018-03-06 21:50:36,9.90,7.78
9f42ba3ab7f23f1ce0a717cfc841a9ab,1,45db4516caf5bf0516fb08b73fd14d1e,f262cbc1c910c83959f849465454ddd3,2018-01-16 15:12:39,26.99,14.10
9f451cb2b129195fb4006bfe9f9882ee,1,a29c670cb6c4fb685d04410dbbd6d5b2,ce248b21cb2adc36282ede306b7660e5,2018-02-21 02:47:36,36.90,15.10
9f6183228aa32e890cd753d3efab7178,1,133eefb3fc03b13ebded258788747304,2138ccb85b11a4ec1e37afbd1c8eda1f,2017-03-22 13:46:58,27.99,10.96
9f6fd425786e354166bb381926773047,1,8b199a0f183f8011403f53356c564d80,4e7c18b98d84e05cbae3ff0ff03846c2,2017-06-01 13:42:04,178.00,74.20
9fbe3fca2706c665022b219b8ff8d27d,1,952670bc019a73f0933157ec82ff6e4f,37be5a7c751166fbc5f8ccba4119e043,2017-07-27 02:25:13,205.00,26.27
9fcbf999818b2fdac16197fe22bd2bd1,1,63de2743d05ab59d85caa49e49459ac1,cbd996ad3c1b7dc71fd0e5f5df9087e2,2017-12-12 02:37:01,19.90,11.85
9fd4316339aa48df346fd744dc682ec9,1,ceeb4790786e93c65ce079c50c8bd6b0,2f73e04d12cdf0c945ded66bb3fcf6c7,2017-02-23 15:27:45,620.00,21.18
9ffb8109facce85e8fca8e404bbc584c,1,d7390b274771229d1ee9a0fe3734d19a,e333046ce6517bd8bb510291d44f0130,2018-06-14 03:11:16,89.00,23.20
a006b205e3eb2c6f672a5a4ca2513d6e,1,cc2232dbef2c9fca23f4c7f6a19a42e3,198c7ea11960a9844b544d9bcdca860c,2017-08-03 15:05:16,16.99,16.79
a00b897f3877d33635b6c8c9b8ef5984,1,20415eb4f2c37838abe474b4d601da86,59b22a78efb79a4797979612b885db36,2017-12-26 09:51:52,119.00,34.19
a012081ae7cc2159673399ef664ed7fe,1,a9568a13a4077638b75b8a64bc4818bc,d921b68bf747894be13a97ae52b0f386,2018-05-02 12:35:22,138.00,18.85
a01cc79e3afbac4a52ce1d528080e438,1,adcfd260203f2ab192f83edb46d0f83f,dbb9b48c841a0e39e21f98e1a6b2ec3e,2017-01-15 10:24:36,17.50,10.96
a04fb6341ec58dddcf7ecaa4c6322f55,1,91b3eea4ab6c21d2f61d53597e49bf3f,5160d23075764e18e07c1f4a87fad743,2017-10-17 13:29:46,75.00,7.78
a06a669230c816de8d78362b370dd46a,1,a7216be504e1ff211b67479ab193a552,a2e874074c877c5a05abae80ad6e488f,2018-08-13 20:03:50,69.90,21.13
a083f47f545711fc05940d0be7f5ca38,1,5d6bea33648f018dbb563f3a2fab09f3,1025f0e2d44d7041d6cf58b6550e0bfa,2018-07-17 21:10:15,150.00,40.20
a08d1f4b300c3d7ec52f5f9a74234eca,1,1da5a90b5fbd1e1bc37b7bbb999c7bd3,de66a66f2dd06bb9ec37aa96987466a3,2016-10-21 16:25:05,45.89,11.17
a0d8e0c491e4b25ae11e8bb875935c18,1,30d55419015a4d9c2ca68586923d5a9f,19e0f40a907ec568c34bfac15de4f4a1,2017-02-06 11:26:49,44.50,10.96
a0ddb810bd79dc15910dcc56a1c7f3cb,1,f99e92b9472a8d08d27cfc7e98292b42,b1a81260566c1bac3114a6d124413f27,2018-04-26 13:31:28,159.90,24.05
a0e645abd6eb15b02cdf8a5af28ba8f0,1,ca152649b43c4c6081853d9421c59869,85d9eb9ddc5d00ca9336a2219c97bb13,2017-03-20 09:54:44,26.90,14.52
a1154a5da8429ac3461d448de5bc11c9,1,06c6e01186af8b98ee1fc9e01f9471e9,fc906263ca5083d09dce42fe02247800,2017-05-24 13:10:22,39.90,15.10
a11cb431739ce0d512e8a8e96654722f,1,8e93bf2cbba0420f166afa0c797525b0,b499c00f28f4b7069ff6550af8c1348a,2018-05-11 15:31:19,44.99,8.82
a11e916995a120fce0b1528d2555151b,1,c899857fb2b4a0cee39e479c1989ee3c,3d871de0142ce09b7081e2b9d1733cb1,2018-05-09 03:35:09,29.90,22.06
a147b97f47abbdb02f67ea00da442cd8,1,b05ec8d9cabec69e637318ebba813a09,cc63f0dd2acba93ffed4fe9f8e0321fa,2018-08-09 08:55:23,126.99,18.02
a14df9fc5ca3766de545916e143acb06,1,8e910a5a78e3378d8c570c13e143d631,1900267e848ceeba8fa32d80c1a5f5a8,2018-07-17 15:10:10,19.90,12.80
a1748813f3db25c07ecae1736c744da9,1,7b1e7c6b876bd8bf7a39ba061c1323ac,e333046ce6517bd8bb510291d44f0130,2018-01-18 08:12:27,89.00,20.00
a17fd6df400fd04864fc2697bc98cc2d,1,6bc8dadd7731eae110fe2d177361784c,229c3efbfb0ea2058de4ccdfbc3d784a,2018-01-05 12:31:30,187.00,16.06
a187e99908d89f2f863baf8785025570,1,58662fc2ddcb4853532ee42a1cfc9843,2138ccb85b11a4ec1e37afbd1c8eda1f,2017-06-02 11:42:20,39.90,7.78
a1a904e8b9bcacd940d9e8f476467cce,1,f7bb503725fb4d7bb55301d5bceba728,55a5b51f93f2b70ea513f5a047b0262a,2017-07-14 09:55:14,99.70,34.50
a1b499a72aca650e451a357f1eb45c03,1,f8de5dc036075be786ca24c29b5bea56,dfa0c4c6229ab200a4a1336b4d7128ff,2018-08-02 15:55:18,36.50,23.06
a1cff9f46b83ac0fb525c755e46851f8,1,ab179cc7995218e02464b11790b4b267,7142540dd4c91e2237acb7e911c4eba2,2018-03-22 03:31:14,124.90,23.45
a28eed39ae05f21eb40e88b4cfa90b7d,1,fd8a63e7365ea8b19f4ba50e07a89a06,d91fb3b7d041e83b64a00a3edfb37e4f,2017-12-06 22:51:33,45.00,15.23
a2a14c3ce5305a2e20126dac4cd05a1b,1,e6b314a2236c162ede1a879f1075430f,897060da8b9a21f655304d50fd935913,2018-03-07 21:08:50,18.60,11.85
a2ad11ea44d93d936c3189c9975fe062,1,a869ec6209c361ca46dad85a5530e119,c3cfdc648177fdbbbb35635a37472c53,2017-12-19 09:56:27,150.00,14.16
a2b98e0d4c46ef327bb78d902bfaf7b3,1,c3f7eb8e0fbdf18288a87f5f2f1c0501,b335c59ab742f751a85db9c411a86739,2017-07-19 17:25:14,76.99,16.30
a2c7b8f8a4fe1bc4a8f4e30a5311861d,1,8a1e1c6e48f0d275628e3c626d57257f,bf100ecb7997df312b285358fb32f92c,2017-01-27 07:33:11,59.90,14.59
a2e0ceb6d71b7658cd40852920066f75,1,6f3b5b605d91b7439c5e3f5a8dffeea7,4869f7a5dfa277a7dca6462dcf3b52b2,2018-08-24 18:07:13,152.90,13.73
a305557a41b3c1889b8e0d9255f9ef1a,1,0896208dd8490b3dbb75344a92ab4106,b9ca8e8baa5d4aa038394a700f63e69f,2018-08-31 12:50:22,63.99,11.47
a306afa8587ad4c42f5a1c62184673a8,1,622d3b263cd40b06e1eeea144fb83f19,87d3c3aeb3ead335511b3ce315eb341e,2018-08-21 07:49:45,14.99,15.23
a3115f34be015286911b92beba41be5f,1,ae083e4a334a4210ae0ef7323f1584c5,0df3984f9dfb3d49ac6366acbd3bbb85,2017-05-15 22:42:32,281.90,18.41
a31b7701247f69c640631ad0bcd130ef,1,7172a7870fee91850dcbcb1f4de40cfc,4a3ca9315b744ce9f8e9374361493884,2018-04-04 15:55:20,89.90,42.69
a338d0ade09a3ac954ecbf64b3b3b485,1,efa9bf5559d026b9872259f29b7304dc,f0837c8d71434931d9e38e7b79234797,2018-06-06 11:51:13,74.90,15.37
a33a09b1320a130c61d1d5d9b8aec5ee,1,4298b7e67dc399c200662b569563a2b2,88460e8ebdecbfecb5f9601833981930,2018-07-18 19:05:47,123.90,14.21
a37057df33d7a542cf514f9cbe7a311d,1,4fe644d766c7566dbc46fb851363cb3b,c31eff8334d6b3047ed34bebd4d62c36,2018-05-02 08:52:11,99.99,23.28
a37623c5552b35a449842d70d3f0922a,1,53759a2ecddad2bb87a079a1f1519f73,1f50f920176fa81dab994f9023523100,2017-11-30 04:14:25,49.00,19.66
a37623c5552b35a449842d70d3f0922a,2,53759a2ecddad2bb87a079a1f1519f73,1f50f920176fa81dab994f9023523100,2017-11-30 04:14:25,49.00,19.66
a37d2d7219fd59058812f25e500a9a59,1,fabfaca40872eacb2fdd24bc37a01232,855668e0971d4dfd7bef1b6a4133b41b,2017-07-14 12:43:41,40.00,38.10
a37f223ddfb275821019dd70ef97b23f,1,73326828aa5efe1ba096223de496f596,d13e50eaa47b4cbe9eb81465865d8cfc,2018-08-22 14:30:15,80.90,8.73
a3909608536539d6055e808cbc73894f,1,2ffdf10e724b958c0f7ea69e97d32f64,4869f7a5dfa277a7dca6462dcf3b52b2,2017-11-17 13:30:49,179.00,16.00
a3be6697885b394b9fa9a177c3f46239,1,72c0ede833dac61a24ac9a7c394066a5,3d871de0142ce09b7081e2b9d1733cb1,2017-11-06 13:10:38,28.90,16.11
a3c65630607c982f54a3df86ba0ba76a,1,c3097e07a0a5de0d4b4c836d90c5a284,5656537e588803a555b8eb41f07a944b,2018-05-16 20:30:58,13.69,7.71
a3d715c13af177125a462b543a9a97f4,1,77c2aff3c37f549284828851709cedee,709e16e2b25c7474d980076c6bfc4806,2017-10-19 15:26:00,37.90,11.85
a3d715c13af177125a462b543a9a97f4,2,77c2aff3c37f549284828851709cedee,709e16e2b25c7474d980076c6bfc4806,2017-10-19 15:26:00,37.90,11.85
a3e4fb1d4c4c04deb731bae74f190339,1,b41f1b93d5b478ecc56bcd6285c3a696,376a891762bbdecbc02b4b6adec3fdda,2018-03-22 17:15:31,75.00,27.59
a3ed04e61d69f848fe6fbc4c904d497c,1,31dbb0d1815bdc83c93f4b3472fa7c4d,6da1992f915d77be95d7fa48b36904af,2017-07-12 17:45:16,29.00,8.72
a3ffb9a7866735bd0de42993b62e89e3,1,06fb87866499b0e65992b2d88aca8282,fa1c13f2614d7b5c4749cbc52fecda94,2018-01-22 15:56:17,899.00,22.05
a40660e306af15d3771b1b2e0a3a75db,1,d0744123a3448128f572ff0a95c13d87,5343d0649eca2a983820bfe93fc4d17e,2017-12-22 20:30:38,69.90,14.24
a426bb94ff487c1e28c20c73d5f99cd0,1,43423cdffde7fda63d0414ed38c11a73,b1fc4f64df5a0e8b6913ab38803c57a9,2018-03-29 02:10:32,54.99,31.52
a426bb94ff487c1e28c20c73d5f99cd0,2,7703b8cb5b77fbb36518ea91e2ca734f,6560211a19b47992c3666cc44a7e94c0,2018-03-29 02:10:32,39.00,12.61
a43036834338e7cf3242e7c2a47dec7b,1,cb92637d91f8267856d2143b6fc7bd9e,376a891762bbdecbc02b4b6adec3fdda,2017-12-07 23:15:17,55.00,17.67
a43482a55cc8d11f47b25992831a794f,1,ea697d5bbca113fdf96cf66f7aa135c8,fb89df7f89fd1b8f03fa2acca1ba7364,2017-10-18 12:07:41,61.00,16.19
a43482a55cc8d11f47b25992831a794f,2,ea697d5bbca113fdf96cf66f7aa135c8,fb89df7f89fd1b8f03fa2acca1ba7364,2017-10-18 12:07:41,61.00,16.19
a44088d916b1cb5763921534c14f9a0d,1,990ddab43ee46a1a76436796f92470d4,0b90b6df587eb83608a64ea8b390cf07,2018-03-01 14:27:21,108.00,13.78
a46944cf9b2c78431a4619ef5f308ab8,1,c3f6113d5b61bc95468432072b27e23d,897060da8b9a21f655304d50fd935913,2017-07-11 17:43:55,18.90,11.85
a46944cf9b2c78431a4619ef5f308ab8,2,c3f6113d5b61bc95468432072b27e23d,897060da8b9a21f655304d50fd935913,2017-07-11 17:43:55,18.90,11.85
a46944cf9b2c78431a4619ef5f308ab8,3,c3f6113d5b61bc95468432072b27e23d,897060da8b9a21f655304d50fd935913,2017-07-11 17:43:55,18.90,11.85
a487f3a5b2b3e028ef50c93210a69e71,1,68f2b86d618f20c45d7a0db6db2cc664,a416b6a846a11724393025641d4edd5e,2017-05-10 07:35:17,57.17,9.39
a4887ea2ccd5e37945934525a9939e9c,1,6b00cb3fe05c73d0acef3fd949a34c0f,1ca7077d890b907f89be8c954a02686a,2018-04-05 14:55:19,45.99,7.39
a49b8f92334f6b3b8eef67010a8e53ce,1,cbf065c6b1569d0a2f384856d3f27dc5,2c4c47cb51acd5ea5db5e0ae0e26542a,2018-07-26 03:15:29,179.17,19.55
a49b8f92334f6b3b8eef67010a8e53ce,2,cbf065c6b1569d0a2f384856d3f27dc5,2c4c47cb51acd5ea5db5e0ae0e26542a,2018-07-26 03:15:29,179.17,19.55
a4b19ba687d68b54e5598956990afa98,1,6cdd53843498f92890544667809f1595,ccc4bbb5f32a6ab2b7066a4130f114e3,2018-02-26 16:46:38,349.90,19.70
a4c100660bd4f8af58cf90ef7641d5e6,1,c3798d484fb730f0b5c23af0d5361595,6b90f847357d8981edd79a1eb1bf0acb,2018-07-05 10:50:19,11.90,7.39
a4d5fcb131fab3ac106ae40ac7042833,1,e0d64dcfaa3b6db5c54ca298ae101d05,4869f7a5dfa277a7dca6462dcf3b52b2,2017-09-28 22:44:17,158.00,33.56
a503842ce2c01bf4bae8b9ed571f29a5,1,183c95ad186f48c320bbac4643829d3f,cab85505710c7cb9b720bceb52b01cee,2018-06-15 11:31:17,49.90,50.85
a503ed3639b58426f15f719d61bfe408,1,80d3aeff2ab6c9d795010c029dbd5ddd,1554a68530182680ad5c8b042c3ab563,2017-01-31 12:10:43,199.99,34.60
a50d16f8c24acdc0c3d2fe0af2cd5c87,1,e2b9252181ddde232e0bfb68df262610,e24fc9fcd865784fb25705606fe3dfe7,2017-01-29 20:17:33,192.00,18.08
a54f35a6dfb350a13c6410aa276e52d8,1,53b36df67ebb7c41585e8d54d6772e08,4869f7a5dfa277a7dca6462dcf3b52b2,2017-11-17 10:46:50,133.00,16.56
a567a2572a97a9731794566e93368a06,1,a7d756e8f7c4b7e5b679e248a57d91ec,0ebd97a106433a45a4aebe57c1799778,2018-04-06 11:48:44,79.90,14.36
a57ec1ab15e32bbd96dc388716a9193d,1,a92930c327948861c015c919a0bcb4a8,6560211a19b47992c3666cc44a7e94c0,2018-07-19 20:15:12,78.00,18.65
a59a15e4b6085c752d338431dc68d464,1,ca38c039b717207dec906f4fa9a21db7,01bcc9d254a0143f0ce9791b960b2a47,2017-10-24 09:06:21,158.70,36.43
a5bd353b2ac215ebe5c34f03dcd5361f,1,11fb16e86df4d50cd2c289ede0b70f42,1eade46fba20122dc4aefb379f8c636b,2018-05-23 18:55:22,18.99,18.23
a5c654c2a0126153f98af71a65a159de,1,b37a8cda46313ac91d79f16601ca5253,955fee9216a65b617aa5c0531780ce60,2018-06-12 12:10:35,95.00,20.72
a60b6d835751f3580629da8d3b00b761,1,ae17f8265a23421715164ab420b62b36,53e4c6e0f4312d4d2107a8c9cddf45cd,2018-04-06 19:08:02,26.00,19.32
a60d308a1328a95a1e34b0c19e1ead05,1,57dcf5497a141d23764008088c8d9974,6d803cb79cc31c41c4c789a75933b3c7,2018-04-16 16:11:24,135.00,15.04
a6145b6681d0b1556afbcf25131f2952,1,d285360f29ac7fd97640bf0baef03de0,2eb70248d66e0e3ef83659f71b244378,2018-07-25 11:55:14,155.97,19.19
a62e5e820da4b79811ca945d941fff8b,1,d285360f29ac7fd97640bf0baef03de0,d650b663c3b5f6fb392b6326366efa9a,2018-05-10 03:30:53,269.00,8.75
a67d6881ec08b5e0258c05357bce8516,1,5135301d684848b74276f22afcc6781c,7722b1df1b0e383e000397b2c11e3e19,2018-07-11 15:55:11,49.90,9.10
a68d55e37069898482bef61866cac7f4,1,880be32f4db1d9f6e2bec38fb6ac23ab,fa40cc5b934574b62717c68f3d678b6d,2017-09-14 01:30:17,44.90,7.78
a6e307f50d1a494a1ad373af7a748e1d,1,bd7cd34fc6d02e730221b11edc354aae,46dc3b2cc0980fb8ec44634e21d2718e,2017-01-29 09:42:36,99.99,19.40
a6e620028382225481aa2f6ba5158dc2,1,9fb7b543084835bfe56b0094501dee9d,3078096983cf766a32a06257648502d1,2017-11-07 14:50:23,39.99,13.37
a6eace8d7affa686ec69d39f9c4c348a,1,b4b50667a9874708d4e3ac962ebb21fa,9523fb39dd240aa958e040f8183d64f3,2018-08-13 21:55:19,146.99,21.30
a6f6c02b8388fc133223c9d12095c3c3,1,601a360bd2a916ecef0e88de72a6531a,7a67c85e85bb2ce8582c35f2203ad736,2017-06-15 16:31:14,129.99,17.16
a6f6ef4007557b03f6b82beebc22150f,1,154e7e31ebfa092203795c972e5804a6,cc419e0650a3c5ba77189a1882b7556a,2017-09-05 23:24:42,23.99,34.15
a711032f5b2df3b039238b1a273076b8,1,300469628605afcf5cc9759fb4cffc02,aba1721a889e04decc910aa13b768ef4,2018-04-10 18:15:19,149.00,22.75
a72dab58dbb03b5509db9d29c658dc0d,1,f2ecbb02b6da187a9f14b8ac5781faec,3c7c4a49ec3c6550809089c6a2ca9370,2018-01-02 07:46:01,13.99,15.10
a72dab58dbb03b5509db9d29c658dc0d,2,017692475c1c954ff597feda05131d73,3c7c4a49ec3c6550809089c6a2ca9370,2018-01-02 07:46:01,13.99,15.10
a738e9e6770c9eac21287cc96d82dc76,1,1eaf224c19e07b6e50bf0119eea1dd26,da8622b14eb17ae2831f4ac5b9dab84a,2017-07-20 12:30:09,99.90,17.93
a738e9e6770c9eac21287cc96d82dc76,2,0fa81e7123fd0ebe03adbbe99d912827,da8622b14eb17ae2831f4ac5b9dab84a,2017-07-20 12:30:09,99.90,17.93
a738e9e6770c9eac21287cc96d82dc76,3,fb783e3e545937820b57fe539b2c5a6c,da8622b14eb17ae2831f4ac5b9dab84a,2017-07-20 12:30:09,99.90,17.93
a738e9e6770c9eac21287cc96d82dc76,4,9f4a55260fae788c26fcbb2b934ffa52,da8622b14eb17ae2831f4ac5b9dab84a,2017-07-20 12:30:09,99.90,17.94
a75677de97d29dd137bd7779428d9aa2,1,fdc7b4c1ee3b0ba0c649a3147d039983,744dac408745240a2c2528fb1b6028f3,2018-07-03 15:09:56,198.00,52.11
a76350c88470281e23e8fb2a32fecd2e,1,8aea198b4506fe321e998a858a2e39c1,43f8c9950d11ecd03a0304a49e010da6,2017-10-19 19:34:49,78.99,7.81
a76390702d2f24f9e0d5ad3c5e9ec562,1,34742604f6cd1e891726b849b6890f81,76d5af76d0271110f9af36c92573f765,2017-08-16 22:25:18,859.00,74.92
a797f338da66eefca816db5328d5e5ab,1,00ba6d766f0b1d7b78a5ce3e1e033263,53e4c6e0f4312d4d2107a8c9cddf45cd,2017-05-29 15:23:19,47.99,15.11
a797f338da66eefca816db5328d5e5ab,2,00ba6d766f0b1d7b78a5ce3e1e033263,53e4c6e0f4312d4d2107a8c9cddf45cd,2017-05-29 15:23:19,47.99,15.11
a797f338da66eefca816db5328d5e5ab,3,00ba6d766f0b1d7b78a5ce3e1e033263,53e4c6e0f4312d4d2107a8c9cddf45cd,2017-05-29 15:23:19,47.99,15.11
a7c5388d858597ae7ca4e4a1dec8eeca,1,c8d34c6111572ae311ff44e17a0fa81e,6a8b085f816a1f75f92dbac6eb545f8f,2018-01-11 18:06:42,73.80,16.96
a8858a23008217d160630ef24a83f155,1,e9def91e99c8ecb7c5cef5e31506a056,850f4f8af5ea87287ac68de36e29107f,2017-05-25 10:15:17,59.99,14.17
a8a737a6c936da9f10807e4c4262da72,1,4664618690073e2ceb889d9d8c465a93,94231344608e603693b0a8891143f65d,2018-08-13 17:10:19,198.00,19.49
a8cc5640bb6e6bf0280850917666c4d5,1,a91c1a94d83d36316c44e00e738607b1,634964b17796e64304cadf1ad3050fb7,2018-08-24 15:35:14,90.00,22.62
a8cc5640bb6e6bf0280850917666c4d5,2,d2f5484cbffe4ca766301b21ab9246dd,36a968b544695394e4e9d7572688598f,2018-08-22 15:35:14,12.88,1.36
a8f5ea0830ac9ffd1d2864434bcddb70,1,1550a0fe151b511cb7cb327c55c865d3,5dceca129747e92ff8ef7a997dc4f8ca,2018-06-05 20:31:50,1837.90,78.84
a8f5ea0830ac9ffd1d2864434bcddb70,2,fd220f6fd5a3f13ef9db07428f9c935d,a3a38f4affed601eb87a97788c949667,2018-06-05 20:31:50,79.90,78.84
a9121d9a1f7b2530fd9d2d6dc01647cd,1,87283a98b24f9f1ac3a31b631073cf47,cab85505710c7cb9b720bceb52b01cee,2017-02-04 03:52:34,49.90,18.00
a9240539eed71e70690ea5a026f9f419,1,dcfe33bfae82bed3b1d9a7d15197f5be,ede0c03645598cdfc63ca8237acbe73d,2018-05-10 09:55:20,23.00,12.79
a92c76269cd2be64008c82c84d6e5d48,1,7b1c12cfed7333cdc1dc8e4a20752613,f8e2c1b59cd4225a3e4fd0d013a76b93,2017-09-13 10:30:22,89.90,16.39
a92c76269cd2be64008c82c84d6e5d48,2,7b1c12cfed7333cdc1dc8e4a20752613,f8e2c1b59cd4225a3e4fd0d013a76b93,2017-09-13 10:30:22,89.90,16.39
a96417d157bd97f6b47643a7ffbcd8dc,1,1b8ee158f59c098470fad33f39660964,1554a68530182680ad5c8b042c3ab563,2017-03-30 15:50:18,139.90,23.97
a969ea7670f417da58239666920e9a97,1,acf64dbad65e99f5bb490d85c59b2636,f5f2ab9bdb6b30c14c61be68c5ed37da,2017-08-17 11:25:07,75.90,19.77
a971cf0a515e6051941bd05ff3efc0d7,1,eeb2d1e155818957df60a76fc47e75a8,1e8b33f18b4f7598d87f5cbee2282cc2,2018-08-06 18:25:21,74.80,27.47
a9a71d9344772c405bfeb378bc587215,1,f45cf520fba787f057d57c5c8138668f,3092c0b297aacfb4bb6e056ebe13b9b8,2018-02-19 14:35:38,79.90,12.90
a9a93c428c6103f2151bb63a1d32a520,1,e4e9fa024c5f014419b395452a41987c,e2aee0892199b1d92530e371abd825bf,2017-01-18 17:57:50,99.90,60.77
a9b0a7015644d713589e4836e2621897,1,5ccdfc35d9cff8db4fa46b83d5712899,238fac594e170b59c6d228f5a4f4f1d9,2018-03-22 23:47:51,119.00,42.50
a9b132fc9b030211c2850f5495dbbd5a,1,a0e4eca4b6471171249889c962603472,77530e9772f57a62c906e1c21538ab82,2017-11-17 02:55:43,49.00,14.10
a9bfa8db74ad27be5debb246e95a5ea1,1,af144ed65466a16118af719a57053c95,e333046ce6517bd8bb510291d44f0130,2018-05-15 23:31:38,289.00,28.10
a9f3a3d1ad51353ad83d1cc38aa74a47,1,fc17dfdde3d4bd5a186b417704775d06,65febd49fd28ec955651299159b1f527,2018-08-01 20:20:16,659.99,61.75
a9f6ce91a31d7e8dc4af0d3c847a5639,1,43e09fcb6175856e87a4d9b91321addb,9d4db00d65d7760644ac0c14edb5fd86,2018-02-12 12:52:03,199.90,21.89
a9fa8567c21a5f8e4450af02a87f26cb,1,2daa50c954caed9163fa12198132ccab,218d46b86c1881d022bce9c68a7d4b15,2017-08-04 20:43:35,112.00,16.54
aa04ef5214580b06b10e2a378300db44,1,9fc063fd34fed29ccc57b7f8e8d03388,ccc4bbb5f32a6ab2b7066a4130f114e3,2017-02-03 00:30:03,370.00,19.43
aa0bc25a48a3d53cc009df13ed116b23,1,7b8c427eb09be88d32fcfaa8018f5caa,a416b6a846a11724393025641d4edd5e,2018-03-23 10:07:24,96.49,11.30
aa1a6dd9036736db780b2cd007f68a52,1,b1d207586fca400a2370d50a9ba1da98,1ca7077d890b907f89be8c954a02686a,2017-12-19 10:30:34,149.00,14.79
aa1ec064e8eb975121269dee2a451592,1,e2e426d1332240070b0a836a854d057b,cce6ab8d1682639fe45ab70234f1665f,2017-10-04 20:24:33,40.00,18.59
aa2a0609fab50d659ead956ec8f69de1,1,6c6a78e0768babe7473b5eccf0fc6076,cca3071e3e9bb7d12640c9fbe2301306,2018-01-26 10:49:42,34.22,11.85
aa2a0609fab50d659ead956ec8f69de1,2,6c6a78e0768babe7473b5eccf0fc6076,cca3071e3e9bb7d12640c9fbe2301306,2018-01-26 10:49:42,34.22,11.85
aa63db7f2ec964c78e9099feae5b730e,1,368c6c730842d78016ad823897a372db,1f50f920176fa81dab994f9023523100,2018-05-10 03:31:15,53.90,10.13
aa7ad6a7e355155075a22ce9de8664da,1,d24dd388a7b9f9c2efcbad7dc6cca05f,b76dba6c951ab00dc4edf0a1aa88037e,2017-09-11 16:50:19,16.97,7.78
aa9f47b4e7c06b6c495bf26fff85bb17,1,7e6bbdc9a339f86e15eb6091c994a1a1,cca3071e3e9bb7d12640c9fbe2301306,2017-03-17 08:45:13,59.90,13.00
aaa69c5aba2f6b490490257c4195e5b7,1,af4ac0dfebf1f96903c52fe25a51e6d3,34056b8b55c1775a22af2331670a799c,2018-05-21 03:16:26,118.80,19.80
aaaf314a8cf0d0da71e52c6cd4184cbd,1,19c91ef95d509ea33eda93495c4d3481,06a2c3af7b3aee5d69171b0e14f0ee87,2018-06-28 16:31:34,122.99,30.11
aab6724caaf81418088249e2a0ea5d17,1,9a29b754b7fc0aa8eeb990103fcea4fc,0bf0150d5b9d60d9cd2906003332f085,2018-01-22 20:10:37,106.00,20.23
aab6724caaf81418088249e2a0ea5d17,2,9a29b754b7fc0aa8eeb990103fcea4fc,0bf0150d5b9d60d9cd2906003332f085,2018-01-22 20:10:37,106.00,20.23
aac512eec9af2f337dab624bf711cad7,1,f2e82987e8acd46815fda8c648580b12,5a8e7d5003a1f221f9e1d6e411de7c23,2017-10-26 14:14:22,59.90,14.17
aacbf13db267af0f239fc7ff5dd513ff,1,5ef5cddf0ad1c5140b02c2255109c31a,26bad72add1f86e08a776ce4ffdaf1ca,2018-05-28 08:30:50,30.00,14.44
aad4cc3a0a8f37c519c7d72ea429c11d,1,7ed6634347bb8371bc6b20b3a7022bce,ffa6adafb71b807dc13159e26431354c,2018-05-18 12:55:25,109.00,47.49
aade48c1fd0adef0f33df25f995d379c,1,a3430558283765c5dd94dd0381acc9c2,440dd6ab244315c632130ecfb63827b1,2018-04-26 12:31:20,112.00,19.75
ab0c90a5da04e0132ea07c113bedec0d,1,ace5d86cf1ac63cdb76f49e5cd23d2f8,cca3071e3e9bb7d12640c9fbe2301306,2017-01-31 20:53:06,50.90,26.62
ab260012c90cd3ee59bb8d18b97b851a,1,d3a1e0ce5009f1a816a6ba558908fdf0,9674754b5a0cb32b638cec001178f799,2017-12-07 17:50:39,89.59,9.44
ab2f2b70a35105e169d9fba7a65d3ac0,1,f74eb9bc847b5e5e906e5e214bb451b8,cca3071e3e9bb7d12640c9fbe2301306,2017-02-28 13:47:47,45.90,11.74
ab4f549aa957d2c456a8d2c7ad54b761,1,165f86fe8b799a708a20ee4ba125c289,7ddcbb64b5bc1ef36ca8c151f6ec77df,2017-12-11 11:23:15,166.99,27.49
ab5f88ecd8bbfe5386a0b5687ee8beba,1,521a361808bedd9fffb32181e501e09b,5b179e9e8cc7ab6fd113a46ca584da81,2017-06-29 15:25:28,149.90,12.25
ab64dd52ffac216882def99c2768daec,1,aede48631330269f65a8d680de491657,dbc22125167c298ef99da25668e1011f,2018-01-26 14:53:06,99.90,17.95
ab65887d04b631b6d83004bfb47fba02,1,05af73bb3143cbc5233c1cdff4a767b5,1dcfa3835714681d4ba4a93bc1e0fd41,2017-08-09 04:30:26,79.90,15.31
aba3d283b846a03d398d549db17b649a,1,51250f90d798d377a1928e8a4e2e9ae1,3c7c4a49ec3c6550809089c6a2ca9370,2018-04-09 05:50:28,13.99,12.79
abb76549f54fa02e04e1d3da5e8f3cce,1,d4b65aedaa1a847abd993dced5ed2e30,5a93f3ab0ef4c84ed5e1b5dbf23978bc,2017-11-24 02:56:28,38.97,11.85
abb9f3409081aa15446fa8ae9add98db,1,dccef777bc505f2eca720502c209988d,d91fb3b7d041e83b64a00a3edfb37e4f,2018-05-18 18:53:52,84.00,18.47
abbbf52551bc34cd52a7851c06dfca90,1,6f1ccca9f878a413a495487eb649ab32,586a871d4f1221763fddb6ceefdeb95e,2017-01-30 23:20:31,99.00,20.74
abbbf52551bc34cd52a7851c06dfca90,2,6f1ccca9f878a413a495487eb649ab32,586a871d4f1221763fddb6ceefdeb95e,2017-01-30 23:20:31,99.00,20.74
abbc0add533d31e83195d03eebe028f8,1,437c05a395e9e47f9762e677a7068ce7,f84fa566034f5e8e880a07ec624c56af,2018-05-30 18:30:55,53.69,9.10
abbc0add533d31e83195d03eebe028f8,2,437c05a395e9e47f9762e677a7068ce7,f84fa566034f5e8e880a07ec624c56af,2018-05-30 18:30:55,53.69,9.10
abddcf171f361ed313e1f191d71d046a,1,37167b49712cb4ce822d51958a4ec0c3,a416b6a846a11724393025641d4edd5e,2017-03-20 12:19:57,458.85,24.71
abef8b5d0f7fa066c7473db7d650c870,1,f0af7ec9760e53f21277444f32ee3308,cca3071e3e9bb7d12640c9fbe2301306,2017-01-22 13:17:46,99.90,13.28
abef8b5d0f7fa066c7473db7d650c870,2,f0af7ec9760e53f21277444f32ee3308,cca3071e3e9bb7d12640c9fbe2301306,2017-01-22 13:17:46,99.90,13.28
abef8b5d0f7fa066c7473db7d650c870,3,f0af7ec9760e53f21277444f32ee3308,cca3071e3e9bb7d12640c9fbe2301306,2017-01-22 13:17:46,99.90,13.28
abef8b5d0f7fa066c7473db7d650c870,4,f0af7ec9760e53f21277444f32ee3308,cca3071e3e9bb7d12640c9fbe2301306,2017-01-22 13:17:46,99.90,13.28
abfb34ed11820c7247adfb30fe5bb7ae,1,6cdd53843498f92890544667809f1595,ccc4bbb5f32a6ab2b7066a4130f114e3,2017-01-27 00:25:39,349.90,21.15
ac0453dee118265767bf9c26966ccbde,1,d4c7a502c517c851a64712d940286778,02f623a8eb246f3c5f7c2f96462654e6,2018-07-01 22:17:06,140.00,14.56
ac1a1d01dcd4350d31887f6eab3f63d5,1,58c91c9e1ddc24815b7c15ac4e8fee5e,d91fb3b7d041e83b64a00a3edfb37e4f,2018-08-29 21:55:16,27.72,7.93
ac2a626df847783c310f77108af182ea,1,b3e40ff639c185b9d726b4b19c17e6cd,7a67c85e85bb2ce8582c35f2203ad736,2017-12-28 02:11:02,229.99,14.16
ac5a06cf04a02c5c5ec9f09f9db3ddb9,1,461f43be3bdf8844e65b62d9ac2c7a5a,7d13fca15225358621be4086e1eb0964,2018-05-18 18:50:21,115.00,7.42
ac8a4565529310518da7406ddf01f8e8,1,2b2d98d1e9b6f68a472c5ace64d704fa,897060da8b9a21f655304d50fd935913,2017-09-08 02:50:08,21.90,16.11
ac95b87f13bbd7609c75bfcc17cf3ae7,1,4c809e61a89993ebeb2ad634b8af3c15,d8bf0fc082fd4a77fc2e5679b6c00133,2018-07-26 15:04:22,139.90,9.14
acb08a83f62cfd54a98e76c21cd268fd,1,7dcdcf1d40dd5422c3f16685ac1f0dbc,17998cf586426bf0f2c3726cb0a4b211,2017-08-03 04:24:05,19.90,21.15
acbd8e5be7c6808b8a971376f7e36b3f,1,4bb12ab0fcba9b632bcf4a2f2b5430a7,d1ef48b38baca7e831711c4a0aeb398f,2018-05-06 22:30:04,17.50,13.47
ace40b7f6657491f011b8a3ba9edeeaf,1,48cf041a87beac458328d395d035515a,ef506c96320abeedfb894c34db06f478,2018-01-09 15:17:24,34.99,14.10
acf01c9262ddb5d9adae8daa34e31568,1,ba58dd885694fa6a278aa4217365680a,b8630e1121437d41cb08e3c749c2c2e2,2017-11-30 05:10:50,2399.00,17.00
ad017ea4537bcf364b841c9160b0fa51,1,9fdc434e0c81bc6d990065c2a7efb4de,b561927807645834b59ef0d16ba55a24,2018-03-15 15:25:30,29.30,15.23
ad18be9bebe6d2b6b02b38f8da9e08d3,1,536c813a40c7f1e71aad4f9e1a7da2b7,23d7c96d4a1160db1c726b248601b25a,2018-08-27 04:50:30,149.90,24.66
ad47c55e7dc71d935ccff9650ff1beb6,1,7fb04722aba7a2b632bac8f9819796f3,f3b80352b986ab4d1057a4b724be19d0,2017-10-26 20:49:30,79.90,19.80
ad57f476bb2fef779bc42a032c512a23,1,53759a2ecddad2bb87a079a1f1519f73,1f50f920176fa81dab994f9023523100,2017-11-30 20:31:37,49.00,17.67
ad6b07be756ec7284a64503ac34f6975,1,9069c427ca36847bc3907c09712f6cf8,7b1222c3624aa89b9558b50a2594188c,2017-04-19 03:11:01,699.99,23.49
ad818323f40e1a353eb3a3874d138c51,1,20090bcd0d43eb49feb63d53d387780b,05ff92fedb5be47920fea08e501238b9,2017-01-14 19:43:30,176.00,15.40
ad86b0d3d5cafc39d8b70a248b46cfa6,1,c3002d67c0b8c6449c3a80c1556ad8c5,f80edd2c5aaa505cc4b0a3b219abf4b8,2018-04-19 12:35:19,72.90,23.09
ad8c386772f88caabcff4e2a8bee26d3,1,c96dae58447b1aade5e8a7e28a87a31a,1e8b33f18b4f7598d87f5cbee2282cc2,2018-08-22 16:50:10,74.80,18.32
ada2aa22aa5d4a7ae4092124f8974813,1,5b226d7c52f86ac72457617f78cff95d,1835b56ce799e6a4dc4eddc053f04066,2017-10-02 19:49:15,56.99,12.74
adbbe31eab3ec8799e71b8fd89956464,1,2647bd04a8ac8605c0034dc49d21445d,77530e9772f57a62c906e1c21538ab82,2017-02-04 12:01:46,49.00,16.05
adc51b6b60ec7fe71a757fdf57f0e3b2,1,079189201e6c6f0b0f70d118fff53fd5,edb1ef5e36e0c8cd84eb3c9b003e486d,2017-12-11 09:01:53,394.65,17.51
add3e322151e47705826b60fbe20356f,1,0d146484c69d613fe015c0229056b065,d20b021d3efdf267a402c402a48ea64b,2017-11-01 19:26:35,10.90,15.10
adf684f287283640cb375a2e8ada8c82,1,8ce0b48cdcc4b753ae4de64497998338,75d34ebb1bd0bd7dde40dd507b8169c3,2017-02-08 23:18:22,131.99,15.22
adf684f287283640cb375a2e8ada8c82,2,8ce0b48cdcc4b753ae4de64497998338,75d34ebb1bd0bd7dde40dd507b8169c3,2017-02-08 23:18:22,131.99,15.22
ae162713f33901220faa2a22c2bdba45,1,aba86c093ccdbac75b09111d57e50004,7c67e1448b00f6e969d365cea6b010ab,2017-02-09 14:38:41,119.60,11.45
ae162713f33901220faa2a22c2bdba45,2,aba86c093ccdbac75b09111d57e50004,7c67e1448b00f6e969d365cea6b010ab,2017-02-09 14:38:41,119.60,11.45
ae162713f33901220faa2a22c2bdba45,3,aba86c093ccdbac75b09111d57e50004,7c67e1448b00f6e969d365cea6b010ab,2017-02-09 14:38:41,119.60,11.45
ae2ee748fed0ababe6ae778cfb2acf94,1,a19b6951c75da43aad691622dd2f6abe,1025f0e2d44d7041d6cf58b6550e0bfa,2018-05-23 20:19:07,35.00,16.32
ae2ee748fed0ababe6ae778cfb2acf94,2,a19b6951c75da43aad691622dd2f6abe,1025f0e2d44d7041d6cf58b6550e0bfa,2018-05-23 20:19:07,35.00,16.32
ae2ee748fed0ababe6ae778cfb2acf94,3,a19b6951c75da43aad691622dd2f6abe,1025f0e2d44d7041d6cf58b6550e0bfa,2018-05-23 20:19:07,35.00,16.32
ae4f9895e6602f33d89aff8166cf9346,1,570509b6d981370031c1f839592a1be0,e256a62e0ac58c0edfba09966142d561,2018-06-11 13:15:22,133.00,22.01
ae68db7133205767bf752b04da1d3b50,1,428f4b96ba9f630e761b333673039ae6,3ade81dab5a172b88e1871c28ae05260,2018-01-22 03:51:07,179.90,25.57
ae8423bae5771609a19bafe9b114a60e,1,2647221a6a477afe2d0268b378f1fdcd,d2374cbcbb3ca4ab1086534108cc3ab7,2018-08-07 06:44:41,39.90,13.86
aeb280e267d4fcf5e2c8da2cbd0ef890,1,9f1c3e71d56894398a42b050b07f1baa,92eb0f42c21942b6552362b9b114707d,2018-01-18 00:31:14,14.49,14.10
aeb4ec5f0696847ed2357f26abeb5a62,1,612a71b9833d6a383aab0aefd3995583,5def4c3732941a971cba8fdee992ede1,2018-08-08 13:15:12,23.90,7.43
aeb70ca14a984230b34a6cbf48fe6d8a,1,b744e6c9118fe1df001c94ef9a4d7ab5,68ca56ce86830f3d31b1b7ec6a54da3e,2018-07-30 09:05:11,46.99,21.56
aeb70ca14a984230b34a6cbf48fe6d8a,2,99c22bb8e56dda8aa0e021be31e8663d,e8dba4d70f7f2b20e775d09cae01142d,2018-07-30 09:05:11,93.99,21.56
aec4f3ce724b67ce527d67f7eb60a310,1,32d058f0f2989cd05c927c0f481a1e43,080199a181c46c657dc5aa235411be3b,2018-04-04 23:07:37,179.49,17.23
af045d3e5d7082db57d5b5dde3c0c97b,1,89f055104adb9365d7f7b5c475f77742,6b15924333bd1a741595fe981ea04822,2017-02-06 11:13:37,26.90,14.52
af4e2e186d1553f35c402a9e153f9444,1,222684e29ad17ce818d1b01753c0cfb8,26d8a1c7c75d513045798992ead43aa2,2018-01-17 10:48:36,249.99,37.07
af6ed18f03a877659659ed9467c7cd9e,1,61f892cad282d3059bd33ae0eef5b02d,8a32e327fe2c1b3511609d81aaf9f042,2017-03-05 23:32:42,29.99,8.72
af6ed18f03a877659659ed9467c7cd9e,2,61f892cad282d3059bd33ae0eef5b02d,8a32e327fe2c1b3511609d81aaf9f042,2017-03-05 23:32:42,29.99,8.72
af7845bf2d70a696a4f4f31b4e6c5a81,1,7668f663b32b0678da61622125b39545,1e8b33f18b4f7598d87f5cbee2282cc2,2018-04-12 14:15:11,89.90,8.98
af7c5cbf4bb52c9f686828ffe06a4f6e,1,aca2eb7d00ea1a7b8ebd4e68314663af,955fee9216a65b617aa5c0531780ce60,2018-03-06 03:32:27,69.90,13.08
afbc5dc3c3d0255f644df560b79f1b32,1,d2f2c2b94c6ac44ece0bd0dd202c7939,710e3548e02bc1d2831dfc4f1b5b14d4,2017-08-02 22:45:07,35.99,17.60
afc2fbf9c74b731c616892314ac3e201,1,290bd89e961af9ea5a733bc477c50355,8648b1e89e9b349e32d3741b30ec737e,2018-05-17 17:35:25,94.50,14.02
afe00f151e2a9c5924b2edb95736c11c,1,3dd2a17168ec895c781a9191c1e95ad7,de722cd6dad950a92b7d4f82673f8833,2018-05-15 03:49:47,149.90,20.72
afe00f151e2a9c5924b2edb95736c11c,2,3dd2a17168ec895c781a9191c1e95ad7,de722cd6dad950a92b7d4f82673f8833,2018-05-15 03:49:47,149.90,20.72
afe00f151e2a9c5924b2edb95736c11c,3,3dd2a17168ec895c781a9191c1e95ad7,de722cd6dad950a92b7d4f82673f8833,2018-05-15 03:49:47,149.90,20.72
afe00f151e2a9c5924b2edb95736c11c,4,3dd2a17168ec895c781a9191c1e95ad7,de722cd6dad950a92b7d4f82673f8833,2018-05-15 03:49:47,149.90,20.72
afe00f151e2a9c5924b2edb95736c11c,5,3dd2a17168ec895c781a9191c1e95ad7,de722cd6dad950a92b7d4f82673f8833,2018-05-15 03:49:47,149.90,20.72
afe00f151e2a9c5924b2edb95736c11c,6,3dd2a17168ec895c781a9191c1e95ad7,de722cd6dad950a92b7d4f82673f8833,2018-05-15 03:49:47,149.90,20.72
afef174bb9c07aa8185c78d1dbecd29c,1,85eed6b3f52d601d2a288e2668b888df,7142540dd4c91e2237acb7e911c4eba2,2018-04-05 03:26:59,429.90,29.74
b00122d54463704c33f4768470c6db03,1,69455f41626a745aea9ee9164cb9eafd,7e93a43ef30c4f03f38b393420bc753a,2018-01-10 16:50:29,299.99,19.67
b025ae09d0783f8194ec38b10c65acbd,1,4fce0eab61e01d521044c8b071cdfead,0509040ea3fe50071181bbc359eb7738,2017-09-08 11:04:34,23.80,12.48
b033a34245ae159e80dd599b3c5cb92f,1,47f699d9462e071f977f612be2b5b67a,56642bcb79900e777d68e91915cb4267,2017-02-03 19:25:23,170.00,18.00
b040969443a5b34aa13dd9fb64961d02,1,0c94b3b3e297c165f359c7cd62acc3da,659e8466eb3ff1b0e8740d74fb7bbedd,2017-05-24 04:25:10,290.00,27.31
b0645176abf1df25bb73ba0afcc20be3,1,a4052f2adbcfe3e5dcf30229fa0f7c68,1900267e848ceeba8fa32d80c1a5f5a8,2017-06-22 03:32:41,21.99,11.85
b094b88a36a6a907eb40730b9382cbb8,1,ef9ae4fb9a9005e8e463cc2616084276,38e679b9e0064cd94c6f035707344dae,2017-03-16 08:49:56,213.26,29.68
b0a53313f05c1fb7b57eba8c55f35035,1,dd9b786cc81af951a986f65602344848,9646c3513289980f17226a2fc4720dbd,2018-05-22 05:31:07,29.90,19.32
b0b54e4c452d66681d67e588398ecf7c,1,3e71aff24a7ddd21185c3d41ecd9b335,c8b0e2b0a7095e5d8219575d5e7e1181,2018-01-15 13:31:57,135.99,23.27
b0b822b0f9346fb153a23ab0ac5214ff,1,3af242f6518c23ebab15619fdc356e43,63a79f5a7eb5cb48a7e5787b141c7993,2018-05-21 08:52:59,89.00,16.58
b0b822b0f9346fb153a23ab0ac5214ff,2,4cfb235f669979ac1f6a7f9705c1ee81,80f2cf9abf6b5a0e5c612b5eea6646e6,2018-05-21 08:52:59,81.70,16.58
b0c24ba8fd93348465e99a9cfa27db35,1,4520766ec412348b8d4caa5e8a18c464,16090f2ca825584b5a147ab24aa30c86,2017-10-24 17:49:50,40.00,8.27
b0e9f35ef740c711cb29c8d779388062,1,87dc701592a3d9c9b7b02e6b004f7764,916748bc99315c2d202898ae58b1617e,2017-06-07 04:10:30,9.00,11.85
b0f19e077703b3f0cc8de0ab4911c445,1,b4b817e5f2c4efc8253b4b679c653847,972d0f9cf61b499a4812cf0bfa3ad3c4,2018-03-13 16:10:54,85.12,17.85
b107eb8ab6fb9b94db25911d4a2b378e,1,d4937a7e8d3db0f265d1f0302308bb12,e5a3438891c0bfdb9394643f95273d8e,2017-08-30 14:45:18,49.90,15.10
b115422b830bf2840fccf6f0d6678ab2,1,b948a6dd0adccdcf3ea81888bf678924,e1dc0754bada9ee4cfe9713f22f61292,2018-08-20 13:23:56,65.00,15.38
b11b5fa23629054214fa15a68c0cfe73,1,72b95452ea4355dd9f749878759c92d0,0241d4d5d36f10f80c644447315af0bd,2018-06-20 20:56:49,249.90,58.23
b16a6ea9c85cf3f6644f1529e04982da,1,2e511b5741ab14e7f5294df6f1310b03,00fc707aaaad2d31347cf883cd2dfe10,2018-03-02 14:28:47,118.00,12.96
b174fa32929e4af3622213e835cfa84a,1,6d811b6e8cada9a8f7f38bb315620e1b,80e6699fe29150b372a0c8a1ebf7dcc8,2017-01-13 21:31:15,129.00,22.37
b17b0e273b31b9bdc4c86d55ce1f2b87,1,90d11936871062d5cb6d23175734ea91,7299e27ed73d2ad986de7f7c77d919fa,2018-07-31 02:05:17,40.00,13.62
b1c1cc09ffd5666fc13da046dc5900e3,1,71ff103df4589cc0b353dfb0f6777037,d73cbd89533ce8b041a9190241453ac8,2017-07-18 09:10:14,119.90,13.86
b1e7caa2d22ccc061ebfed60acc21b34,1,99d48e31cb95ab20a319faea37066bf0,916c9de0b5ad957346eeeb12f332687e,2017-12-21 17:31:59,255.00,15.54
b207236ad11942c69cec11bb58240dd1,1,38c56c5c5b16958d95bf8254498ad555,fa1c13f2614d7b5c4749cbc52fecda94,2017-10-17 18:56:22,799.00,20.35
b210a0936a3dd8fe4428863f8e352693,1,0364c36f8e845e4d309c0a3accc04b1c,7c67e1448b00f6e969d365cea6b010ab,2018-03-15 10:50:39,192.99,74.30
b22b9811c2074480cc93f9e8b8e4c8b5,1,ee104243151384e66a6758c637d7c096,ec5c1d94df153d473b37f880977ae58e,2018-06-25 13:31:31,113.09,38.37
b23014161ca1bc596a96e77112ee5360,1,9cbe4a1fd4db99c14512e9b2ff033ec4,d2374cbcbb3ca4ab1086534108cc3ab7,2017-06-20 22:02:16,27.90,15.10
b2349a3f20dfbeef62e7b31baa22f84b,1,461f43be3bdf8844e65b62d9ac2c7a5a,7d13fca15225358621be4086e1eb0964,2018-05-14 15:09:59,118.00,18.71
b243fa91a6213ff97cc5ebdfb8e30a65,1,b1acb7e8152c90c9619897753a75c973,cc419e0650a3c5ba77189a1882b7556a,2017-07-03 14:04:53,34.99,25.63
b25e83776a0bf6440214b6258416e4e1,1,0f461354af6a2189ef983f8e7a3390b5,1c40343cc5d18c2d8248ac2f3366de34,2018-08-01 09:10:15,15.99,18.23
b263be16ee60d34da81f89c59ba85ed4,1,f95d9369ebf76f811194c72bd22ff244,c31eff8334d6b3047ed34bebd4d62c36,2018-04-26 11:30:45,169.00,12.52
b2684c3e0b5cba29ea14a74e3c933a34,1,51f876eb62be778c757503cf7f8a3b74,698f5fa55a5f73d0740e9d9a773e8093,2018-06-21 02:30:27,12.00,15.23
b268bc99a523c42dc0bfe0149cd1446f,1,1613b819ab5dae53aead2dbb4ebdb378,16090f2ca825584b5a147ab24aa30c86,2018-07-02 09:55:15,27.90,18.30
b26a79020606ef73722d450c8458f9c0,1,f25b4b41194b370120c42e1b19bd2a8a,41b39e28db005d9731d9d485a83b4c38,2017-09-14 17:05:19,144.90,8.27
b26aeba3d93317ee71f2902c276eb992,1,f7fdb1768aa2ba6a019449b74810d43f,0c8380b62e38e8a1e6adbeba7eb9688c,2017-09-15 12:43:27,69.90,14.22
b276e4f8c0fb86bd82fce576f21713e0,1,c6c1f263e076bd9c1f1640250a5d0c29,fe2032dab1a61af8794248c8196565c9,2018-08-02 23:45:15,179.00,9.41
b28d5be82c0088c66d57a28686db4e39,1,7deb2eaebc9527d1f8bd20169d3c6b31,b90e891671cffd9557f33a97dc523645,2018-02-06 14:15:20,89.00,14.37
b2a075b61f56f754745f60eeca7c0f63,1,a92930c327948861c015c919a0bcb4a8,6560211a19b47992c3666cc44a7e94c0,2018-06-26 02:20:39,78.00,15.65
b2a7488d3bfedd8a8abd53fff6127807,1,72d3bf1d3a790f8874096fcf860e3eff,0bae85eb84b9fb3bd773911e89288d54,2017-11-30 07:14:32,38.25,16.11
b2a7488d3bfedd8a8abd53fff6127807,2,72d3bf1d3a790f8874096fcf860e3eff,0bae85eb84b9fb3bd773911e89288d54,2017-11-30 07:14:32,38.25,16.11
b2da70916ed4e4cde3df9e1381154631,1,4c2394abfbac7ff59ec7a420918562fa,cc419e0650a3c5ba77189a1882b7556a,2017-12-27 17:19:22,84.99,16.35
b2f3774fcd52e817b5f0e8b459e1db17,1,a4aa7c1427c31344e5f7cc3d839fe562,66922902710d126a0e7d26b0e3805106,2018-05-23 01:17:40,88.00,18.17
b31ee936a88cbd1d2c24a2e61db2c18c,1,9361d7d8750b24496371f42a056065b5,7d294cf9a6a69dc6a0c3e540fff0e039,2018-05-11 09:56:32,51.45,18.24
b391aeb86b28ac5a2085e0a77833bd15,1,bce004834359cc123bae0e39e86175d5,b2479f944e1b90cf8a5de1bbfde284d6,2018-03-08 13:09:26,42.99,13.37
b391fd34f5d52bfc8de47b44d609e490,1,75d6b6963340c6063f7f4cfcccfe6a30,cc419e0650a3c5ba77189a1882b7556a,2017-08-15 23:45:10,56.99,8.72
b3b4094d535004ba0ef19c96ba6dfd11,1,474bb6b54fc608ca71059a6c4f7ecda3,8b321bb669392f5163d04c59e235e066,2018-04-04 16:32:02,21.90,15.23
b3d71a2000f053668c1baac73b5fe4d7,1,afeeea6271148ee1bb15173b8187c431,53243585a1d6dc2643021fd1853d8905,2018-07-23 02:45:21,219.00,38.44
b3f179611003f752f8beaacff7c017cd,1,53b36df67ebb7c41585e8d54d6772e08,7d13fca15225358621be4086e1eb0964,2018-05-08 10:13:57,99.90,0.00
b3f8cce18de7b670b4bf149957000470,1,9361d7d8750b24496371f42a056065b5,7d294cf9a6a69dc6a0c3e540fff0e039,2018-08-07 20:30:16,51.45,22.33
b4041542e5f602fe3d4f9f11dfcf709f,1,386703f26f328414fe118e10a5d92675,ea8482cd71df3c1969d7b9473ff13abc,2018-01-25 09:16:45,27.99,14.10
b409363b150c3fc8fe6dddae1bceb1d3,1,cd48f265a63e13b762601f5f794c5fca,9b013e03b2ab786505a1d3b5c0756754,2018-04-10 10:29:24,43.00,12.79
b4423cdd0316fb3064befb92d164de96,1,21a95b5525c6d658ff4e5e1b50f7c02d,46dc3b2cc0980fb8ec44634e21d2718e,2017-09-20 14:30:22,149.99,13.93
b458ffdf7369c1e76ef5ba66155886da,1,4cac1a12a6fe9ffba4a9556dbe582e28,7ddcbb64b5bc1ef36ca8c151f6ec77df,2017-08-17 17:43:50,25.99,15.10
b461e43868116fb81d1d91959ae5ea65,1,777d2e438a1b645f3aec9bd57e92672c,4a3ca9315b744ce9f8e9374361493884,2018-07-25 10:23:36,68.50,23.28
b465dc60a138cc55216607ef27065acc,1,4579e87cfe02f4b4eaabb298a254a5b9,fa1c13f2614d7b5c4749cbc52fecda94,2017-03-24 10:24:23,229.90,15.78
b46cf2034656db4fdaa0cb0c403edf04,1,7d681d24b9bad757fb34b0d464c350e4,7178f9f4dd81dcef02f62acdf8151e01,2017-12-15 19:15:21,59.90,15.10
b46cf2034656db4fdaa0cb0c403edf04,2,7d681d24b9bad757fb34b0d464c350e4,7178f9f4dd81dcef02f62acdf8151e01,2017-12-15 19:15:21,59.90,15.10
b4924647a0523d99010023d68b76c18d,1,36c2d6cd6fd0a6720f3ebe3379a2032d,d379f449f2a3b271bc01c0782020f705,2017-02-03 13:23:50,99.99,50.00
b49433c6d0ea8ab0fa4d209e44c5831f,1,24c855c83d506d85c7386ff94d6c8db1,cb3dd9ce66268c7a3ca7241ac70ab58c,2017-08-23 19:55:25,117.80,18.07
b4a600b2f7cc0efe40a086465eca8799,1,fb01a5fc09b9b9563c2ee41a22f07d54,522620dcb18a6b31cd7bdf73665113a9,2017-01-30 13:32:04,689.89,20.04
b4b82a96ad1cd1dd5071980861bb2575,1,e3b997f50d2aa487a92ed84d4125b590,4830e40640734fc1c52cd21127c341d4,2017-08-04 14:05:24,38.00,12.69
b4b8e8f37818c443dd4c0c48e9a3707d,1,0e34187d4312b97b5e698836d28ed040,a420f60ff1aa9acc80d0e42959f2b313,2017-10-05 08:14:22,199.00,16.15
b4d81b7ba0a5e97d9b77104dc0f3b82d,1,68a058d125ba1544e726898f0b8c0523,7c67e1448b00f6e969d365cea6b010ab,2017-02-05 14:27:36,119.99,50.00
b50700cbee924cf4a5f5f9f38c1d0a04,1,30ac6df06dc59ad72cf2f158fc2d904c,0dd184061fb0eaa7ca37932c68ab91c5,2018-02-08 20:24:16,120.00,25.68
b523b77f215e6c094c97389acf24ea9c,1,18f6ea7e8cff29f8053baac6762449f9,f80edd2c5aaa505cc4b0a3b219abf4b8,2018-05-04 17:51:36,54.90,17.96
b52c5e0a82ec048d983882e4d539394f,1,07821918ef487fd64eb20b3c8aeb897f,3340ef1913fb70d28420f6ceb685c339,2017-08-28 04:06:03,175.99,17.67
b52c5e0a82ec048d983882e4d539394f,2,07821918ef487fd64eb20b3c8aeb897f,3340ef1913fb70d28420f6ceb685c339,2017-08-28 04:06:03,175.99,17.67
b537ca3494311804a1191ad6a0dddf05,1,d88cd106d68ac93feccee719004d247d,0be8ff43f22e456b4e0371b2245e4d01,2018-06-05 08:15:03,24.90,12.79
b5569f238f8225742a0ca65b827d0456,1,62c89abe1afe3a23c17765d462718a4c,fe2032dab1a61af8794248c8196565c9,2017-12-21 14:10:26,233.00,10.45
b5e27ed7d2286de656b8b949caf52958,1,e0fddcd9bdfbff9df8a8228f6a6346d7,77e4abfd739aed9c46480f90f81c0eb4,2018-05-17 02:57:49,120.00,17.55
b5eeec1b045b05d3e3010ef57120a8dc,1,17d17b9640ddee0ec3fa09c91b284ae9,cd06602b43d8800bd0afad514919d35c,2017-02-04 11:48:46,27.90,8.72
b6b7ebd3ab897684bb22eaf084f8f299,1,1ec597ef2aaee9e73f32a970247f3192,31da954dc0855f2495c6310f70a2f931,2017-12-21 00:54:52,49.00,11.85
b6f7267c5de549e8079e23367dafd3a1,1,145978af3e89b318be0b717a0953649a,18e694e0e48ed6f7aa3f24aade5fd697,2018-06-15 10:58:31,19.90,12.79
b75531d67f9616e9012cea103a187c8c,1,0e87ff05afa3ddd73b7920ff4587e0a4,12b9676b00f60f3b700e83af21824c0e,2017-03-20 22:23:29,238.00,28.14
b75eb9360ab80bfd5c7ccf7270d447fb,1,06ae026e430189633c2fbd0288c86257,7e93a43ef30c4f03f38b393420bc753a,2017-03-01 15:32:48,217.36,15.69
b78ff92837a4593dbc8ed0e5f7ce3e16,1,2d4d78eecba060a7127c5f6a21cdb0c7,b2ba3715d723d245138f291a6fe42594,2017-12-07 20:33:23,139.90,15.74
b79fa3320d9e28aa6994cd6864da40ba,1,764292b2b0f73f77a0272be03fdd45f3,bd23da7354813347129d751591d1a6e2,2018-01-11 14:07:03,99.90,11.90
b7e339d3c4aefa73f6e86875b78250f3,1,2029248294c186017ecfc48cecd47bbd,d50d79cb34e38265a8649c383dcffd48,2017-12-26 23:23:26,129.99,17.62
b81909d99454a0227bc01cc241ef921a,1,40cb7bb3d30559b9b6c4fb62bc837962,cca3071e3e9bb7d12640c9fbe2301306,2018-06-20 02:55:02,55.27,12.83
b8297ee8722ce94cc9a2e9263124cd36,1,be62f0c24387eae79f18265ad2a5d8cc,76d5af76d0271110f9af36c92573f765,2017-01-22 00:31:51,24.90,20.67
b8356f852fca3a72234735d7b7c1c18f,1,bb50f2e236e5eea0100680137654686c,f7ba60f8c3f99e7ee4042fdef03b70c4,2018-04-04 21:08:53,330.00,10.07
b83c1be0cbe93a1aea7c3a77e4ae37ee,1,0721efe2bcae3223969332d77f0182bc,f262cbc1c910c83959f849465454ddd3,2017-12-08 12:49:15,39.99,8.72
b83c1be0cbe93a1aea7c3a77e4ae37ee,2,0721efe2bcae3223969332d77f0182bc,f262cbc1c910c83959f849465454ddd3,2017-12-08 12:49:15,39.99,8.72
b84153f6ef50c6f07d2919e984c1f761,1,9b2db9ec16a8a51549f32462bf973523,c8b3445d737de6befde0c88ede534a5e,2018-02-08 16:00:37,119.99,13.39
b86149c8139bc8a77792c2b24942a0db,1,aa4c5e610242fdfd79969a9577dfe112,53e4c6e0f4312d4d2107a8c9cddf45cd,2017-06-09 18:55:17,71.00,9.34
b8615aa7e6248212cab23e120279acf2,1,1d3ecbda18167c766a3381fd16108e4a,dbc22125167c298ef99da25668e1011f,2018-06-17 22:16:14,89.50,15.48
b86ddd788f0b18de16cd6562b3a9266c,1,f74353ffeaa55836a3cf603a2dcd855e,bb7a14e229b1c95156719c3d9552eeee,2017-10-16 10:04:54,388.90,18.77
b882b5c0534fa68c690e739dd788512a,1,de845f191115e91fadc9624c144488c7,87142160b41353c4e5fca2360caf6f92,2017-09-11 02:35:48,279.00,41.28
b896461e3ed46fe0c2f27a21c5a895aa,1,32ee3f4e2493045726807808d7abbab6,c53bcd3be457a342a97e39e5a9f0be22,2017-06-06 12:32:46,89.90,38.18
b8b331821864531800f736e470ad836b,1,1b474c650cb9407d32a1e066937b68fd,2eb70248d66e0e3ef83659f71b244378,2018-07-25 03:05:14,173.90,19.32
b8b755f4dbfb058b20c5c4ef662ddc9f,1,fab8297a9d2e7e1e756998675831f7e9,fa1a9dec3a9940c072684a46728bf1fc,2018-04-10 16:55:35,142.90,27.73
b8c123fb1b26f1adfb0d6f9d17255de7,1,b1d207586fca400a2370d50a9ba1da98,1ca7077d890b907f89be8c954a02686a,2018-01-04 11:37:22,149.00,8.30
b8cd3107b41b1232ec5ccc2958000acf,1,6e4abd8bd0f6bb6b4eadd011199af836,f45122a9ab94eb4f3f8953578bc0c560,2017-08-09 15:23:44,339.90,27.66
b8fefe14a54d37e67e2d26ecaf02760b,1,703be52823d96209cb055709ac70e5a6,4869f7a5dfa277a7dca6462dcf3b52b2,2018-05-09 18:54:09,220.00,38.23
b904f1d4eae5c3b0b494496e96606528,1,7f72a8900b3d2fc8fa2635b7836d6e6e,7299e27ed73d2ad986de7f7c77d919fa,2018-08-13 14:26:11,64.99,18.56
b94d24bf7142d13c25cfeb9804843d6f,1,0fe922b7f7d43ef454bbc241416e7401,f7ba60f8c3f99e7ee4042fdef03b70c4,2018-02-28 02:08:52,16.00,11.85
b9581bf1b646f4fc021b131e1ca4d034,1,1b06c90f0a31f14d0f505323b5723a80,f8db351d8c4c4c22c6835c19a46f01b0,2017-01-29 22:46:24,61.90,15.64
b95a0a8bd30aece4e94e81f0591249d8,1,6c04a068e5ab37749c980c42a036b9e3,48efc9d94a9834137efd9ea76b065a38,2017-01-09 12:01:20,10.90,8.72
b95df3cef5297e79ef709ba256518f6f,1,6cdd53843498f92890544667809f1595,ccc4bbb5f32a6ab2b7066a4130f114e3,2017-02-07 17:19:01,349.90,13.84
b97a140f6a4f36f110893d4b90929c0e,1,34cca2ce290bf56db69e0f6d2104fc37,2e1c9f22be269ef4643f826c9e650a52,2018-03-27 08:56:06,37.49,15.23
b97a140f6a4f36f110893d4b90929c0e,2,34cca2ce290bf56db69e0f6d2104fc37,2e1c9f22be269ef4643f826c9e650a52,2018-03-27 08:56:06,37.49,15.23
b9b51e569a2e79970555eb81107eb369,1,880be32f4db1d9f6e2bec38fb6ac23ab,fa40cc5b934574b62717c68f3d678b6d,2017-01-26 17:27:57,42.99,14.52
b9c36b2e480f35608baa49f90c9467f3,1,ca813b8942f85ee66b7b16d0e3855c37,1900267e848ceeba8fa32d80c1a5f5a8,2017-12-29 10:10:57,90.00,15.38
b9db568c807b745666940333af1f8618,1,d285360f29ac7fd97640bf0baef03de0,fa1c13f2614d7b5c4749cbc52fecda94,2017-12-26 09:58:28,348.80,16.19
b9dcd29b81f45fd68a5489a381a5a3fc,1,264a81631a296a509b3c2e047a4ad652,4bf2f4ee540798a61f9636d12cd9cc80,2017-11-10 15:55:49,419.90,36.74
b9eb9fbcca54dfce1d087c752d0f4b35,1,70afaf5a0fe1e5947d15e7f3751f390f,e06f09ec0a4aca210779cf1cfc63cf19,2017-10-24 04:00:12,18.90,16.11
ba3d713d46b9dadf35bf0ab911b06408,1,777d2e438a1b645f3aec9bd57e92672c,4a3ca9315b744ce9f8e9374361493884,2017-01-17 09:02:32,69.90,15.70
ba57df46d6c7801e304a57084265bd86,1,55b22991373bc1fc844500be10faf60d,0509040ea3fe50071181bbc359eb7738,2017-09-21 13:04:07,110.90,15.54
ba58760d97361d60f4af393e41c236cc,1,d04e48982547095af81c231c3d581cb6,4869f7a5dfa277a7dca6462dcf3b52b2,2018-02-22 19:55:55,284.90,13.49
ba6db6908932a9ed2a611c82ef295d37,1,062619359d5f9a664606cb2a6ccb477a,b1fecf4da1fa2689bccffa0121953643,2017-03-24 00:54:38,121.99,17.28
ba81383846b0b6c97b5160f986fa3707,1,334995514673fb6bae67885458b52984,53e4c6e0f4312d4d2107a8c9cddf45cd,2017-08-02 22:05:23,13.99,9.34
ba862e955a05f361d3cf620519c8d587,1,2e0a8fea09b84a86e1fef3fcdf244668,46dc3b2cc0980fb8ec44634e21d2718e,2017-09-14 05:15:26,89.99,58.90
ba8d16a572292d042403094d3c0fc354,1,999f8a403c25d68c828a6915e13e89d9,2138ccb85b11a4ec1e37afbd1c8eda1f,2017-08-02 21:15:08,26.99,16.79
ba8ebbd4a50913dea058ff7695922d95,1,de80c37c338574091896b7fdc81dc376,5b85809efd0d0e4dea1a9544e1280ed9,2018-05-24 18:31:37,189.90,13.77
bab0a62e41a5f0abc7f04989cdd7a6fd,1,f2b525fa6f0346d64e4efcf1b2302d31,822b63912576852aea9a8436d72317b7,2017-01-24 20:33:49,195.99,25.86
bacfb12b369a42b37e0246c786bf4637,1,49e038a7b8ba2e18d9a7a26c1f238544,55d3daac7c404d59e51c2aa2f4dc5a23,2017-07-19 02:55:59,134.00,52.95
bacfb12b369a42b37e0246c786bf4637,2,49e038a7b8ba2e18d9a7a26c1f238544,55d3daac7c404d59e51c2aa2f4dc5a23,2017-07-19 02:55:59,134.00,52.95
badb0dd3be1e47b016f7ce9a3a7168b8,1,b206760d97dbc76527bb07029a6179cb,85d9eb9ddc5d00ca9336a2219c97bb13,2018-01-31 03:38:42,38.90,15.10
bb06ae08acf9f68602e0b913282b62bc,1,4fcb3d9a5f4871e8362dfedbdb02b064,8581055ce74af1daba164fdbd55a40de,2017-10-23 09:14:12,143.80,34.67
bb2dfe6031f35f7abc9a3c7dad5e4467,1,b68cf84ede4fd1e14b1740de5b727d55,e24fc9fcd865784fb25705606fe3dfe7,2017-01-26 14:09:03,636.00,15.84
bb4355fedc9f43e7270f49187823b24b,1,f133fa2c8b27d82aab5e1a10df7012de,dbc22125167c298ef99da25668e1011f,2018-02-23 18:10:27,35.90,17.92
bb4eb3e71b30365a580e5a718bd8d1ae,1,cd442924cc287cda38d9de01d285b263,a416b6a846a11724393025641d4edd5e,2018-07-31 11:23:32,151.72,23.34
bb5fea89cce134344b32e4a09267f7aa,1,e1e932dfb67414e80b87ad97688cf2a3,fde0cc9ea29c8ccfc0a2c22256a58c71,2018-03-16 19:10:35,99.00,24.82
bb6ad5da18745c25ea9a43797598dfb7,1,473795a355d29305c3ea6b156833adf5,620c87c171fb2a6dd6e8bb4dec959fc6,2018-01-16 10:06:14,49.90,8.27
bb789ec51c304aae58b4ba3c11cb2fb3,1,2028bf1b01cafb2d2b1901fca4083222,cc419e0650a3c5ba77189a1882b7556a,2018-01-16 19:47:09,56.99,11.90
bb7c0440a98c76223de17ef728484ce5,1,d199462b8361a3e047e64595bce5b6ea,02dcd3e8e25bee036e32512bcf175493,2018-04-10 23:48:29,75.00,16.50
bb8a565ee080cd9009f0209bf124beaf,1,a5341e3f8155dbb3e62323d3ea289729,ff063b022a9a0aab91bad2c9088760b7,2018-01-05 18:31:59,93.00,13.21
bb90b02637daa6d6ea968529eed50699,1,d4a3ae5a2378f3e732a6d3ba73cc22e4,0b90b6df587eb83608a64ea8b390cf07,2018-02-02 10:29:22,293.50,14.18
bbcf632e5c697b7e9666005c55d10a80,1,779559842fc122d55edbd03153f35e81,f8db351d8c4c4c22c6835c19a46f01b0,2018-08-17 13:05:16,26.90,7.45
bbe9cd550cedc72e9c9ea15fe13bb91b,1,0b039b61011417822882815943f13dac,8b321bb669392f5163d04c59e235e066,2018-03-23 18:15:48,23.70,8.29
bbeabf588cfd1094a645e92fcf277020,1,a188cd985f0f3f455caaba35a00dc5ff,5f5b43b2bffa8656e4bc6efeb13cc649,2018-01-19 19:50:59,169.90,18.44
bbf4d375e40f5e365a316b81b16829b7,1,9f7b48e2d4e4d7375f71a10791faa1b8,259f7b5e6e482c230e5bfaa670b6bb8f,2018-01-18 11:30:57,59.90,13.08
bc0750dbbde0ce52c81895096a0deb7b,1,f9377612042bc929a4aae64a8dbc58da,16090f2ca825584b5a147ab24aa30c86,2018-07-31 11:50:12,27.90,18.30
bc69b5e9887af14f06d598b85ab607df,1,b552f05d01ef252ee3a1855af6f8dd1b,f419677537694f0462a91990df6ca44f,2018-01-03 08:46:58,55.90,15.14
bc8015ad7d68e2f870c4b6f319c88f0b,1,6931796bb4e63c4dd0919290c8cb699e,004c9cd9d87a3c30c522c48c4fc07416,2017-12-28 23:12:20,99.99,13.72
bc839831ba2010861cf9e75ed8f1306f,1,8603fd58099e4089e9811dfffe1d5ea2,7fc87cc3e89b3d1d5cabdca32f8485aa,2018-08-22 13:05:26,139.90,50.50
bcd894d1c63a81b9b1872a8b9579f546,1,715a41d0a95641fda38167ad49142b7c,57c764b4a836300be881e2ff86e449f9,2017-02-21 10:27:22,79.90,15.77
bce3ba299a4d73c52b90686a13c29a57,1,3dd2a17168ec895c781a9191c1e95ad7,de722cd6dad950a92b7d4f82673f8833,2018-02-21 02:55:54,149.90,27.59
bd2623f3663c5daa3f89e6b527fd49da,1,6d59a3fe3140425fb175cdd1e688dc2e,cca3071e3e9bb7d12640c9fbe2301306,2017-01-27 17:08:01,29.90,10.96
bd2aa26e4f7a6a33b7971cfc04a07c56,1,cb81df0e3ccece253557f2a07df4727e,669ae81880e08f269a64487cfb287169,2018-05-15 02:57:22,45.00,18.23
bd61cca18344a303e8e6bef9861d64c5,1,90b8a54ccc8372ea12573a7fd3312c33,7139dc5186aa238b006e066d8fbab2e4,2018-08-13 02:50:32,32.00,12.88
bd81ffff0f0fbc533b7f763812cecf34,1,5038cd913f549498c7e7251739050b0e,537eb890efff034a88679788b647c564,2018-05-15 20:30:43,21.90,18.23
bdb2bc3c571eb25e242b01f591816c7b,1,154e7e31ebfa092203795c972e5804a6,cc419e0650a3c5ba77189a1882b7556a,2017-10-11 11:28:29,23.99,14.10
bdccf03ca8600528b6f897db4f6329ef,1,759c85bda80286f647f1f71b847c6457,f8db351d8c4c4c22c6835c19a46f01b0,2018-03-16 12:29:14,33.90,18.23
bdda3ba1c505bc39ff2117e340280a74,1,135679c12dc580ad4a0c87b494a46942,00720abe85ba0859807595bbf045a33b,2018-08-07 17:05:21,132.00,9.67
bdf4423bf60eac03b6786ebd0e507cc1,1,2636a9812d151c718b53387171ce08be,b17b679f4f5ce2e03ce6968c62648246,2017-01-30 23:10:07,30.97,10.96
be01aa43cde592a2cb281cb5d36359d8,1,51e8feeedd83467b86a79aa2769367c5,1da3aeb70d7989d1e6d9b0e887f97c23,2018-05-22 03:12:59,17.99,12.79
be087f2e4d527446e82a0e44d5f95d34,1,2d7bc40a076687ee0ad5b507ecafd4f3,2bd05d410a8fd26dc4184a15f4f2f588,2017-02-06 11:41:13,53.00,14.13
be09f109e6aa72ccad1f72f521f8d525,1,7d1de1f9f0157db00486b7ff28b6c5a2,8a87611c08849ffeeccab52aa798b6c7,2017-02-02 20:03:45,110.00,18.00
be0cc702e034bfbeba1a8a006eb9dce5,1,a0cb23ea9b98f51407ac7bd1fcd29c2e,7d76b645482be4a332374e8223836592,2017-12-18 13:10:59,24.99,7.78
be13c8dcfef55266122ed7d751f92ce3,1,79da264732f717f10ebf5d102aa6c32a,562fc2f2c2863ab7e79a9e4388a58a14,2018-05-02 04:11:22,29.99,12.79
be449a37a242b89d7c027246275dc0f9,1,9a55374d155f754b8e04eea54625b358,2bf6a2c1e71bbd29a4ad64e6d3c3629f,2018-01-08 12:29:24,1650.00,27.31
be65bdeffac02d6d8d3b667875e6da05,1,cfa7ee31b3e91eacffe78176dc964965,18a349e75d307f4b4cc646a691ed4216,2018-08-01 21:24:48,12.50,7.39
be713173db53bf7fa11050f91ac461ce,1,9163c7e81fd68452472912c4cde810aa,b499c00f28f4b7069ff6550af8c1348a,2018-03-15 17:10:34,34.99,19.32
be73d4698f2f4939662dd7788cf3dad3,1,feb593f17c2f51af2932dbba3e99f1cb,e21a1e8be4715b0fcfd5385643bc49c4,2017-07-20 16:45:18,29.90,15.10
be754126110440ba89a5456475333453,1,d6e74e35591c053e5cbab04d84c223b5,c1ed9e3daf6154542826a6996af0fb8c,2018-03-12 03:55:55,65.90,16.90
be754126110440ba89a5456475333453,2,d6e74e35591c053e5cbab04d84c223b5,c1ed9e3daf6154542826a6996af0fb8c,2018-03-12 03:55:55,65.90,16.90
be754126110440ba89a5456475333453,3,d6e74e35591c053e5cbab04d84c223b5,c1ed9e3daf6154542826a6996af0fb8c,2018-03-12 03:55:55,65.90,16.90
be754126110440ba89a5456475333453,4,d6e74e35591c053e5cbab04d84c223b5,c1ed9e3daf6154542826a6996af0fb8c,2018-03-12 03:55:55,65.90,16.90
be754126110440ba89a5456475333453,5,d6e74e35591c053e5cbab04d84c223b5,c1ed9e3daf6154542826a6996af0fb8c,2018-03-12 03:55:55,65.90,16.90
bed92d04d48ce1e3411d7db5c984d57f,1,19c91ef95d509ea33eda93495c4d3481,06a2c3af7b3aee5d69171b0e14f0ee87,2018-08-28 15:55:23,122.99,63.11
beeff7037aa708c19973290382629a4c,1,a24198acc2d0e8240c40d914bd18df04,218d46b86c1881d022bce9c68a7d4b15,2017-01-30 18:54:48,209.99,12.86
bf4753bf93e0d4b25fab22e045029e7e,1,663d6ef343ce527b3548d6a255f89eb8,6d66611d7c44cc30ce351abc49a68421,2018-08-06 19:25:13,65.90,22.39
bf48c37aab37d5df8bf6bd53727693d8,1,9f2d98026e781b854b26e7551b263a6c,1c68394e931a64f90ea236c5ea590300,2018-07-22 23:24:00,151.90,19.16
bf4931e6025b2bdd77ffa4264659c9e6,1,5b8423dc7f23089c9c59c5d140eb5a1c,a3a38f4affed601eb87a97788c949667,2017-01-31 18:28:44,129.99,18.00
bf57d88907afc221e0eeb3e12da03657,1,67c3a22492bcb6677d6ee56b8516f537,6cd68b3ed6d59aaa9fece558ad360c0a,2017-10-18 15:36:31,118.90,23.15
bf77be9e5c844064520fc976a02eba7f,1,4328139cbe9adde0aac493ca9871eab3,8160255418d5aaa7dbdc9f4c64ebda44,2017-10-27 10:50:11,69.90,17.74
bf88003f2580db7589007ec44bc85695,1,fdf648fe44c2e24e9857c8d4ad5a7028,903037660cf848a717166eb7a06d616e,2017-02-02 20:55:38,22.79,18.00
bf99c65e08505b49813ebded6969d109,1,05c8eb0ae68c09cae5b68d673652e7f8,0ed6ce5d87fd9c69eaacaeb778d67235,2018-07-03 11:56:42,19.90,18.24
bf9d705db9fe15b5bd6a0a35c3e3365f,1,441571d37eb4c02c1686c4a2cff8a8e5,5a8e7d5003a1f221f9e1d6e411de7c23,2017-01-15 19:21:04,119.90,11.45
bfb1d0f7664c36a532d74c4cf0da37af,1,9aedf557945e816d48539ee56293f860,53243585a1d6dc2643021fd1853d8905,2017-09-08 17:25:22,1200.00,40.85
bfb7ce007bc3f08b946a9c620bbf344e,1,9fc0c73ce4d0eaaead44e81eeefebeb0,c3867b4666c7d76867627c2f7fb22e21,2017-07-20 14:15:12,68.00,15.23
bfbe5ec8665cf556e806616b9620be05,1,c5038055690911ed8e218cceb07acdf8,f8db351d8c4c4c22c6835c19a46f01b0,2017-11-23 22:06:30,368.90,27.42
c04bad4eeff4c1cec55dffc72e2d3a85,1,1b7b45fba5ad23e8117914f8b36e6772,70eea00b476a314817cefde4aad4f89a,2018-03-28 15:31:17,159.90,25.30
c087855fe6f303205c09558f7f8103c8,1,18f8fed8a737a4399a369ef33b21cb3b,0ea22c1cfbdc755f86b9b54b39c16043,2017-05-24 21:35:16,14.90,14.10
c08f913d8edeabde7839e5b6a953ecf3,1,aca2eb7d00ea1a7b8ebd4e68314663af,955fee9216a65b617aa5c0531780ce60,2018-03-25 22:50:40,69.90,12.43
c0a70f802fa139670e7987afc9acd16b,1,65266b2da20d04dbe00c5c2d3bb7859e,2c9e548be18521d1c43cde1c582c6de8,2018-03-22 17:28:46,19.90,8.29
c0b2c20ed167622980ba4586d4f60168,1,844c6d466a0b3ae37536094e43dc4522,2138ccb85b11a4ec1e37afbd1c8eda1f,2018-03-28 20:50:24,21.99,37.04
c0b467fc5a41347b9e8e6000e3526d21,1,5cfd0dd99d6abe195fbac37da351697c,8a432f4e5b471f8da497d7dc517666e2,2018-07-03 10:30:52,59.00,23.21
c0d51e9a78ec5b240836342d1ada7d1c,1,72a30483855e2eafc67aee5dc2560482,c3cfdc648177fdbbbb35635a37472c53,2018-03-01 13:10:10,89.10,16.87
c0e194a5482be6d94f4dff49e935b811,1,601a360bd2a916ecef0e88de72a6531a,7a67c85e85bb2ce8582c35f2203ad736,2017-12-14 21:12:45,129.99,18.16
c0ed1e5690afee470f14fca47046cffe,1,159dc4423e5092c3baa443379a458fa9,5c243662ce92d84573bfaff24c3e3700,2017-05-30 13:10:30,458.00,19.96
c0f8ab6b8ca98ae53f4acc203b206e0d,1,93914ef5901d870afb5c7c9ac77a50a9,cca3071e3e9bb7d12640c9fbe2301306,2017-11-17 11:46:27,118.39,18.08
c101853f695b94e64c34f41941ff1048,1,f71f42e2381752836563b70beb542f80,85d9eb9ddc5d00ca9336a2219c97bb13,2017-08-03 08:30:21,31.90,16.79
c10f283ced7431fdfdcc159b12344b11,1,d581a9097bc2a13adf46bbd864ee0d08,709e16e2b25c7474d980076c6bfc4806,2018-06-15 20:32:00,59.00,13.07
c10f283ced7431fdfdcc159b12344b11,2,d581a9097bc2a13adf46bbd864ee0d08,709e16e2b25c7474d980076c6bfc4806,2018-06-15 20:32:00,59.00,13.07
c1156d369c303a211cdb53c6125a33b7,1,f83c9874b5b5044ea58fef1be68c1ea8,2e90cb1677d35cfe24eef47d441b7c87,2017-06-27 19:45:12,132.70,16.63
c117260dea8a83dda05418ae635e57bb,1,d2b42ba1cc7c04d6f6e4ea54392b95fa,8b321bb669392f5163d04c59e235e066,2018-03-12 03:49:18,18.00,15.10
c11e4b7ceb73050e960f5b9ff6b75a72,1,554fc36c06624912230e7355ab7be734,1127b7f2594683f2510f1c2c834a486b,2017-08-16 11:30:14,41.31,17.63
c13f61a17915a48e0741b02a6b7a3fe8,1,592dcb7933e5bf8d04d6b80a6c6312a2,cca3071e3e9bb7d12640c9fbe2301306,2017-01-28 15:01:29,59.90,13.00
c1875eb040541568d58640849b68b052,1,48428054567e07738a70f9d2a9fa0475,cc419e0650a3c5ba77189a1882b7556a,2018-03-16 13:28:03,44.99,19.04
c1b370b659841b645967ebbac6a5adae,1,87cc2aef12eddf0b170234138b0946e0,34d1ca11b242c0fee2c834ae8d788566,2018-05-03 23:30:59,185.81,39.35
c1b3a881aed70415ec2c1cd40d217d5d,1,0b18bdc51d81f585573501ece135a6fd,8bb48dc19fccaa8613b6229bf7f452a2,2018-03-08 02:10:02,16.99,16.11
c1bb430ee85802d59d07d0f769d32e2f,1,0a48b93d24c0c87253c73da8cb8c2e80,d8b8f2cf9ff6ba0389072541cb42498c,2018-05-29 11:18:41,149.00,20.01
c1c72f2ef4448fb419f0f87a2d092003,1,7d681f285e6416b6dcba8a65d774cc86,15aac934c58d886785ac1b17953ea898,2018-01-18 16:17:47,19.00,25.63
c1c86ba217bd2363ca1f95f2f6d19abf,1,aca2eb7d00ea1a7b8ebd4e68314663af,955fee9216a65b617aa5c0531780ce60,2018-04-23 14:52:42,69.90,12.43
c1e9744452fb7f55208a14610436019c,1,2e646100c09716fb079573d7ee979c19,e63e8bfa530fb16910dd6956e592bb81,2018-07-10 16:31:30,29.90,7.47
c1e9df16ff9d33f95cd4e24e6e064c38,1,a2a61ecd4e916c3ff787c137d23957bb,53e4c6e0f4312d4d2107a8c9cddf45cd,2018-06-11 17:30:28,47.20,11.15
c1f0e475378c6500b5907a2134bda1da,1,5a76b277c6c31033b89362512fb80274,d1c281d3ae149232351cd8c8cc885f0d,2017-10-25 16:07:43,37.99,16.11
c24d2f7d4ac8f5e961e730da59972c7d,1,6d3d8ade6b793a08b041b6bc653c08ca,5343d0649eca2a983820bfe93fc4d17e,2018-05-16 20:31:03,42.00,17.93
c2546b80d080e344c3698d9d75bd439f,1,2028bf1b01cafb2d2b1901fca4083222,cc419e0650a3c5ba77189a1882b7556a,2018-04-30 10:55:15,49.99,19.04
c25563978406540119e9bc10980b2fdd,1,f5bb0eef3914b07a9dea355a6a3069da,ef506c96320abeedfb894c34db06f478,2018-01-02 08:07:46,25.99,17.63
c2575ff905b5b189ccda375084be2de2,1,0a57f7d2c983bcf8188589a5fea4a8da,4869f7a5dfa277a7dca6462dcf3b52b2,2018-05-09 21:12:12,95.90,17.58
c26761f0a70b2b7e0bb437aef502ffc1,1,00a8c742ae1da97e9064205459977e6c,9f505651f4a6abe901a56cdc21508025,2017-12-29 02:17:36,14.99,14.10
c26f6a2ea3a573319aa40ffebdc1a43a,1,f8f93700c26007f74716eca57d217cfd,d57e18d5f73c7ccb7f7339b61166898d,2017-10-19 18:35:18,55.90,16.15
c271d6d965ce901e7efaae6879247e43,1,573722511f4fc28539f3d8810a50ea1c,77530e9772f57a62c906e1c21538ab82,2017-12-29 15:30:20,49.00,21.15
c271d6d965ce901e7efaae6879247e43,2,573722511f4fc28539f3d8810a50ea1c,77530e9772f57a62c906e1c21538ab82,2017-12-29 15:30:20,49.00,21.15
c28999f880aa66431b70511211d4ac6a,1,21a13332dcf9044716216914708f5d11,4c2b230173bb36f9b240f2b8ac11786e,2018-05-03 21:31:01,22.90,7.39
c28999f880aa66431b70511211d4ac6a,2,21a13332dcf9044716216914708f5d11,4c2b230173bb36f9b240f2b8ac11786e,2018-05-03 21:31:01,22.90,7.39
c2b188860433e96beb3ef17cf8e69b0d,1,cd3ee451bebe79ab56e507d101897b91,cce6ab8d1682639fe45ab70234f1665f,2017-11-03 19:56:14,40.00,19.59
c2b819b02527dbe8dfe424c00d999e0c,1,4a69baa66a13d1adeb41cfe3bc0c27be,bbad7e518d7af88a0897397ffdca1979,2017-12-12 22:39:32,99.90,16.46
c2e3ee5ef901092148e19caccfe10ffb,1,5403528d987ad26e8d7cb25940411987,6560211a19b47992c3666cc44a7e94c0,2018-08-08 21:05:09,49.00,7.60
c301f64860cec992f8d9c532fb00f867,1,2136c70bbe723d338fab53da3c03e6dc,6560211a19b47992c3666cc44a7e94c0,2017-10-13 04:05:54,29.00,7.78
c301f64860cec992f8d9c532fb00f867,2,14a0471af2a7bc596532fc8a6f29b1f8,6560211a19b47992c3666cc44a7e94c0,2017-10-13 04:05:54,29.00,7.78
c308c2ae15a981044aa6d93a3c6bcf1a,1,ca5c923962558430573f83661dbe36d6,66922902710d126a0e7d26b0e3805106,2018-06-01 03:55:04,96.00,23.25
c34636be7a1584abe05847e5d4b1c3c8,1,57d2fa6882b789ad55e86074398826c4,afe0067131b73e40875c9b6c10bd2e21,2017-09-28 18:06:11,89.90,17.88
c36b97b242c0409d5f536b647b56256e,1,42749c525c90994bd3d4c74edf047172,d51e0a403fe2e689ece6c73359d96e12,2018-03-01 18:25:33,198.00,18.64
c37d452db8a3abfa3d99c322e92ef0ef,1,ca349c4d87c594b4995fcc4fa9c0b77b,b499c00f28f4b7069ff6550af8c1348a,2017-01-30 15:50:03,39.99,14.52
c38c9bc64c50852ae814ac2dc6bff45d,1,0ceb7ce77881482fe28344a2c31fb584,c522be04e020c1e7b79f3acff36513d5,2018-06-14 07:12:19,139.99,23.48
c396df58ede55fc38761c0382b3bc791,1,389d119b48cf3043d311335e499d9c6b,1f50f920176fa81dab994f9023523100,2017-12-21 02:17:13,59.00,37.96
c396df58ede55fc38761c0382b3bc791,2,389d119b48cf3043d311335e499d9c6b,1f50f920176fa81dab994f9023523100,2017-12-21 02:17:13,59.00,37.96
c39fdd3fcd0af98b287d3c9732a7eb38,1,154e7e31ebfa092203795c972e5804a6,cc419e0650a3c5ba77189a1882b7556a,2017-09-11 11:55:09,23.99,14.10
c3aa096e341a72813ecfb834df16b91e,1,b520bae2a8c9790cac40196cb2025283,b499c00f28f4b7069ff6550af8c1348a,2018-06-20 02:31:20,44.99,18.42
c3aa096e341a72813ecfb834df16b91e,2,b520bae2a8c9790cac40196cb2025283,b499c00f28f4b7069ff6550af8c1348a,2018-06-20 02:31:20,44.99,18.42
c3ad507aba1f6b47354085e7e6bed0cf,1,6cc859e89d080218ff4416539ffa030c,cca3071e3e9bb7d12640c9fbe2301306,2017-01-26 19:46:23,99.90,41.26
c3ad507aba1f6b47354085e7e6bed0cf,2,8e0aa05a387182c8ef3cd13b6131e60f,cca3071e3e9bb7d12640c9fbe2301306,2017-01-26 19:46:23,169.90,14.86
c3ad507aba1f6b47354085e7e6bed0cf,3,6cc859e89d080218ff4416539ffa030c,cca3071e3e9bb7d12640c9fbe2301306,2017-01-26 19:46:23,99.90,41.26
c3ec5c70256966fe8951602e15e63495,1,2b5bed5ddd304876b5d0c3eca2b6cbce,cca3071e3e9bb7d12640c9fbe2301306,2017-02-25 13:36:49,97.90,13.27
c405d70e7eb2ef546a6e54524412a9f2,1,504f07e36481e5e72043def3d874b92a,2e1c9f22be269ef4643f826c9e650a52,2018-04-25 02:51:24,110.49,9.13
c40c8f44fadbd73ec33576de59af7037,1,403f76f6cb6bac59fe7dcb462ec42ac3,6edacfd9f9074789dad6d62ba7950b9c,2017-03-08 03:45:21,94.90,15.87
c41fcb90e5c4e310d014634135fb1279,1,bb90206fa281c20f0b4c42a2393b54dd,9c0e69c7bf2619675bbadf47b43f655a,2017-05-18 02:45:12,219.90,17.30
c41fcb90e5c4e310d014634135fb1279,2,bb90206fa281c20f0b4c42a2393b54dd,9c0e69c7bf2619675bbadf47b43f655a,2017-05-18 02:45:12,219.90,17.30
c4314d0c3517d1afc447262855bd2a08,1,089447f48055194b36dd135e1a353cff,a1474fd46fd3430168f7ec202da39408,2017-03-07 17:37:06,99.75,26.96
c44a0e141b356b764ccf469f82c3544d,1,79c0ace2ccf0da036e787875a49151a4,b32be1695eb7ec5f10f72d9610a12527,2017-12-29 16:08:50,379.00,71.53
c456339d894d329ad45d39e3d6796b90,1,01ebdb7ca76a3c581c0d5229ed80be7c,1127b7f2594683f2510f1c2c834a486b,2017-10-23 22:05:18,28.96,8.72
c45a8b174ec48970c3ab42171bc702fb,1,419cb1b441eda9b92ebd1a1b96090c26,ea8482cd71df3c1969d7b9473ff13abc,2018-02-27 03:31:27,29.99,14.10
c4669e882068cc0ade2697ed2169326e,1,9fc063fd34fed29ccc57b7f8e8d03388,ccc4bbb5f32a6ab2b7066a4130f114e3,2017-01-31 21:44:24,370.00,24.52
c46a116ac9c84425011f5e56acb66c85,1,a5341e3f8155dbb3e62323d3ea289729,ff063b022a9a0aab91bad2c9088760b7,2018-02-21 19:26:08,93.00,13.21
c4c4d6af87a38d11687de496459bb99b,1,9b9d1c4bd979b93c138044e032f99780,7a67c85e85bb2ce8582c35f2203ad736,2018-03-12 20:32:01,99.99,18.28
c4dad201936ed30eef3c94fafa59ed6e,1,779dd392d4fbe5ca656bf3ceabecbf0b,1a932caad4f9d804097d7f8e615baed1,2018-05-30 12:59:13,119.00,14.83
c4dad201936ed30eef3c94fafa59ed6e,2,779dd392d4fbe5ca656bf3ceabecbf0b,1a932caad4f9d804097d7f8e615baed1,2018-05-30 12:59:13,119.00,14.83
c50e38fc8b688b01c6a4109a6e075977,1,dc9471db933efad7bf0ce685380578bd,25c5c91f63607446a97b143d2d535d31,2017-11-17 00:30:25,277.00,48.47
c52439e463e5cd80125600ab8ee93344,1,341d85d688ecc3353cf2a968e7ad0dbf,620c87c171fb2a6dd6e8bb4dec959fc6,2018-01-29 17:02:19,129.90,15.66
c52497bdac8af9917fe744d605bdc43b,1,6050e522f532bdf1c69623a0312a39db,066a6914e1ebf3ea95a216c73a986b91,2017-02-02 22:47:29,99.90,18.00
c52edad050bea3d2f56fbc6be373c44f,1,5b8423dc7f23089c9c59c5d140eb5a1c,a3a38f4affed601eb87a97788c949667,2017-01-28 18:22:14,129.99,34.11
c536b6b70c5e68d35e68e55e95d873f5,1,eb7fae76f525c0a4af365291e609685b,76de363de16dacc923eec8daf91df504,2017-09-28 00:42:11,110.00,18.02
c54d822dcfd0f7c672574a607c9403b3,1,87b77bddc8fa1c1272ec769a5134310c,7299e27ed73d2ad986de7f7c77d919fa,2018-06-05 11:13:41,699.99,19.75
c57cf7b41f793c7c74b7e51f236eb57f,1,d189fbf8b5d79a670cebcaaad68d77b2,0d85bbda9889ce1f7e63778d24f346eb,2017-08-21 03:50:22,59.90,18.04
c57fbb30efb2a0170ccc3db897839462,1,ed7f66fbbc819ef7aa1894d2c34065f1,7a241947449cc45dbfda4f9d0798d9d0,2018-02-19 09:47:08,15.00,17.60
c57fbb30efb2a0170ccc3db897839462,2,ed7f66fbbc819ef7aa1894d2c34065f1,7a241947449cc45dbfda4f9d0798d9d0,2018-02-19 09:47:08,15.00,17.60
c582a4926632a43d138711ca8b412ef3,1,f49f59559a40c88ed4beeacac8b25e71,aaed1309374718fdd995ee4c58c9dfcd,2018-06-27 16:55:12,40.90,18.39
c595bbefb93ccf827f9dd4b7c3f25785,1,5cd07c84a1c25575ac2fc3fa73f1d952,86bb7c4b535e49a541baf3266b1c95b1,2018-01-23 12:54:50,597.90,21.44
c5aa608be7773dfa4624ed1c239bae4f,1,44bcb65af690208a4f3c2fc2a0773758,97e50a621f8e801f4baf69e08687c192,2018-02-27 07:25:09,89.90,7.88
c5b4cf4aabaf93ce294452d114ae22a1,1,23227b07fc69250d2fa4be6602011aea,e38db885400cd35c71dfd162f2c1dbcf,2018-01-25 11:57:47,64.90,19.69
c5b5456c785367bef488a2e46479242a,1,a630323d497e2acc89574e8b792c6936,e9bc59e7b60fc3063eb2290deda4cced,2018-04-26 16:31:43,152.50,24.00
c5bb91ea2129a21a4f424d356a4d28fa,1,c9798643ad1a1a5a02c1bdfbafa78323,eeb6de78f79159600292e314a77cbd18,2018-07-09 14:31:39,169.00,74.62
c5bdd8ef3c0ec420232e668302179113,1,134957eeec87be2414ac629ee0b947a4,87142160b41353c4e5fca2360caf6f92,2018-05-04 02:55:22,19.90,11.15
c5bdd8ef3c0ec420232e668302179113,2,8a3254bee785a526d548a81a9bc3c9be,96804ea39d96eb908e7c3afdb671bb9e,2018-05-07 02:55:22,0.85,22.30
c5ef8c0266eff0d27d9d8f279a2e85cc,1,e0cf79767c5b016251fe139915c59a26,da8622b14eb17ae2831f4ac5b9dab84a,2017-11-09 23:15:35,29.90,11.85
c60956035ba2a58820be572c70648e28,1,49eeae59754cbcf1abeeffb8f51184ee,972d0f9cf61b499a4812cf0bfa3ad3c4,2018-01-03 23:48:29,69.20,17.13
c63d4cef8337f938b3bfb0b96b7b1242,1,06c38a87544301cba8b0fb5a0796383d,dd533b429f380718b70ad9922c294bae,2017-05-22 03:45:26,52.90,20.86
c65c62970b6f828387d4db9a25361d96,1,cd48f265a63e13b762601f5f794c5fca,e9779976487b77c6d4ac45f75ec7afe9,2018-07-18 19:03:58,47.49,18.43
c671c0f8b33c619e3e77d7ccd3b934e0,1,2b0233a7e7ded4751e8e3812f9a4553e,8c16d1f32a54d92897cc437244442e1b,2018-02-15 20:30:43,21.49,12.60
c671f90758b4e249a77ccaf0726e2fba,1,0a74b9407eaec9d6c760a1e92c10d96c,f41ce2e25237f9092cd8e6e7516c7a2f,2017-10-13 17:14:11,90.00,15.39
c672b98a0a2c7259aefae3ac12397137,1,b5cd16b170e0359c2b59e10cbc21e791,46dc3b2cc0980fb8ec44634e21d2718e,2017-05-26 13:05:49,229.99,17.86
c68e47bd3dab5dd575a6c65848663923,1,7d854ab97c64ef9df2bbfaf332765786,aac29b1b99776be73c3049939652091d,2017-05-17 16:45:25,59.90,17.67
c69100676baa7e0edfa0e2ce74d034b7,1,ac25e2fbad9f60979fc3bfeda708178b,17e34d8224d27a541263c4c64b11a56b,2017-08-24 10:15:12,43.62,15.10
c69a4e800792132c8c39b559c8cda572,1,6d2c812450dd02b2f87495af63f9b709,2138ccb85b11a4ec1e37afbd1c8eda1f,2017-04-19 02:42:44,26.99,8.72
c6ab8a5c6fbd3bf57e9ad8407d950cc6,1,e9b2560544c293e02f2b966041e10f24,8e2b3afb420011ef0c88c9d5f11ea526,2018-02-02 11:21:15,144.90,12.22
c6be81e3c1e9e15e5893e19d7ce49647,1,88d524b8b5576da63abf7b16bef48a39,2a1348e9addc1af5aaa619b1a3679d6b,2017-01-30 20:15:14,48.90,14.11
c6eb5dced200e49271f44b142658b6bb,1,2636a9812d151c718b53387171ce08be,b17b679f4f5ce2e03ce6968c62648246,2017-01-29 22:19:51,30.97,10.96
c7024b0259d1e73df96b2f98d588b19c,1,80df62ce491a20d390c9f69402310f0a,85d9eb9ddc5d00ca9336a2219c97bb13,2018-03-20 02:51:13,38.90,12.48
c713e92621de8e6880f8de2b10923243,1,4fd6ec612afa6f67b850b157f00a3368,955fee9216a65b617aa5c0531780ce60,2018-05-04 02:51:42,22.99,12.76
c736eebe212e3065b4ca629fb98389f8,1,3c5229dee6997f28485a65cbabceacb8,dfa0c4c6229ab200a4a1336b4d7128ff,2018-08-27 07:50:12,63.00,16.63
c7484ff7d357d78f749b7ffdf44d5315,1,aee3f592b58fb4d19977aac4159cd4b1,e24fc9fcd865784fb25705606fe3dfe7,2017-04-19 23:22:00,246.00,12.33
c7d2e4441e2074bed6ad0cd9ee428f3d,1,3f14d740544f37ece8a9e7bc8349797e,f457c46070d02cadd8a68551231220dd,2018-03-01 09:55:29,84.90,47.50
c7d2e4441e2074bed6ad0cd9ee428f3d,2,36f60d45225e60c7da4558b070ce4b60,88460e8ebdecbfecb5f9601833981930,2018-03-01 09:55:29,67.90,4.13
c7fcffa49558768b02ee67ce65140cc1,1,d017a2151d543a9885604dc62a3d9dcc,6560211a19b47992c3666cc44a7e94c0,2018-02-27 10:32:11,49.00,11.85
c818ed0d99c7998f73659bd934936177,1,c4cca1d23088d10099f52159878b6686,dc8798cbf453b7e0f98745e396cc5616,2017-01-29 10:09:17,54.90,14.55
c8209c0d2a92297dcfe3d8d71dfb551c,1,bdb4be6ce2f7f2b5be0a16088028c7fc,955fee9216a65b617aa5c0531780ce60,2017-12-19 14:21:49,85.00,14.20
c8209c0d2a92297dcfe3d8d71dfb551c,2,bdb4be6ce2f7f2b5be0a16088028c7fc,955fee9216a65b617aa5c0531780ce60,2017-12-19 14:21:49,85.00,14.20
c8375e79155a5bfc564dd3da053bdd15,1,21edbdf0b0622b2ed89051c88ae8d43c,7994b065a7ffb14e71c6312cf87b9de2,2018-06-25 11:58:23,56.90,38.20
c84fc53c53493ddf7c688d601056510e,1,b5e13c9a353102f79c6206ff5cb61a50,a49928bcdf77c55c6d6e05e09a9b4ca5,2017-10-11 08:56:27,79.90,11.76
c85f30d2bcd5e2a640f2c99024171998,1,af2d506fb01b724e03591349ad36b67e,4b9750c8ad28220fe6702d4ecb7c898f,2018-02-05 12:15:58,48.90,16.11
c870c1f3a9ba62194d1060c0accb18dd,1,b4f9530c931398e215242293c2c8ba4c,4e922959ae960d389249c378d1c939f5,2017-01-28 11:15:23,45.00,11.03
c870ef6a8e1d8eec841d79b42a6a20e4,1,1c2862e8f831c73dd953c24b3fd5b9e2,df560393f3a51e74553ab94004ba5c87,2017-01-23 20:45:08,31.50,14.52
c87c029dedce9ae21aa8cd97464af0c3,1,869c418f22e0c0ed9207ff691f279e46,e63e8bfa530fb16910dd6956e592bb81,2017-12-28 02:11:53,32.90,17.63
c87c029dedce9ae21aa8cd97464af0c3,2,d1a790e97df2101ed61553a5fc1cfe02,e63e8bfa530fb16910dd6956e592bb81,2017-12-28 02:11:53,32.90,17.63
c89d81740da0f2eca4cdbac9c558ed6a,1,f1fe595ee7ef768b41bd9b246d13432d,81a1104df0f08b59c68aa5b03cfe398e,2017-11-03 14:30:16,99.90,16.95
c8b572e51cdb580076ed91bd1ead1fe5,1,165f86fe8b799a708a20ee4ba125c289,7ddcbb64b5bc1ef36ca8c151f6ec77df,2017-11-23 13:50:41,166.99,21.66
c8bf388d81617b961b598bc9b8b30811,1,afeeea6271148ee1bb15173b8187c431,53243585a1d6dc2643021fd1853d8905,2017-12-14 20:14:29,189.90,9.89
c8e6cc0d58104bbddf6c5c8d07f58bf7,1,0aabfb375647d9738ad0f7b4ea3653b1,37515688008a7a40ac93e3b2e4ab203f,2017-07-31 03:43:40,19.90,15.10
c8ea1ac95f4f994f94fb57e99dcca985,1,389d38a555287ebf3413ce43392cf007,2a1348e9addc1af5aaa619b1a3679d6b,2017-01-18 01:16:14,34.90,14.11
c8f14c24a3948d96d4022f50b14a0034,1,a8d2c5e8f29550a539f377d977f10a52,7e1fb0a3ebfb01ffb3a7dae98bf3238d,2018-04-12 12:08:59,88.00,22.33
c8f4027dbf44d9747152dca781b0cc37,1,cb92637d91f8267856d2143b6fc7bd9e,376a891762bbdecbc02b4b6adec3fdda,2017-12-27 13:13:50,55.00,21.19
c900c2a8fb7c9834925f3110fd7ed231,1,72ef87b1953a2844ed089bd6dcf73913,8c16d1f32a54d92897cc437244442e1b,2018-01-18 02:31:56,61.50,16.19
c90735c78d397563ca13855251a0b5cb,1,4cac1a12a6fe9ffba4a9556dbe582e28,7ddcbb64b5bc1ef36ca8c151f6ec77df,2017-10-23 22:26:40,25.99,15.10
c91097c936cb64d71ceee3f0d99927ea,1,3b2171e2d0d589efd2eb579ced25dc80,83e197e95a1bbabc8c75e883ed016c47,2017-03-13 04:15:17,119.50,21.16
c91097c936cb64d71ceee3f0d99927ea,2,3b2171e2d0d589efd2eb579ced25dc80,83e197e95a1bbabc8c75e883ed016c47,2017-03-13 04:15:17,119.50,21.16
c930f0fb9c6fed6ef015de48ea8dd5ea,1,885d15f0bcf8b27f592327ee58f0fcf1,76d5af76d0271110f9af36c92573f765,2017-08-07 15:05:14,42.90,7.78
c950a394ee0369c853e3a1a55090e287,1,591cf821695e4e2934a87e07122f7839,6560211a19b47992c3666cc44a7e94c0,2018-06-10 21:52:32,16.00,7.39
c950a394ee0369c853e3a1a55090e287,2,591cf821695e4e2934a87e07122f7839,6560211a19b47992c3666cc44a7e94c0,2018-06-10 21:52:32,16.00,7.39
c950a394ee0369c853e3a1a55090e287,3,591cf821695e4e2934a87e07122f7839,6560211a19b47992c3666cc44a7e94c0,2018-06-10 21:52:32,16.00,7.39
c952071f38138a067c714cf653f34aa6,1,23318fc7dadffdde2b4ebf8dadefcf68,fde0cc9ea29c8ccfc0a2c22256a58c71,2018-07-25 11:03:33,105.00,23.50
c9645496b715730a1a5d07eb97a6bf6b,1,41817d1d44000e3105f24470a5224bcb,218d46b86c1881d022bce9c68a7d4b15,2017-01-22 14:56:47,128.00,13.48
c9677a4babf96837ee697317b7963a92,1,cc2232dbef2c9fca23f4c7f6a19a42e3,198c7ea11960a9844b544d9bcdca860c,2017-02-10 08:13:13,14.99,17.78
c9a088f0077de94d4b7e57e5a234cea8,1,419ad775cb3c503c2ef135826f81065d,6edacfd9f9074789dad6d62ba7950b9c,2017-10-26 13:28:16,66.90,15.23
c9b08bd33d449366d3b89454a3071b98,1,829002c1d5f40820ebbc6ecd4bcdf3ab,1025f0e2d44d7041d6cf58b6550e0bfa,2018-08-15 15:05:17,150.00,42.03
c9d0365e799572906dd4a83e17d1b6e5,1,473795a355d29305c3ea6b156833adf5,620c87c171fb2a6dd6e8bb4dec959fc6,2017-02-02 23:24:19,59.90,18.00
c9f7bcb4ff5c6c8e661cb6cd7fd0974b,1,d8de812ed5d981fc6a3984f4caa2aa05,54a1852d1b8f10312c55e906355666ee,2017-02-03 11:47:10,59.99,18.00
ca28049cbd8e65a6e26834584bb3d38e,1,8762b647d716b99b09ee045657f9d383,0be8ff43f22e456b4e0371b2245e4d01,2018-02-14 02:35:26,99.90,23.02
ca5806ea7cd456a6c3ec4e7591331402,1,2515eea3c60c67ecbb38b2f6b72733a3,aafe36600ce604f205b86b5084d3d767,2018-01-04 17:08:20,100.00,17.95
ca64208b67f4cb6e1503818a3317485f,1,f0146f7e7693b74880d23a452ea03e90,b4ffb71f0cb1b1c3d63fad021ecf93e1,2018-07-10 19:50:12,60.00,27.50
ca726b66fb5a8d36376b73e09e4958b9,1,5467bf450d0538e899a8e18fd0ff4323,4c18691b6037662be2df78a765d98ab5,2018-07-03 15:11:05,38.75,18.37
ca7adf1201471598788f746ed74c825b,1,3bf95cf337a8c87435a2949c48350fc7,e9779976487b77c6d4ac45f75ec7afe9,2018-01-30 15:18:20,97.49,12.64
cad39f1647e3828163e49718ea495994,1,52c80cedd4e90108bf4fa6a206ef6b03,a1043bafd471dff536d0c462352beb48,2017-11-03 16:35:19,179.99,45.72
cae4fbb29fcef9ac16c59d7e70d167eb,1,a11ae57e28ac218d33dbd82fa3879b57,e5a3438891c0bfdb9394643f95273d8e,2018-02-01 03:17:35,34.30,15.10
caf07fcb4e0d35fb5e9f6e3eeb294ada,1,0eda6e310c91549299a2f97d0354f7fb,57e632711dec9ec14ca7546769483e7e,2017-08-24 19:04:04,104.00,15.48
caf1e4cf5f0a231f4b65e485884dc4aa,1,bb50f2e236e5eea0100680137654686c,f7ba60f8c3f99e7ee4042fdef03b70c4,2017-11-16 12:06:34,325.00,17.02
cb162de51da6fe9c49b238971804a224,1,2028bf1b01cafb2d2b1901fca4083222,cc419e0650a3c5ba77189a1882b7556a,2017-12-28 14:51:36,56.99,15.15
cb303e4e397e2a02fdaca20eabe8dba9,1,696b2df83e0459ec8c60dfe72a77cf66,4a3ca9315b744ce9f8e9374361493884,2017-11-30 15:31:31,109.90,18.02
cb415863b9b9ae1341b2deaebdc88c9b,1,c62bc42d383a40b285eee3f95240c817,8160255418d5aaa7dbdc9f4c64ebda44,2018-02-12 18:22:10,114.90,13.82
cb5c4ea12e93c16a94c2bf3dbafa0fe1,1,f0b23cf62b44c4cbd631ee45ccb8fc60,718539d38d07dd351c76db862760e2e2,2017-05-31 14:15:25,36.80,14.10
cb64fe77f78101ce43bdffc7be77c9a4,1,d8aead84c0ff5356cacb9ac841ec3a5f,e256a62e0ac58c0edfba09966142d561,2018-05-09 22:52:50,79.00,23.13
cb6e8d89049744886ad04520d5e0b2f6,1,09690382191f134e947200ccfe32f7c0,744dac408745240a2c2528fb1b6028f3,2017-05-30 16:22:42,228.00,35.40
cb7f025ffb69a62e9cf843894bc7f89e,1,7d50930301709838d8e90dcac5cfaa84,9616352088dcf83a7c06637f4ebf1c80,2017-08-28 13:15:26,59.90,13.44
cb80e3d30577a7af0b3b851f5f4ed92b,1,2540f260f9e39c68fa76e87c41220c28,c3cfdc648177fdbbbb35635a37472c53,2017-09-25 18:05:39,76.90,16.30
cb837ba275cf8ffa9ded7e18f7743b49,1,b94608e1d6f0360030e816bf676af2a1,dd7ddc04e1b6c2c614352b383efe2d36,2017-05-17 04:15:18,38.99,11.73
cb837ba275cf8ffa9ded7e18f7743b49,2,9df852a6c839bc3202227666d70c7cae,dd7ddc04e1b6c2c614352b383efe2d36,2017-05-17 04:15:18,38.99,11.73
cbd73a65c5edc13fbcde523d1ed2090f,1,1c63d0a4d75df524d4605a43285925d7,45d33f715e24d15a6ccf5c17b3a23e3c,2017-03-10 11:03:08,54.87,15.59
cbe90389edee454fc22a84aacee69e6d,1,59ebd2c07d59483d0855b5b3d5e18728,ea8482cd71df3c1969d7b9473ff13abc,2018-03-08 14:49:43,27.99,7.78
cbedf17aceca757bfcb74be595ae40ce,1,e53e557d5a159f5aa2c5e995dfdf244b,88460e8ebdecbfecb5f9601833981930,2018-02-13 15:11:13,74.90,15.27
cc139c399d4fe7949e1cc628424f7955,1,2da8e82c3ddd9c8f784930f7d2db4d34,9674754b5a0cb32b638cec001178f799,2017-06-15 14:25:20,74.90,11.73
cc28b66895e0f6bfd7050ab5bc7b39bd,1,638bbb2a5e4f360b71f332ddfebfd672,c4af86330efa7a2620772227d2d670c9,2018-06-21 21:22:52,1499.00,90.57
cc3c4543672fb8402491897f7ad1af33,1,2fbb5ae777d299cd365c6b3a94b54bcb,33c51922b6e3c16b24a8f28e5833c99d,2018-02-20 15:35:31,262.00,19.40
cc3c4543672fb8402491897f7ad1af33,2,2fbb5ae777d299cd365c6b3a94b54bcb,33c51922b6e3c16b24a8f28e5833c99d,2018-02-20 15:35:31,262.00,19.40
cc6adfff0d6a6796585ca1d0901f0ea1,1,ce149636a055d9eded4cde55da9ebd3b,a6fe7de3d16f6149ffe280349a8535a0,2018-01-16 22:48:09,59.90,11.92
cc7b510ece4b6212269c87aae1a60658,1,56e4165a2811a685d231891404533e01,11938fcc75f6902fea1d0a6f72b54a57,2018-01-22 21:28:24,249.99,124.74
cc8978e74f4d8907fbad695ee3f7f933,1,aef49965c6d201c9eacf037fcda90b39,141440cad9341e553f8401c574a2aa38,2018-06-12 10:50:50,167.50,48.00
cca5e85092bfd9c1cb6c4d936cd86ecd,1,8562e2c780a345b609e1b802d7e3e4ae,8160255418d5aaa7dbdc9f4c64ebda44,2018-03-22 16:29:23,79.90,19.53
cca79f1e5c4dcf95bfadc53c7a97b4ff,1,9c5cec867c62c0ec4674b002eb1c3e0c,e882b2a25a10b9c057cc49695f222c19,2018-04-30 13:35:19,1054.00,95.83
ccaf4b9e27a868b1b69c079c19bafb89,1,9c3e030eb36047b2a7610a613b945642,0be8ff43f22e456b4e0371b2245e4d01,2018-03-08 22:08:50,99.90,9.51
ccc2fdf91b8602da839b8cc89ec47dbe,1,d982791b03ad95faaa03fc746ad04672,f08a5b9dd6767129688d001acafc21e5,2017-11-29 12:49:36,841.50,27.83
cccc154ce300f1dd193065ddbf6383f9,1,b273b6db0baa191909f11d3bc4d44144,7d13fca15225358621be4086e1eb0964,2018-08-07 04:05:17,110.00,18.87
ccce262c4b1775baab94c62c954014c8,1,b82b4d3344aef4d70bc9acfc8a5fe2de,4e922959ae960d389249c378d1c939f5,2018-03-28 23:28:13,91.00,8.93
ccce262c4b1775baab94c62c954014c8,2,b82b4d3344aef4d70bc9acfc8a5fe2de,4e922959ae960d389249c378d1c939f5,2018-03-28 23:28:13,91.00,8.93
ccce262c4b1775baab94c62c954014c8,3,b82b4d3344aef4d70bc9acfc8a5fe2de,4e922959ae960d389249c378d1c939f5,2018-03-28 23:28:13,91.00,8.93
ccec592b58e122dc2bfc2305152d9603,1,9c6d5d4aaea6884ee19112567691a1da,845e8036c3f7bf62099352f5ed910240,2018-08-30 16:30:17,85.90,18.34
ccec592b58e122dc2bfc2305152d9603,2,11a10f5773a7da9fb352dfe9e119803b,8a432f4e5b471f8da497d7dc517666e2,2018-08-28 16:30:17,89.00,18.34
ccfc366f9a65ee1750a938bd18aa489f,1,2f70195374f6c3d3c6542edf5bd17c8c,6560211a19b47992c3666cc44a7e94c0,2018-06-10 21:52:30,39.00,7.39
ccfcc7f58cf5619fc40593dffc299a9f,1,87e24fe285640cc6f3d7580f673ee507,6bb0724edf0b62fb91ac404873a97241,2018-03-30 19:08:15,129.00,30.48
cd4f9a974c6789b89069a844779294a2,1,dce3721f89a159fed6ff8b94d7ba32b9,53243585a1d6dc2643021fd1853d8905,2017-09-14 17:10:19,315.00,17.65
cd5be8f92135682a584bca7d11218aad,1,fe6a9515d655fa7936b8a7c841039f34,dc317f341ab0e22f39acbd9dbf9b4a1f,2017-11-30 17:58:23,249.90,60.30
cd63595a31d3717ff7ea9a0b041104a9,1,3790861742b5e1e8c72bc179fbeba4be,066a6914e1ebf3ea95a216c73a986b91,2017-01-27 20:46:11,24.90,14.52
cd63595a31d3717ff7ea9a0b041104a9,2,3790861742b5e1e8c72bc179fbeba4be,066a6914e1ebf3ea95a216c73a986b91,2017-01-27 20:46:11,24.90,14.52
cd69fdf2e46758d65a29de7bb4766e5b,1,b5d70fb85371ee18cb7742bb1f7fb119,4a3ca9315b744ce9f8e9374361493884,2017-11-08 23:30:25,93.55,12.15
cd6f777c4734b77c8f01725d6a3500c0,1,eb7172d8a3c64298d2d767f6603c231e,725c32fa80c2faacc4fc88450d27314e,2017-01-21 18:24:14,44.95,10.96
cd7872c2e8a4aedd31e308e5005b220d,1,35488a446a9fe259f079ba250f4e2110,f8db351d8c4c4c22c6835c19a46f01b0,2018-04-25 12:31:27,89.90,37.32
cd992cc5337c4438ddb8858f4cb7dc50,1,1fafb4fdc8f7b3d202cb39f1218934e7,6bcb2352a2a0c38b845f598298ab9d26,2017-06-23 17:45:11,15.90,15.10
cda0a20d2df6b9c3f02aa5258c99af6f,1,081d21aa3dc9b583104a15fc4dfd1160,da8622b14eb17ae2831f4ac5b9dab84a,2017-12-06 21:30:21,144.90,21.50
cdab4d92ae28f85057ae6c55246c8049,1,7d854ab97c64ef9df2bbfaf332765786,aac29b1b99776be73c3049939652091d,2018-01-05 21:36:29,64.90,25.29
cddedff311702945e9c62236026dc3dc,1,d84895a804248d73a16480c0b2e18604,218d46b86c1881d022bce9c68a7d4b15,2017-04-11 19:30:17,158.00,13.69
cde3a38426f2025992e76394bfed732c,1,a7c361fef1ac09881a4d59c9b5048f0d,827f8f69dfa529c561901c4f2e0f332f,2017-10-23 04:14:15,49.90,34.15
ce149d960ee7bb3b8b2301f66e6f4ec4,1,fb55982be901439613a95940feefd9ee,3d871de0142ce09b7081e2b9d1733cb1,2018-05-04 20:30:49,79.00,14.64
ce500b2ca0d960f937fb4d24282d3291,1,31c50827b6b5d0f51d61c8b2aa98f6e6,7a67c85e85bb2ce8582c35f2203ad736,2017-01-31 12:15:07,129.99,21.54
ce5a9de9a8a2c2a47c627c3615f90700,1,aca2eb7d00ea1a7b8ebd4e68314663af,955fee9216a65b617aa5c0531780ce60,2018-06-06 21:31:13,69.90,26.57
ce678bd6591f2487c9b4f5af45b4619f,1,4a90b44b456e79e7a33435fdd36e551f,c9a06ece156bb057372c68718ec8909b,2017-01-17 20:08:30,380.00,39.06
ce6a7d780bce629dad2401e73a14e589,1,bc75ffbc500b02276f9c55aef39014e9,05d2173d43ea568aa0540eba70d2ca76,2018-02-07 18:12:20,670.00,89.85
ce8d55aa1c206156fde37e062c716ea2,1,83b23a333b811855258c5ec9431f6d3e,1da3aeb70d7989d1e6d9b0e887f97c23,2018-03-18 21:10:31,16.00,19.95
cea892923b3775abd19f80626d4b5d37,1,0bcc3eeca39e1064258aa1e932269894,1f50f920176fa81dab994f9023523100,2017-07-28 20:50:14,59.90,17.67
cea892923b3775abd19f80626d4b5d37,2,0bcc3eeca39e1064258aa1e932269894,1f50f920176fa81dab994f9023523100,2017-07-28 20:50:14,59.90,17.67
cead26525980a4c3b2709a02342422c5,1,eed6a6984cd8cb209c954a41fcdb19fd,4d6d651bd7684af3fffabd5f08d12e5a,2018-08-06 22:35:19,69.90,14.07
ceb13edd7ff6e50ff3a9295764a6b3b7,1,06a63a471d8a08878526b37a1baa66a5,6c17baf138731a4aaacc3210adf2037b,2018-08-10 15:30:23,89.90,18.73
ceb2344189044ab3b6fa590520a71881,1,0b230f10ac2cfc4c831b825bf31a5de2,fa1a9dec3a9940c072684a46728bf1fc,2017-01-27 13:57:21,135.90,16.16
ceb7321e8e4db328b230a89f90e72014,1,1c21c1ed398eae61184065889ca3d4b0,a3e9a2c700480d9bb01fba070ba80a0e,2018-04-16 18:31:10,69.00,14.57
cec27ecc8324e22e5721ce87471d4b31,1,282d681b3fdcb3f0a6da31a7339f48c2,b76dba6c951ab00dc4edf0a1aa88037e,2018-08-21 03:30:57,19.99,22.07
cec31771f7be596e463066dab5db839f,1,af0a99476d96dcc1a1baa7c0d9ff6b9d,04308b1ee57b6625f47df1d56f00eedf,2018-08-21 01:05:09,527.90,17.18
cecc2adb5fc43cab2bebdc7c23906c0d,1,5de871daae99423d3fcb04edcb6dd1aa,17e34d8224d27a541263c4c64b11a56b,2017-12-04 12:31:54,238.98,14.01
cecc450aed233004e69538a4ce7f7f37,1,65a487289033740a0a896d72a6f2a1e1,3d871de0142ce09b7081e2b9d1733cb1,2017-05-24 10:05:14,48.90,16.11
cee2ddf4087d91aaf4874fc1436f9901,1,c615805546392ec3b8a20c6590c4d400,1336efc61c316ddf92c899eb817f7cae,2017-01-26 21:42:56,149.00,21.36
cef25673fc64efd9564270760806eacc,1,53ea9da485f6aed8a6f03a85831fe021,7d13fca15225358621be4086e1eb0964,2018-05-14 14:30:26,230.00,14.05
cef4e03348c70c1c8eee3647083675ab,1,87cb507e0daa37bbf34956fd59eba832,6560211a19b47992c3666cc44a7e94c0,2018-04-27 09:32:07,29.00,7.39
cef4e03348c70c1c8eee3647083675ab,2,2c71438371b35f7ce3c2511d6b0927e7,6560211a19b47992c3666cc44a7e94c0,2018-04-27 09:32:07,29.00,7.39
cef4e03348c70c1c8eee3647083675ab,3,2136c70bbe723d338fab53da3c03e6dc,6560211a19b47992c3666cc44a7e94c0,2018-04-27 09:32:07,29.00,7.39
cef5e3ca97aed8bc63fe5f55a26633a6,1,53759a2ecddad2bb87a079a1f1519f73,1f50f920176fa81dab994f9023523100,2017-08-10 00:30:12,59.90,17.67
cf3953190a955e0f2e4a8552279713b8,1,1799c1c2eadf9f798fd74599e6028510,891071be6ba827b591264c90c2ae8a63,2017-12-04 18:16:49,16.99,7.78
cf3cfafe8fbb8682ce65fdeada4749f5,1,ec2d43cc59763ec91694573b31f1c29a,1c129092bf23f28a5930387c980c0dfc,2018-03-05 17:28:30,45.90,9.34
cf4b34a6cd499c3d352d90cee37795ef,1,2a2d22ae30e026f1893083c8405ca522,1a3df491d1c4f1589fc2b934ada68bf2,2018-01-15 15:14:19,148.90,21.53
cf5b244fd1f7002efc7929be945f1d44,1,952670bc019a73f0933157ec82ff6e4f,37be5a7c751166fbc5f8ccba4119e043,2017-07-23 21:35:18,205.00,22.27
cf91dadab9111371ef3973e8febe8d3e,1,afe91b92e9fcb77e66f33901b67c5cf5,5656537e588803a555b8eb41f07a944b,2018-07-17 14:55:25,74.89,17.45
cfa5f05fcf442b5faa1cffd73b4fd9ee,1,0e40b1ed4cfd3da1962ec91913e54ba8,8b321bb669392f5163d04c59e235e066,2018-07-04 12:55:21,13.65,15.23
cfba3ca25a049f8bdf836baa3b8be493,1,880be32f4db1d9f6e2bec38fb6ac23ab,fa40cc5b934574b62717c68f3d678b6d,2017-01-27 20:21:12,42.99,14.11
cfd5e54c14f22b62683cea7ed91caa24,1,94fb2ab4419d523ecce8e5d56676788d,522620dcb18a6b31cd7bdf73665113a9,2017-02-04 17:36:56,214.90,25.99
cfe4b206b7a8acf6ca84fb710d61f968,1,55782cb82e0efe052da0a3da237da3b2,c003204e1ab016dfa150abc119207b24,2018-05-16 17:18:52,185.90,24.73
cfe9a2c324eefb180663116644e4f171,1,99b89f140f651db441848081814dd1a1,3340ef1913fb70d28420f6ceb685c339,2017-02-03 14:07:53,195.90,6.00
cfe9a2c324eefb180663116644e4f171,2,99b89f140f651db441848081814dd1a1,3340ef1913fb70d28420f6ceb685c339,2017-02-03 14:07:53,195.90,6.00
cfe9a2c324eefb180663116644e4f171,3,99b89f140f651db441848081814dd1a1,3340ef1913fb70d28420f6ceb685c339,2017-02-03 14:07:53,195.90,6.00
cffc9d6f9230a7eb234ba6f3574db1ff,1,4cc8bfa581f41841ce5e24aba773a44a,1835b56ce799e6a4dc4eddc053f04066,2018-03-01 02:35:26,56.99,17.97
d00fc126358622ba5ae0ba1a334b3bc5,1,5f504b3a1c75b73d6151be81eb05bdc9,834f3294fba9f932f56edc879193f925,2017-10-24 00:08:05,610.00,37.54
d015219f23681e41543e3db6504a4865,1,2a5806f10d0f00e5ad032dd2e3c8806e,7c67e1448b00f6e969d365cea6b010ab,2018-07-11 03:32:47,169.99,89.86
d0405d0cd3a0ddba64c30a078681a88a,1,64d67d69ec57113ff99bbaab62ac1c53,634964b17796e64304cadf1ad3050fb7,2018-06-18 18:31:32,37.90,18.13
d043902d832951c993140ff02e9a74b6,1,e347b95d594c79460b23b2f850655f68,d91fb3b7d041e83b64a00a3edfb37e4f,2018-05-24 22:18:37,45.00,24.29
d0462d19e9c58af6416a06e625c58f13,1,aef95f9d9e323e61a5caecdc41907c79,7c67e1448b00f6e969d365cea6b010ab,2017-07-19 02:45:19,189.99,88.82
d0462d19e9c58af6416a06e625c58f13,2,aef95f9d9e323e61a5caecdc41907c79,7c67e1448b00f6e969d365cea6b010ab,2017-07-19 02:45:19,189.99,88.82
d07179898f582cd4b62f9f5328698baf,1,554bc96f8adc27819810a1aacf333535,53e4c6e0f4312d4d2107a8c9cddf45cd,2018-05-03 11:55:27,74.99,20.57
d0735172d1bc5aae5bd8abb3675e6556,1,a4bc24bcb44abb54f2f6214991dcdab0,8e6cc767478edae941d9bd9eb778d77a,2017-03-09 09:23:01,59.90,22.97
d077407f0f6dccff3bb4224b3aaec82d,1,0c96091f6f20b1d2c946a933370782a4,d9a84e1403de8da0c3aa531d6d108ba6,2018-08-06 16:05:17,14.90,7.39
d0b29bf966cd5fc8d2b5274157396dd9,1,6baa004ae73ded1fcdf0e1f153bddf20,6560211a19b47992c3666cc44a7e94c0,2017-06-26 10:25:29,48.00,7.78
d0e379ef6e0ea864c470893dbd5da4dd,1,0573b564a90d2d9f9c460eb963da8c33,f1b93673502375d491780bb49d615dbc,2018-03-16 19:09:38,361.98,47.81
d0e379ef6e0ea864c470893dbd5da4dd,2,e76a885142c73e17342e450b79b46d40,f1b93673502375d491780bb49d615dbc,2018-03-16 19:09:38,310.24,47.81
d0ea854aa5d2827dc112df0048f817b2,1,389d119b48cf3043d311335e499d9c6b,1f50f920176fa81dab994f9023523100,2018-03-15 01:55:30,53.90,22.96
d0fd9595949095f91592a79bd26a2126,1,c904e2f76d44b7aed8979dd9f63f621f,4b9750c8ad28220fe6702d4ecb7c898f,2018-03-27 02:50:49,49.90,18.23
d11fd4395b314a358cc155ea5c525c07,1,c89996e9535e7501653008a29281b97d,1025f0e2d44d7041d6cf58b6550e0bfa,2018-06-28 04:18:38,80.00,19.75
d12ab5d1454294ce820fd1ccc56d760e,1,35afc973633aaeb6b877ff57b2793310,4a3ca9315b744ce9f8e9374361493884,2018-05-14 09:15:29,86.90,16.23
d142143fa24d4a2bef6ed627060e7754,1,368c6c730842d78016ad823897a372db,1f50f920176fa81dab994f9023523100,2017-07-24 15:03:35,59.90,13.44
d14da316939ad2245cd4bb898bc45a62,1,09364ccfda8448d03ae4082f6044b16e,1da3aeb70d7989d1e6d9b0e887f97c23,2018-07-22 22:35:24,34.99,15.35
d14e5c5300262d554b76179fa67e6f71,1,a30ea5a9dbd95db5a674c4beadb4fb0d,95e03ca3d4146e4011985981aeb959b9,2017-11-30 16:06:42,25.00,16.79
d1579c450369b0b5d8bc67cdc0fb1f08,1,a62e25e09e05e6faf31d90c6ec1aa3d1,634964b17796e64304cadf1ad3050fb7,2017-12-19 02:32:28,108.00,15.52
d16fbfb439fe82b7efb949345d70611f,1,186fe07c8b8005ec6a498587ffbc1352,6560211a19b47992c3666cc44a7e94c0,2017-09-04 04:35:26,29.00,14.10
d18941a914e7a203e714a20432c05a35,1,1613b819ab5dae53aead2dbb4ebdb378,16090f2ca825584b5a147ab24aa30c86,2018-03-09 10:09:29,27.90,8.27
d18ed2885838f867171afaae0176226a,1,8adeb1032429e0cdb52dcc55cd422bda,c76d418370990614e89e956c7a7567d9,2017-09-18 14:05:45,152.75,25.91
d1902896db97466b224147cda743f3a8,1,0ec7b6a863e219792bc4d50d3a62a839,1e8b33f18b4f7598d87f5cbee2282cc2,2018-07-25 10:31:57,159.90,60.35
d1b32a0715fa2abd2ff4f3ec5e751964,1,e2b9252181ddde232e0bfb68df262610,e24fc9fcd865784fb25705606fe3dfe7,2017-01-28 07:58:59,249.00,25.94
d1e49fad76dfd4ed8f5488500011e45f,1,8049d38dde63e0ca96af1e9511d4727d,391fc6631aebcf3004804e51b40bcf1e,2018-05-31 10:31:43,279.90,28.04
d1f7b8ef7a59b18de8df95b7b8073a5f,1,ce6f74096c84567f22728c84f3d6e7fc,8160255418d5aaa7dbdc9f4c64ebda44,2017-12-21 11:50:34,104.90,19.97
d20d521427100e96eb0298afc19d97f6,1,582eea85bf06659660e2c6101ead3e7a,adcf50477d6a1f5d91bb9d54c4903cb5,2018-06-26 17:00:13,108.34,51.05
d217a2d8cec27a4d5ab7600ecb95826b,1,ad3e8888fa82a721dd44c481da333ea7,1caf283236cd69af44cbc09a0a1e7d32,2018-08-02 19:55:22,25.73,23.33
d242f228c4dd03301794ded8f02dce54,1,e178e8610a35f4d6c9b0934fb5e20e85,b18dc380845b24038cfc48006478f099,2018-04-25 17:00:00,179.99,16.14
d24b90d375b1415ca40e5b531d04a6bf,1,d5abd3b28e2a7a0da8f0a4617f9188d6,2138ccb85b11a4ec1e37afbd1c8eda1f,2018-08-08 04:05:14,49.99,13.01
d26c076e33054a0063c6fc94c51fc43b,1,bc45f8d4954ef77dcaad81627640cb2e,391fc6631aebcf3004804e51b40bcf1e,2018-05-09 18:14:49,49.70,42.93
d2733958b49450e568a7cda310ac055b,1,25c38557cf793876c5abdd5931f922db,5dceca129747e92ff8ef7a997dc4f8ca,2018-04-01 21:47:36,987.00,27.99
d29389c3c21bb08880e15429748e5ff4,1,290bd89e961af9ea5a733bc477c50355,8648b1e89e9b349e32d3741b30ec737e,2018-03-23 00:30:36,94.50,9.58
d2a0cfdf8f3b718afce8a4b9d943614a,1,dd64f2b1807ccb20fcd0ea2a40dd8a9b,b6d44737c043328708f6749c2dbe50bd,2018-03-30 15:10:26,59.90,33.96
d2b0e9ad3eb702103a07a98fb24ef49c,1,acffe5d7cd56e6b564cf6841486644ff,db4350fd57ae30082dec7acbaacc17f9,2017-12-19 17:31:04,39.00,7.78
d2c902f172e80f22126d53d9ff7871b2,1,57f2bc497c1a3ebe41ba7a06d78ed159,6560211a19b47992c3666cc44a7e94c0,2018-07-06 15:31:06,55.00,7.65
d2d845154c7f4e7f7861ea8697c628b2,1,bb50f2e236e5eea0100680137654686c,f7ba60f8c3f99e7ee4042fdef03b70c4,2018-05-08 08:31:11,330.00,10.07
d2f87ac39d8b31e615528ca52e5c8434,1,20bcfbb4c385ac8feaab2bff523a5694,4c1c7281388a33dd06daac44f9fadbd1,2018-04-10 09:31:01,29.68,12.79
d339c9a9c019e5beaf1cafb6cf77a23c,1,6177675afbea0665b11380c36caf10bd,4a3ca9315b744ce9f8e9374361493884,2017-09-13 02:45:10,68.45,11.98
d33a52afa37dd9de6958cedae3be455e,1,11fd9d7ba552e1d28872e008acf1e050,cb8bcce248bb1fb274ba762d8b971456,2018-05-24 21:15:12,109.90,13.89
d34e326c0b15c4b4a481ba1376687e75,1,76d1a1a9d21ab677a61c3ae34b1b352f,c826c40d7b19f62a09e2d7c5e7295ee2,2018-03-29 11:30:28,159.77,14.88
d35c1cd70132b8215cbe4c943537d139,1,2b10e945dae5434075c8bb2be0d17325,da8622b14eb17ae2831f4ac5b9dab84a,2018-07-19 14:20:16,229.90,14.91
d35ca5de99f9cb92be83a52973b5bbf6,1,fef6029430dcac1403570d19150408ea,0ad80de75c811326389cfb1daba7d45e,2017-12-08 20:35:19,139.90,12.43
d38cfff41619a58ae9fb4bb3be5cdfa6,1,39aa98469aa7460a9764311b3f8efb12,391fc6631aebcf3004804e51b40bcf1e,2017-06-15 21:35:17,45.95,15.10
d3ba6df689ba5bceee30291f5a28e7bc,1,95e257171227c7187fa4cb6361baa1ad,6edacfd9f9074789dad6d62ba7950b9c,2017-07-12 08:03:05,31.90,8.72
d3eb5011f10dfdf72c225f0c2030cc3f,1,2a2d8268d68108112cc3e66fff9c6a7b,218d46b86c1881d022bce9c68a7d4b15,2018-01-15 07:25:37,112.00,13.59
d3eb5011f10dfdf72c225f0c2030cc3f,2,8eb72e039f7857d796c5afe824d0c64c,218d46b86c1881d022bce9c68a7d4b15,2018-01-15 07:25:37,149.00,13.59
d4421539677ce8da70f3abf867adf15c,1,d5b703c271f43f9c588a6f512a00f77e,fa40cc5b934574b62717c68f3d678b6d,2017-01-29 11:45:19,34.90,10.96
d44df0d4c71052d8b2a3bd5c50bd42b5,1,f422d0d9f8b5f7c27289382b14b61248,1554a68530182680ad5c8b042c3ab563,2017-02-11 09:31:33,66.99,18.00
d469b51abffc6d74299c8a0a56db5314,1,b07c988c725ddd67d0c7572a8099712d,cca3071e3e9bb7d12640c9fbe2301306,2017-01-30 17:41:58,34.90,10.96
d4c324a61d74cbf91304f5c193b5d788,1,05216a143a65ab59fc48fb996e7c12d7,2ee0a0689f2f6a72f35a7cb6033f6e7e,2017-11-30 14:52:39,67.80,11.97
d568f094af70874d55d22a89e093fe18,1,0233dd6f06e23c705ab76dc3ab165837,4e922959ae960d389249c378d1c939f5,2017-01-30 21:35:49,39.00,14.59
d568f094af70874d55d22a89e093fe18,2,0233dd6f06e23c705ab76dc3ab165837,4e922959ae960d389249c378d1c939f5,2017-01-30 21:35:49,39.00,14.59
d568f094af70874d55d22a89e093fe18,3,0233dd6f06e23c705ab76dc3ab165837,4e922959ae960d389249c378d1c939f5,2017-01-30 21:35:49,39.00,14.59
d574338f566ca28dd67820f48ec1f1d8,1,1a0971a6f39f04118207a7308d451e9d,3d871de0142ce09b7081e2b9d1733cb1,2017-12-18 21:35:30,239.00,39.22
d5aa77f5eed8acdd598a687ccc27cfa8,1,9798bc8585b031f32f0ba287ad22f334,855668e0971d4dfd7bef1b6a4133b41b,2017-10-13 15:56:21,159.99,13.67
d5cb76792b06c2a00edb03001d5f52ad,1,2b7aa376a6e728560bddb5558cc48e89,7c67e1448b00f6e969d365cea6b010ab,2018-02-05 14:15:42,116.99,15.57
d5cb76792b06c2a00edb03001d5f52ad,2,2b7aa376a6e728560bddb5558cc48e89,7c67e1448b00f6e969d365cea6b010ab,2018-02-05 14:15:42,116.99,15.57
d5d777fdf41da773664443c2fd9acc23,1,6ae7f4ef0ca670ca2609d039af87d057,620c87c171fb2a6dd6e8bb4dec959fc6,2017-01-29 22:04:39,23.90,14.52
d5e518a80ee8f7f4805db87cc532af02,1,5a6e53c3b4e8684b13388d6aa4afdf12,7299e27ed73d2ad986de7f7c77d919fa,2017-06-26 11:15:18,16.99,12.48
d5f1b4c2e52be04dafb9cdacb1b86921,1,bddc1407637849d18d139b4012e4406a,48162d548f5b1b11b9d29d1e01f75a61,2018-02-22 02:35:27,72.00,17.75
d5fbbc2e51c9e93de3502e15b4159d46,1,7088744b00831b410bd17716cb578f39,41b14765bd56c8ad10971074380f9c0c,2018-04-12 02:50:13,34.50,15.23
d601e6f65e3bcb215434cc89fd9b2f68,1,232906919fb046e3d050f8dd336b2634,7f7b8245c336066a1f9933c359f11d77,2018-05-18 18:07:02,8.90,7.71
d60af32e2107bccc3efe66e3faad59c6,1,629e019a6f298a83aeecc7877964f935,c003204e1ab016dfa150abc119207b24,2018-03-22 02:50:51,119.90,23.38
d6229aca790acb92366c9888f1e0c181,1,8f03c5b78e41d6cecdfb6f6bbe4de8da,48162d548f5b1b11b9d29d1e01f75a61,2017-02-16 19:40:41,307.30,20.40
d64a14f0bda63154a36174c4870ee78c,1,89b121bee266dcd25688a1ba72eefb61,2eb70248d66e0e3ef83659f71b244378,2018-06-01 08:16:34,79.90,7.42
d64aa68e4a96734f280b7ddf0852d511,1,76265fc5cc76fc5f09534fb307605c10,80e6699fe29150b372a0c8a1ebf7dcc8,2017-01-12 20:25:12,239.90,16.89
d6912f804ef9076f6172f0eee4207749,1,5bec1db1c3f053e422f33b7d8f23adfe,ea566164622c6b439516ab18062c42cd,2018-04-20 08:51:10,309.00,21.13
d695ec0f70b323de0ce4eda82582faac,1,b48946c4c9a1d7c81916522d00d6722f,0ebd97a106433a45a4aebe57c1799778,2017-06-12 23:35:24,109.90,14.52
d6a6ab6b5f102f746569eb2c620e8be6,1,154e7e31ebfa092203795c972e5804a6,cc419e0650a3c5ba77189a1882b7556a,2018-02-26 18:30:26,23.99,14.10
d6b1ddf39835687468c4477c1aa9cba0,1,243bb58796ed2164b831fb75e1241888,2138ccb85b11a4ec1e37afbd1c8eda1f,2017-04-17 03:50:21,27.99,10.96
d6d0323138c510e3816e00ac900d17b0,1,4c65515115c33a1c4c21e9b40f85942d,96493fab2fbb13a14d0c0e8772eef5c3,2017-09-08 10:25:45,269.00,10.70
d6d7c431275f0029dcc3538850930046,1,67473aa97e981b3b8abaa6a8a768eb26,ccc4bbb5f32a6ab2b7066a4130f114e3,2017-01-26 14:28:48,145.00,16.71
d6e88a486d079e03b7c919b73facff35,1,14bc0f89b7126bb00dfa6432d85340de,4869f7a5dfa277a7dca6462dcf3b52b2,2018-01-25 14:57:21,199.00,16.14
d6ea23d51e0f2c7ba19e7c5092db3088,1,5ed9eaf534f6936b51d0b6c5e4d5c2e9,8cbac7e12637ed9cffa18c7875207478,2017-12-19 19:50:21,25.00,17.92
d715d369c36bd59d99abd5ed62940530,1,bdef57e26e989447aaf5ae0f7ccadf23,c3cfdc648177fdbbbb35635a37472c53,2017-08-25 00:44:37,79.90,15.31
d736797e446b9c7bc072d55b49748180,1,3fbc0ef745950c7932d5f2a446189725,06a2c3af7b3aee5d69171b0e14f0ee87,2018-05-04 12:13:20,64.99,27.51
d762e245b7d93fe1fc56d6ed89782027,1,c87a617241993d71f043ed39858daa43,8476243f92442881ddd5b578975cf115,2018-08-10 11:55:22,649.00,21.47
d768ce9a72b741097aab143d6baf890a,1,c3798d484fb730f0b5c23af0d5361595,6b90f847357d8981edd79a1eb1bf0acb,2018-06-25 20:56:41,10.90,7.39
d7a903a05d84644e6e872b9c626d7fc6,1,9f39e03276af0a6bbf2459ec383a19e6,6e864f5c4669eff3d98140a07cc50202,2017-08-08 13:25:21,152.19,12.27
d7c320185a2f9b32f5e2370ff3f8bd64,1,c2fb26742f8484dbfe9a8d70bdc54025,36a968b544695394e4e9d7572688598f,2017-08-14 06:50:10,3.90,15.10
d7c877c5db825f754e75a32ac35e13b0,1,243332c5551ef72c46bb6885fcaaa848,a416b6a846a11724393025641d4edd5e,2018-03-08 15:35:29,120.00,18.09
d7c877c5db825f754e75a32ac35e13b0,2,243332c5551ef72c46bb6885fcaaa848,a416b6a846a11724393025641d4edd5e,2018-03-08 15:35:29,120.00,18.09
d809ddde66fee6223df16b11231491f9,1,d12a5178024ccefb3582170a9ab45a0d,054694fa03fe82cec4b7551487331d74,2017-01-11 17:20:56,399.00,24.26
d809ddde66fee6223df16b11231491f9,2,d12a5178024ccefb3582170a9ab45a0d,054694fa03fe82cec4b7551487331d74,2017-01-11 17:20:56,399.00,24.26
d828aed67bd4b1f7ba6e6ca5b5fb241f,1,2a2d22ae30e026f1893083c8405ca522,1a3df491d1c4f1589fc2b934ada68bf2,2018-04-16 23:30:24,148.90,29.47
d8378bb103de9b68884b9e4cd2a8dbca,1,17c9711cb08dc4757841afc6d4a239d4,17e34d8224d27a541263c4c64b11a56b,2017-06-23 20:25:20,516.59,15.96
d84ce4acc4a19690d7a7b6f5df4d3023,1,35afc973633aaeb6b877ff57b2793310,4a3ca9315b744ce9f8e9374361493884,2017-07-19 16:04:46,89.90,12.13
d84ce4acc4a19690d7a7b6f5df4d3023,2,99a4788cb24856965c36a24e339b6058,4a3ca9315b744ce9f8e9374361493884,2017-07-19 16:04:46,89.90,12.13
d84ff9150e7677a1de43990fff1868ef,1,c9b6f0f5e861adc800edb233fc1da1c4,77530e9772f57a62c906e1c21538ab82,2017-12-22 09:31:25,129.00,30.43
d85ce87a3af93d77d9ffb99a90c76710,1,184908160c13d25f992d86d43cba2e90,e0487761face83d64fcada2408959a36,2018-08-30 15:24:44,25.50,7.44
d85dd7b0f1c5839ad5b3cde77f196e53,1,bf35317e81a1e1477a2256328bce9e9f,cc419e0650a3c5ba77189a1882b7556a,2017-04-04 10:23:19,56.99,11.01
d8711cd641288f4e2e1a84dc3c6ade21,1,491067a4bc3ca4303e9fba74d629412c,5075aaa8404020ae6aa8bf4792099b41,2017-08-02 16:50:19,49.99,16.25
d8711cd641288f4e2e1a84dc3c6ade21,2,491067a4bc3ca4303e9fba74d629412c,5075aaa8404020ae6aa8bf4792099b41,2017-08-02 16:50:19,49.99,16.25
d8734ba226623cf1c86b3cce8cbffa78,1,b3af6df8f36460eadc69ee2310a440d0,0b35c634521043bf4b47e21547b99ab5,2018-02-06 15:35:30,569.00,20.42
d89ff75da06f798ea64c91a496386314,1,b38b25d838ae0b8385e8cc68b9017644,fad44952713764836814be105382aee5,2018-01-16 10:31:43,180.00,17.70
d8af11fee1f5a13bf7b3584b9cce55fa,1,837b5c6df9ceb8a9c604e78fde0e60a2,85d9eb9ddc5d00ca9336a2219c97bb13,2018-02-23 15:47:57,27.90,14.10
d8d5f372b6b1d10843065cbd97d6c55b,1,a762a89bb77b378d0b434ad75671b8e1,8f2ce03f928b567e3d56181ae20ae952,2017-12-04 15:50:28,99.90,13.25
d8d842d38880d9584e98d64058aedfed,1,2722b86640ddc24e1374c2df1ac2a230,72c5da29406b4234927b81855e7b64f6,2018-08-28 20:45:12,299.99,19.90
d8ded99e3d8a9de0aba5037f97743cff,1,53759a2ecddad2bb87a079a1f1519f73,1f50f920176fa81dab994f9023523100,2018-06-04 20:57:50,49.90,11.01
d8fdddcd258b88c4919c52ce44756a39,1,ebee6703e867082f455a058a8bd04092,fc906263ca5083d09dce42fe02247800,2017-10-05 11:20:12,29.90,14.10
d93ed72dc9abec13f2ad4ae2e531fada,1,a94036c0bb4dfce8d5762777c07b7be2,8160255418d5aaa7dbdc9f4c64ebda44,2018-07-05 00:10:45,124.90,15.18
d9515cd3ca09c7b9b751f077d2adfc84,1,51eb65f0fd99823a3cb2c0d985e230a9,dd58ee93286b0821565574c570e9e1dc,2017-02-03 17:05:18,699.00,36.00
d95dc7171d00d08c5e2c57e693161db7,1,4298b7e67dc399c200662b569563a2b2,88460e8ebdecbfecb5f9601833981930,2018-03-12 03:50:58,149.90,15.80
d96d7f559007441c85e5bb679bca0feb,1,bfbc408717917806a5ffdc464a898332,be67f78487e2cecb0d55bc769709e4f5,2018-03-29 17:28:44,102.00,23.64
d9842672b8cb5ecfbbd067d497f8958e,1,64b4f32393cbf55be791078e7a2adca0,612170e34b97004b3ba37eae81836b4c,2018-07-31 19:35:22,139.90,16.08
d99c72513d6238909b57399c840fa8ef,1,312fe77899d7627c5c174229fe0324cd,ececbfcff9804a2d6b40f589df8eef2b,2018-07-05 05:10:07,84.50,13.25
d99c7464570fd548f9936438c57f394a,1,10f75f0d9616ccb68feb85e06535efcb,977f9f63dd360c2a32ece2f93ad6d306,2018-07-27 13:31:18,141.12,23.79
d9aa5509422ca53597e0806067d52f05,1,29427de7f8a9ee983d9dbc51cec569b4,7a67c85e85bb2ce8582c35f2203ad736,2017-05-30 12:03:54,99.99,16.95
d9c51e8f2151f049f14ba77dfe8513b9,1,89321f94e35fc6d7903d36f74e351d40,16090f2ca825584b5a147ab24aa30c86,2018-08-14 16:55:21,29.99,18.31
d9d03fe2697fd771cabf718ae4cc6b14,1,a2fa8a119b04c25a8f62364a74d04ad5,751bdc4d83a466c7206cd42e8f426b03,2018-03-15 21:20:31,49.90,18.23
d9e05f5c9c364436b18207eeff4f789e,1,30ed398b000a7504df39fc41f154eaa2,709e16e2b25c7474d980076c6bfc4806,2018-07-25 14:10:11,62.90,13.10
d9e05f5c9c364436b18207eeff4f789e,2,30ed398b000a7504df39fc41f154eaa2,709e16e2b25c7474d980076c6bfc4806,2018-07-25 14:10:11,62.90,13.10
d9e5efc8095789e6ed44f7419f794928,1,6845c32e0103ad1fa34cf6f9263249f6,70bf57d811208f8923b41bbd499a67a4,2018-08-20 10:23:55,120.40,11.86
d9e85a628a68f162d46b273ae52d0119,1,cbdb31ccb8741d52e26bf2a42c1648d1,7040e82f899a04d1b434b795a43b4617,2017-09-20 02:55:20,79.90,14.31
d9ff0185a300435402f043124f530274,1,082175ee534338e4fd967076a6f848e5,d91fb3b7d041e83b64a00a3edfb37e4f,2018-05-10 16:54:16,52.00,18.24
da0571dd2e59b32cca46279a02bfb40e,1,7721582bb750762d81850267d19881c1,0c8380b62e38e8a1e6adbeba7eb9688c,2017-01-23 19:02:48,59.50,13.00
da1990d1037cd108f89b13fc5db97476,1,fe01b643060a6446e59f58e3021e66b3,2dee2ce60de9709b1a24083217181a1f,2017-10-19 15:05:41,143.00,38.55
da3bac2656a4b63f668843b70a0a38b8,1,e98a500a671ec3eea9a498507b0154fa,cab85505710c7cb9b720bceb52b01cee,2017-07-20 15:10:27,49.90,15.10
da4b750c427bc88754c6c019045f7536,1,dc363002c653f0cdc77f9d0be45fa103,55c26bcb609f480eb7868594245febb5,2018-05-29 01:18:05,84.90,13.95
da535cf4ba8827cbf61a0ce2b7e08cbf,1,afeeea6271148ee1bb15173b8187c431,53243585a1d6dc2643021fd1853d8905,2017-11-17 12:46:59,215.94,18.79
da7b74f9f21e34cc002c5910de20ef9e,1,b35370362fa3ad4b1976f2a11f146dfd,78744a20ee2f80ba64f6804c25def2b8,2018-05-11 18:10:17,499.00,67.19
dac46445d06a7c26842b2e8b7bc04be4,1,118c36d1c7ee6e3261fe81d58986a0a3,8648b1e89e9b349e32d3741b30ec737e,2017-12-07 12:12:48,59.95,8.27
db0b12b763f716df3f27218724161479,1,d41d8cd98f00b204e9800998ecf8427e,066a6914e1ebf3ea95a216c73a986b91,2017-01-24 19:22:40,229.90,18.97
db0b12b763f716df3f27218724161479,2,d41d8cd98f00b204e9800998ecf8427e,066a6914e1ebf3ea95a216c73a986b91,2017-01-24 19:22:40,229.90,18.97
db0d6bd65ccfca6371985ebcc2227efe,1,027cdd14a677a5834bc67a9789db5021,620c87c171fb2a6dd6e8bb4dec959fc6,2017-03-21 08:17:32,99.90,11.31
db10e5b34779ebe39e1bc929469eb841,1,3c61c2007c26ec50365d6c385e088ca1,2e1c9f22be269ef4643f826c9e650a52,2018-08-12 23:35:21,20.49,7.40
db29d18874ddbb8ca9f062c7b801a4e6,1,6a2961a3f5c85026ed1b3406a9ac27cd,3d871de0142ce09b7081e2b9d1733cb1,2017-07-20 22:50:21,75.90,13.51
db2b52fdedf34f34c6569ed5cd692c81,1,b3dc35a7b0042136507e1c174bd7cd2d,18a349e75d307f4b4cc646a691ed4216,2018-05-29 00:55:36,55.00,7.39
db5a41f8a08f620920c7c413e91a4438,1,1fe1f9dca96414bdc282cddb276db70e,3df020b72d3d44b3af9d110fa3940b65,2017-10-23 04:25:08,49.90,16.79
db5a41f8a08f620920c7c413e91a4438,2,1fe1f9dca96414bdc282cddb276db70e,3df020b72d3d44b3af9d110fa3940b65,2017-10-23 04:25:08,49.90,16.79
db5aee77fcd1883e2dd15e342cc42493,1,e7db7c40ea6647c808d48581f1308d88,1d8dbc4f32378d715c717c1c1fc57bae,2017-05-02 11:21:44,109.90,13.35
db5e341b9a765a33fd41da0b3f0944dc,1,1cbe6092926b24ecacfdeb748bc34105,5d0363b33554b373851fc1622e4d5f3c,2018-02-08 11:55:33,78.00,35.07
db70f8a5634ca9a20586be3dec6ad653,1,3731dd5544cd9646d73050e946641da8,5c6d4016c2a288f074fa0848a2b653d2,2018-08-07 02:10:08,82.00,13.87
db7576b1fe440f4c0a808855aacf0948,1,db9c09ef2fa2590a7ca12480603396aa,48efc9d94a9834137efd9ea76b065a38,2017-01-09 13:37:27,9.90,8.72
db7d019ce87ceb1539bd37353ab408ba,1,2029248294c186017ecfc48cecd47bbd,d50d79cb34e38265a8649c383dcffd48,2017-01-30 20:55:09,126.99,24.71
db7f34935c2b818933171e61c031695c,1,d787de6a880320609e500adbb90fb9c7,db4350fd57ae30082dec7acbaacc17f9,2017-06-15 02:45:16,15.99,14.10
dba140d12592fdc150bbeed0f7f1a32e,1,e7bbc0d43d1f5cb09bab95b664236633,897060da8b9a21f655304d50fd935913,2018-01-17 07:26:09,49.00,16.11
dba1b6fd34a7fd5961e829fa902ca702,1,880be32f4db1d9f6e2bec38fb6ac23ab,fa40cc5b934574b62717c68f3d678b6d,2017-02-01 23:29:12,42.99,18.00
dba7b6050fd3d402855707a3ca296a21,1,a338a81aed052e88a9ee732e3e45042b,ca3bd7cd9f149df75950150d010fe4a2,2018-04-04 23:31:38,65.00,21.53
dba86c0ca2d44138a882ae12b4a12d63,1,437c05a395e9e47f9762e677a7068ce7,bf84056e679dbe9c69929847a40e338f,2018-02-28 02:10:30,45.83,7.78
dbd8e1a6d62bae210e6a42ed8bcf8d39,1,91442659f31ec0f0fc73215e77854fac,6560211a19b47992c3666cc44a7e94c0,2018-06-17 23:18:38,55.00,15.49
dc12f9e8414131e62897902a78e0286e,1,5ed9eaf534f6936b51d0b6c5e4d5c2e9,8cbac7e12637ed9cffa18c7875207478,2017-12-21 14:52:47,25.00,17.92
dc12f9e8414131e62897902a78e0286e,2,5ed9eaf534f6936b51d0b6c5e4d5c2e9,8cbac7e12637ed9cffa18c7875207478,2017-12-21 14:52:47,25.00,17.92
dc170ecd2fefc21a44d0040b830dfa60,1,c64343b6e8d5be28f6564c6959cdfa7c,cca3071e3e9bb7d12640c9fbe2301306,2017-03-07 16:41:42,194.90,36.35
dc1e38158c000863ec33ac43a40c3366,1,ec1faa2edc27ce32372fee59d1f9e969,cc419e0650a3c5ba77189a1882b7556a,2017-12-08 02:31:28,29.99,15.10
dc423fd5dad84d30d887debb5323e413,1,d920f22cf9a7dbb8e09ce4a2f5391b25,b2ba3715d723d245138f291a6fe42594,2017-03-15 04:10:29,194.90,30.29
dc448b07dcf70d4f397500af86b4601f,1,7bb755757b4b21a1abc9cc6e9991a8ad,138dbe45fc62f1e244378131a6801526,2018-07-12 12:05:49,12.90,8.29
dc549de29b05dad7e04a830974bd9278,1,abc441040d9aaf2e1ad52c2309873c04,bbad7e518d7af88a0897397ffdca1979,2017-07-24 10:25:21,19.90,7.78
dc771d8720de3625596eb0b0fa043528,1,1da4613d4f7e10e1554538b46dd16486,3d871de0142ce09b7081e2b9d1733cb1,2017-11-21 15:47:57,109.00,18.01
dc7be13b2ee660f092e641982b4dfb69,1,b598f3e8cd6dedd51d454f6123a6e1e5,54a1852d1b8f10312c55e906355666ee,2018-01-26 13:44:12,49.99,9.34
dcb668b21e7c36224624fc4b4ddbf0fd,1,9224bdef49ae12098a4d76b8f54d8f07,1dc2de47ee26a0a5b12dc14fd6dc0dea,2018-08-17 16:31:24,55.90,14.70
dcc15ae978fb3fdf4dbe24079e768652,1,c857b96593773e940454e76efa8eabb3,cca3071e3e9bb7d12640c9fbe2301306,2017-05-11 07:25:07,59.90,15.56
dcc529ac8f2824f74ffa4a42dcec638c,1,c706d50b57c9e83293c2586d01f32445,7ecd59e5e20407131822c1a68ac59c1f,2017-12-08 02:25:37,49.99,17.92
dcd503d4272567a178500e93e964ac98,1,7d4f5c1f7ebe33c1d57bdb4fef97c174,71592660bbcb6a4664e97b6f8b68babc,2018-04-06 14:30:44,65.60,14.55
dcfdded3a6760b4e0ce1ef27aaf65b89,1,2aaaa41fb5edc85f4814c73106f27d64,1c68394e931a64f90ea236c5ea590300,2018-01-24 16:30:32,508.72,18.31
dd1240d12bb27a5516e0bfe172c26d0b,1,53ea9da485f6aed8a6f03a85831fe021,7d13fca15225358621be4086e1eb0964,2018-03-16 19:15:36,230.00,19.95
dd12ffa175ee0c7931890dd19db54427,1,8c292ca193d326152e335d77176746f0,7e1fb0a3ebfb01ffb3a7dae98bf3238d,2018-01-08 14:47:34,150.00,15.80
dd2e84f453b5bd5297babe45f1183f84,1,145978af3e89b318be0b717a0953649a,18e694e0e48ed6f7aa3f24aade5fd697,2018-08-21 18:15:22,20.90,12.81
dd3d73f70b77e2a07f64360620621ca4,1,adf24c4c9e90e7054d07309a04c419d0,270297ead4c65a6cd2593960d2af6b21,2018-01-08 09:54:22,249.99,12.95
dd800b5dd3395650111f9a4539000e7d,1,6d1befe53a3d28e0d0d8b3bfcce11195,bba74270a87732727b5a3b4fd9ac1c39,2017-12-01 07:28:30,399.99,22.04
dd80556200c2f712cc6d048888451267,1,2a5806f10d0f00e5ad032dd2e3c8806e,7c67e1448b00f6e969d365cea6b010ab,2018-04-10 10:15:25,169.99,27.00
dd80556200c2f712cc6d048888451267,2,41b43381a92451746dc1374dbbd4c43e,7c67e1448b00f6e969d365cea6b010ab,2018-04-10 10:15:25,149.99,27.00
ddc3b6d5a6e5e69a831ca246a5eefce0,1,3215010238fcd9cab6ba7d2b81a6973d,aae3bfea055532c57fb453ed3ec80b30,2017-10-18 18:46:28,28.99,15.10
ddcf6c758c04fe3f2e0d1ae301ec5f40,1,06c6e01186af8b98ee1fc9e01f9471e9,fc906263ca5083d09dce42fe02247800,2017-04-18 09:02:14,39.90,17.78
ddd2d769f053c55c39e69fcace5f5eb5,1,ffd246249e3225c13f40b5b91dcaa65a,8648b1e89e9b349e32d3741b30ec737e,2018-01-10 10:14:26,73.90,9.34
dddb05d44cc0328777c8d87c479b3680,1,9b887ea9c5de0f08367e5bd0e48a4c0f,3f9be91358837bff69df67edfa3e42e8,2018-05-11 19:31:19,129.90,15.76
dde57deff5c66be4e59c0da19696ea50,1,a62e25e09e05e6faf31d90c6ec1aa3d1,634964b17796e64304cadf1ad3050fb7,2018-08-09 13:05:14,105.00,23.89
ddf02da047a1c300e78346fe13f7e862,1,7fab1a1472fdd934397068931f63f3ca,3d871de0142ce09b7081e2b9d1733cb1,2018-03-28 11:15:35,79.90,19.53
de2076727d0a51dfe4889b9cf85198e6,1,915c18c67d0b3cd469475eccc0d1a7bb,128639473a139ac0f3e5f5ade55873a5,2017-07-20 22:25:19,14.90,12.48
de3353dc4eb5012999074ce70b124fee,1,a21ff4d1a65a23c7e676469d24434a00,a1474fd46fd3430168f7ec202da39408,2017-10-17 21:14:28,435.00,40.84
de90c6becfae7b59fc7f1642e8578a17,1,8b5632d7a4f86bd2f1331355305427e6,624f4ece8da4aafb77699233d480f8ef,2018-04-19 18:10:55,159.00,16.02
deafd5190946c25dcce1974055abb693,1,642a40d4d73b4b2604968937de13634a,d2374cbcbb3ca4ab1086534108cc3ab7,2017-07-20 03:15:27,12.90,11.85
deb805b3a0cb1a415c66ddda0f92e0a0,1,4a7056788ce9287c76ade358f2e2572a,537eb890efff034a88679788b647c564,2018-03-08 16:50:34,21.90,12.35
deb805b3a0cb1a415c66ddda0f92e0a0,2,4a7056788ce9287c76ade358f2e2572a,537eb890efff034a88679788b647c564,2018-03-08 16:50:34,21.90,12.35
dee78f5da82e27d7d397d61769012fe9,1,f9be8e0e5acd947d8f49dbc390b9ab20,4a3ca9315b744ce9f8e9374361493884,2018-02-19 18:10:33,153.00,16.70
def6322635f4afb3da8756ad712957c0,1,afd22faefd9584467a374bf7a50f0996,77fccaae319668a8ab6cd0fd16aec48c,2018-05-21 04:12:10,180.00,14.25
deff260a5916c04657b930c37209499d,1,457cd0a99cfa977993e4eb6d98d95abb,ea8482cd71df3c1969d7b9473ff13abc,2018-01-29 20:04:04,29.99,14.10
df156891939f37c451dfa81e3e724540,1,4ae634441e444ca4bc85903cafe98d73,92eb0f42c21942b6552362b9b114707d,2018-02-15 11:31:36,11.95,15.10
df2887ca6744389b31fc5749e30a6efb,1,33c4b54c2a3e60ac5beb217d833d9f52,b18871c324516afa228a13e8f1ef0ae9,2018-04-16 19:49:56,102.22,7.58
df5c6aca62db71fbe451c0408bde2817,1,2d4910ed534d58d6b37408bb5bd46c0f,32b8764b4ef628b53608fc34011fcc13,2018-06-08 12:14:45,259.00,121.20
df60585f4cb85bc7e7b6531f59920613,1,810e2944bca9850b934e1570ba372e7d,1025f0e2d44d7041d6cf58b6550e0bfa,2018-07-24 10:45:20,78.00,41.53
df60585f4cb85bc7e7b6531f59920613,2,810e2944bca9850b934e1570ba372e7d,1025f0e2d44d7041d6cf58b6550e0bfa,2018-07-24 10:45:20,78.00,41.53
df6aa08f7cc272ab5c188923ce319f39,1,bb42f37fc3d9130e4a4339d24a47dd7c,da8622b14eb17ae2831f4ac5b9dab84a,2018-08-28 01:55:14,44.90,8.47
df7f8e668092abf15eef89b947ba2ef2,1,3516632e8f52b679ff83d1665ecc990e,e9bc59e7b60fc3063eb2290deda4cced,2017-08-01 19:30:18,75.90,12.66
df91fb38017b42722551a94382cb829a,1,9ada4c8f4e072df42ff63b30520b6975,1025f0e2d44d7041d6cf58b6550e0bfa,2018-05-02 16:53:36,150.00,22.13
df9f35f4d3e966c35d7c1c81c4c7ba73,1,4deb009c36a910076a023947a7929201,6a38087bc8ad4f89ff453561005f6dea,2018-05-24 03:12:47,45.99,15.22
dfb6a56c471c1a04a0714eed6ce75de1,1,8ed094bfe076c568f6bb10feada3f75d,7c67e1448b00f6e969d365cea6b010ab,2018-01-24 16:49:37,196.99,29.75
dfd71e944918d4442a05232a620087cc,1,45e967683e7292b195609137fadaf2fe,6a8b085f816a1f75f92dbac6eb545f8f,2018-08-16 22:04:17,49.90,18.45
dfd954e67c5eeaa6432cdc40a6b66d73,1,bd082283de9ecc71505205dfc7c6c9b4,817f85dbb65aa3e70831d90fe75cdf89,2017-01-27 19:32:38,89.90,15.84
dfec7411ab4ba17202e5aa72bcd3a3e1,1,82a61259a621866c4ba63743da29a342,4d6d651bd7684af3fffabd5f08d12e5a,2017-11-21 04:26:34,119.80,12.34
dff20979c5b8b4378f7e769aa413390e,1,8815734317fa2693bcce3db610158d92,dd2bdf855a9172734fbc3744021ae9b9,2017-02-04 13:34:09,69.90,17.37
e003d94282e5f1e45760dde794a8a173,1,eebbed5ed3b134eceb717496c47652ba,d1c281d3ae149232351cd8c8cc885f0d,2017-05-16 21:22:27,99.99,16.33
e007ef2d77cc1e7082050959c1cdce54,1,e44f675b60b3a3a2453ec36421e06f0f,218d46b86c1881d022bce9c68a7d4b15,2018-02-14 22:08:28,107.00,15.50
e00a6c9e0c7028b7284c5082d59ae5f6,1,ce6f74096c84567f22728c84f3d6e7fc,8160255418d5aaa7dbdc9f4c64ebda44,2018-07-15 21:06:09,114.90,23.60
e00bfbddf86f0a755d3550dd87962824,1,97407223aaefebbaeb89d285e7c64f75,fb3cfbc8a86f5d7fbb4d36b8df63f60d,2018-07-03 12:31:41,59.90,16.61
e024b7de0d4c8896d442d786f81f7db7,1,fb495e971326b55afcb1f473adf0afb8,4d6d651bd7684af3fffabd5f08d12e5a,2018-04-03 02:47:45,79.00,26.63
e03758edc76b636006eb8f5bd648ca90,1,c3b9c5a3a88d5cd18800fb865741d9ad,37be5a7c751166fbc5f8ccba4119e043,2017-06-14 21:45:16,219.99,16.29
e08de031276032b05881e30eac0860c9,1,9d32095f76b97762307e86cfc18dd7a0,391fc6631aebcf3004804e51b40bcf1e,2018-08-07 13:35:24,49.95,18.45
e0ad0779328f1dbbeaa5f2ae58ca67d1,1,4c2394abfbac7ff59ec7a420918562fa,cc419e0650a3c5ba77189a1882b7556a,2017-11-30 13:48:29,84.99,9.41
e0e1fe9ae2dd406e99025006b746c364,1,946344697156947d846d27fe0d503033,1835b56ce799e6a4dc4eddc053f04066,2018-08-28 16:50:21,29.99,12.87
e0ff4f042465bf3a83ab05b537d1c90e,1,c045b19fdb30a3035c56d04c6fe2e622,259f7b5e6e482c230e5bfaa670b6bb8f,2018-06-05 20:10:23,59.90,17.33
e1000df659259b29cb73a4798ccd7454,1,b17808303e15dd50538c011b44295427,4a3ca9315b744ce9f8e9374361493884,2017-01-22 23:02:45,68.90,15.69
e1019f2695c5dab494b7efb92c9a0b6f,1,baf6f4106306b138b83c32152d1e03de,1336efc61c316ddf92c899eb817f7cae,2017-02-24 08:33:32,22.00,10.96
e10c9ad36c79606f76bfc8da8eb83aa5,1,b95179da85cd8482c7a347e9a0d08466,52f0fe436a347ddad7ed5f9aa4e27eaa,2018-02-08 14:49:39,19.99,15.10
e1171120e3b1615034d5372b0d3254a7,1,617186c3d97ea56c9c683a8a3974e8c1,cc419e0650a3c5ba77189a1882b7556a,2017-10-11 17:24:46,84.99,15.34
e138166b54ea9292f505d07a4999db88,1,2ab3eebb03e660d44470d936c0f20bb6,138dbe45fc62f1e244378131a6801526,2018-06-19 13:16:36,35.90,7.51
e138a14b6a413d7a17ff420a130b2759,1,b665d6299c02572404ef4ee1741140a3,17a053fcb14bd219540cbde0df490be0,2018-04-24 12:31:38,179.90,24.55
e138a14b6a413d7a17ff420a130b2759,2,b665d6299c02572404ef4ee1741140a3,17a053fcb14bd219540cbde0df490be0,2018-04-24 12:31:38,179.90,24.55
e154274f8d5b5bcef8bb9f51a54b218a,1,6cd51331a07b84149502aa6c9c5b536e,c33a5c3c983090c8b78a28e65052a20d,2018-02-12 17:11:17,69.90,15.24
e18b75b8b2ba4ce613d10b2fd820aef9,1,bacf2de8920bbcaf6f005a30d81391d2,fe2032dab1a61af8794248c8196565c9,2018-08-02 13:05:14,319.00,17.33
e1c27845029801e7461bce7d580db092,1,23905e2fed49239bf63e416ba24bd556,54a1852d1b8f10312c55e906355666ee,2018-04-23 22:12:24,249.99,19.33
e1fe072ef14b519af1f0a8ed997c1301,1,743801b34cc44776de511ba8eff778e2,48efc9d94a9834137efd9ea76b065a38,2017-01-09 15:32:59,9.90,14.52
e208a6bd0e030c2240ec286633bd9039,1,18b0e642cbae7251e60a64aa07dd9eb9,85d9eb9ddc5d00ca9336a2219c97bb13,2018-06-22 20:28:14,22.32,22.06
e23e45778ae735856e12dd12750e2b14,1,1491a8ff192d4b5c369b0eaa2fe33ee5,37be5a7c751166fbc5f8ccba4119e043,2017-09-11 13:25:18,189.90,22.17
e28a4c66f1484567d1e42b3fab64d923,1,b71a757e0cab8f85c0adc579067944b8,0ea22c1cfbdc755f86b9b54b39c16043,2017-05-24 21:42:44,24.90,14.10
e28fe1201ebd15ccbbe9d7e18db98c31,1,c1ec41f62db54e0bfbca55a7068f0b5e,e0a366315b1b726b6c7832d664c0f530,2018-06-15 20:55:15,96.90,7.54
e28fe1201ebd15ccbbe9d7e18db98c31,2,c1ec41f62db54e0bfbca55a7068f0b5e,e0a366315b1b726b6c7832d664c0f530,2018-06-15 20:55:15,96.90,7.54
e2b12d317e3875999cbcfc47a2e5a88f,1,f1fe595ee7ef768b41bd9b246d13432d,81a1104df0f08b59c68aa5b03cfe398e,2018-02-15 00:45:31,99.90,38.25
e2b405a4cccf1e66eb8d2b73a4bba700,1,e0d64dcfaa3b6db5c54ca298ae101d05,2eb70248d66e0e3ef83659f71b244378,2018-06-27 09:35:22,124.90,16.84
e2b9380fcb4f1f7e2a7d2d3c77666c7c,1,73ae8d8ca7df19a982c92fc1265d9e46,da8622b14eb17ae2831f4ac5b9dab84a,2018-04-12 03:28:27,74.90,11.62
e2d092db21e901d04985350bf0e748ac,1,425a12d4dd8e5e7ba3be5c4157f1fafc,fa1c13f2614d7b5c4749cbc52fecda94,2017-01-22 20:11:57,189.00,15.49
e2e62108a0daf44573986d823484239a,1,ee99026a2d04ff2294f42f8cf337029b,79ed755314cfe6df0daef2c6cd3022cd,2017-09-21 12:50:34,129.90,18.16
e2f6bff876d784db1590923c91ead84a,1,a60e1868eec274b4c295fc836ea8320d,2528513dd95219a6013d4d05176e391a,2017-10-25 15:49:28,269.00,15.49
e2fffc00c9decdb32b25e86a37f3ad50,1,e9b2560544c293e02f2b966041e10f24,8e2b3afb420011ef0c88c9d5f11ea526,2018-01-31 20:16:00,140.90,14.01
e3071b7624445af6e4f3a1b23718667d,1,88159bac10e3d4f4b69b157406c7f70f,fdaaf5bfda82b7b80535610c831b8d09,2017-09-12 22:30:56,39.90,11.85
e32cb2b7845ddbc8322b670ff7604fb3,1,6bd248f93425ceeb625a8a97e2404112,dbc22125167c298ef99da25668e1011f,2018-01-11 00:53:20,59.90,9.24
e32cb2b7845ddbc8322b670ff7604fb3,2,6a2961a3f5c85026ed1b3406a9ac27cd,3d871de0142ce09b7081e2b9d1733cb1,2018-01-11 00:53:20,79.00,18.48
e35a9e312880dfa98135b6a97237b272,1,39ec33e08b0f9ffb9767b819f8588361,cb3dd9ce66268c7a3ca7241ac70ab58c,2017-10-03 11:04:30,34.70,29.76
e35b67f3b9778766f35d9d6e11af1761,1,6f3b5b605d91b7439c5e3f5a8dffeea7,4869f7a5dfa277a7dca6462dcf3b52b2,2018-04-09 23:10:13,158.00,13.55
e381abcae5bf5ba29ff7855e91e40837,1,defb79b2269c0fa7bad01b2635aff113,b499c00f28f4b7069ff6550af8c1348a,2018-07-25 20:55:21,44.99,18.42
e39fab126fb47dd2f1a47b2af6422bc5,1,e67307ff0f15ade43fcb6e670be7a74c,f4aba7c0bca51484c30ab7bdc34bcdd1,2017-07-19 14:05:26,18.99,15.10
e3b81e11591d22a361bd292adad69ca7,1,5d66715cc928aadd0074f61332698593,128639473a139ac0f3e5f5ade55873a5,2018-01-16 16:49:40,19.90,12.48
e3f7a673dd1981e0d7b330c8a7220220,1,333f07710e0ba89e037d164c13726e6a,46dc3b2cc0980fb8ec44634e21d2718e,2017-01-28 09:04:09,299.99,28.36
e3fdb4acd9e17c8b90cb9632990ee786,1,c07d367dd7b78b0558e7a3e1e1a975c8,4a3ca9315b744ce9f8e9374361493884,2018-01-08 08:17:09,422.00,55.55
e40815dcb739e03cb2c06547ef7c3092,1,9321b2e4e8fe357fe2e3bad624229bd5,a888faf2d1baececa6baf9c3d603ee1f,2017-02-06 21:51:24,489.90,18.00
e42b4cff5d459fc447019421a3cc5706,1,168b1b45c68037b0490157ee10540349,da8622b14eb17ae2831f4ac5b9dab84a,2018-06-11 12:50:18,249.90,35.29
e437a323d90b04581fd8418d4afcce4f,1,fdfb90feb49d2b41b8283a8ec6e95590,f5a590cf36251cf1162ea35bef76fe84,2017-09-20 03:15:49,690.00,33.20
e43be9f124c722dfb1d98eeb39b69484,1,a50acd33ba7a8da8e9db65094fa990a4,8581055ce74af1daba164fdbd55a40de,2017-08-14 04:04:29,117.30,25.66
e4825515f8ef501b2887a2ad0685621a,1,8d8426c5adc78437359a25c285959192,e49c26c3edfa46d227d5121a6b6e4d37,2017-02-18 14:36:50,24.90,20.80
e48949fd6c2be8f0fa6dd91af8f0f50e,1,0bf1dea484fbb8cdfa09e2767ce30574,8160255418d5aaa7dbdc9f4c64ebda44,2018-07-23 20:10:19,139.99,20.17
e4a1a7de8d097ef8862da4fa66798f53,1,c22ae79dc52790933cd1b5e129b893ee,0be8ff43f22e456b4e0371b2245e4d01,2017-09-15 14:55:26,120.00,9.66
e4b2030986f453ba45c63a508073e3d3,1,bd59d7bffae06b0b2ee40cf5b7939626,7fc87cc3e89b3d1d5cabdca32f8485aa,2018-05-24 12:55:28,129.00,124.07
e4b774f7fa2c4ce8052731dfeb5cc3f2,1,e06f99e79036d681effa3de75989bf22,6560211a19b47992c3666cc44a7e94c0,2018-06-28 19:35:26,59.00,22.34
e505d250be8a8291d1d8d96adf8c3539,1,9e2d3a8d8ffad53e2e35282a2020221c,1da366cade6d8276e7d8beea7af5d4bf,2017-05-02 07:55:16,29.90,17.19
e52c9dfec957c503bed5d050a39c740f,1,b8ce63487e1d8881dac505b123c8e9b6,adbc26658d6c7b4b6219f9d934598091,2017-12-14 18:56:28,130.00,19.15
e54493dea108e0cb48f3571e1249d418,1,37ffcf68086496e428431de29b0b394d,6d66611d7c44cc30ce351abc49a68421,2017-02-11 16:47:27,99.90,12.08
e547c4009f2792489ad11ee1d89d13de,1,c9c6fde711572c1ad99ca12728c6af00,562fc2f2c2863ab7e79a9e4388a58a14,2018-02-15 08:08:24,29.99,15.10
e54a8ab3ead9bbdf681b8e18273f2cde,1,067e1aaf685cc3da73e97a0abf22561c,5160d23075764e18e07c1f4a87fad743,2017-09-22 16:10:25,75.00,7.78
e566c1b5be049c45a4e4f83c5101b3fa,1,727a46f0b58a9ef165af9f7ebcfebfa9,9b013e03b2ab786505a1d3b5c0756754,2018-04-16 00:12:22,18.00,7.87
e566c1b5be049c45a4e4f83c5101b3fa,2,727a46f0b58a9ef165af9f7ebcfebfa9,9b013e03b2ab786505a1d3b5c0756754,2018-04-16 00:12:22,18.00,7.87
e582cfe4b3a98c739d268bea062b2f8f,1,81e7937893af4703d4d14ca3e3765b59,855668e0971d4dfd7bef1b6a4133b41b,2017-10-04 18:14:09,64.99,15.89
e5ec17b950e2ca6379aaee6905115d3a,1,4a52073965ad17f345f579bdbdbabd74,0c7533c71df861ec58ad7ff999ed0e8d,2017-12-26 15:54:30,35.40,12.23
e60856926b11f52676a5408033e204de,1,f5f0b722d7662e8939727fb49e45d046,fa1c13f2614d7b5c4749cbc52fecda94,2017-07-13 16:30:14,849.90,18.29
e64b950c1e33e5e3f2a946903e903264,1,f65ff6e5a356943c5cee2e8bb023efc8,ce248b21cb2adc36282ede306b7660e5,2018-02-26 11:10:26,676.99,44.07
e660da13091dbe48784500c1c3e2fb75,1,1a06cc924ba852bef5a19bb5aefa4d6c,cca3071e3e9bb7d12640c9fbe2301306,2017-01-28 19:46:22,219.90,36.16
e68888548de4c863a78ae2de41ec0215,1,6766f04fea82c46bd3001e969a5ba795,82e0a475a88cc9595229d8029273f045,2018-01-10 16:37:23,284.90,39.54
e694b95a2d201f01906a8dc752659d49,1,f4f67ccaece962d013a4e1d7dc3a61f7,8581055ce74af1daba164fdbd55a40de,2018-03-14 21:35:24,229.04,18.42
e699db09ff2550edf641974c32caab55,1,9ecadb84c81da840dbf3564378b586e9,1025f0e2d44d7041d6cf58b6550e0bfa,2017-12-01 12:18:26,32.99,12.69
e699db09ff2550edf641974c32caab55,2,9ecadb84c81da840dbf3564378b586e9,1025f0e2d44d7041d6cf58b6550e0bfa,2017-12-01 12:18:26,32.99,12.69
e699db09ff2550edf641974c32caab55,3,9ecadb84c81da840dbf3564378b586e9,1025f0e2d44d7041d6cf58b6550e0bfa,2017-12-01 12:18:26,32.99,12.69
e699db09ff2550edf641974c32caab55,4,9ecadb84c81da840dbf3564378b586e9,1025f0e2d44d7041d6cf58b6550e0bfa,2017-12-01 12:18:26,32.99,12.69
e699db09ff2550edf641974c32caab55,5,9ecadb84c81da840dbf3564378b586e9,1025f0e2d44d7041d6cf58b6550e0bfa,2017-12-01 12:18:26,32.99,12.69
e699db09ff2550edf641974c32caab55,6,9ecadb84c81da840dbf3564378b586e9,1025f0e2d44d7041d6cf58b6550e0bfa,2017-12-01 12:18:26,32.99,12.69
e69e74f39691b8c09d8660c8e000ddd2,1,cfb79bfbdaf59cfe2e9ae0a071451f32,f7ccf836d21b2fb1de37564105216cc1,2018-08-06 16:30:23,39.00,13.85
e6a006d997a8902ad7c42ec5719963b7,1,ad88641611c35ebd59ecda07a9f17099,c826c40d7b19f62a09e2d7c5e7295ee2,2018-03-13 15:30:46,157.77,15.98
e6b945a54e2461068b09cdc3d465304d,1,0c3dc3f0b8ea2ce274c0bd18b2a31f5b,4d6d651bd7684af3fffabd5f08d12e5a,2018-06-11 23:11:41,249.00,14.18
e6ed19491b2a8932cadafcf68e2745e3,1,43f25e2d90564285fb5c94866a5a3287,0e44d110fa6a54e121cb2c095a77762f,2017-08-16 21:50:18,11.99,15.10
e6f4552718815a4804aec218dce78af3,1,42ec84ace63b58b8c5a7ba7be01d5fb8,2a84855fd20af891be03bc5924d2b453,2018-08-07 04:10:30,99.90,18.75
e6ffcd88cc3d2795303c2fd25cadf74a,1,51d646c5c93e0f1de543528d0e24eadc,c35672b10ad50968f567ea3f4b91e877,2018-05-10 12:53:22,69.99,27.04
e713bee0fe365659dd0bf2e261ce6f28,1,dc9a06452ff10a147f0f14cd4b8f5580,1eade46fba20122dc4aefb379f8c636b,2018-02-02 04:11:27,88.99,11.83
e742341b8b6bf5a833c52f7c607f6b69,1,06944e4b10483df8e37fe55990a0ba15,382229d1e840115ffe3dbf5ff460e417,2018-07-24 20:04:03,129.99,24.06
e7438254f9ef8bf2a7e744f84c561452,1,17de10d52ada234d16d3991c1b9546f8,5b581417df4480f632484ba681e53944,2017-12-20 22:14:27,89.00,17.90
e760819ccdf8e117a260fa50842b4832,1,9bc7d25a36d620cf449cfdebe3de132f,01fdefa7697d26ad920e9e0346d4bd1b,2017-12-08 20:30:41,57.99,16.17
e76d6d6fbbef90b49c986259f44d2c20,1,027cdd14a677a5834bc67a9789db5021,620c87c171fb2a6dd6e8bb4dec959fc6,2017-02-04 12:54:44,99.90,18.13
e77d85bec584c36b9558adc732947c76,1,11b9c6d7a3eee514887db2204eb97ec5,cca3071e3e9bb7d12640c9fbe2301306,2017-03-13 02:25:22,104.90,19.32
e7b2fd1afe0ea1687d1766b2b4f2d197,1,f95d9369ebf76f811194c72bd22ff244,c31eff8334d6b3047ed34bebd4d62c36,2018-05-21 14:51:20,129.90,18.09
e7d99cde4408565cb8aa944a642c61bd,1,0ed3993c767ad11a9d285e1a6caa2eff,f5a590cf36251cf1162ea35bef76fe84,2018-02-21 09:27:16,350.00,26.76
e7daaee877792db6b869745a7bcca11d,1,414829663add2bcd9db69ee3ad351a9e,6f229cc508fc6915ed5c499efd93baa4,2018-08-13 18:10:22,149.90,23.85
e7e81487cee935dda2f15d591657bab2,1,beefd66ae7d857b9c50868bb14473a86,ac6417315ae5da8f9a38ee11de6f7780,2017-06-21 13:35:19,166.60,13.72
e82e73273643d2baa933aa470a7308f0,1,48212f0e644cd07610881a3b6e497ac4,e5a3438891c0bfdb9394643f95273d8e,2018-03-29 17:15:35,34.30,18.23
e852413ae756fbc7fe9f6514b39aafdf,1,a92930c327948861c015c919a0bcb4a8,6560211a19b47992c3666cc44a7e94c0,2018-06-11 12:11:38,78.00,12.99
e86118c5fd6d905b7346a83baca017e2,1,fa381a4a9af65ea5fc8f3829214045f9,70eea00b476a314817cefde4aad4f89a,2018-03-16 17:49:23,269.90,35.43
e8745aa1fc53254235ceef55710dc6ab,1,fa8fb673c7f31e3c35f62de366af764b,12b9676b00f60f3b700e83af21824c0e,2018-08-13 05:23:55,299.00,20.14
e8dbddc8a7fd19aaf321cf4e7b00c787,1,1be9a7b25f7ddfe1dfda88b9b64f595c,fa1c13f2614d7b5c4749cbc52fecda94,2017-09-21 17:55:16,124.90,8.13
e8ff06be457c1e3e69a8cb51ef9e2806,1,867dda95bbba37fe56fa288449fa122f,d2374cbcbb3ca4ab1086534108cc3ab7,2018-04-18 11:11:34,49.90,12.79
e914223bd5011825c70d0c53ff6a53d0,1,ec72556b5da399d24fe06338e816a9ac,fd386aa7bed2af3c7035c65506c9b4a3,2018-04-05 17:15:12,68.00,8.29
e937de71316fb3186e4113977cb96741,1,8aa6223e400af9c97b07c75993142721,1f9ab4708f3056ede07124aad39a2554,2018-02-14 22:10:33,169.90,46.78
e938a90514cd29b81f7e88eb8c918d12,1,9f7b48e2d4e4d7375f71a10791faa1b8,259f7b5e6e482c230e5bfaa670b6bb8f,2017-12-13 22:54:21,59.90,22.29
e93910bafae4cbaa0f18ae0d66959cc5,1,fb86f051bd8a6ca06751de557e686c33,b2479f944e1b90cf8a5de1bbfde284d6,2018-04-26 07:15:15,35.99,19.32
e93d4bbea9f3bfbce59cc83e6a663437,1,aea5937ba2b757b9fc5017f2d11f288f,888faa8bfb0b159c37de6d898b961c31,2017-09-05 02:05:28,46.99,17.60
e98405be83624163fbaadf39f502cfb1,1,4178e16324fd0c9a8e18463caf390cc6,ceaec5548eefc6e23e6607c5435102e7,2018-06-15 13:57:33,265.00,41.24
e98f62f167c0c56e1d6e2c852bf04adf,1,77b544530b2a38fff1b3af62cfe355d8,3f3486b61f45078d4f31ee5e43d8c5bb,2018-06-05 10:13:42,70.00,19.46
e9a08885cc40da402fb893c56e9d27ae,1,6a1c65dbbecc1ece8c22856122a774ac,1025f0e2d44d7041d6cf58b6550e0bfa,2018-02-28 20:09:10,250.00,58.42
e9beb67cf376905f8cd308ef0f02071d,1,30001d6521e7d5826eb1881050cea7e7,85d9eb9ddc5d00ca9336a2219c97bb13,2017-01-28 01:22:51,20.90,14.52
e9bfa573b732937bcce0dfee81481cdb,1,781afe929e3016a667f5f439afd55fce,08633c14ef2db992c11f840f04fad4cd,2018-07-23 17:50:15,107.90,22.69
e9c1cd6b45624aa77cf10be70487d8e8,1,64b4f32393cbf55be791078e7a2adca0,612170e34b97004b3ba37eae81836b4c,2018-07-31 04:31:33,139.90,34.36
e9ccb8277ecd5374b5a0532b5ee47f7c,1,8bbaacd2cacfabe138774ccbebe689f9,7b07b3c7487f0ea825fc6df75abd658b,2017-03-07 23:22:39,149.90,10.04
ea28640cffa87eb4e40d8c864fb46aae,1,382132cf96c88a277a65226833af5f61,b2ba3715d723d245138f291a6fe42594,2017-11-21 02:35:45,49.90,11.92
ea2fc3ee961d93cc0a7b657aad5b30e5,1,dd60cac04e6bcbc919cb1c7dcc473211,febab0275244b9a49a623f0bd613ca2f,2017-07-12 19:04:17,29.90,16.92
ea5f30a182b04fd1296273605983b9a4,1,a703f5ade6e4fae527357132230ea778,f4aba7c0bca51484c30ab7bdc34bcdd1,2017-01-27 11:56:23,23.90,14.52
ea5f30a182b04fd1296273605983b9a4,2,a703f5ade6e4fae527357132230ea778,f4aba7c0bca51484c30ab7bdc34bcdd1,2017-01-27 11:56:23,23.90,14.52
ea6ce509b0aa60471f0b6c0029797d6c,1,972c34115d851ba523bc16ec0ab2b098,7c51de0ab286204ce75ff42bf7c10d92,2018-08-16 18:05:18,228.00,53.95
ea72009e972388b2881aee7fd39a094a,1,b0c2a004d315a5ba0b19584393ac478c,8160255418d5aaa7dbdc9f4c64ebda44,2017-11-30 20:51:43,135.90,16.71
ea73df32b183eafce925fe41bad50bdc,1,a5ae8400fc9fcacd4af585a57bbf264a,66922902710d126a0e7d26b0e3805106,2017-08-30 22:30:07,120.00,23.71
ea77eb4f349110679bde0e77541dcb2e,1,68b8e52885d1c878e362c8a4d323747b,8160255418d5aaa7dbdc9f4c64ebda44,2018-03-15 03:50:49,109.90,27.50
ea921667f0ab37edbe094d0e67c9d454,1,fdde5bfe43004cc06f12152870b951f4,620c87c171fb2a6dd6e8bb4dec959fc6,2017-04-12 10:02:22,369.90,16.76
ea967d0366237c813c6b152725ad11da,1,d839c79a48d4a34a404b96085446aaa7,f61c63d13f7cd800549d5acdd390ae72,2017-12-18 23:12:36,194.00,17.12
eaac284918a0bae18197faef197f83e0,1,e8ca1ff2d0a28edb5be8bfbf2964dc3a,6b536a23086fba0d58c08d68814397f6,2018-07-03 17:35:11,45.90,15.42
eaae5e87592113d14ab25a25bf5105e6,1,ae7d8348fbef50928a680454fffbca00,a3a38f4affed601eb87a97788c949667,2017-03-28 12:30:05,69.90,14.66
eab0944c40c304c769e5c24309caa8cc,1,4dddd45aa241530edb5412e8846361fa,093805f8f2aeb63881444571e1f48f30,2017-10-02 23:35:17,39.90,8.72
eaba8cf4dd6f90ba47035084624f5da0,1,5afde944579b289b99c1ee420b2ad73d,620c87c171fb2a6dd6e8bb4dec959fc6,2018-02-08 18:29:44,119.90,15.59
eabc20c259ef6e04089307feb92aa0fb,1,a8075470f960215ffb67624782f80fec,ff063b022a9a0aab91bad2c9088760b7,2018-07-09 21:30:54,119.00,17.96
eac51ba7a8bd2abf757e03c95fba700e,1,3fd97d8c7b16543086520039b5c7267a,febab0275244b9a49a623f0bd613ca2f,2018-02-23 00:35:32,49.00,11.73
eac51ba7a8bd2abf757e03c95fba700e,2,3fd97d8c7b16543086520039b5c7267a,febab0275244b9a49a623f0bd613ca2f,2018-02-23 00:35:32,49.00,11.73
eac95d79983b55d39fb2139922bc4c36,1,601a360bd2a916ecef0e88de72a6531a,7a67c85e85bb2ce8582c35f2203ad736,2018-02-05 04:31:41,129.99,18.16
eac9a6eb5ffd533239d332b2171c7bcb,1,60142008404f92c16972d1cb6dd0e3c8,98dac6635aee4995d501a3972e047414,2018-02-28 11:15:34,52.11,15.80
eacabc11d89126dfd871cddb597a0409,1,154e7e31ebfa092203795c972e5804a6,cc419e0650a3c5ba77189a1882b7556a,2017-05-03 05:22:10,19.99,16.05
eadf1db71815b513cf62a49e9c6416fe,1,27535386be7362e36d9e78c2afb8c0e5,94144541854e298c2d976cb893b81343,2017-08-09 16:25:20,1199.90,41.29
eb871e7c2357db8ff47fae46e9bee63d,1,1b06c90f0a31f14d0f505323b5723a80,f8db351d8c4c4c22c6835c19a46f01b0,2017-08-11 09:15:10,55.90,16.15
eb87432d1b32d99db89d573d77767a01,1,a5f6ba3fe91a2e73f10b612131cb2404,4e922959ae960d389249c378d1c939f5,2017-01-21 09:15:55,39.00,11.31
eb9afe3c048ef7be0e99305193ee4ded,1,98c99bc0b3ee623212b9fbcaba10740a,0c8380b62e38e8a1e6adbeba7eb9688c,2017-04-03 19:55:20,89.90,20.95
eb9afe3c048ef7be0e99305193ee4ded,2,b0a0c5dd78e644373b199380612c350a,0c8380b62e38e8a1e6adbeba7eb9688c,2017-04-03 19:55:20,89.90,20.95
ebaf4b1faa0a7038125461afa5810651,1,2d6540e715ca18c58c4aafd86c172aa1,d558ebe531605a1285ab2b1bc3256dfb,2018-05-15 15:11:55,285.00,24.57
ebb5a074406776ad07439bc2049c1fe4,1,f0f3c686ec837b27ec9da08762d85317,710e3548e02bc1d2831dfc4f1b5b14d4,2017-02-04 11:47:30,49.99,15.56
ebe208c5144e6963534e6a772c6a6939,1,419ad775cb3c503c2ef135826f81065d,6edacfd9f9074789dad6d62ba7950b9c,2018-06-11 22:35:13,44.90,19.32
ebf44ff0c2e9687a275c7a487b71e28e,1,809cefda77a61d43df3d1b32f6ecfd92,c8cc60ffd415254af5d9b9f34f32c369,2018-07-15 21:05:06,96.90,18.00
ec02fec9423ae39b2f91ff964bdfd87c,1,727a46f0b58a9ef165af9f7ebcfebfa9,e9779976487b77c6d4ac45f75ec7afe9,2018-05-24 23:31:18,19.49,7.87
ec323db17a13fc07c4b07f0f7f86986d,1,555b27dfb2ed94d001c28e5624dd6961,004c9cd9d87a3c30c522c48c4fc07416,2017-12-18 18:10:42,82.99,28.98
ec38e40a750810e337a528576f0090e7,1,555b27dfb2ed94d001c28e5624dd6961,004c9cd9d87a3c30c522c48c4fc07416,2017-09-18 17:50:36,82.99,19.82
ec3d016217751432b67659200ab0da7d,1,7d1a667dbc183583078324f912d42c6b,2089a6d640999f9b9141ac719b2af596,2018-02-09 04:35:27,112.00,15.53
ec48402bbc28b1e4f252da4031bd502a,1,d349b106eb0af8ebe0b821baf7705208,04aa0a1c5ce6b222003403a3e11c3cc0,2017-07-21 20:43:21,349.00,48.03
ec5542a8bc5944e2401ce66b372fcffa,1,3ac29f1f25166dcc60b97e65d9a5885c,440dd6ab244315c632130ecfb63827b1,2017-09-27 12:55:15,139.90,27.52
ec6752845f9c553dcaeb40318b0df3ce,1,aca2eb7d00ea1a7b8ebd4e68314663af,955fee9216a65b617aa5c0531780ce60,2018-05-22 18:19:27,69.90,12.43
ec7ce26488a251a1c6043533e11c1bdc,1,c4baedd846ed09b85f78a781b522f126,a1043bafd471dff536d0c462352beb48,2017-12-05 22:31:24,89.99,50.50
ec9a45db197262577280e38de1889f3f,1,84412fdf17ffe7f7b52913a82e73b5b2,c3cfdc648177fdbbbb35635a37472c53,2017-06-14 12:43:55,169.90,19.43
ecaccc93dddbfc205d1fcdd18acf5933,1,ad90bb7ba2b9ed51338d3d97b180bb05,bd1d49a326abfa9b1036772e40445430,2018-02-07 23:29:56,39.90,11.85
ecd6c4b673e81e3ba899f65b2135ce70,1,c6336fa91fbd87c359e44f5dca5a90ed,4c2b230173bb36f9b240f2b8ac11786e,2017-08-23 20:25:21,39.90,8.72
ece7d51cf8bb9392bbef9c077bc32e62,1,dab2413ead0edda9967edbc9bda2a64e,562fc2f2c2863ab7e79a9e4388a58a14,2018-07-18 18:10:15,29.99,18.31
ecf4a4c673715759b55b3be3a8ea99b2,1,5636b7f13454e8499fa797687f2f6038,897060da8b9a21f655304d50fd935913,2018-01-18 13:29:11,93.65,12.16
ecfdcaa1a2dacb4e5297d8251b115002,1,f9e5efb845b51d764b06f149eb99fc7f,b92e3c8f9738272ff7c59e111e108d7c,2017-01-21 22:26:00,59.90,24.62
ed09706e867828c762e46ad418d064d7,1,b2855c4e42b8a50f359904c6763eeddc,17a053fcb14bd219540cbde0df490be0,2018-01-16 03:38:13,289.90,33.63
ed6878f64d1bb00f07e210dfaaf9e4d3,1,9da1c863c2389407fa1da532a5238d47,0ea22c1cfbdc755f86b9b54b39c16043,2017-01-24 13:32:34,54.90,20.83
ed7fc7aafd6ebca5daa21eaa5274d536,1,db5efde3ad0cc579b130d71c4b2db522,4869f7a5dfa277a7dca6462dcf3b52b2,2018-01-30 02:52:38,189.00,12.82
ed9ddf13b205161d8ca32de15a50a5c7,1,6f33a4a09ae1180a0ee1ff4682b2d21f,725c32fa80c2faacc4fc88450d27314e,2017-12-11 04:17:40,139.99,15.74
eda850474bf71f5b4264dcd0dabbdff1,1,84f456958365164420cfc80fbe4c7fab,4a3ca9315b744ce9f8e9374361493884,2018-02-11 22:50:45,92.00,13.66
edad550f8e089f9f83f9826bd21f1095,1,e3b71b54330e59e2e4ce7f1052813a08,431af27f296bc6519d890aa5a05fdb11,2017-08-14 16:45:13,59.90,16.18
edbfaeb8ad1b74d2dd3fa417465617fe,1,caaa713799b547352795c831a14f1c3c,53243585a1d6dc2643021fd1853d8905,2018-04-25 04:21:02,849.99,28.49
edca1e6e5049a09e73c18ba943979a84,1,d23a564a7cd43e5169246cc8d2c8c5db,0e982cff76cc0579f632cea8a0e38c9d,2018-04-04 12:50:31,338.52,26.61
ee02295dfa5d0519664c1dcd4a70e87f,1,7eedc4bfd32856b0c2b78657036d203e,4a3ca9315b744ce9f8e9374361493884,2017-08-31 15:45:39,159.00,15.86
ee0829e4d1cc7547c044b8643c14da38,1,c149a47db56b0bc5cd24808bcb35e318,897060da8b9a21f655304d50fd935913,2018-05-17 03:30:48,5.73,12.79
ee3322ff7174b7401b95b18fb8ea1e6c,1,1fe8e6e01596885617fa1c90d29c2f81,a416b6a846a11724393025641d4edd5e,2017-05-18 19:30:09,81.56,27.42
ee3322ff7174b7401b95b18fb8ea1e6c,2,1fe8e6e01596885617fa1c90d29c2f81,a416b6a846a11724393025641d4edd5e,2017-05-18 19:30:09,81.56,27.42
ee3e4667c7774f7a6b61e1990ec78cf4,1,57d79905de06d8897872c551bfd09358,ea8482cd71df3c1969d7b9473ff13abc,2018-01-15 15:39:34,41.99,7.78
ee5c259515ecb317e1e70dc9e84fdab4,1,540a93038cc8b4c42ef0821b2cf067d3,17ca9b9e9b9ef8fdb529001b49ebb50f,2017-09-12 04:30:13,49.97,16.11
ee65c3f0ce51f3d58b772cbc2e662e66,1,154e7e31ebfa092203795c972e5804a6,cc419e0650a3c5ba77189a1882b7556a,2017-06-05 19:55:20,19.99,7.78
ee7f4e0a5223e51719a98941129bbc24,1,a695ab8413ea83619cde9b18292d6aa1,1da366cade6d8276e7d8beea7af5d4bf,2017-02-13 14:18:34,20.99,14.52
eec1b2584ccac529785cee8454007b86,1,f2af004352a06a99dca765596240cbc3,f4aba7c0bca51484c30ab7bdc34bcdd1,2017-06-06 13:33:01,44.90,15.10
eed5f84919d668737e50dac75a4ebbd4,1,ba9f160a6ae1c23f25d690fd06fe4fd8,ac3508719a1d8f5b7614b798f70af136,2018-05-03 08:50:07,120.90,74.58
eed6f74a190f23b5a8ac54a8b86aa79d,1,7be620cd314ce6460033ba9017be7a7f,7aa4334be125fcdd2ba64b3180029f14,2017-10-18 13:26:33,41.80,13.37
eedfdd1e4ef97bae3bc2a49f06e3016b,1,856b55eef75569bf5ec655e857bf84f7,955fee9216a65b617aa5c0531780ce60,2018-02-16 11:28:04,36.00,14.10
eeed16ea7d99f4531ac2aefa8dd79368,1,2028bf1b01cafb2d2b1901fca4083222,cc419e0650a3c5ba77189a1882b7556a,2017-11-30 03:56:29,56.99,15.15
ef31025693a0212c0b45d12f12f12a5e,1,eb2d12bc991561d4ca5deff0e60854e4,a416b6a846a11724393025641d4edd5e,2018-02-28 11:47:44,109.00,9.58
ef5025f48c69b9d957744cd6d6f9b662,1,57d79905de06d8897872c551bfd09358,ea8482cd71df3c1969d7b9473ff13abc,2017-11-30 16:52:55,21.99,15.10
ef923bbb28876cc2a8e00a7ebc1a52f8,1,ad53b56bfd80cb8adc160a3deaa239b9,75d34ebb1bd0bd7dde40dd507b8169c3,2017-02-15 12:35:29,142.99,18.52
efa967efa40217c320aa7aa2954ebe52,1,6b59816f789d2ecd9884ca8bbb81dd93,17a053fcb14bd219540cbde0df490be0,2018-07-03 12:10:09,349.90,105.84
efbeffeec3423546112aa13eefc4c185,1,657247f6f60543b93e3cc708a8e6329c,7ddcbb64b5bc1ef36ca8c151f6ec77df,2017-12-21 02:37:33,248.99,35.91
efc734aa0895a5973f3e783a742f1119,1,0de1e69dff6f40f9f71be7034a8bb8d2,620c87c171fb2a6dd6e8bb4dec959fc6,2017-01-30 12:45:40,349.90,19.88
efcdad37e7529147a3c3ece422943baf,1,fcf28afb1353f2f12ea041dd74954226,ea8482cd71df3c1969d7b9473ff13abc,2017-11-10 12:26:49,27.99,7.78
efd6f5a2a8e6c4dbd20bf8ff100342e0,1,9cafef108028ea326352e901a8b729a7,2528513dd95219a6013d4d05176e391a,2018-02-22 07:07:07,64.90,20.94
efe29224ab6af2a162c9cb35940daca5,1,3a78f64aac654298e4b9aff32fc21818,623ad9d0c1e14bb5464a8c72bff7b4af,2018-05-17 20:30:47,95.00,38.96
eff124e4c7161cdbc3ecd912e716715e,1,2083a6feb4bbb31f6abc92fc24e468c0,cc419e0650a3c5ba77189a1882b7556a,2017-10-08 21:07:10,7.00,7.78
eff815e07af90858dc1de0952b153b9d,1,833d58e31839b5a0787025d59a21b79b,1336efc61c316ddf92c899eb817f7cae,2018-08-02 21:24:27,84.00,13.25
f0089d43f99d1bc295c05699b4facbed,1,06de2a2e4731091ff794ab6240951b7d,4b0fdb526525f9890eb145bf1534640e,2018-03-01 15:27:50,219.90,54.97
f01bca7e8e6bedab1bbcee4ccddca238,1,a96d7b91547c9d381eef6793af2c639e,17e34d8224d27a541263c4c64b11a56b,2017-08-07 09:45:17,154.69,21.57
f036b00e17fcaef60868e806043a66d3,1,b4853c75f13157892b0b87a2c9bcd13e,87d30a6a0cbf89356e49324971ab1d24,2018-03-02 12:50:29,450.00,17.90
f040040c63fb4164125917af2fa6d4b4,1,9d0a2db5144d569d5ce5375bb0f4de36,f049a72cf58fd31b11f8919cade515e7,2018-08-08 19:04:31,12.25,12.79
f04479bb4e07ce7b8ac1d2287b528541,1,bd3a02d6af913ac8e4c07501e2a13dd5,004c9cd9d87a3c30c522c48c4fc07416,2017-02-03 16:00:36,129.99,18.00
f0496c5b6508ecfdf0af4c67896dda41,1,f177554ea93259a5b282f24e33f65ab6,8602a61d680a10a82cceeeda0d99ea3d,2017-10-24 01:10:50,45.00,7.78
f0496c5b6508ecfdf0af4c67896dda41,2,f177554ea93259a5b282f24e33f65ab6,8602a61d680a10a82cceeeda0d99ea3d,2017-10-24 01:10:50,45.00,7.78
f064e104da3589eb8d9fe106c866b953,1,272c04ff0de2f13b78cefa1d769593df,4c03b9dd4c11ee2cb35c96c49efc9420,2017-09-15 20:10:15,55.50,12.73
f07ad60eb1e9d4b3be1029f373321408,1,25f86162fee18735fffdb762dcb10d7c,1a3df491d1c4f1589fc2b934ada68bf2,2017-12-06 02:21:47,149.90,17.70
f07ad60eb1e9d4b3be1029f373321408,2,25f86162fee18735fffdb762dcb10d7c,1a3df491d1c4f1589fc2b934ada68bf2,2017-12-06 02:21:47,149.90,17.70
f07ad60eb1e9d4b3be1029f373321408,3,25f86162fee18735fffdb762dcb10d7c,1a3df491d1c4f1589fc2b934ada68bf2,2017-12-06 02:21:47,149.90,17.70
f08e2cd4d2598a1628420f499688039d,1,ab5da1daa941470d14366f4e76a99dd2,d91fb3b7d041e83b64a00a3edfb37e4f,2018-04-12 20:10:23,26.00,9.44
f09d0203a51785e9ba9279607c38958c,1,a0fe1efb855f3e786f0650268cd77f44,ef506c96320abeedfb894c34db06f478,2017-02-17 13:00:36,21.99,16.05
f0acba5e31c243b3ba15fc908e1c0034,1,566a092fe1584b426b4a5c76823fa63b,6bbcb8924baf70b7fe2fe2097e8cd407,2018-01-25 15:28:33,47.70,12.60
f0b2f79f97e12f27b91c3570c725a81c,1,c92f0e7b9d49a9543558d6532772441b,5dceca129747e92ff8ef7a997dc4f8ca,2017-04-27 20:15:07,139.90,40.41
f0b3358d0acb067d9c09d3fb376a5e0d,1,39aa98469aa7460a9764311b3f8efb12,391fc6631aebcf3004804e51b40bcf1e,2018-01-11 13:49:26,45.95,11.85
f0b3358d0acb067d9c09d3fb376a5e0d,2,06edb72f1e0c64b14c5b79353f7abea3,391fc6631aebcf3004804e51b40bcf1e,2018-01-11 13:49:26,39.99,11.85
f0ba86f5acc7cc95af8064b92d726461,1,6af89b97a841482f79c52765bfe0d699,c3cfdc648177fdbbbb35635a37472c53,2017-09-04 23:35:10,279.90,21.59
f0c53ca3e5e7561fb1ff79116340d113,1,4fcb3d9a5f4871e8362dfedbdb02b064,8581055ce74af1daba164fdbd55a40de,2018-03-14 23:30:22,143.80,15.91
f0e14b83b8b12697246a18f91e0377e5,1,ea7ab4d3d8f539561e8078feaca6ae07,7a67c85e85bb2ce8582c35f2203ad736,2018-05-09 04:13:06,136.99,43.02
f0e99a13bd301f69aa29160ac8cd864f,1,b0054021dee7f055b57da97096fc1c95,6288c69c4ce638e59925e59193f98b16,2018-08-06 23:30:14,32.99,18.33
f104033beebfd7e8f12217531c2275f9,1,6d5a9cd602c26f8751612f77ff4c6a90,1d8dbc4f32378d715c717c1c1fc57bae,2017-11-10 14:30:46,109.90,47.30
f11fa7d0f434a225ec6d229d5337ced4,1,f7bb503725fb4d7bb55301d5bceba728,55a5b51f93f2b70ea513f5a047b0262a,2017-08-17 02:50:20,99.70,12.83
f13b53e842d66d6ea61e1c8da79a4550,1,1dec4c88c685d5a07bf01dcb0f8bf9f8,712e6ed8aa4aa1fa65dab41fed5737e4,2018-03-21 08:31:02,589.00,137.60
f13b936aa2436a99f17881708a7505b7,1,79366d6a24de9351b7ca6e3cf75a68ec,cc3d14116804f7209f3884f6367f1152,2018-01-17 12:12:31,193.00,30.88
f1462e755e6dad34d26392c0715bfdab,1,ad19bca6e0f1919433d7e21d534ddb50,527801b552d0077ffd170872eb49683b,2018-03-15 10:28:04,39.90,18.23
f15c4b4b43ba09c074b6eddcf72a902e,1,a62e25e09e05e6faf31d90c6ec1aa3d1,634964b17796e64304cadf1ad3050fb7,2018-03-08 13:15:34,108.00,15.52
f16010e0add047ba483e2b3eefa7c60e,1,685919d3ededc26c0ec078b32241025a,855668e0971d4dfd7bef1b6a4133b41b,2018-01-25 08:15:43,52.00,17.61
f175d67589e059cbbda956f10f0702e6,1,d8c365a069853295a82caf595c2c8c8d,48efc9d94a9834137efd9ea76b065a38,2017-01-09 13:34:35,9.90,8.72
f179e0782e0180bc2ec9ce167d4cf245,1,fff0a542c3c62682f23305214eaeaa24,08d2d642cf72b622b14dde1d2f5eb2f5,2017-12-12 02:35:39,7.50,16.11
f179e0782e0180bc2ec9ce167d4cf245,2,fff0a542c3c62682f23305214eaeaa24,08d2d642cf72b622b14dde1d2f5eb2f5,2017-12-12 02:35:39,7.50,16.11
f179e0782e0180bc2ec9ce167d4cf245,3,fff0a542c3c62682f23305214eaeaa24,08d2d642cf72b622b14dde1d2f5eb2f5,2017-12-12 02:35:39,7.50,16.11
f179e0782e0180bc2ec9ce167d4cf245,4,fff0a542c3c62682f23305214eaeaa24,08d2d642cf72b622b14dde1d2f5eb2f5,2017-12-12 02:35:39,7.50,16.11
f190884813097fe74073188f97302e98,1,87a71ae93900ab55fcf685c8040769b3,8b321bb669392f5163d04c59e235e066,2018-03-15 09:30:37,12.90,17.06
f190884813097fe74073188f97302e98,2,87a71ae93900ab55fcf685c8040769b3,8b321bb669392f5163d04c59e235e066,2018-03-15 09:30:37,12.90,17.06
f190884813097fe74073188f97302e98,3,87a71ae93900ab55fcf685c8040769b3,8b321bb669392f5163d04c59e235e066,2018-03-15 09:30:37,12.90,17.06
f1b69a785e2f47e44415f46f270f1545,1,943c812216923e4244e83099e0c62a08,5b8154610ebb21fb90eb587365e673df,2018-01-30 02:35:31,153.49,36.39
f1ed92b2528df59a68e567ead15889f3,1,31c47aaa5775c3b8eed73650e59586a6,6560211a19b47992c3666cc44a7e94c0,2018-07-31 02:44:36,39.00,7.53
f20ad794a21ea34c982e74ec18f7aaec,1,d8de812ed5d981fc6a3984f4caa2aa05,54a1852d1b8f10312c55e906355666ee,2018-02-15 02:09:08,59.99,15.18
f2125ad278ab03d4779ded7001337ee1,1,21e288a2a0d211749ff4b8f475b48557,c500367424994318b9e779ff1ae9a330,2017-12-18 16:53:45,279.90,21.45
f247c7a7f6677c91066b72c033b635f3,1,80736543f7c5c511bccb61d1544d9d0b,4a3ca9315b744ce9f8e9374361493884,2018-06-21 03:17:14,107.50,13.41
f24bbebc2c8ba687b65f1be751dd8982,1,1060d9ab6b911bfce1439c25afcd790b,4e5725ba188db8252977a4f0227bd462,2018-02-27 18:31:02,29.90,15.10
f27a56f2112f2928b4fe1e1d6d406131,1,738121d1a5b54545080cef01275446d8,3fadb4cba4c35bce6a7eaf9872d5623a,2017-06-06 22:22:28,41.90,12.48
f27a56f2112f2928b4fe1e1d6d406131,2,738121d1a5b54545080cef01275446d8,3fadb4cba4c35bce6a7eaf9872d5623a,2017-06-06 22:22:28,41.90,12.48
f287fe40c60961ff917acd403b4f19ed,1,79a564cca1924553af76d396bf7c0662,9d5a9018aee56acb367ba9c3f05d1d6a,2017-03-22 20:31:49,174.90,21.67
f28cf65c040ec0031234f04085debe30,1,c40b12e92be6aee40cc2adab6693820c,a416b6a846a11724393025641d4edd5e,2018-03-15 12:28:18,190.00,28.06
f28f39649e3b855c1e269fde05f2629f,1,2b4609f8948be18874494203496bc318,cc419e0650a3c5ba77189a1882b7556a,2017-08-03 09:30:18,89.99,7.88
f29bcfc9110dfb7b1fc0f77b31b749b8,1,108fa3ef6742ead062d9ad59b471ce26,744dac408745240a2c2528fb1b6028f3,2018-04-26 13:31:26,139.00,23.47
f2c78ae8a51c7fdd3c3f786f6dc49a6c,1,41db6d8062fcd38410c699743ccc0265,7d76b645482be4a332374e8223836592,2018-04-19 02:11:08,16.49,15.23
f2dca318c079a2926e6162e12d08ca31,1,e4b6f030d5280d30656abaa4ee64ef81,3ab971ce71839580d2ae5b4e40fe8044,2018-07-11 21:05:12,105.00,16.04
f2dd5f15184c73c0d45c02941c7c23d1,1,b931645cdc2d9868f01544e8db63f5ab,b14db04aa7881970e83ffa9426897925,2017-01-09 22:52:33,65.00,26.92
f2e62e5ce667ba626a17ef195d775796,1,de12bf624c66b90ad178ac441cbfbad6,7d76b645482be4a332374e8223836592,2018-05-18 16:31:09,19.90,18.23
f2f276797fe0c5bb220e8fceefd0220b,1,202bd859659a841de892b00c341300ff,6560211a19b47992c3666cc44a7e94c0,2017-05-31 10:22:56,35.00,15.10
f2f276797fe0c5bb220e8fceefd0220b,2,2c71438371b35f7ce3c2511d6b0927e7,6560211a19b47992c3666cc44a7e94c0,2017-05-31 10:22:56,29.00,15.10
f30663edef2c5ccbd8ac1901275ecf64,1,014a8a503291921f7b004a5215bb3c36,fa40cc5b934574b62717c68f3d678b6d,2017-01-28 16:26:51,36.90,8.72
f30d4e114f279d76688a6a27b79bef2b,1,e611a297d7a9df83f906aab5c746fd06,81f89e42267213cb94da7ddc301651da,2018-08-29 18:30:24,103.00,13.38
f32430cf068c4689e9ca4c0d46ea04a3,1,1ec486885049bbb9b79351d150ed18c4,cab85505710c7cb9b720bceb52b01cee,2018-03-28 20:47:09,49.90,12.79
f334a266fb65d5d853e108b4442f1f01,1,ec2d43cc59763ec91694573b31f1c29a,1c129092bf23f28a5930387c980c0dfc,2018-03-01 11:30:56,45.90,15.11
f34c3736b33b7d0c9eaaac33ac7b1ba5,1,1c42a107473d6b20db8ac7772b870e33,1900267e848ceeba8fa32d80c1a5f5a8,2018-05-29 14:14:23,78.99,26.63
f34c3736b33b7d0c9eaaac33ac7b1ba5,2,1c42a107473d6b20db8ac7772b870e33,1900267e848ceeba8fa32d80c1a5f5a8,2018-05-29 14:14:23,78.99,26.63
f3730b23378f3e3415e54360e5a7c844,1,165f86fe8b799a708a20ee4ba125c289,7ddcbb64b5bc1ef36ca8c151f6ec77df,2017-11-29 23:08:24,166.99,15.92
f376081d7c5f1767fbc7fae2d19ca32e,1,c7079d23bead81759eb7c670b96728bc,385799a1cddbd26dfeb9157356a42282,2017-04-03 16:15:15,91.99,6.75
f376081d7c5f1767fbc7fae2d19ca32e,2,04a4e9d8c0dc6b2b4b8e24ea78a8f318,385799a1cddbd26dfeb9157356a42282,2017-04-03 16:15:15,91.99,13.50
f376081d7c5f1767fbc7fae2d19ca32e,3,04a4e9d8c0dc6b2b4b8e24ea78a8f318,385799a1cddbd26dfeb9157356a42282,2017-04-03 16:15:15,91.99,13.50
f386ab31f2ffcafd65304e199111d3c2,1,be5353e2c543ba4f67831f95d3775420,f4aba7c0bca51484c30ab7bdc34bcdd1,2017-03-28 22:43:36,19.90,10.96
f38ae8b796d52858ed18b394908209d8,1,53759a2ecddad2bb87a079a1f1519f73,1f50f920176fa81dab994f9023523100,2018-02-07 17:55:31,49.90,17.60
f3a0df8637066be632ea188f5902c162,1,832137af5164ffb89cf407d686aa2d0d,080102cd0a76b09e0dcf55fcacc60e05,2018-05-04 18:29:55,21.90,7.71
f3da3b290778ca24514adced3807de23,1,f76a9967d2129cda56d7b3be6cb5c9cf,ea8482cd71df3c1969d7b9473ff13abc,2018-03-29 02:27:43,39.90,7.39
f3f075558b483bc41012c816ef977100,1,74e901ea4caa0b0488e8350431c558e9,855668e0971d4dfd7bef1b6a4133b41b,2017-09-15 12:05:29,290.00,15.63
f400946403a78fdd034cf522d3f85512,1,9251443819682703b07d22f78d20d603,48efc9d94a9834137efd9ea76b065a38,2017-01-30 10:00:37,14.90,17.78
f400946403a78fdd034cf522d3f85512,2,242eb53ca3c0b52e275b6fd7ce8b0be7,48efc9d94a9834137efd9ea76b065a38,2017-01-30 10:00:37,14.90,17.78
f4026d9ae34e982204b4f7b627939d32,1,4d3e81b2dfb45a73759982d63e532e94,25e6ffe976bd75618accfe16cefcbd0d,2017-01-31 19:44:14,38.99,12.50
f4026d9ae34e982204b4f7b627939d32,2,4d3e81b2dfb45a73759982d63e532e94,25e6ffe976bd75618accfe16cefcbd0d,2017-01-31 19:44:14,38.99,12.50
f4026d9ae34e982204b4f7b627939d32,3,4d3e81b2dfb45a73759982d63e532e94,25e6ffe976bd75618accfe16cefcbd0d,2017-01-31 19:44:14,38.99,12.50
f4026d9ae34e982204b4f7b627939d32,4,4d3e81b2dfb45a73759982d63e532e94,25e6ffe976bd75618accfe16cefcbd0d,2017-01-31 19:44:14,38.99,12.50
f41f4f0667b69592fa5bef59e5ef7fad,1,3354a4e684f5e7199f9407db70ccd92b,7a67c85e85bb2ce8582c35f2203ad736,2018-06-12 11:51:12,89.99,18.21
f42d66ddca55a1f750b6797c4269cb30,1,6b80b94c131c21e8a80f8139fa458329,4e7c18b98d84e05cbae3ff0ff03846c2,2017-07-26 21:15:11,109.00,38.51
f481c4a578efee5b662a2df18c3df59e,1,9fff1ad31dc8486b6b4e8c37e45df3e7,3db66a856d18a9cba7c9241fc5221c50,2017-11-14 03:30:27,89.90,19.87
f49ac798b81a51189639cb0a04d2bb69,1,2e9ebd07bf8a1740376abd8be93f6fb9,4a3ca9315b744ce9f8e9374361493884,2017-09-18 15:50:18,175.00,15.98
f4e88b3ce1eb899d388467aa702fdf93,1,ac85c1f3006839a0ad6995824c497974,066a6914e1ebf3ea95a216c73a986b91,2017-02-16 18:14:57,42.99,15.56
f4eadb63785a85c5624767458b5f5cc6,1,53b36df67ebb7c41585e8d54d6772e08,7d13fca15225358621be4086e1eb0964,2018-03-22 09:47:59,115.00,18.69
f4f3e2c1d55d36170f4aabf93236eef3,1,b9900407a55cb2b306ae612415c3340e,343e716476e3748b069f980efbaa294e,2017-09-05 18:30:19,39.90,9.09
f5068e06e9de577bdbfcb519ff9fb5c5,1,a5f6ba3fe91a2e73f10b612131cb2404,4e922959ae960d389249c378d1c939f5,2018-01-16 08:55:56,49.00,15.10
f5068e06e9de577bdbfcb519ff9fb5c5,2,a5f6ba3fe91a2e73f10b612131cb2404,4e922959ae960d389249c378d1c939f5,2018-01-16 08:55:56,49.00,15.10
f5068e06e9de577bdbfcb519ff9fb5c5,3,a5f6ba3fe91a2e73f10b612131cb2404,4e922959ae960d389249c378d1c939f5,2018-01-16 08:55:56,49.00,15.10
f53eae1ce47dc68e8da117dd0d7feef1,1,05d80513da078badb81a5f232e489376,dd2bdf855a9172734fbc3744021ae9b9,2017-03-09 02:10:22,69.90,15.70
f54625bd1c01cb2de21cb256de818cf2,1,89b121bee266dcd25688a1ba72eefb61,2eb70248d66e0e3ef83659f71b244378,2018-06-01 20:17:11,79.90,15.44
f5469d54daa9f43486f2d4ab2b154406,1,c349071c40ca2919f27bd3d6a2fb6fea,9596c870880d900012f2e8e6e30d06d7,2017-08-28 04:07:08,489.90,66.85
f55cb4fd8cb8b16824c2912514216b2b,1,d70c831282615555625658baeb52eaa6,0ea22c1cfbdc755f86b9b54b39c16043,2017-12-29 02:39:33,34.90,21.15
f5763c685bf8e3a552c2fcaa60aaa868,1,2a15783d3cb601f8d9a6a86806b037b3,855668e0971d4dfd7bef1b6a4133b41b,2017-12-07 10:14:32,60.00,16.99
f58bddd33f2b976d3676cccd97e4d776,1,8dc0f5aed3861b07012b5ec0bec6ca4c,11bfa66332777660bd0640ee84d47006,2018-01-14 22:08:18,8.99,15.10
f58d7e09ece55d81aac40b317757069e,1,3efe696e322f9139e3d2b894cb1f7a09,062ce95fa2ad4dfaedfc79260130565f,2017-07-04 21:50:19,189.90,20.57
f58d7e09ece55d81aac40b317757069e,2,3efe696e322f9139e3d2b894cb1f7a09,062ce95fa2ad4dfaedfc79260130565f,2017-07-04 21:50:19,189.90,20.57
f58d7e09ece55d81aac40b317757069e,3,3efe696e322f9139e3d2b894cb1f7a09,062ce95fa2ad4dfaedfc79260130565f,2017-07-04 21:50:19,189.90,20.57
f5a46e0d0f766ca0dd73ed331959ce00,1,7fb04722aba7a2b632bac8f9819796f3,f3b80352b986ab4d1057a4b724be19d0,2017-12-01 00:18:39,69.00,18.72
f5af86a3bea41e5daef5c06e7a02ad2e,1,dd2ca29c9d0f93d3b1d28d7d7ee3025c,5b0cc932433fa5184b5b94bfe6bcc256,2018-08-07 23:35:13,99.00,22.51
f5c5440eeced6d9ade07af5e1fcc69e4,1,500909059ad72b36b2554150cc327edb,7d456afc660226829370f3173d14520c,2018-02-20 15:30:33,190.00,20.82
f5d82c89a8e580c89d24d874bdb6da0f,1,803f77475e1b51b47f1bfec4f2ec353f,c9c7905cffc4ef9ff9f113554423e671,2017-12-27 13:02:30,69.99,8.72
f5d97c18a8bda6c516e7c61c9d1a6a27,1,6627732c944353907f92ff0812138314,edb1ef5e36e0c8cd84eb3c9b003e486d,2018-05-22 04:14:29,99.65,18.58
f5d97c18a8bda6c516e7c61c9d1a6a27,2,6627732c944353907f92ff0812138314,edb1ef5e36e0c8cd84eb3c9b003e486d,2018-05-22 04:14:29,99.65,18.58
f5de15fee5da7c522b0aa5837f99a1db,1,31a89a7044c5b133cf646404a4e86022,955fee9216a65b617aa5c0531780ce60,2018-05-10 03:30:32,150.00,22.13
f5de15fee5da7c522b0aa5837f99a1db,2,31a89a7044c5b133cf646404a4e86022,955fee9216a65b617aa5c0531780ce60,2018-05-10 03:30:32,150.00,22.13
f5e3df1b6d4ee5b4e795cbd56705d35b,1,99f5b2240b82bf9387e5cf2fc0335b08,1c68394e931a64f90ea236c5ea590300,2017-12-06 14:20:15,135.91,13.97
f5e3df1b6d4ee5b4e795cbd56705d35b,2,99f5b2240b82bf9387e5cf2fc0335b08,1c68394e931a64f90ea236c5ea590300,2017-12-06 14:20:15,135.91,13.97
f5e82fd73a7ac75d9b2d34bcde06ed08,1,19421075ae0b585f2dc13ff149e2119d,4c2b230173bb36f9b240f2b8ac11786e,2018-03-14 16:55:48,45.90,8.40
f5ff53df944464937cd950213093621c,1,c857b96593773e940454e76efa8eabb3,cca3071e3e9bb7d12640c9fbe2301306,2017-08-27 23:25:23,51.92,12.70
f61d0a25c102875f482d4ead106e18b1,1,893b9464c6ab7f700148fe9db838b6b4,55bb6fe5bebe5012e2d7d9928e1128ff,2018-05-06 22:35:10,129.90,39.77
f632c00313bdbd50450cb21052cbe825,1,2d4729e4bd9debaf6fcc53c26c0f37d1,080102cd0a76b09e0dcf55fcacc60e05,2018-04-15 23:15:17,29.99,13.47
f632c00313bdbd50450cb21052cbe825,2,2d4729e4bd9debaf6fcc53c26c0f37d1,080102cd0a76b09e0dcf55fcacc60e05,2018-04-15 23:15:17,29.99,13.47
f632c00313bdbd50450cb21052cbe825,3,2d4729e4bd9debaf6fcc53c26c0f37d1,080102cd0a76b09e0dcf55fcacc60e05,2018-04-15 23:15:17,29.99,13.47
f6352809547e1221141a36c6cbaaba58,1,e7240b84eb702e0aea8a1a30a47ba204,0ea22c1cfbdc755f86b9b54b39c16043,2017-11-12 22:51:37,19.90,14.10
f63bea61c8cd128d3e53d7c07d94a7ee,1,6c69e1be6be2ab7ad5a9e4fe8a763b7f,7178f9f4dd81dcef02f62acdf8151e01,2017-12-06 16:15:24,339.00,56.04
f6a14749cdfa97ee01f2fed27c0c8b3a,1,5e5d267a41f3d8bb608c2f0bd4b4972f,7d13fca15225358621be4086e1eb0964,2018-05-10 11:50:29,223.00,19.44
f6b066fe810a20c879b7a4aa8ffd30af,1,7344630ca6c1a4917e55f35c729baa7d,db4350fd57ae30082dec7acbaacc17f9,2017-05-25 20:10:20,16.90,7.78
f6b63a36cd2dd4fd184e6da3f911a4de,1,95c40b993a22463c83beb5c51a03d46c,85d9eb9ddc5d00ca9336a2219c97bb13,2017-01-23 15:31:13,20.90,14.52
f6bceb62b35d3e5335db07a36336bd6b,1,ffae6024df16802ba75f761d9aa24367,7040e82f899a04d1b434b795a43b4617,2018-04-11 20:48:54,19.90,18.23
f6c7eba2dda849d3fe744fd74907296c,1,3cd567828508afb8dc38c1eaa13df9ac,98dac6635aee4995d501a3972e047414,2018-05-28 18:17:10,9.90,8.88
f6d370f76988ab29f282356a31b6af7c,1,5ad2c4859aad6ecebd816a300d34f326,12b9676b00f60f3b700e83af21824c0e,2017-05-29 14:02:37,199.00,37.56
f6f0b2497c5a4ca89670186757ab2684,1,44dfeb8491daf22683dff46c7a3265b9,77530e9772f57a62c906e1c21538ab82,2017-06-30 13:32:11,65.00,14.20
f6f20338750875ffa91d23d6d6ff4fb2,1,c55065b87cbfeb89e7714d838d588afd,8160255418d5aaa7dbdc9f4c64ebda44,2017-11-30 21:14:13,115.90,13.15
f7535fb641a71ca3e0a6f2657dbfc51d,1,4a8c87facc0a20b726d5e1112ff3069f,bf3c6d2a28b2b5501e6c15448982dcc9,2017-07-12 18:50:24,119.90,12.04
f7541ffd5bcc27d83193554028f9127c,1,cd66fdcc09793a54b109fee14eee72cd,c840d3fdbba0790404fdae73d253b253,2018-04-19 13:30:23,129.05,14.98
f7541ffd5bcc27d83193554028f9127c,2,cd66fdcc09793a54b109fee14eee72cd,c840d3fdbba0790404fdae73d253b253,2018-04-19 13:30:23,129.05,14.98
f75666bf6c9e09f6b3f4bcd797b57a3c,1,f60fedc54d28bf29480f654d90a2f8ff,609e1a9a6c2539919b8205cf7c4e6ff0,2018-06-14 16:55:50,44.80,52.48
f756f24c1fc9b46e384943ba538a23cd,1,e71ce72b19b83080d97cf4f06c90d096,376a891762bbdecbc02b4b6adec3fdda,2017-12-06 16:50:59,72.00,21.30
f757fc88a9be2d57259be12e45955e7f,1,0fdd1ea79f0f2ec81697ccd021d6d992,229c3efbfb0ea2058de4ccdfbc3d784a,2017-11-17 16:15:27,67.00,15.91
f757fc88a9be2d57259be12e45955e7f,2,0fdd1ea79f0f2ec81697ccd021d6d992,229c3efbfb0ea2058de4ccdfbc3d784a,2017-11-17 16:15:27,67.00,15.91
f78a3a22a7eb2580aa261454a60166c3,1,4b5e26931a0b0d3a690a3f520329a975,955fee9216a65b617aa5c0531780ce60,2018-02-21 19:06:26,210.00,24.05
f79a31ab5cdfb67808fb8e27005ffa52,1,29427de7f8a9ee983d9dbc51cec569b4,7a67c85e85bb2ce8582c35f2203ad736,2018-04-26 02:31:52,82.99,18.52
f79b8af9c83e40ce3234880ed7196426,1,222684e29ad17ce818d1b01753c0cfb8,fe2032dab1a61af8794248c8196565c9,2018-03-06 20:50:39,244.00,18.99
f7a4be4d6edb66bd0e62e91e1bbc9061,1,15b3d4c8373cd64166af5504b49d289d,0c8380b62e38e8a1e6adbeba7eb9688c,2017-01-21 10:49:05,49.90,17.09
f814e911eb0f9834305ddacbaa7e83e8,1,31e3036d804e63b859b964d0c8bf9ddf,eec3469d83e142f9a104886655338c37,2018-08-23 13:49:51,119.90,20.03
f8156c3c902b5ae88ac59a6c7b28f72a,1,f4d18451e6c35980e6898e36dfd6fb55,4a3ca9315b744ce9f8e9374361493884,2017-01-21 11:21:45,48.90,11.74
f829f185f0ec92a117ee3d8c9e9ed19b,1,e6fd80a00ebb1a3e0d58a38555fbbf2c,f262cbc1c910c83959f849465454ddd3,2018-04-12 14:10:22,24.99,8.29
f83a0ce66c457dfdf564dafa364ae1d4,1,a59fb60fddcc72a9878b7ed5cb69d8e4,7040e82f899a04d1b434b795a43b4617,2018-08-30 10:34:17,14.90,18.23
f83a0ce66c457dfdf564dafa364ae1d4,2,a59fb60fddcc72a9878b7ed5cb69d8e4,7040e82f899a04d1b434b795a43b4617,2018-08-30 10:34:17,14.90,18.23
f8470371533c258e0a16d3406dd43859,1,3efe696e322f9139e3d2b894cb1f7a09,062ce95fa2ad4dfaedfc79260130565f,2017-02-26 02:49:22,189.90,18.17
f85c3dc1fcb73177a8b063582d72e630,1,5a419dbf24a8c9718fe522b81c69f61a,e26901d5ab434ce92fd9b5c256820a4e,2017-05-23 03:55:27,39.90,11.85
f875abf3cc68933b94d08b4ca51726d0,1,6adab229374835b551f6402e0dc53267,f8db351d8c4c4c22c6835c19a46f01b0,2018-05-08 09:30:56,48.90,18.23
f8822b6085858dd513bb20e7e0c88e83,1,4858799008e3cd4fcab9c61fbc63a2a0,6edacfd9f9074789dad6d62ba7950b9c,2018-05-10 11:10:27,40.90,12.79
f88aa9b677553d2e3f0e77b495066619,1,1da5a90b5fbd1e1bc37b7bbb999c7bd3,de66a66f2dd06bb9ec37aa96987466a3,2017-01-24 14:56:31,45.89,14.52
f89a86148310b5d6a02fbab8f1c9fb77,1,5e2ba75ad255ff60b1c76c5bf526ae9b,f84a00e60c73a49e7e851c9bdca3a5bb,2017-09-18 04:25:52,69.90,14.24
f89be12959c54bfc8be493fa13fb2f10,1,1de74e63d630007567726953a4eb2b36,a49928bcdf77c55c6d6e05e09a9b4ca5,2017-08-21 18:15:22,69.90,13.51
f8b13ccfc06fd1baa3b0b9a9f1d368de,1,d5b703c271f43f9c588a6f512a00f77e,fa40cc5b934574b62717c68f3d678b6d,2017-02-19 13:47:09,34.90,14.52
f8e0d73a0d29119847eef26cb525bf16,1,060c17562f97e5bb60bc0dfa4dd5b3f2,9f505651f4a6abe901a56cdc21508025,2018-07-10 12:31:35,24.99,7.44
f8fb768a4889846eaf601b29827b596a,1,13f58613ded23f25a9eec9136316253b,6ddc28b61be28373b4503a1f61cf98a9,2018-08-08 06:05:16,98.90,8.85
f90bee02f28c0067f1eaacdf188007b4,1,9a63d4ef456702710823c21b8cca0332,817245bcc3badd82bbd222e0366951a6,2018-06-13 11:31:17,149.90,51.55
f935cc50d7d3a005676cd1093b419595,1,9b2c558d8722ce82e6cae7ac037c2ad8,e8b3a3a38279a82f0e5d006d5e5b7d2c,2018-03-01 18:50:28,49.90,16.11
f939e2a89376e44158657a15465cacce,1,3eef0cb94ba82de806bb30ab743c7655,7c67e1448b00f6e969d365cea6b010ab,2018-02-12 07:25:32,79.99,22.88
f939e2a89376e44158657a15465cacce,2,3eef0cb94ba82de806bb30ab743c7655,7c67e1448b00f6e969d365cea6b010ab,2018-02-12 07:25:32,79.99,22.88
f939e2a89376e44158657a15465cacce,3,3eef0cb94ba82de806bb30ab743c7655,7c67e1448b00f6e969d365cea6b010ab,2018-02-12 07:25:32,79.99,22.88
f95795398c6d7c5e32c51629aa345fdf,1,e1da6ab77f4859eb17950e5df1c0f815,dd7ddc04e1b6c2c614352b383efe2d36,2017-12-12 04:39:03,45.90,13.08
f95795398c6d7c5e32c51629aa345fdf,2,e1da6ab77f4859eb17950e5df1c0f815,dd7ddc04e1b6c2c614352b383efe2d36,2017-12-12 04:39:03,45.90,13.08
f96344495ad4aa6c46d0b40c3b6e4424,1,154e7e31ebfa092203795c972e5804a6,cc419e0650a3c5ba77189a1882b7556a,2017-07-04 14:04:55,19.99,25.63
f964ec281f9f4098870fff22b6b74fec,1,bc68b4f9aacf4761a51fe96ac9cb6d62,2138ccb85b11a4ec1e37afbd1c8eda1f,2017-03-08 14:30:29,32.99,14.52
f96c95462f9bc5192f6ce1985d4a29be,1,11875b30b49585209e608f40e8082e65,2089a6d640999f9b9141ac719b2af596,2017-05-26 03:15:38,84.90,12.09
f9b80bc225fe1efa4384db3fdb46c2e4,1,5f0bdec2fb222061ed8fe52586a5957d,92eb0f42c21942b6552362b9b114707d,2018-02-12 10:50:21,13.99,15.10
f9bf0f92c8e483d1b6cb31d4559fb135,1,1612209b0b37fbe80e1e8e1b7d19ca1d,87142160b41353c4e5fca2360caf6f92,2017-12-28 07:18:19,105.00,19.97
f9cda286ca417062ff15bf5d63fbc70c,1,1ac94144a305b4bc370804ca0d290490,138dbe45fc62f1e244378131a6801526,2018-05-25 17:56:47,5.90,18.23
f9e254c56ad8dc27d6fd34b26f94711f,1,d53fa4385b1c7af4bc099d079edd4b32,fd386aa7bed2af3c7035c65506c9b4a3,2018-08-31 14:24:20,19.00,8.29
f9e3402be5a5ea63344347582ca9f45f,1,5f21301936c11698db6aee5444190da0,fe2032dab1a61af8794248c8196565c9,2017-06-15 02:45:24,149.90,14.80
fa1ad0a29c6a88101f0eb2e1504eb9ba,1,729834518009d0ecf002340e2b9e34df,f8201cab383e484733266d1906e2fdfa,2017-09-22 14:04:52,99.90,16.46
fa28a275f7cbd6cae66e0344f2445595,1,32252579a719da7dd2ee115f07dfd03b,9c0e69c7bf2619675bbadf47b43f655a,2017-05-25 02:23:03,335.90,18.11
fa2de0086db43d394d58f69a111f8f69,1,317a06884480d645d7f0bc82455ec277,974cf2cb8f4b7add98709c30df02fe10,2018-06-13 21:53:06,79.99,19.53
fae98fd8dd9729af2c8c95e16f3719a0,1,24f5af2b789d02450459312d48fc840f,cbd996ad3c1b7dc71fd0e5f5df9087e2,2018-03-07 18:35:32,63.49,12.78
fae98fd8dd9729af2c8c95e16f3719a0,2,24f5af2b789d02450459312d48fc840f,cbd996ad3c1b7dc71fd0e5f5df9087e2,2018-03-07 18:35:32,63.49,12.78
fb12ff6f5be15ffae684b3cc37abdf24,1,50b2ddbf47bd0b8eecabb404613e2a45,259f7b5e6e482c230e5bfaa670b6bb8f,2018-01-17 22:34:24,39.90,17.60
fb34957b24cfaa3c67835b67097b45e6,1,cec09725da5ed01471d9a505e7389d37,4d6d651bd7684af3fffabd5f08d12e5a,2018-03-08 20:09:29,69.90,32.94
fb4f1bfbc3032fb262e0548f93fe6087,1,c63857f1b80521fbf01eb987423d0ccd,bc47d5d1490df2b36add65d733eafaba,2018-04-05 20:47:25,12.50,22.85
fb620f3600b241ff5c85e8397eadd62d,1,5176d8670222d50ebbe4d4c5dfba2b49,128639473a139ac0f3e5f5ade55873a5,2017-12-18 03:58:22,18.90,12.48
fb63c6ffdd965418ce463c165f2f0efc,1,38327e062df5eb11f9ff87b586df0fd4,d12c926d74ceff0a90a21184466ce161,2017-10-30 07:49:10,56.90,8.72
fb7df543b6622d01dba2c9340a23bb30,1,aff39c649de8c4e36d325880de8f4338,3ade81dab5a172b88e1871c28ae05260,2018-08-14 20:10:21,179.00,48.33
fb7df543b6622d01dba2c9340a23bb30,2,aff39c649de8c4e36d325880de8f4338,3ade81dab5a172b88e1871c28ae05260,2018-08-14 20:10:21,179.00,48.33
fb8a1aa2a0931ede3ac1d6ae42d4ffdc,1,05a9dadb8402b6b7ae3dd28f7da187b5,522620dcb18a6b31cd7bdf73665113a9,2018-03-23 09:48:38,169.00,71.17
fb975e889b11a08705d3b2734b626916,1,2636a9812d151c718b53387171ce08be,b17b679f4f5ce2e03ce6968c62648246,2017-01-31 09:51:08,30.97,16.05
fba5f0680d7e30d3148e17be8bce108d,1,905b384ac5667170689505bbf30f1d07,1900267e848ceeba8fa32d80c1a5f5a8,2018-02-15 09:31:47,80.00,16.32
fbab2f1499ada7711dc92e28e8e2cee9,1,06f442515f5159d999a684dfdb881917,66922902710d126a0e7d26b0e3805106,2018-02-22 11:30:27,105.00,30.57
fbae1b9dac9991f79b54655e26cbe64e,1,6767719f80aabbbf16ab2491899c32d9,c4d51195486dc781531876a7d00453d8,2018-06-13 20:51:12,839.99,23.76
fbb38f33f44df110ef060767b70bdfa3,1,b192be433004cc1f10b467c0e9ea309b,de722cd6dad950a92b7d4f82673f8833,2018-08-07 17:23:56,179.90,53.61
fbb38f33f44df110ef060767b70bdfa3,2,b192be433004cc1f10b467c0e9ea309b,de722cd6dad950a92b7d4f82673f8833,2018-08-07 17:23:56,179.90,53.61
fbb38f33f44df110ef060767b70bdfa3,3,b192be433004cc1f10b467c0e9ea309b,de722cd6dad950a92b7d4f82673f8833,2018-08-07 17:23:56,179.90,53.61
fbc769defaa6da4bbabdbbb7c93feccf,1,8d7d29e5fb9ff5333009326c87fc04e9,7c67e1448b00f6e969d365cea6b010ab,2017-08-02 14:10:18,119.94,18.55
fbcac8a5f28ae481d3c3ebb74de5a7fd,1,49eeae59754cbcf1abeeffb8f51184ee,972d0f9cf61b499a4812cf0bfa3ad3c4,2018-03-29 13:27:46,69.94,31.14
fbd82b1fe98967de0db29b6cf134d00a,1,bb936e22237d5ec143263050cd705132,725c32fa80c2faacc4fc88450d27314e,2017-01-22 08:55:36,39.98,11.74
fbee80ef6891c144af8ff9dc788aaa89,1,89c111575a1b19782a2e660eff07dd8a,54a1852d1b8f10312c55e906355666ee,2017-01-16 12:01:14,33.90,24.84
fbf16cb7728cac175e1222c7d73734c6,1,c9c6fde711572c1ad99ca12728c6af00,562fc2f2c2863ab7e79a9e4388a58a14,2018-08-07 02:44:06,59.99,18.52
fc3443668654977029c4cc2ead0cc0b9,1,6af89b97a841482f79c52765bfe0d699,c3cfdc648177fdbbbb35635a37472c53,2018-02-09 09:55:25,279.90,21.45
fc6fa7fa7977262db8df0b27a56474d8,1,c92f0e7b9d49a9543558d6532772441b,5dceca129747e92ff8ef7a997dc4f8ca,2018-03-15 02:10:17,149.90,75.48
fc6fa7fa7977262db8df0b27a56474d8,2,c92f0e7b9d49a9543558d6532772441b,5dceca129747e92ff8ef7a997dc4f8ca,2018-03-15 02:10:17,149.90,75.48
fc85b94eb688b0abb29954cf6354c1bc,1,f3c5707e7c539ab6533e3611da02b648,d1c281d3ae149232351cd8c8cc885f0d,2018-01-18 09:31:21,160.99,21.62
fc893e13a220f3fb9b2108b582e773a0,1,5aadb280135a6132d14d3d93b5724b69,53e4c6e0f4312d4d2107a8c9cddf45cd,2018-04-18 08:31:10,199.00,8.58
fcaae2ec3667a30a9164785ba78306b9,1,283f243bb09e48e8f324d175182d5cfa,ea8482cd71df3c1969d7b9473ff13abc,2017-09-29 11:30:24,19.90,14.10
fcda3cc8210e746326864eb933641ccf,1,913580fde3e72c3b3e4ce0b79963bee6,b76dba6c951ab00dc4edf0a1aa88037e,2017-01-22 22:41:55,10.99,16.05
fd05016059d759a3d1cd9f1068be4907,1,99a4788cb24856965c36a24e339b6058,4a3ca9315b744ce9f8e9374361493884,2017-08-04 10:03:15,89.90,15.38
fd06d0c6fa9aa98d24fcb159b433375e,1,abe135ae574a8969994de86975004972,63ffcb71394dd8ea3872ed9ffda17c74,2017-06-08 09:25:18,16.90,13.23
fd0926fd1e8031a9cf228b88589a085b,1,d952c09021388fd5b1e5f914f559fb10,2138ccb85b11a4ec1e37afbd1c8eda1f,2017-03-24 14:14:31,18.99,20.40
fd0ac58dfd0c4a3034ec2fe3e6200fce,1,24908bd1bd10700a84f4fd551a3a52b4,a673821011d0cec28146ea42f5ab767f,2018-03-05 22:30:28,89.90,16.39
fd180ff2363b236f823a4fa8a2a729f1,1,63de2743d05ab59d85caa49e49459ac1,cbd996ad3c1b7dc71fd0e5f5df9087e2,2017-05-25 09:45:14,19.90,11.85
fd2183b67656b8228e073e069c83737b,1,4baf15e171b06455c5cd23453db0cab3,45d33f715e24d15a6ccf5c17b3a23e3c,2017-02-19 13:07:24,59.67,11.03
fd26a8e314b26ecd3011f9d6ec17e7c2,1,acdd408fe971bbe29a81f8febb575ffc,128639473a139ac0f3e5f5ade55873a5,2018-08-09 13:35:21,18.90,13.47
fd38d5793a4393e031ea8da57e094f88,1,b6bdb28b376292b83135644ff8d4d6a2,da8622b14eb17ae2831f4ac5b9dab84a,2018-06-11 16:50:40,179.90,13.69
fd4ebf52ca607b4487b38826f0c78adf,1,154e7e31ebfa092203795c972e5804a6,cc419e0650a3c5ba77189a1882b7556a,2017-10-27 02:56:53,23.99,15.10
fd4ebf52ca607b4487b38826f0c78adf,2,154e7e31ebfa092203795c972e5804a6,cc419e0650a3c5ba77189a1882b7556a,2017-10-27 02:56:53,23.99,15.10
fd4ebf52ca607b4487b38826f0c78adf,3,154e7e31ebfa092203795c972e5804a6,cc419e0650a3c5ba77189a1882b7556a,2017-10-27 02:56:53,23.99,15.10
fd5f72be11f7a4426a3cc9778f643272,1,52c80cedd4e90108bf4fa6a206ef6b03,a1043bafd471dff536d0c462352beb48,2018-06-29 03:32:45,139.00,67.56
fd8d9bc6af4ccc073a7fe152040e81f2,1,89321f94e35fc6d7903d36f74e351d40,16090f2ca825584b5a147ab24aa30c86,2018-05-22 02:54:21,27.90,12.94
fd93073bf4bfd856573cfca0c959483b,1,236e1b991bd45b40f2f732a22d39f6cc,17ca9b9e9b9ef8fdb529001b49ebb50f,2018-07-03 12:10:03,11.97,24.48
fd9486ae13f513ac59c3f6c23bb003c7,1,acdd9eaa79720ca045ce3768250b8e47,a416b6a846a11724393025641d4edd5e,2017-05-09 11:33:39,99.90,12.09
fd95e4b85ebbb81853d4a6be3d61432b,1,53b36df67ebb7c41585e8d54d6772e08,4869f7a5dfa277a7dca6462dcf3b52b2,2018-05-04 11:10:31,106.90,0.00
fda140e135ccab872e95fb03e76ba27a,1,3410cbd7df2130ec3cb9300ef0fe3df1,165fc07beebdcb6190fba8a06db2a449,2017-10-09 13:07:21,59.00,17.98
fdafcfbadd88c33d4798432d3bcf6004,1,4b6b3a7072d549354c3743dedbf4170a,6560211a19b47992c3666cc44a7e94c0,2017-09-15 12:25:12,55.00,7.78
fdb3ef83ea6f7bef7d13bdd9b38da661,1,cb17b798ba889575385281b7ec2fc22b,ffff564a4f9085cd26170f4732393726,2017-01-27 21:09:40,109.20,13.34
fdcd1438710f47b926796d3778452212,1,3d3dd9f435c6795eb6ff0be50b45041f,9596c870880d900012f2e8e6e30d06d7,2018-03-01 15:35:25,78.45,25.83
fdda37c607e545cc35b20ab1eb1a057a,1,efa490145b5cc82438b6a6de691535fa,8d956fec2e4337affcb520f56fd8cbfd,2018-05-14 22:31:07,46.99,15.23
fdfce023fb0abea352d3231865c62fde,1,d3e1006ba3735c0d44160026b6e0ced3,c003204e1ab016dfa150abc119207b24,2018-08-16 04:05:17,108.90,15.07
fe07292e1a88c0c8b22fc45b58da8110,1,da662963d06871d0e88300f9c6df43ee,e9bc59e7b60fc3063eb2290deda4cced,2017-11-20 14:30:45,175.00,14.25
fe2ac30768e07e362b649951cc625144,1,561e48cdfacd14e7cfe67aa4ebd0caea,5cf13accae3222c70a9cac40818ae839,2017-01-20 16:41:18,74.50,19.22
fe421e7d38d622aedc8ca97d58771ea6,1,28209b7aed95f7c0c9b9806f974a104e,432c37c9dfba871172ec162e20118b8c,2017-04-27 08:55:13,119.90,18.27
fe563d119bfc3fde7ce511e31594507c,1,11f97b0fc032508935ea374eadece168,93dc87703c046b603023e75222018b45,2018-06-04 23:13:36,179.00,14.37
fe60bad9c284d296c50b267f32a70da8,1,c46c87888b081cf424913fd74b9b6e87,41e0fa5761c886a630994a55c12087e7,2018-06-21 20:03:23,84.90,18.69
fe64ddc89b78b25109183dfb7fbc2629,1,7564c1759c04fc0a38f2aa84f7a370ee,6860153b69cc696d5dcfe1cdaaafcf62,2018-07-03 18:09:58,42.97,18.40
feb6795b3a5f345c10e8e4a7c6383130,1,d426c52017387e708aa9e72eb90797b2,612170e34b97004b3ba37eae81836b4c,2018-08-24 19:44:33,199.90,24.20
fecd2391540ed4dd35db71f1af87f03e,1,c9d1849f97b6fe404378805a105d64ec,7722b1df1b0e383e000397b2c11e3e19,2017-05-19 20:15:17,89.90,8.82
fed2c6b5a6f5bbf776e52240101359fe,1,dca8cbb1c9d8a2db0fbc0c36b8d1a7bc,6560211a19b47992c3666cc44a7e94c0,2017-05-23 22:10:10,79.00,15.30
ff0d3c8b486f123087d9d9da102afaf6,1,04a3191f211edc97716020026d05d260,0c8380b62e38e8a1e6adbeba7eb9688c,2017-09-08 00:55:12,115.90,18.06
ff16d15a9ee89f3b65af595178308532,1,7c4a8bec217df1de0df2b5aaf8175b65,7040e82f899a04d1b434b795a43b4617,2017-10-20 14:50:40,19.90,7.78
ff207aa3493754ffcea819b8c0c0dbb5,1,8c5876b1c7768217964f353bc7e64393,0db783cfcd3b73998abc6e10e59a102f,2018-01-05 12:16:20,49.00,11.85
ff42eee9423ebc7d468a3709e1cbefb7,1,f07ef9dd6e2d9a366ff30a25e210be70,62c50c1af4dfdc4149d25c5222043d39,2017-01-20 09:56:45,137.99,11.58
ff6f331d72b0d62624db312fd52fa91a,1,298532d06986d6132e5222b9362ad942,79ebd9a61bac3eaf882805ed4ecfa12a,2018-05-08 22:30:40,129.90,47.64
ff70ad5dd90ca8946ddb2ba48946c0e2,1,9a1671211dbf49fd18dd1bd16cff632d,381c83fdca332ea6afd896da20bf6e4a,2017-11-21 19:31:33,109.00,21.16
ff8f8f9123b73422b7a732a02483d9e2,1,22c28492de598515578d252acb18e21b,1c40343cc5d18c2d8248ac2f3366de34,2018-08-22 16:50:16,29.99,18.31
ffa18796659322e26489458de771d309,1,67837a6bc3074b80f6fe8efc4740d37e,23d7c96d4a1160db1c726b248601b25a,2018-02-22 13:46:51,49.90,13.37
