product_id,product_category_name,product_name_lenght,product_description_lenght,product_photos_qty,product_weight_g,product_length_cm,product_height_cm,product_width_cm
20e37962088a4061d3578def47a8648b,moveis_decoracao,60,208,1,800,40,10,34
5f504b3a1c75b73d6151be81eb05bdc9,cool_stuff,38,1176,3,15350,47,40,47
0992c6cba95a13bfa68ea7d5e22d478b,ferramentas_jardim,42,671,1,3850,29,12,24
32ee3f4e2493045726807808d7abbab6,cama_mesa_banho,54,381,2,1400,38,9,27
2be2be0a6a5916840503fdf50808ebcb,utilidades_domesticas,41,270,1,600,36,6,19
51fed4afb1b41d00ad9d25a73b7fbbc7,consoles_games,48,303,3,250,21,7,15
0075c14603d80515e20908c156ceb47b,esporte_lazer,50,329,2,150,16,18,16
a1b3a75aaaee5c9a683f2266c088f720,relogios_presentes,53,599,2,350,16,11,11
c615805546392ec3b8a20c6590c4d400,pet_shop,54,261,6,2000,30,34,17
9cafef108028ea326352e901a8b729a7,cama_mesa_banho,60,609,2,1750,45,20,40
dd783a33bc94bef9c728611320d559e7,beleza_saude,52,1113,1,150,16,12,11
fff0a542c3c62682f23305214eaeaa24,papelaria,23,146,3,300,30,10,20
582dfc3697c5f834a5ddf28460ba9222,fashion_bolsas_e_acessorios,59,251,1,300,25,10,25
dccef777bc505f2eca720502c209988d,eletrodomesticos,56,173,1,150,18,8,13
0e40b1ed4cfd3da1962ec91913e54ba8,eletronicos,52,424,1,175,22,11,15
a1bf559ac1eab015ba992bd76d9d76c7,informatica_acessorios,32,1074,2,200,39,2,30
622d3b263cd40b06e1eeea144fb83f19,bebes,19,200,1,250,21,4,13
c6336fa91fbd87c359e44f5dca5a90ed,esporte_lazer,39,772,1,150,16,16,11
2e511b5741ab14e7f5294df6f1310b03,informatica_acessorios,52,2515,1,188,20,16,15
2029248294c186017ecfc48cecd47bbd,ferramentas_jardim,44,586,3,3250,32,14,22
b0cd550945da1de6eb9cb69595d540df,esporte_lazer,55,1392,1,900,16,16,16
ce130b350f529a1d6288f927da7404ea,cama_mesa_banho,50,171,1,1450,45,10,15
c04b8195870068ff5c495f269a0bc993,livros_tecnicos,54,1162,1,1100,29,3,21
bc4a074ab7a7ff14e98fa64671a79dc0,beleza_saude,21,1000,1,1450,25,25,16
f97d74310019b255120e4316f4515d74,fashion_bolsas_e_acessorios,34,426,4,200,16,9,11
1dfb36d969d347f56f43590ec42c7b8c,esporte_lazer,50,1212,5,900,26,6,13
ad19bca6e0f1919433d7e21d534ddb50,livros_interesse_geral,42,1109,1,900,18,25,16
334995514673fb6bae67885458b52984,utilidades_domesticas,37,261,2,250,25,25,25
2068e3435a38f6a3cc95ba89a96378ab,automotivo,58,894,1,3300,35,20,20
a7b42937ab954b0e03bcf6cc35209940,esporte_lazer,56,813,2,250,16,10,16
b72e63f4630dcaded1689b28efa4c583,brinquedos,59,1272,5,1000,30,13,30
3a78f64aac654298e4b9aff32fc21818,,,,,4300,30,10,48
ad0e74d7a7848008daa87492dff8db9f,automotivo,57,1631,3,500,16,21,18
f159439c5c382fae366d444e05c590c1,perfumaria,52,365,1,400,18,18,12
8eed5d27f5b8c6248731efb4782f6141,automotivo,41,1510,1,2800,16,2,11
9d0a2db5144d569d5ce5375bb0f4de36,cama_mesa_banho,39,347,1,75,17,12,17
41ae9f1ae64408cbe2b980a3227f04b3,papelaria,55,1349,2,1000,27,10,20
dd2ca29c9d0f93d3b1d28d7d7ee3025c,moveis_sala,24,356,2,7750,33,25,33
386486367c1f9d4f587a8864ccb6902b,cama_mesa_banho,54,120,1,835,40,9,33
0eb8e03d4ef83152c4642b606b5bbdec,moveis_decoracao,47,348,1,2900,40,10,35
f303e2cdf0967ef1a153d12f2685d280,cama_mesa_banho,58,262,1,1400,25,10,25
73c15f15e628e4ec389e0ed1cec48b15,cool_stuff,45,3033,5,12400,35,35,50
e13cf83849f5e6cf2b946de4ca48bf2c,pet_shop,57,651,1,500,25,15,20
d88cd106d68ac93feccee719004d247d,informatica_acessorios,25,153,3,250,16,15,15
2b250e4c796f4ce9da7ee0465bd1b574,musica,43,656,2,783,16,8,15
53b36df67ebb7c41585e8d54d6772e08,relogios_presentes,33,523,3,584,16,11,13
66b5f91356d928ae807ab4ee547f5e3e,pet_shop,47,115,6,500,20,20,20
036734b5a58d5d4f46b0616ddc047ced,telefonia,58,751,5,300,17,4,12
e7ef7e0bc312196681f8304cf7ddd92e,automotivo,37,269,3,6700,70,25,22
1175dc374bce5c9d93c4d4281d8d85d7,perfumaria,52,693,1,400,18,18,18
66f01f544ba693e1a1a7428caec79279,moveis_decoracao,54,757,6,3300,19,7,16
bcac2cdcd851929a5caa3e1508d5abc9,utilidades_domesticas,45,928,1,800,39,6,28
ace5d86cf1ac63cdb76f49e5cd23d2f8,moveis_decoracao,60,473,1,600,30,4,20
eb6913790ee61d3d4d8dffcbbedea827,pet_shop,57,1268,2,102,20,6,13
ea697d5bbca113fdf96cf66f7aa135c8,beleza_saude,36,668,1,650,16,40,11
c76ce8f19e21cfc8226f0551ed5da750,cool_stuff,54,940,1,1800,42,25,15
31d6f0a621ee145ae8c70304cf564483,relogios_presentes,54,691,2,200,16,2,11
089cc17c8bf2226d13648392e33dabd7,informatica_acessorios,32,999,3,225,17,5,20
f110a8fd4a8052d5717ce2adc2bb71d0,esporte_lazer,57,1176,4,3350,66,6,43
c857b96593773e940454e76efa8eabb3,moveis_decoracao,55,133,1,700,35,4,30
ceae7ba6df69ce2b3d1ec03bcfafc31a,automotivo,59,586,3,1125,60,8,33
575e0e0242a7a1900558645915d3d9f8,alimentos_bebidas,57,1551,1,300,20,20,20
44feb28a74abb0f2f303412d60160750,livros_tecnicos,40,1120,1,500,25,3,18
2ac7c9339ff85fff3e1aee3eaf7bb315,utilidades_domesticas,43,357,1,217,18,5,14
b41f1b93d5b478ecc56bcd6285c3a696,esporte_lazer,57,1537,5,450,30,10,30
06ae026e430189633c2fbd0288c86257,relogios_presentes,36,562,1,450,22,14,17
aba92acbdc38cb3a656015d4fa601a23,telefonia,59,502,1,325,40,10,11
b520bae2a8c9790cac40196cb2025283,moveis_decoracao,40,94,5,200,16,5,20
283f243bb09e48e8f324d175182d5cfa,telefonia,60,1440,4,225,18,5,16
6e1b14d3cbb5fb3a2c00351007127dfd,cool_stuff,55,985,1,1625,44,24,32
87f6e794e8e759e774a4c34590565036,brinquedos,59,1961,6,950,35,6,25
42749c525c90994bd3d4c74edf047172,construcao_ferramentas_jardim,57,1289,1,1300,60,13,23
ba58dd885694fa6a278aa4217365680a,instrumentos_musicais,23,816,1,9100,55,25,35
70906e04da1eebf3d1b8791bd09ffe85,informatica_acessorios,51,518,1,214,18,14,13
f74eb9bc847b5e5e906e5e214bb451b8,moveis_decoracao,59,438,1,900,30,4,20
3bb8427f7700385308f42cfcf4c8d10d,consoles_games,58,1388,2,700,25,25,16
a9e0a3a894f4bf7844830c090853c3e1,telefonia,49,79,1,375,18,10,16
47ed9bf58ec9b274dd4effeb9c75f117,beleza_saude,43,1145,1,300,21,6,14
d2f2c2b94c6ac44ece0bd0dd202c7939,moveis_decoracao,54,241,4,1050,32,12,32
d48bacc1dcd9c86bf1ed4ed2a303336c,brinquedos,52,752,3,1232,38,18,25
8173ca41cdb176462f9ae79821a48404,esporte_lazer,57,382,2,150,20,10,20
06c38a87544301cba8b0fb5a0796383d,brinquedos,45,553,5,2300,98,12,20
09690382191f134e947200ccfe32f7c0,relogios_presentes,59,901,2,400,16,11,12
ec72556b5da399d24fe06338e816a9ac,papelaria,45,151,2,233,20,11,15
b50c950aba0dcead2c48032a690ce817,esporte_lazer,58,2584,1,1800,16,16,16
446a112adf10992c2e26eb566a68bd46,cama_mesa_banho,47,718,1,700,28,8,22
cfa7ee31b3e91eacffe78176dc964965,telefonia,19,288,1,203,14,16,14
c7079d23bead81759eb7c670b96728bc,esporte_lazer,60,723,1,600,50,12,18
d696750e550fd0f733979dd7e5dff921,utilidades_domesticas,44,916,2,950,53,5,13
a8fe47ad6f852f93cc92c7b408687de3,esporte_lazer,27,202,5,400,70,10,20
10d196ec072e2d8382c7ec9c942d7ea8,esporte_lazer,50,315,4,250,22,6,15
6c04f5ced4964898effa486a73d81ca2,brinquedos,58,884,1,250,20,15,20
173e9fe34bfe97f3a5e6dc57fe897b74,livros_tecnicos,36,890,1,950,29,3,21
9aedf557945e816d48539ee56293f860,pcs,55,3610,4,2400,16,31,39
e4e9fa024c5f014419b395452a41987c,esporte_lazer,59,355,1,3450,16,105,55
9d395a6bc9dbad2dfe60c8c92d8df397,moveis_decoracao,59,2001,3,850,69,11,11
63094ac128b54dd72d511043411df079,fashion_bolsas_e_acessorios,55,255,1,150,21,9,14
5135301d684848b74276f22afcc6781c,utilidades_domesticas,49,1012,2,500,24,20,23
cc5447118c174dcc6456c84ccb29e6f7,perfumaria,25,549,1,550,19,13,18
a179fe5e75138e812571da4d038f0271,automotivo,55,713,6,3650,56,6,76
601a360bd2a916ecef0e88de72a6531a,cool_stuff,33,897,1,1600,42,25,15
def8b2856a5c8fea8715aa849a198cd4,brinquedos,43,279,1,281,16,12,14
f4b952dd7ab601c02bb1bd06395f45f6,relogios_presentes,53,301,2,1183,23,5,26
978859c6048ded0fa8bf3b9ea8236387,utilidades_domesticas,59,299,1,350,33,4,20
6050e522f532bdf1c69623a0312a39db,esporte_lazer,24,158,2,1800,26,14,16
8da77162e41d47464f9806727417cf6e,cama_mesa_banho,58,293,1,3600,50,10,30
7dcdcf1d40dd5422c3f16685ac1f0dbc,malas_acessorios,31,42,1,100,16,3,16
9328c3a5c42ae7b32d53e419f9b93d66,moveis_decoracao,60,473,1,500,30,3,19
729834518009d0ecf002340e2b9e34df,cool_stuff,51,873,3,1400,18,9,27
f9be8e0e5acd947d8f49dbc390b9ab20,cama_mesa_banho,60,322,1,2400,45,15,35
fb7a74777a6afa91445275b19024a722,informatica_acessorios,54,882,4,500,20,30,30
48e82f62f499350869ac7529efd9fcbd,moveis_decoracao,60,357,1,650,25,5,17
1c57458e824ca3d974ec1831a1a55e72,pet_shop,57,794,3,30000,79,2,63
d325b4b600e06bd11a1f8afdfdf3679c,beleza_saude,46,1290,1,950,25,12,19
500909059ad72b36b2554150cc327edb,cama_mesa_banho,39,1140,1,3100,30,25,30
154e7e31ebfa092203795c972e5804a6,beleza_saude,48,575,1,100,20,15,15
93914ef5901d870afb5c7c9ac77a50a9,moveis_decoracao,57,306,1,3775,38,18,32
45e967683e7292b195609137fadaf2fe,automotivo,57,453,4,100,21,2,17
2a211896ec7ab72cedc7939e9ffb01b4,informatica_acessorios,58,1306,1,700,23,20,17
c7e02747ef9366a4fb7f4ac4fd261c36,informatica_acessorios,59,2168,7,900,35,10,19
c784a651cf319526cc7cf854f83cb941,papelaria,58,125,8,500,30,19,30
fa824bd872b3bfb379407d40ff3059c0,relogios_presentes,60,645,1,265,18,12,13
f83c9874b5b5044ea58fef1be68c1ea8,cool_stuff,52,791,6,5200,63,2,79
19c91ef95d509ea33eda93495c4d3481,beleza_saude,50,1257,1,700,25,12,19
1cbe6092926b24ecacfdeb748bc34105,automotivo,52,666,1,4950,65,25,25
8ac83e639035f00faa972f1fb0063b4e,beleza_saude,50,796,2,150,20,10,20
168b1b45c68037b0490157ee10540349,cama_mesa_banho,60,269,1,3150,39,13,46
086351823300e0339f6955b27998c186,cama_mesa_banho,49,189,1,3305,65,12,45
ec242882027ee23182f0e790e4117128,cama_mesa_banho,60,872,1,1400,45,15,35
29fd9022374ff3fef2e8f82c39b4133e,cama_mesa_banho,57,427,1,800,45,15,35
34742604f6cd1e891726b849b6890f81,esporte_lazer,47,1582,1,12000,105,46,46
b06e4ddd013b4a1a81e80fe575d9b762,cama_mesa_banho,60,226,1,1500,49,7,40
626a944b34a60ab69c2fcf2827163c84,eletroportateis,56,3498,1,600,16,4,13
6eba58100f906fe0965290b28ca3c45f,cama_mesa_banho,54,532,1,1450,16,10,16
9b90cdb2d9223fc2e400fcdda43bdd48,esporte_lazer,41,1139,1,5475,32,33,22
3a56185b0baa8dc98beef8ebba000b96,casa_construcao,48,894,1,2300,30,30,30
a04087ab6a96ffa041f8a2701a72b616,pcs,55,1105,1,13700,27,50,53
b63e8531d772927d6d0b5e4ee1c48389,casa_construcao,53,917,8,1300,16,27,16
aef49965c6d201c9eacf037fcda90b39,bebidas,43,453,2,4550,40,20,30
acdd408fe971bbe29a81f8febb575ffc,eletronicos,50,237,1,175,20,16,18
d4a3ae5a2378f3e732a6d3ba73cc22e4,informatica_acessorios,55,631,1,571,24,25,20
71ff103df4589cc0b353dfb0f6777037,fashion_bolsas_e_acessorios,28,385,5,500,30,26,22
c6548fa817cc7271747e6c6bd2461171,brinquedos,31,299,2,500,42,6,33
07e00c385280d659de8eb0254b75ecdd,utilidades_domesticas,57,190,1,350,33,7,15
85fa36e792c259f4f0022c6966c50c1c,utilidades_domesticas,42,328,4,400,27,9,18
b744e6c9118fe1df001c94ef9a4d7ab5,utilidades_domesticas,59,587,2,850,38,31,34
7f4e034245e45549110139d1de248f83,bebes,55,1629,1,600,20,13,13
88dd63919fc9ab693803578a04a20209,informatica_acessorios,58,395,1,217,16,14,14
1491a8ff192d4b5c369b0eaa2fe33ee5,cama_mesa_banho,46,162,5,4600,60,19,50
6bc8dadd7731eae110fe2d177361784c,informatica_acessorios,48,591,3,138,16,13,13
1e618d311a1b7f88a9d96ec50aa85582,utilidades_domesticas,42,540,4,9950,31,61,31
c862d801c5bf9b08e1bde0e3801199ed,automotivo,56,1445,2,1100,32,13,30
d44757bff9d0a479db38e2117eba931d,brinquedos,53,1047,3,21600,60,50,50
ec96b7b4e1401281edb9465d0d689cae,alimentos_bebidas,36,420,1,1200,16,23,13
402e8d6a95c83da5c3cef16b795329b9,moveis_decoracao,40,160,3,523,20,25,20
8d1cfc0463b545928bfb4e589e017bd4,market_place,55,1626,1,175,17,10,19
9163c7e81fd68452472912c4cde810aa,instrumentos_musicais,59,153,2,300,16,5,20
3cc4b421c1f28dd22e86fc4aaafb600e,cama_mesa_banho,57,188,1,1100,44,2,35
78efe838c04bbc568be034082200ac20,moveis_decoracao,57,272,1,2500,40,10,30
414829663add2bcd9db69ee3ad351a9e,esporte_lazer,53,354,1,1110,32,25,23
a99b67c7e525bb5ca667e1aa284c28e2,esporte_lazer,27,684,1,3100,19,3,19
55782cb82e0efe052da0a3da237da3b2,automotivo,60,1159,3,2450,30,30,30
e6fd80a00ebb1a3e0d58a38555fbbf2c,informatica_acessorios,31,600,2,500,19,9,16
9f7b48e2d4e4d7375f71a10791faa1b8,cama_mesa_banho,42,507,4,2050,50,10,40
57d87687241f1aeb1a202f93ceccb0f3,cama_mesa_banho,55,273,1,1150,38,10,38
eb7172d8a3c64298d2d767f6603c231e,brinquedos,51,296,2,250,23,11,22
a695ab8413ea83619cde9b18292d6aa1,moveis_decoracao,38,503,4,1700,23,7,23
96d1c06692244e2fed6e1f9aa9552770,cama_mesa_banho,48,252,1,625,70,15,50
aee3f592b58fb4d19977aac4159cd4b1,pet_shop,51,1585,1,200,20,7,14
97017430754804328eb9597b7f85da03,telefonia,60,818,5,300,17,4,12
7b5d8be0e04080e4c8ee6a7ec2f1f597,moveis_decoracao,50,830,1,650,20,35,20
a1f9e41822bf2fb8bb98659e650b7e3d,utilidades_domesticas,40,153,1,14350,55,15,45
b95179da85cd8482c7a347e9a0d08466,esporte_lazer,59,202,3,250,20,5,13
1c21c1ed398eae61184065889ca3d4b0,cama_mesa_banho,51,324,1,900,42,8,37
f22c9d6ce2431ff939aad39e026cc7ef,automotivo,37,1507,4,2600,38,18,23
aef95f9d9e323e61a5caecdc41907c79,moveis_escritorio,35,1168,1,12675,48,49,40
6dde44b4172999f35f08654d06bad633,moveis_escritorio,55,1180,1,16167,64,62,25
e0a35b4c1be73785b8637ee21d5dcd02,utilidades_domesticas,58,623,1,400,20,30,16
12a3f3a8ef6c5e3c29c88e670fd61ee9,cama_mesa_banho,55,376,1,1000,39,11,28
1e1172a8b6ae12312c22ccf33625f7ca,fashion_bolsas_e_acessorios,52,1436,1,200,16,2,20
87cb507e0daa37bbf34956fd59eba832,relogios_presentes,55,167,2,250,16,2,11
47c064333cf67e5cdc8243db3f095767,utilidades_domesticas,63,369,3,1000,30,5,35
fb060ad9a8625b626189641799bccf89,esporte_lazer,63,569,3,275,24,8,12
d34e60a899ba1091792aa4bbac4cc1df,eletroportateis,51,750,1,2175,17,17,50
fe75529a267b76ac6e96f0c322a899a4,beleza_saude,33,374,1,304,20,15,15
f4cd030cd445192809e17afbdec67f56,moveis_decoracao,38,1455,3,150,35,2,25
6addacff5b9a648cf0760f3d943b99b0,informatica_acessorios,43,460,2,250,16,5,11
6c34d241bbd85d693f1fee6a4b8a8e2b,eletroportateis,40,753,2,7350,35,35,40
715ff1d94c99db18163cae1eb40f9bb0,cama_mesa_banho,34,437,1,400,16,12,11
80d3aeff2ab6c9d795010c029dbd5ddd,moveis_sala,31,342,1,4350,58,15,53
e7d26dd6742baca292020c158e6720c3,malas_acessorios,40,124,1,450,24,47,34
92c1eb75a887a500d9689fbad65e27e3,moveis_escritorio,41,1205,1,17150,58,61,24
ccb162ed569f47d83f62aebd5700d7ad,climatizacao,56,671,4,8750,25,25,25
f422d0d9f8b5f7c27289382b14b61248,brinquedos,63,361,3,1800,38,12,35
93c902b021a9e594f658ab1b0351602a,eletronicos,60,390,7,1250,26,10,18
f216457c32ee07732482741ca33128c6,livros_interesse_geral,22,921,1,400,26,3,36
5ed9eaf534f6936b51d0b6c5e4d5c2e9,cool_stuff,51,693,3,600,20,20,21
656e0eca68dcecf6a31b8ececfabe3e8,informatica_acessorios,45,236,1,173,18,13,12
2a15783d3cb601f8d9a6a86806b037b3,bebes,47,1080,1,600,38,5,33
b953d9a0d8c056d4144acbff1f0adc80,automotivo,59,763,5,1100,23,7,38
3ede26b9ff5be98aa46feaf2b1416ddb,telefonia,37,361,3,200,19,3,11
2a5806f10d0f00e5ad032dd2e3c8806e,moveis_escritorio,46,1350,1,11875,57,55,22
a94036c0bb4dfce8d5762777c07b7be2,cama_mesa_banho,57,2473,2,2500,43,8,33
fdbfd4cec6db6e89f22d9aa2c4839eed,casa_construcao,60,362,2,20050,55,25,55
e7240b84eb702e0aea8a1a30a47ba204,fashion_bolsas_e_acessorios,40,409,2,50,16,9,11
71e5d0eb5a5fcc829dc6c1bc1ecac7cf,esporte_lazer,36,2886,1,150,16,16,11
ef9ae4fb9a9005e8e463cc2616084276,esporte_lazer,48,730,2,9000,44,35,23
2028bf1b01cafb2d2b1901fca4083222,perfumaria,54,1536,2,250,20,8,21
5f0bdec2fb222061ed8fe52586a5957d,telefonia,42,660,1,113,18,4,11
e7d5464b94c9a5963f7c686fc80145ad,relogios_presentes,42,938,5,275,16,14,14
8d7d29e5fb9ff5333009326c87fc04e9,moveis_escritorio,56,1070,1,7433,57,68,31
20bcfbb4c385ac8feaab2bff523a5694,brinquedos,48,480,2,400,22,5,22
67f9d01bcd84e2229ba6f8a75b635b40,moveis_decoracao,58,372,1,300,37,15,27
d8de812ed5d981fc6a3984f4caa2aa05,esporte_lazer,44,1854,6,525,29,16,20
7c1bd920dbdf22470b68bde975dd3ccf,beleza_saude,59,492,2,200,22,10,18
e5eadf9be70a4a9fa514019542fc330a,eletrodomesticos,48,543,2,1200,35,20,30
cfe9e8e1f0400c8cc665d41722f34086,moveis_decoracao,44,696,4,1500,35,40,35
94a6c010ef78e62cab34c6caf0a69b5f,consoles_games,51,113,1,100,20,3,15
a5d722d3c7a01c224625d0881e630503,informatica_acessorios,57,905,4,500,16,6,48
ff7fccf8513f360157f0660fe51d1d88,esporte_lazer,59,1313,2,1500,80,14,16
e33df02e384487f2bcd3788619f89215,utilidades_domesticas,48,274,1,350,20,30,30
6609d9a71a607da16750629d52615b9e,moveis_cozinha_area_de_servico_jantar_e_jardim,46,964,5,1100,20,16,30
3b82e71cc658bc6deadebef95075ac55,bebes,48,395,1,350,25,5,17
bd3a02d6af913ac8e4c07501e2a13dd5,cama_mesa_banho,55,702,1,2146,42,11,36
05216a143a65ab59fc48fb996e7c12d7,fashion_bolsas_e_acessorios,53,353,1,200,16,2,11
915c18c67d0b3cd469475eccc0d1a7bb,eletronicos,46,391,1,150,18,12,13
de80c37c338574091896b7fdc81dc376,beleza_saude,49,1045,1,333,17,17,15
b3e40ff639c185b9d726b4b19c17e6cd,cool_stuff,55,934,1,2150,42,25,15
04a3191f211edc97716020026d05d260,cama_mesa_banho,56,595,2,950,42,29,28
57f2bc497c1a3ebe41ba7a06d78ed159,relogios_presentes,55,336,4,250,16,2,20
05c693a8085dad009cebdcf2830ab738,telefonia,52,525,2,200,19,4,11
67837a6bc3074b80f6fe8efc4740d37e,cool_stuff,40,618,4,882,28,14,19
8466762a9393a2b2b1de73f3cf6081a3,moveis_sala,29,104,2,2700,47,6,47
7eedc4bfd32856b0c2b78657036d203e,cama_mesa_banho,55,318,1,16000,45,15,25
6f1ccca9f878a413a495487eb649ab32,moveis_decoracao,32,240,1,700,40,15,11
0b48dc720b9a40d75ce14eda10be0922,moveis_cozinha_area_de_servico_jantar_e_jardim,59,558,5,6950,47,23,37
93323c2cfff65a81c9da5566fcdde69f,automotivo,49,1183,3,600,20,20,20
ec2d43cc59763ec91694573b31f1c29a,cama_mesa_banho,38,735,5,800,20,20,20
e9eebb8e8ba0fadb9020f8ba1c003b48,perfumaria,36,210,1,541,21,15,16
2083a6feb4bbb31f6abc92fc24e468c0,telefonia,56,3135,2,150,19,15,15
de9305867467640bebc680708d43f27a,esporte_lazer,49,1263,2,17550,105,65,25
679a3e5e1d2bb68982be5734c6e55e63,casa_construcao,57,565,4,800,38,38,22
2e0a8fea09b84a86e1fef3fcdf244668,esporte_lazer,57,597,4,7750,52,22,32
991dc21288b4d582f86f85f7af02aba5,cama_mesa_banho,55,844,1,800,25,5,25
fa157aa51a996cc533b9048c3c8118a0,perfumaria,37,431,1,200,20,10,15
ab3c88a070e61288a0f37d8ea38e7cbe,moveis_decoracao,49,666,1,3450,30,35,30
42a2bd596fda1baef5719cb74f73030c,cama_mesa_banho,60,188,1,1300,44,2,35
770c09cc394c3244d902afda4ea364bc,moveis_decoracao,47,709,2,1500,30,25,25
34cca2ce290bf56db69e0f6d2104fc37,beleza_saude,41,756,1,150,23,4,17
fa381a4a9af65ea5fc8f3829214045f9,esporte_lazer,60,1351,7,3050,62,10,22
46c01e269265ddd1b66ccc8b4588a411,utilidades_domesticas,34,767,2,4150,29,28,23
2d4d78eecba060a7127c5f6a21cdb0c7,brinquedos,28,137,1,2444,45,22,41
b3dc35a7b0042136507e1c174bd7cd2d,automotivo,59,2951,2,150,16,7,11
1613b819ab5dae53aead2dbb4ebdb378,automotivo,60,982,2,50,17,10,15
1550a0fe151b511cb7cb327c55c865d3,bebes,56,1386,9,10875,68,44,35
01cdc6fbdb39fc792bb4c40164ce2331,automotivo,44,1085,1,7050,102,4,41
9bc7d25a36d620cf449cfdebe3de132f,beleza_saude,45,287,4,500,20,7,20
34e83bed8d615779f4ed501e7033fc60,cool_stuff,38,1639,1,100,16,15,11
df969ce58d2f301f941a09bc75558cd4,bebes,51,446,1,350,30,30,20
0fa81e7123fd0ebe03adbbe99d912827,cama_mesa_banho,60,189,1,1350,46,2,36
18b0e642cbae7251e60a64aa07dd9eb9,informatica_acessorios,24,718,2,200,41,2,29
68c01f1f3e73b30776f7d737f6a012ac,beleza_saude,44,1028,1,350,18,11,11
0388b93e2992639ef7de7b35b2ba91b2,fashion_bolsas_e_acessorios,50,427,3,2100,16,5,11
4298b7e67dc399c200662b569563a2b2,informatica_acessorios,58,420,1,200,21,14,15
1b7b45fba5ad23e8117914f8b36e6772,esporte_lazer,46,1277,5,1600,42,10,22
6d1befe53a3d28e0d0d8b3bfcce11195,automotivo,56,1235,1,1800,34,40,19
8f8cb7e4a7f16d339f87f8aa2711a003,brinquedos,36,529,2,650,28,13,15
84dacba9d49f304ee015bc094083df20,utilidades_domesticas,54,341,2,16300,80,23,33
e034c021254ff4d8da4e936e047967af,beleza_saude,42,2877,1,150,19,14,16
0c96091f6f20b1d2c946a933370782a4,esporte_lazer,48,683,1,200,20,4,15
d1a790e97df2101ed61553a5fc1cfe02,utilidades_domesticas,36,566,3,300,40,5,40
d6aa421b9567e3e2a3a0caf8fb846cbc,utilidades_domesticas,48,546,1,5675,25,25,60
6a1c65dbbecc1ece8c22856122a774ac,moveis_decoracao,53,770,1,13650,45,35,45
ceb9134650bd7cae74affc51800f309a,beleza_saude,46,648,3,1100,32,8,38
1707ef553eb000d860fff09e3d08b037,informatica_acessorios,58,565,2,250,16,5,11
23318fc7dadffdde2b4ebf8dadefcf68,moveis_sala,58,487,5,3300,46,9,56
7b35ccd93a2184646c03b70326626923,esporte_lazer,30,2162,1,1563,20,16,17
d7b39598905ba8e791fe3f1f376d59f9,,,,,200,28,9,18
4345b14b84ad05bc0f724913b134c6eb,bebes,34,775,1,625,23,22,11
52801616f7cc110c31c559fa94cb8563,moveis_decoracao,46,210,2,417,21,21,22
bb42f37fc3d9130e4a4339d24a47dd7c,cama_mesa_banho,59,81,1,400,20,2,15
6db41bd5a650ed247a5690c0e78c3969,utilidades_domesticas,50,979,2,700,30,30,30
f2e84ab8eb8eaa7cddc82f2b0f4424d2,informatica_acessorios,51,727,1,450,18,16,17
d3ceda8c68fb31960dab19adf28e5c6d,moveis_decoracao,60,2010,2,3000,69,11,11
3f31ad7df5482b3e8fcaac6ea060574f,relogios_presentes,48,361,2,200,31,4,13
7b8c427eb09be88d32fcfaa8018f5caa,beleza_saude,55,624,1,2000,30,12,16
31a2fd4c489928b895ded31469fcbb5d,fashion_bolsas_e_acessorios,40,417,4,150,16,9,11
2267f81f3634e3fdd5d27151ddad3c26,cool_stuff,53,419,3,9650,86,8,40
4d3e81b2dfb45a73759982d63e532e94,cool_stuff,49,425,1,200,30,5,30
5320227c4bd28373213316b78f0f0b44,relogios_presentes,47,738,2,200,16,11,11
b0054021dee7f055b57da97096fc1c95,brinquedos,45,386,1,400,16,12,15
3eef0cb94ba82de806bb30ab743c7655,moveis_escritorio,26,1177,1,11880,50,60,27
17d17b9640ddee0ec3fa09c91b284ae9,utilidades_domesticas,50,476,1,500,24,8,15
90b8a54ccc8372ea12573a7fd3312c33,construcao_ferramentas_ferramentas,55,856,1,250,16,12,14
6d3d8ade6b793a08b041b6bc653c08ca,moveis_decoracao,53,502,1,650,25,25,25
9ccf11289147e5277b022439b4ea1f20,automotivo,59,983,5,600,20,20,20
86b905f8e48ccc43feec909bd9b934fb,moveis_decoracao,34,677,1,1200,17,32,17
dc6185221ef0ba24510b48e0612fd51f,cama_mesa_banho,52,572,1,6700,30,20,20
e1723cc3f4bc8a361b57f8c8b97959af,eletronicos,44,376,1,200,25,7,16
016809bbae76f284266dcffcbb12480b,malas_acessorios,38,789,3,600,50,5,40
c2363f555558eefafc1fb2767571cc57,informatica_acessorios,36,665,1,800,16,11,37
58662fc2ddcb4853532ee42a1cfc9843,informatica_acessorios,38,294,2,140,20,6,14
6bd248f93425ceeb625a8a97e2404112,papelaria,39,217,1,550,46,10,32
b3cf0a98f31b76ed0cec13d9c77102c4,market_place,26,1528,1,1300,33,6,22
5baf51b71ace9afbb38f0b161f0c098b,beleza_saude,62,3621,1,800,20,15,15
a1ca62481619b02ad09535f2b418bb75,telefonia,56,867,3,350,20,16,20
7ed6634347bb8371bc6b20b3a7022bce,esporte_lazer,60,331,1,8500,100,6,50
ce149636a055d9eded4cde55da9ebd3b,fashion_underwear_e_moda_praia,52,624,1,200,42,4,14
ff5f8606556b625613f069a5a9a48966,bebes,63,554,1,2300,27,14,27
4fcb3d9a5f4871e8362dfedbdb02b064,automotivo,53,603,1,5950,65,11,65
368c6c730842d78016ad823897a372db,ferramentas_jardim,57,366,2,1650,30,22,30
d418ddef3e7017381084956220b00b9d,eletrodomesticos,54,354,1,100,18,8,13
591cf821695e4e2934a87e07122f7839,fashion_bolsas_e_acessorios,60,270,2,250,16,2,11
8338cef8355d238f43711dcb9c0657b2,moveis_decoracao,59,473,1,700,30,3,20
cb81df0e3ccece253557f2a07df4727e,esporte_lazer,25,469,1,225,18,15,16
e0a554e92afe71fd7f9380b7b135175b,fashion_bolsas_e_acessorios,48,357,5,150,16,9,11
12b81d15ffa819dd535e30cb2d00172f,cama_mesa_banho,46,386,1,500,30,10,30
aa70ae9ee9a798d44ae6e00ce6d82cb1,beleza_saude,60,919,1,150,22,3,15
4fb3bad6b502eaca3b6d7d87bc1613a4,casa_conforto_2,55,191,1,663,20,20,20
9d6a5df183306316cd9954e052f30dd3,ferramentas_jardim,48,737,5,150,17,7,12
adcfd260203f2ab192f83edb46d0f83f,moveis_decoracao,18,164,2,500,22,19,13
4aa6014eceb682077f9dc4bffebc05b0,utilidades_domesticas,43,1002,3,10150,89,15,40
45db4516caf5bf0516fb08b73fd14d1e,malas_acessorios,47,571,2,550,16,6,11
b596e2d70dd2f5fb5ff9ee2a1c803e5b,esporte_lazer,53,748,2,6300,42,20,32
082175ee534338e4fd967076a6f848e5,eletrodomesticos,56,175,3,100,27,13,17
6df665a20caa80a66804f836165bbf36,automotivo,48,1841,1,4300,31,11,31
6d811b6e8cada9a8f7f38bb315620e1b,esporte_lazer,59,447,5,8700,25,60,40
63c21c167a87abcbed6efe83c8169866,construcao_ferramentas_seguranca,59,825,1,1100,30,10,25
2b79d65ddb4051238ce31fbabc5763ce,eletronicos,40,449,3,100,25,25,25
b37a8cda46313ac91d79f16601ca5253,ferramentas_jardim,59,1105,9,600,21,8,13
2e64d11879c5bbda600381dbb5452a38,beleza_saude,47,225,1,1350,26,18,11
6df3e292ba834323d4d8164d4c88e698,bebes,50,524,1,250,23,14,28
634256dbcd184b3757ffd7632c9fe52a,beleza_saude,49,295,1,150,16,5,17
cd46a885543f0e169a49f1eb25c04e43,informatica_acessorios,58,1390,2,3475,54,13,48
5083416598756311d4bb4ddabd661e25,pet_shop,54,459,1,9100,37,30,39
50b9ed3a22932b28d452c73046083f5d,esporte_lazer,52,1321,1,254,17,15,12
cfb79bfbdaf59cfe2e9ae0a071451f32,cama_mesa_banho,44,445,1,550,30,3,19
e82d0f095d2e87c1d46d5f909ed00a30,utilidades_domesticas,55,501,1,250,30,8,25
25c3eb54945e82e7c1dc8191a1ebb5f1,malas_acessorios,56,1538,4,19900,77,33,50
3914a208bb9313e3d980399268ddd54e,ferramentas_jardim,40,1222,1,200,16,10,11
526f833e1eb0a32ad9351145a761b9ab,relogios_presentes,60,491,2,250,16,2,11
fcde1899043318107d8f0ae043f69bc3,,,,,400,35,7,12
4858799008e3cd4fcab9c61fbc63a2a0,moveis_decoracao,40,293,3,200,25,4,18
2722b86640ddc24e1374c2df1ac2a230,construcao_ferramentas_construcao,47,1139,3,1700,26,9,20
e3a67a7350378910b2eb888ba9d2d095,telefonia,50,519,1,100,18,6,11
46f739c1cd676603026c0af4d29ef7a5,automotivo,55,212,3,1850,20,15,20
67473aa97e981b3b8abaa6a8a768eb26,beleza_saude,60,450,1,400,38,12,25
e251ebd2858be1aa7d9b2087a6992580,ferramentas_jardim,34,511,4,8875,40,14,43
c55fe8cbb36a1353e443dc9e773b80da,cama_mesa_banho,48,426,1,250,28,4,16
dc9f66a56b89e4278d921898a861a29a,,,,,200,22,3,22
77e9f75a40f2341f6a7f9f17cc0a8ffd,fashion_bolsas_e_acessorios,63,1144,8,400,22,14,22
5194b6f4fa50ae9404bfd3e48ebe3911,informatica_acessorios,54,1368,4,1625,16,23,21
1d4de03a6141ce2a2ae5a97f51cabb37,cama_mesa_banho,32,253,1,4050,40,15,23
3fd97d8c7b16543086520039b5c7267a,utilidades_domesticas,55,486,1,1800,22,63,22
9df852a6c839bc3202227666d70c7cae,,,,,9150,49,32,35
0e1b67828c6d682c600b49872507d1ae,cool_stuff,60,899,3,1450,20,30,20
bce004834359cc123bae0e39e86175d5,cama_mesa_banho,56,715,1,1100,28,10,20
426c58d69aa402e5397c4b6471420fbe,construcao_ferramentas_construcao,54,2312,1,3550,16,105,11
a59fb60fddcc72a9878b7ed5cb69d8e4,audio,48,424,1,200,27,5,20
11e5548d5bc9bd5ef53d3574d9f1c0bb,moveis_decoracao,64,3322,1,1600,53,8,11
869c418f22e0c0ed9207ff691f279e46,utilidades_domesticas,27,282,2,300,20,10,15
9e0e152552a1323f7e5dcf63d50cdae3,perfumaria,48,969,3,400,20,11,11
24afa01830cde8d96507ed5a376e0b84,esporte_lazer,56,627,4,600,16,10,15
232906919fb046e3d050f8dd336b2634,livros_interesse_geral,34,318,1,250,29,8,23
f2af004352a06a99dca765596240cbc3,beleza_saude,61,1054,4,100,29,5,15
5aadb280135a6132d14d3d93b5724b69,utilidades_domesticas,59,1786,1,17900,35,2,35
c9b6f0f5e861adc800edb233fc1da1c4,moveis_decoracao,59,1977,3,1450,69,11,11
ae17f8265a23421715164ab420b62b36,utilidades_domesticas,43,595,1,1050,30,30,30
d26fcc1c248f5f9f8340e6061bf1f2b5,instrumentos_musicais,63,999,10,1400,55,18,45
3c5229dee6997f28485a65cbabceacb8,utilidades_domesticas,58,535,5,600,30,11,20
71a62950e363cbba0816448a733a58e0,bebes,38,1531,2,750,30,40,50
3d3dd9f435c6795eb6ff0be50b45041f,papelaria,44,373,3,3167,50,21,37
58c91c9e1ddc24815b7c15ac4e8fee5e,portateis_casa_forno_e_cafe,53,97,1,150,27,13,17
3ec2984cb2de1675a0306bfc60dbe5a5,cama_mesa_banho,56,458,1,1860,39,12,33
8762b647d716b99b09ee045657f9d383,malas_acessorios,31,851,3,600,16,30,20
aa280035c50ba62c746480a59045eec4,brinquedos,56,678,3,200,16,8,11
b616783675f9399f98376a7a1cf2d0bf,utilidades_domesticas,49,964,1,1300,16,30,12
64b4f32393cbf55be791078e7a2adca0,relogios_presentes,56,817,1,50,16,8,16
61107c91091400f4c4523ed7b461a20e,utilidades_domesticas,59,2180,3,12150,63,37,29
dd3575a8c5e2139f680a9816a15c8f2a,consoles_games,38,919,3,700,19,6,15
194163a8a65a48a8c95623c399a9d4a7,,,,,1600,48,8,39
1e859a053a2210cb74b1134e0419b1dd,beleza_saude,35,795,1,450,30,30,30
4fd6ec612afa6f67b850b157f00a3368,ferramentas_jardim,45,1095,9,598,38,30,38
ceeb4790786e93c65ce079c50c8bd6b0,ferramentas_jardim,55,617,2,29600,42,17,42
a25fb4516757403b129bcfe366dddb9b,cama_mesa_banho,60,335,3,6050,60,10,60
b8212b3bd65a9c7070e474f1430c94de,beleza_saude,21,1790,7,1025,33,36,31
2ab3eebb03e660d44470d936c0f20bb6,esporte_lazer,56,788,3,300,22,6,16
95afc7174e826b350262195e9810e327,casa_construcao,59,303,2,250,20,4,20
31dbb0d1815bdc83c93f4b3472fa7c4d,,,,,300,24,24,11
aea5937ba2b757b9fc5017f2d11f288f,esporte_lazer,29,223,1,1200,42,12,43
1efd84ba20d23186f576a37baf64ae9d,cool_stuff,32,133,1,200,18,12,16
f45cf520fba787f057d57c5c8138668f,utilidades_domesticas,59,1582,4,6100,31,29,41
5467bf450d0538e899a8e18fd0ff4323,utilidades_domesticas,45,520,1,350,16,15,15
f264c1d9b20b5e4a340254d0405e613b,cool_stuff,48,874,1,1050,42,25,15
7564c1759c04fc0a38f2aa84f7a370ee,construcao_ferramentas_construcao,59,2432,3,1200,16,11,11
b736ba4727efeae1f506172be7e39905,fashion_bolsas_e_acessorios,56,187,3,100,16,2,11
e85d91619b497e98754390b6198a9818,bebes,56,624,2,700,24,14,18
acdb489a7451fff0633e91357a8e60eb,moveis_decoracao,60,2087,3,2550,69,11,11
1a06cc924ba852bef5a19bb5aefa4d6c,cama_mesa_banho,60,332,1,4700,45,18,35
23905e2fed49239bf63e416ba24bd556,malas_acessorios,60,2032,6,1100,25,25,25
0a29ce51f88190dc32d9f6a23f7e9a8c,utilidades_domesticas,42,245,4,150,19,4,11
2b4609f8948be18874494203496bc318,beleza_saude,59,492,3,250,22,10,18
3215010238fcd9cab6ba7d2b81a6973d,market_place,63,937,2,200,16,4,16
3c61c2007c26ec50365d6c385e088ca1,esporte_lazer,37,732,1,100,27,17,14
9feeadd6b97835152e83e1b25b46f5c4,esporte_lazer,54,1175,1,1064,24,20,19
22594ba8fd9a72ad95d352929c821560,moveis_escritorio,31,1076,1,8450,53,50,16
496f6bd86011e5a9ddea8dc96e802340,moveis_decoracao,60,458,1,1050,30,4,20
69455f41626a745aea9ee9164cb9eafd,relogios_presentes,41,408,2,501,18,13,14
f25bbb88c1a219c21b1af6b99895b960,esporte_lazer,42,231,4,550,35,10,20
0fe922b7f7d43ef454bbc241416e7401,esporte_lazer,45,429,2,50,20,11,11
f3c5707e7c539ab6533e3611da02b648,cama_mesa_banho,57,204,1,2250,35,20,30
00a8c742ae1da97e9064205459977e6c,informatica_acessorios,38,581,1,150,16,23,13
cec09725da5ed01471d9a505e7389d37,esporte_lazer,52,1197,1,2500,20,11,11
7c88ed4fc8c3ae3a1e08a074cbfc9a88,beleza_saude,58,1348,1,1317,22,28,17
5abb262996451f878f52e83d721e74dc,brinquedos,58,423,5,2500,30,10,34
6c6a78e0768babe7473b5eccf0fc6076,moveis_decoracao,60,357,1,400,25,5,17
1b474c650cb9407d32a1e066937b68fd,relogios_presentes,43,548,3,381,18,12,15
ca873fc3d2a6186b92f8c32d685012a6,telefonia,57,319,3,275,16,5,11
0d98754cfefd5a306f6633725f3aed59,cama_mesa_banho,59,186,1,11150,45,18,38
885d15f0bcf8b27f592327ee58f0fcf1,esporte_lazer,59,417,1,5200,20,22,22
134957eeec87be2414ac629ee0b947a4,informatica_acessorios,57,1370,1,200,20,15,15
3cce0d166c3fb2507956c630c1d0f87c,casa_construcao,58,415,6,900,32,24,11
3731dd5544cd9646d73050e946641da8,informatica_acessorios,58,459,1,4300,28,23,20
f2e53dd1670f3c376518263b3f71424d,cama_mesa_banho,53,236,2,1975,41,13,31
21538f484ba135893f2b51c8b8750966,beleza_saude,50,3929,1,550,16,20,16
9e2d3a8d8ffad53e2e35282a2020221c,moveis_decoracao,50,531,4,1600,35,6,32
bd59d7bffae06b0b2ee40cf5b7939626,moveis_escritorio,33,1197,1,21450,101,8,60
17de10d52ada234d16d3991c1b9546f8,brinquedos,45,128,1,400,22,14,14
51ff0a0f61611dfa94e43c834c949dd3,utilidades_domesticas,60,312,2,1950,23,65,23
8f03c5b78e41d6cecdfb6f6bbe4de8da,ferramentas_jardim,43,594,3,5683,45,30,30
9988437646bfc0cbe0f97d4451cb08fc,eletrodomesticos,60,230,3,300,27,13,17
5ad2c4859aad6ecebd816a300d34f326,cool_stuff,57,2066,1,1650,33,44,19
d16a25f576e1296fd955eb4136323f21,esporte_lazer,59,2134,1,4850,30,25,25
44dfeb8491daf22683dff46c7a3265b9,moveis_decoracao,54,2240,2,3000,69,11,11
8e910a5a78e3378d8c570c13e143d631,cama_mesa_banho,52,166,1,250,16,10,16
8dc2f396f9c1b21665f94a5caa0ee791,utilidades_domesticas,47,484,6,1500,30,14,28
6d5a9cd602c26f8751612f77ff4c6a90,bebes,37,235,2,9400,75,15,50
bf40a2c68f58ee4873b0a79084030073,livros_interesse_geral,27,458,1,250,27,9,18
c6dd917a0be2a704582055949915ab32,cool_stuff,54,1012,1,1200,42,25,15
f3720bc68555b1bff49b9ffd41b017ac,informatica_acessorios,60,274,1,867,34,15,15
99f265229d46f700208ad7cb1ff48aae,telefonia,60,755,6,350,17,4,12
40cb7bb3d30559b9b6c4fb62bc837962,cama_mesa_banho,54,617,2,350,47,4,35
f7cb23f8a75e563a826b0121408db6a2,livros_interesse_geral,24,1495,3,300,24,3,18
ab255f5e05402d14ba0dc69d530a5785,papelaria,39,210,2,1475,40,33,24
6766f04fea82c46bd3001e969a5ba795,moveis_decoracao,48,1459,1,1600,53,8,11
fa2fd2d3e78769a9f0b997cfa389a0d2,ferramentas_jardim,57,3533,4,2100,32,16,31
fd8a63e7365ea8b19f4ba50e07a89a06,eletrodomesticos,59,490,3,200,27,13,17
aadff88486740e0b0ebe2be6c09476ae,beleza_saude,56,390,1,250,16,5,15
e7261ba9b589b73ac45411a15058403e,informatica_acessorios,60,491,1,1600,25,9,25
b7a2d0cb90ba252129d34d7c8d079d2b,perfumaria,39,211,1,442,23,15,17
aba86c093ccdbac75b09111d57e50004,moveis_escritorio,41,154,1,2600,40,45,39
dd64f2b1807ccb20fcd0ea2a40dd8a9b,utilidades_domesticas,56,397,4,7350,56,14,56
9fdc434e0c81bc6d990065c2a7efb4de,papelaria,60,298,1,450,16,6,11
e015a943a2281ba26f48e93527fc5af1,ferramentas_jardim,50,422,2,1700,30,25,45
a9568a13a4077638b75b8a64bc4818bc,relogios_presentes,51,482,2,160,18,12,17
be958064244f19bf11ee270b2feca7a2,moveis_decoracao,60,1701,2,700,60,7,11
3d37da85f5e66558333fb5daee494736,beleza_saude,59,1828,1,1400,20,20,20
a75b732b129c2fe3d8e371dd8333cd00,moveis_cozinha_area_de_servico_jantar_e_jardim,38,731,5,6400,16,2,11
685919d3ededc26c0ec078b32241025a,bebes,48,1369,2,6850,48,25,34
d3a1e0ce5009f1a816a6ba558908fdf0,eletroportateis,54,124,1,400,16,35,25
6c04a068e5ab37749c980c42a036b9e3,automotivo,52,1367,1,200,16,2,11
7949871b5edc894d9286c38dc369e3dc,moveis_decoracao,38,581,2,23700,49,42,42
0f8fbb821185443113de3e04ef989be6,cama_mesa_banho,55,291,1,2600,45,17,35
52a12e7275f0bd832ef3aade407a39bd,esporte_lazer,46,104,1,400,26,16,21
83309bfd8eef19fbfaa8e790b824b572,casa_conforto,59,349,1,1600,45,15,35
8c5876b1c7768217964f353bc7e64393,telefonia,61,440,1,250,18,3,28
5403528d987ad26e8d7cb25940411987,relogios_presentes,58,600,3,250,16,2,11
36cacc00d6c8a439a65077fd08294322,cama_mesa_banho,36,734,5,550,16,10,11
b369e02eda28d74a9bd658415b08d7fb,papelaria,42,173,2,700,36,6,29
b97f763397091be9d344874e6cd31028,perfumaria,60,867,1,700,19,13,16
dbd024d4182504993ad1e3cd2ee9d9e9,automotivo,38,231,3,100,17,17,17
4a300735bc293723103db0d0c1bc1585,telefonia,42,661,4,250,16,4,20
3bf87d2001b8176e6a3ad804b80774b4,moveis_escritorio,46,1157,1,14775,63,60,25
b71a757e0cab8f85c0adc579067944b8,fashion_bolsas_e_acessorios,38,141,6,150,16,9,11
f858dbf7475a6089fc882318b8aeaded,utilidades_domesticas,20,122,1,400,25,15,25
8ed094bfe076c568f6bb10feada3f75d,moveis_escritorio,43,1128,1,16133,63,59,25
b0c1e71a37e29bd3d463eb93e4861c6a,brinquedos,43,183,3,700,26,15,26
79863f997e214f8f98c423694c745f3d,beleza_saude,20,1688,1,1450,30,12,16
ff29d8cb1cd0cd5ea37b80dac9939e1c,eletronicos,47,485,1,200,30,10,20
33a07ea8a7b3dbab277c180e9f1233ea,automotivo,43,421,1,2000,20,21,15
4aca38e787c979a6106440c7a63036b4,brinquedos,55,1107,1,1600,40,15,35
36f60d45225e60c7da4558b070ce4b60,informatica_acessorios,33,300,1,207,19,11,14
9321b2e4e8fe357fe2e3bad624229bd5,perfumaria,41,718,1,517,18,12,19
01365901d8f2247976a7e5d4c98c52c0,relogios_presentes,60,567,6,250,16,2,20
1431b5a121c1134957c9aff8c8db2bf9,papelaria,52,162,1,600,16,11,16
09364ccfda8448d03ae4082f6044b16e,informatica_acessorios,56,924,1,200,16,10,16
5e5d267a41f3d8bb608c2f0bd4b4972f,relogios_presentes,57,536,1,357,17,12,16
a5341e3f8155dbb3e62323d3ea289729,moveis_decoracao,50,422,7,2850,40,5,44
fd220f6fd5a3f13ef9db07428f9c935d,bebes,51,1438,6,280,17,6,11
f9377612042bc929a4aae64a8dbc58da,automotivo,60,1957,1,50,18,10,16
2c925b58c178637d60168ac80cf7f836,brinquedos,56,740,2,483,23,12,19
775917a2882dceb1d02aaa6b1abc1b24,moveis_decoracao,58,408,2,8050,52,18,35
dd0286e208604a3b60d3d0653981dbd7,telefonia,46,772,2,163,18,8,13
2d99b68429ab6c82014dc3ceb9a9501c,automotivo,58,579,4,1800,33,27,26
f42892b40225227fe465626ff509a92e,casa_conforto,58,335,1,1750,45,15,35
ab5da1daa941470d14366f4e76a99dd2,eletrodomesticos,57,953,3,100,30,10,15
a19b6951c75da43aad691622dd2f6abe,moveis_decoracao,44,789,1,650,20,35,20
ca36223e14b83df526098afff99de992,esporte_lazer,28,109,1,400,16,16,16
893b9464c6ab7f700148fe9db838b6b4,papelaria,50,279,1,3550,16,60,90
d2f5484cbffe4ca766301b21ab9246dd,informatica_acessorios,51,448,1,180,16,9,16
1cf0c9095608952cb1c65c4789946375,eletronicos,52,293,2,275,28,9,22
b6cefe1d620b9208fe6fae76b2c72887,bebes,38,1636,1,200,16,5,16
3cc52e01a315aba7f650574a3a256b1a,moveis_decoracao,53,1391,3,3100,35,20,35
51218a8d006d67354e44e530d57f9a20,esporte_lazer,23,211,1,950,24,14,32
c8dc26795ea2ee96f3fa57453cd7667e,pet_shop,59,888,1,300,30,30,30
5c973b4202aac5c372a483e712306f4f,cama_mesa_banho,38,182,2,350,25,9,19
57d79905de06d8897872c551bfd09358,telefonia,59,540,4,300,17,4,12
7c91038b7370c2ea3343e1472be3e97c,cool_stuff,35,596,4,200,17,9,14
e78506414d2563b6414cfd84b7fa0802,perfumaria,58,827,1,460,20,14,20
173d5a1b6c4ea4f41aafca840646d240,informatica_acessorios,60,2442,4,100,16,16,16
51250f90d798d377a1928e8a4e2e9ae1,perfumaria,54,937,1,50,16,5,11
7deb2eaebc9527d1f8bd20169d3c6b31,esporte_lazer,27,144,1,189,19,13,16
0364c36f8e845e4d309c0a3accc04b1c,moveis_escritorio,47,1158,1,16800,63,58,24
f34aa01a3fe4306c96dccc1256bfa358,fashion_calcados,54,404,4,1500,22,12,33
43423cdffde7fda63d0414ed38c11a73,relogios_presentes,41,1159,4,350,16,14,11
133eefb3fc03b13ebded258788747304,telefonia,36,381,2,100,19,3,11
dd60cac04e6bcbc919cb1c7dcc473211,utilidades_domesticas,59,379,1,900,45,20,25
61f892cad282d3059bd33ae0eef5b02d,moveis_decoracao,58,1057,1,500,35,7,27
24c855c83d506d85c7386ff94d6c8db1,esporte_lazer,48,3402,1,700,25,25,25
6b00cb3fe05c73d0acef3fd949a34c0f,brinquedos,34,254,1,200,16,10,11
8815734317fa2693bcce3db610158d92,cama_mesa_banho,51,477,1,1400,20,20,20
7d4f5c1f7ebe33c1d57bdb4fef97c174,eletronicos,35,557,1,1950,27,7,27
1427b126f61597524866770b05d4eed2,informatica_acessorios,51,378,1,200,17,13,13
ca5c923962558430573f83661dbe36d6,pet_shop,59,747,2,1250,40,20,30
1799c1c2eadf9f798fd74599e6028510,fashion_bolsas_e_acessorios,36,822,5,50,18,18,12
0ceb7ce77881482fe28344a2c31fb584,automotivo,59,1133,3,825,25,18,23
485aa17cb179a6624fb0c9e12cc639d1,cool_stuff,51,873,3,900,18,9,27
2ffdf10e724b958c0f7ea69e97d32f64,relogios_presentes,59,582,1,263,17,12,13
26baeb9025380946e10f3f86d808e24d,cool_stuff,30,262,1,287,25,10,21
4d882bfbe6d83c0671d5b2776d46c248,moveis_sala,63,745,1,28100,97,9,75
0bcc3eeca39e1064258aa1e932269894,ferramentas_jardim,57,339,2,1800,37,22,40
ee99026a2d04ff2294f42f8cf337029b,ferramentas_jardim,54,1736,2,1300,25,14,24
c1ec41f62db54e0bfbca55a7068f0b5e,perfumaria,58,264,7,400,27,10,15
e355d989e7c7101b4e80a8e9052985fd,malas_acessorios,47,221,1,650,46,10,34
592dcb7933e5bf8d04d6b80a6c6312a2,moveis_decoracao,50,248,1,1400,40,8,30
b8a0d73b2a06e7910d9864dccdb0cda2,beleza_saude,43,295,1,371,20,16,16
7c4a8bec217df1de0df2b5aaf8175b65,audio,58,675,2,167,16,4,11
ff28477a5bcb2fc34bb86a6c2eea1566,beleza_saude,58,3408,1,1250,30,25,30
60184212dae4e6b0da32bf54271a8c4a,relogios_presentes,59,476,2,394,17,11,14
de845f191115e91fadc9624c144488c7,informatica_acessorios,57,1828,1,5875,25,15,20
fdfb90feb49d2b41b8283a8ec6e95590,instrumentos_musicais,59,1123,1,11600,45,20,100
0c3dc3f0b8ea2ce274c0bd18b2a31f5b,esporte_lazer,55,1003,2,600,20,20,20
4c2394abfbac7ff59ec7a420918562fa,beleza_saude,49,1495,3,600,33,19,13
71137504070dc94a0e1d04089985f3e2,esporte_lazer,55,1723,3,1150,80,8,15
f7b6ca5735bfd052e73fa0b776070112,eletronicos,59,694,2,175,21,2,15
11875b30b49585209e608f40e8082e65,esporte_lazer,26,1465,1,1032,17,15,16
3003a2841d6a775095317139ed2f7943,utilidades_domesticas,43,309,1,1205,39,24,23
9abb00920aae319ef9eba674b7d2e6ff,bebes,35,2395,1,350,19,14,12
e3425df9bd51be69917273c9dd92ed5e,relogios_presentes,53,346,2,733,17,10,18
341d85d688ecc3353cf2a968e7ad0dbf,beleza_saude,47,554,1,350,16,10,20
e1772099adc6b03202a50a2aae5efb0c,brinquedos,38,314,2,400,36,18,27
566a092fe1584b426b4a5c76823fa63b,papelaria,45,350,1,3600,36,24,36
1a0bba83632b7dc923d939a7fa2c4530,construcao_ferramentas_construcao,36,473,1,410,31,8,14
62d41a80c366aa2d8644e3270adf8440,informatica_acessorios,50,512,1,1225,43,15,21
4ae289635418a8110ea2d5fb86472c63,utilidades_domesticas,50,448,4,1950,35,29,12
d23a564a7cd43e5169246cc8d2c8c5db,instrumentos_musicais,47,150,1,600,16,3,11
6ae7f4ef0ca670ca2609d039af87d057,perfumaria,34,515,1,200,20,15,15
052413504e5295cd66ec4ced0b310062,relogios_presentes,55,570,1,165,16,10,12
ea20f928ceaa7f146fe62a0cc8413ee5,moveis_decoracao,52,1786,2,500,68,8,13
06f442515f5159d999a684dfdb881917,pet_shop,24,513,6,10900,50,30,40
612da1ab2099d81e7da8a5769663c1ea,esporte_lazer,59,199,1,975,19,20,15
d5abd3b28e2a7a0da8f0a4617f9188d6,telefonia,53,412,3,100,19,3,11
eaa53c85856d19bc9f611f5628b4ce7b,construcao_ferramentas_iluminacao,56,290,4,600,38,15,25
f8f93700c26007f74716eca57d217cfd,fashion_bolsas_e_acessorios,58,631,3,400,43,16,27
f4d18451e6c35980e6898e36dfd6fb55,cama_mesa_banho,53,392,1,900,45,15,35
09258106f546b38b0f817fc3aadf650b,brinquedos,48,236,1,200,45,15,35
48cf041a87beac458328d395d035515a,telefonia,58,428,2,150,19,4,11
98b22c1129886cbd7fcae69d1c93e442,cama_mesa_banho,57,188,1,1350,44,2,35
22c28492de598515578d252acb18e21b,utilidades_domesticas,57,609,1,727,21,19,22
f0f25035bed5ba1a75a678c0f9f09190,moveis_decoracao,58,733,1,1300,34,6,26
ee104243151384e66a6758c637d7c096,beleza_saude,41,1309,1,1350,16,87,18
71040c7f50609abf6865f4429f8b1035,beleza_saude,56,3900,1,3450,30,30,16
5a1a5bb0e9e3dbd18e6d8d3c326d3fed,cama_mesa_banho,55,249,1,850,38,10,38
2515eea3c60c67ecbb38b2f6b72733a3,bebes,14,268,2,1100,30,5,45
33c4b54c2a3e60ac5beb217d833d9f52,ferramentas_jardim,59,986,5,1650,30,23,20
c3002d67c0b8c6449c3a80c1556ad8c5,moveis_cozinha_area_de_servico_jantar_e_jardim,53,1563,3,3300,40,20,60
7d6bf2a74c5881cd8f7159032ad593e7,utilidades_domesticas,34,634,1,500,16,18,11
c230b471b7e21ff9060e68ee154afd70,,,,,200,16,5,11
b5e13c9a353102f79c6206ff5cb61a50,brinquedos,59,249,2,1500,40,25,20
4dfbe01419f983d397ed0439f090541d,cama_mesa_banho,49,729,1,2350,20,30,30
9c31382f02ac001fe1a33a466471d98c,eletronicos,60,742,2,2200,22,7,17
c64343b6e8d5be28f6564c6959cdfa7c,moveis_decoracao,53,441,1,3500,60,40,42
a0fe1efb855f3e786f0650268cd77f44,agro_industria_e_comercio,35,380,1,125,20,4,13
62f68be290c2e9c8403e306bd023041c,fashion_bolsas_e_acessorios,41,52,1,200,16,2,11
e2e426d1332240070b0a836a854d057b,cama_mesa_banho,57,701,2,1100,50,12,12
ea7ab4d3d8f539561e8078feaca6ae07,bebes,60,1035,3,1450,42,25,15
738e3bc419b014194ec3587e2321bf61,automotivo,48,334,1,500,30,30,30
f8a7665279f140d238371c8e7604c204,moveis_escritorio,59,249,2,650,40,11,11
d1c427060a0f73f6b889a5c7c61f2ac4,informatica_acessorios,59,1893,1,6550,20,20,20
9eec04a029e2b9372276f3748011b493,beleza_saude,49,1004,2,200,20,10,20
ef703385b2707af7f9af3e185679811c,cama_mesa_banho,54,324,1,1000,42,8,36
5e26cbd45b83e411e82e3a8cafa8d951,bebes,37,1556,1,700,20,20,30
f24bb438da3185d5fd5a19e4d7433827,instrumentos_musicais,56,760,4,2900,47,9,47
96b0a882d11b17ce51238420ec63e3a1,cama_mesa_banho,56,641,4,2150,50,10,40
49484d56efdb9b218cbb9f96a117ffd2,beleza_saude,53,624,2,575,17,15,13
ada800a927673ac73cdfbbd2c832331b,utilidades_domesticas,59,513,1,2350,29,34,16
ca38c039b717207dec906f4fa9a21db7,beleza_saude,53,3734,5,538,23,12,34
1fafb4fdc8f7b3d202cb39f1218934e7,informatica_acessorios,34,277,2,100,20,3,15
1f1354b0aa934e7ad75546467a6d028b,moveis_decoracao,47,372,1,400,37,15,27
41cd333a4af5e36df81fc0b83ccf8e2d,bebes,59,867,3,10750,38,47,44
72c4d61f2a2924a2d4515bc9c7fcd704,papelaria,57,607,1,400,20,10,20
de12bf624c66b90ad178ac441cbfbad6,telefonia,50,1311,3,50,18,6,11
2c3f424b5643b03663e0f5861dde2bfe,construcao_ferramentas_construcao,60,339,1,8725,29,9,29
831b1757a9744c37ddd574b5eaa3cc9b,telefonia,60,792,4,100,17,4,12
67fc455b96e0908bc5e0d917237b2977,cama_mesa_banho,25,865,1,250,16,15,15
e389381479408ccdcdd406d8d3049e45,papelaria,57,308,1,200,16,6,11
f65ff6e5a356943c5cee2e8bb023efc8,eletrodomesticos_2,45,1010,7,8100,64,23,35
7afa8c8eca2a26b599823eed4975a820,utilidades_domesticas,60,400,7,2600,37,24,37
3b09eb8e2d6bb856f77327ebf539e959,utilidades_domesticas,56,1223,1,10050,30,30,30
f2a4a74038882bf1adc8a466962559ec,moveis_decoracao,39,238,4,600,25,10,25
afeeea6271148ee1bb15173b8187c431,telefonia,52,1885,1,450,17,3,11
09ff539a621711667c43eba6a3bd8466,bebes,60,865,3,,,,
fc1449f3ffc59fd2eb9640505aea0581,informatica_acessorios,46,345,1,1400,26,13,35
fb783e3e545937820b57fe539b2c5a6c,cama_mesa_banho,57,189,1,1100,41,9,31
9d32095f76b97762307e86cfc18dd7a0,cama_mesa_banho,38,213,2,400,25,9,19
9e10ae46a3021a02f1692448ef9fa1db,beleza_saude,45,2231,3,175,21,3,15
ab616e3e77440ec426347964a3489108,moveis_decoracao,60,1006,1,3050,30,12,30
1612209b0b37fbe80e1e8e1b7d19ca1d,informatica_acessorios,56,580,4,1600,20,15,20
d787de6a880320609e500adbb90fb9c7,telefonia,52,610,1,250,18,4,12
badc1560b96f07ebed649206bfa27e8d,livros_interesse_geral,39,2206,2,700,25,3,18
4d7ccacbf7d2dd3e566cf5f149fb92e8,informatica_acessorios,25,364,1,817,26,13,21
854dea7019a248cec54711ded4744e30,relogios_presentes,54,506,2,375,16,8,11
8a3254bee785a526d548a81a9bc3c9be,construcao_ferramentas_construcao,25,1041,5,200,16,4,11
0896208dd8490b3dbb75344a92ab4106,cama_mesa_banho,56,1023,1,1350,36,20,36
43f88c8353708451babf9bcdd1fda92a,fashion_bolsas_e_acessorios,46,419,4,200,16,5,11
a3430558283765c5dd94dd0381acc9c2,esporte_lazer,59,2036,4,1450,32,13,18
f40876e0ef3cd5f9132b1f16b04b1346,beleza_saude,42,250,1,427,15,17,14
a60613d36f37a7b27d3344f40f6a7945,beleza_saude,44,696,2,350,19,11,23
fef6029430dcac1403570d19150408ea,brinquedos,47,1057,1,852,24,19,26
d2b42ba1cc7c04d6f6e4ea54392b95fa,eletronicos,60,318,1,150,25,7,16
bacf2de8920bbcaf6f005a30d81391d2,perfumaria,54,389,1,481,21,14,19
bdfe450775bde583b7abb5698f1bd6e2,beleza_saude,59,971,2,1600,40,20,30
b6bdb28b376292b83135644ff8d4d6a2,cama_mesa_banho,60,265,1,2200,34,7,32
a87567bdce60de6f901e3d7c6d8df820,cama_mesa_banho,30,1328,1,1800,55,10,35
5fe986940fc67df6769cf784fb063395,informatica_acessorios,47,309,2,150,16,5,11
cbdb31ccb8741d52e26bf2a42c1648d1,utilidades_domesticas,28,354,1,2300,50,11,50
b07499163c612b591ce1621452672e69,informatica_acessorios,36,240,1,1125,27,16,20
cb92637d91f8267856d2143b6fc7bd9e,esporte_lazer,49,1806,4,250,22,14,11
b5466db4cecf95c3c1be0ba32538ce1a,informatica_acessorios,37,322,3,100,16,3,13
e2095018c250b68d73a98ba81f1e5f59,utilidades_domesticas,55,182,1,5100,36,15,29
f4f4debbcfcafe6858d1e37a1f6e436e,moveis_escritorio,33,1190,1,13867,101,8,57
98c9ff7d86040b4030472af040f1a4a8,informatica_acessorios,58,886,5,350,26,8,18
027cdd14a677a5834bc67a9789db5021,perfumaria,42,544,1,341,20,18,16
cc2232dbef2c9fca23f4c7f6a19a42e3,eletroportateis,63,587,3,300,21,11,17
5ad2fee5f3e327f898435c3fcb0c93bd,informatica_acessorios,57,164,1,100,20,2,18
8e7a3ee016b12c87b5e3e7e717620758,industria_comercio_e_negocios,56,2083,4,850,40,30,30
30ac6df06dc59ad72cf2f158fc2d904c,utilidades_domesticas,53,1034,2,16550,22,65,40
6fd3f7378cd65325e10cb21733778416,utilidades_domesticas,59,1232,1,800,23,18,23
68f3adaef1620e7b0c4c7cd9f78d7ed0,instrumentos_musicais,50,1163,2,1203,30,10,16
ffd246249e3225c13f40b5b91dcaa65a,esporte_lazer,47,1457,2,850,20,12,11
289dfe89bc0d1eb6bea5a0a3bde85552,cama_mesa_banho,29,585,5,1700,50,10,40
73ae8d8ca7df19a982c92fc1265d9e46,cama_mesa_banho,54,236,1,1150,34,7,32
c86f95986c7050bf988aed62520093e7,beleza_saude,57,1550,1,3700,22,22,22
5b99f79ba0d929b0f3270ab0f0f5911f,bebidas,24,30,1,1400,16,33,18
1f9210c9ed7b87ba42a048f297fbeb03,moveis_decoracao,60,1673,2,550,52,11,11
4c6cbc8f097c261f62ae0a8a2660db03,beleza_saude,43,1719,1,217,17,10,11
ef7902ad08e80e1e6d5b418cedaedaf7,moveis_decoracao,47,487,4,50,16,2,16
fa7e460c8ef762c029b4042723e481c7,brinquedos,58,202,4,150,16,7,11
7be620cd314ce6460033ba9017be7a7f,brinquedos,55,428,3,1238,32,35,17
4ba03c3932b9242b45a6fe987149a517,telefonia,58,828,2,350,17,4,12
01d4157fd9738ea81038316ae4cfc192,cama_mesa_banho,52,228,1,355,34,21,40
d7d5562fce331ad958ca6f57057b3526,cool_stuff,33,910,1,700,42,25,15
43e09fcb6175856e87a4d9b91321addb,brinquedos,43,1505,1,6038,49,19,44
b07c988c725ddd67d0c7572a8099712d,moveis_decoracao,59,586,1,600,24,2,24
1ea8d02d9ad9f5e5987010de353fa800,ferramentas_jardim,48,1100,2,1700,21,17,17
4a69baa66a13d1adeb41cfe3bc0c27be,cool_stuff,55,963,2,500,45,8,49
1e297be46cfe3e932c4faf1c0ae329a2,relogios_presentes,33,402,1,800,18,10,17
b80921007ed3f68cf6e536e6daf08610,telefonia,58,751,4,300,17,4,12
05d80513da078badb81a5f232e489376,cama_mesa_banho,55,867,1,1100,20,16,20
e0cf79767c5b016251fe139915c59a26,beleza_saude,55,388,1,250,16,5,15
e5f3a09149ee7db697907f61e7366267,livros_interesse_geral,60,606,1,300,30,2,25
964dd0fcba2ca4eff8e31ec74a77d41d,cama_mesa_banho,36,495,3,1250,40,10,30
652698dafbccac29d78c7ba70dceef10,cool_stuff,44,2413,1,300,16,19,15
d426c52017387e708aa9e72eb90797b2,eletronicos,34,1487,1,1500,16,8,16
a14aea6067b93158e956612c50b74cfa,,,,,12900,50,30,30
d4d538563de6b49c547e6997f0f8be32,moveis_decoracao,54,2040,2,500,68,8,13
fb949f35bd1873f846cb7246d9db81b0,moveis_decoracao,57,258,4,600,18,14,15
db9c09ef2fa2590a7ca12480603396aa,bebes,42,1183,1,200,16,2,11
75840050584f39e359b995495e33f997,cool_stuff,57,468,1,1650,33,44,19
4520766ec412348b8d4caa5e8a18c464,automotivo,59,956,1,50,16,16,17
77cc62dc80ebe12a0452d1ce0565acdc,esporte_lazer,45,2950,1,1625,29,21,21
42ec84ace63b58b8c5a7ba7be01d5fb8,cool_stuff,52,1732,10,2550,24,23,27
813329d52f377306fa1614ca9a962cd5,telefonia,53,428,1,225,18,3,12
63de579e88d8a9982d2e279eba56e753,alimentos_bebidas,49,835,1,800,31,15,26
57e089e3103f5cda6a4ce23b77399bdb,bebes,18,1194,4,650,20,8,14
f8ea5fcf9c628485e01b9c3cf52728c2,moveis_decoracao,49,868,2,1200,40,8,40
3869f6f786f62c6b885593406506aaab,perfumaria,50,405,1,200,16,16,11
4876ed03e78909ab8001cf42557022e7,ferramentas_jardim,42,203,3,250,23,3,11
50843862efe2e06ab1758601c6509700,brinquedos,57,907,6,1200,23,41,16
a8075470f960215ffb67624782f80fec,ferramentas_jardim,60,361,4,2900,67,3,31
2ff17002562478fb03cd44f09e7ca51a,relogios_presentes,52,529,1,283,18,14,14
bcb4f6803e8889a70dc5ed14c2f5f785,informatica_acessorios,41,685,2,200,16,12,11
e5bf6ab312403d6e8f45bbdb48fa2fd5,esporte_lazer,43,388,3,1000,80,5,20
adaf53b4c04b9aca88c0f5c9ba4c3880,automotivo,44,1793,5,300,16,10,16
368343a35b2e888dae4f3f831d22437a,relogios_presentes,42,748,2,300,16,13,13
78819ab10b4a44927c832a21c06849e0,informatica_acessorios,53,3330,3,1100,28,10,20
e7bbc0d43d1f5cb09bab95b664236633,informatica_acessorios,38,716,3,833,19,12,17
7814c273ab16783d73a9863ebfa8b141,moveis_decoracao,51,756,1,12250,45,35,45
2647bd04a8ac8605c0034dc49d21445d,moveis_decoracao,58,2132,2,3000,69,11,11
ad938d3b79856582ace5b311ab864826,moveis_decoracao,50,440,1,1500,42,10,32
e256d05115f9eb3766f3ab752132a4e2,informatica_acessorios,42,399,1,740,26,15,19
625dac8156b3157351e7257305148f3f,telefonia,54,935,1,175,18,12,17
37dcce9d511e9729330ad4d80de13cfa,fashion_bolsas_e_acessorios,52,731,1,100,16,2,20
18f8fed8a737a4399a369ef33b21cb3b,fashion_bolsas_e_acessorios,34,359,4,200,16,9,11
6171e0ffb665e527d521c2435e065644,cool_stuff,46,851,3,400,16,19,15
e11092e9722d1b6f8c18cd8947a1daff,bebes,54,343,2,7450,45,25,45
9766ad53f42ee034fbc0e29c85fe626c,cama_mesa_banho,51,385,2,2500,47,21,41
75f6a4f019ec1322758d53b2fee2cc12,malas_acessorios,41,155,3,16050,60,40,40
99a4788cb24856965c36a24e339b6058,cama_mesa_banho,54,245,1,1383,50,10,40
757e8df3e7c5c52482db573f5f368e1d,consoles_games,52,574,1,400,21,10,13
04dc26a02c448f6f2b914f01c2902ebd,consoles_games,50,361,1,483,24,17,23
4c65515115c33a1c4c21e9b40f85942d,informatica_acessorios,38,498,1,150,18,8,16
078482c5821678267aeb55b8edcdcb29,market_place,36,1339,1,250,19,14,16
f60fedc54d28bf29480f654d90a2f8ff,cama_mesa_banho,41,614,1,950,30,16,16
0ad0b4d6bac55daa9cd221ea08ccbfac,consoles_games,50,481,3,1000,20,30,20
23227b07fc69250d2fa4be6602011aea,cama_mesa_banho,46,171,2,1250,45,10,15
d435c3fa55cfd37fa04032168ed59cf8,eletrodomesticos_2,53,704,1,12000,80,15,58
d498e8a880bdf3d26e2b9b3e92c4f424,utilidades_domesticas,59,1386,1,2350,16,20,11
b18040a8b795afd0802abd9c3755ea64,esporte_lazer,41,979,8,7000,90,20,25
fdde5bfe43004cc06f12152870b951f4,perfumaria,37,1470,2,475,20,16,16
ba1446377b3e8fb2c3ec8c7b59a0d9ba,moveis_decoracao,53,982,3,400,28,9,18
c62bc42d383a40b285eee3f95240c817,cama_mesa_banho,56,2536,2,1800,43,8,33
87805e636e977dafc7329bb3c4a383d6,utilidades_domesticas,60,1047,1,525,18,22,16
7721582bb750762d81850267d19881c1,cama_mesa_banho,63,837,1,1400,43,5,30
b948a6dd0adccdcf3ea81888bf678924,bebes,47,791,1,850,40,40,12
184908160c13d25f992d86d43cba2e90,telefonia,38,654,3,50,20,4,11
9a1671211dbf49fd18dd1bd16cff632d,relogios_presentes,34,176,1,400,18,12,18
cae79e3b5c787c231543fa415a20b5cc,ferramentas_jardim,36,2213,1,350,45,45,12
1c2862e8f831c73dd953c24b3fd5b9e2,moveis_decoracao,60,120,1,600,18,30,15
9fe172fa8e662ca8572cf12abf8bce23,fashion_bolsas_e_acessorios,36,412,5,150,16,5,20
dd231637766e756fd1cf2fd80501fce1,fashion_roupa_masculina,57,222,1,750,30,10,28
72d3bf1d3a790f8874096fcf860e3eff,brinquedos,57,341,2,583,20,21,20
97b3b8e8ed22d0ceb3b3c520e806a334,eletronicos,40,395,1,200,22,14,17
a7216be504e1ff211b67479ab193a552,utilidades_domesticas,42,886,3,5200,50,23,27
c224f464aeeb2c6af33f0682a181efa7,utilidades_domesticas,60,1809,1,12600,16,2,11
4b5e26931a0b0d3a690a3f520329a975,esporte_lazer,57,1161,10,9450,85,10,33
4deb009c36a910076a023947a7929201,consoles_games,51,936,2,157,17,8,13
9c5cec867c62c0ec4674b002eb1c3e0c,eletrodomesticos,33,94,1,15875,54,46,32
5ccdfc35d9cff8db4fa46b83d5712899,pet_shop,30,764,1,15700,81,19,60
6ac3978babf6ca76087369391bb6ce5a,utilidades_domesticas,22,930,2,1683,25,22,22
3c839ed874f2e0444a38bfc8daf5ad5e,utilidades_domesticas,57,1379,4,9550,29,66,29
403f76f6cb6bac59fe7dcb462ec42ac3,moveis_decoracao,48,184,2,1100,27,18,27
837f3d09b625825bd84bfccb1f51d8be,,,,,300,20,6,26
95dacbf52db1d378303344b43f821cb6,moveis_decoracao,54,586,1,1700,33,8,23
3cb39171fd36c50097f2dedbbe0dfe6e,automotivo,60,3136,4,100,17,10,15
a4c2f0735962e3bcce149351d387ffd9,esporte_lazer,55,680,1,1000,23,21,21
16765bcb7b5644f6fd28a40c0cfa2a97,beleza_saude,39,1220,1,2550,16,14,15
76d1a1a9d21ab677a61c3ae34b1b352f,,,,,550,16,7,11
837b5c6df9ceb8a9c604e78fde0e60a2,informatica_acessorios,32,1074,2,250,39,2,30
7d08c685504c66533015d5366856da12,brinquedos,53,346,1,400,25,15,30
f2577870331ed710015cbfb36ce2e027,bebes,52,224,2,6200,75,15,50
d00f6c52d2730de05fb409f09ab6e732,utilidades_domesticas,53,167,1,2150,30,19,25
1ec597ef2aaee9e73f32a970247f3192,beleza_saude,60,2910,5,300,26,26,11
a188cd985f0f3f455caaba35a00dc5ff,papelaria,58,474,3,1100,30,20,40
ebccaf8ddfeb6858f6cf417708159453,bebes,32,449,1,1100,29,12,32
67f95d5d22a25ae3c8c0651319c7d355,utilidades_domesticas,55,4,2,681,39,7,28
d5b703c271f43f9c588a6f512a00f77e,brinquedos,27,531,4,150,16,7,20
fdc7b4c1ee3b0ba0c649a3147d039983,relogios_presentes,55,1336,3,450,16,12,11
8477d691ae21afadfa805681bef3a620,fashion_bolsas_e_acessorios,29,354,1,200,16,8,11
7fe486a60125c1541517e30944f95066,eletrodomesticos_2,34,876,9,6350,55,10,67
fe01b643060a6446e59f58e3021e66b3,perfumaria,40,659,2,1250,26,21,20
e344e7fbb51b08fbb06076b02f457dd9,informatica_acessorios,56,1548,1,167,17,8,14
770c257cdfc072fb50ebf2bbd6696fe1,bebes,54,581,1,1150,18,18,11
15b142fc0f773fb67de91301d1701894,moveis_decoracao,63,418,1,900,24,5,20
bd7cd34fc6d02e730221b11edc354aae,brinquedos,36,651,2,704,25,22,23
66921e471530ee0d23a53ad72f49887f,pet_shop,50,770,6,13700,35,40,60
5328338cfaa16ba10561cd970c73ca11,cool_stuff,51,330,1,1950,33,44,19
72c0ede833dac61a24ac9a7c394066a5,papelaria,53,215,2,1250,38,30,28
8bef2f3e34f2cc22c908921e6e9eebee,relogios_presentes,58,506,4,250,16,2,20
50b2ddbf47bd0b8eecabb404613e2a45,cama_mesa_banho,45,486,2,1050,40,10,30
2540f260f9e39c68fa76e87c41220c28,esporte_lazer,52,2102,1,391,21,19,17
561e48cdfacd14e7cfe67aa4ebd0caea,pet_shop,63,1538,2,650,21,18,20
7f8bacbe759179781b50331ea609f7f8,malas_acessorios,57,1182,2,1400,43,27,43
473795a355d29305c3ea6b156833adf5,perfumaria,36,605,2,100,20,20,20
be1c4cf8a2d2aade623eb7a646d2a0bc,cama_mesa_banho,54,508,1,850,45,15,30
ef60a683caacd212b1cc7b356283c2de,,,,,600,16,16,16
bd78aa243ba78f9d4a311681e172b090,beleza_saude,58,3912,1,750,16,16,15
2155593e689475e40e4c8b93143c0287,brinquedos,55,418,3,712,47,13,32
f663527ddb1b3def5cf66a2324c3402e,esporte_lazer,35,579,2,400,16,8,11
2873da054c3a30189c5aac7b87d3b6e9,,,,,1150,40,11,15
e4b6f030d5280d30656abaa4ee64ef81,utilidades_domesticas,49,614,1,5300,35,28,32
a35a9f46dcee0a67c8c7ad8493eb4135,informatica_acessorios,33,1084,2,200,41,2,29
0233dd6f06e23c705ab76dc3ab165837,cool_stuff,45,1057,3,100,20,16,16
36c2d6cd6fd0a6720f3ebe3379a2032d,moveis_decoracao,63,1927,1,3500,45,10,30
d70c831282615555625658baeb52eaa6,fashion_bolsas_e_acessorios,40,360,5,150,16,9,11
38947803f4effe2c45539bd71b509529,brinquedos,51,774,2,2633,37,20,29
0afdab080dc525494d5a0adc4c1c0854,cama_mesa_banho,59,554,2,533,52,6,40
8ea6651a5fee129653198012abdd4185,bebes,30,878,1,1400,44,6,36
3a4db42aea95097b7a616b36f21d143f,papelaria,56,225,1,1000,33,32,38
7933eeb8cf79ae899bfac71c0edb076d,moveis_decoracao,63,233,8,2550,42,17,32
0f66dd888ff5af9eba17aa59be9870d1,pet_shop,53,856,1,6300,60,25,25
ebee6703e867082f455a058a8bd04092,consoles_games,53,321,2,200,25,5,15
47fb043ed62be785ecb7a5e30c7787d4,climatizacao,59,1950,2,200,21,8,17
af144ed65466a16118af719a57053c95,cool_stuff,47,1060,1,1815,29,21,23
25d6edcd216a9ee579f19f92d694f7d5,telefonia,57,1568,1,100,18,6,11
3db75f31b76375c502f64d550dcd1166,informatica_acessorios,34,1078,2,200,41,2,29
dbb4ce89c8ed5fb6fd901e2e51093179,utilidades_domesticas,34,545,3,2200,48,25,25
f49f59559a40c88ed4beeacac8b25e71,fashion_roupa_masculina,28,364,2,250,16,16,16
d7f94e8a47066a6a4ddb422718f59531,perfumaria,42,553,3,250,17,8,11
1a6c9da4039deae58c2b769f049ae121,utilidades_domesticas,54,1323,2,2650,31,16,16
74e901ea4caa0b0488e8350431c558e9,bebes,57,2021,4,3350,55,10,40
7775d718fa8dfebe8015e6e5ee3dc5be,,,,,700,16,10,20
08574b074924071f4e201e151b152b4e,ferramentas_jardim,36,450,1,9000,42,12,39
b6f9abef16fdfec89e4f3675f6627dca,moveis_decoracao,47,372,1,400,37,15,27
4413a608a42bd21bbf9d5abbd58c249a,cool_stuff,57,1620,1,2350,16,40,16
85eed6b3f52d601d2a288e2668b888df,automotivo,51,719,6,4950,53,43,11
dfb97c88e066dc22165f31648efe1312,automotivo,53,597,1,5417,47,44,44
cc5c55b85ec65541272bea4b9895add4,papelaria,56,1349,2,1100,27,10,20
f936a018eafeb52059650c9e977b53eb,beleza_saude,41,1376,1,1613,18,18,15
c3b8f6be3507bb05fd83797f81f679bc,telefonia,32,331,1,175,18,3,12
21edbdf0b0622b2ed89051c88ae8d43c,moveis_sala,35,565,5,1500,74,13,18
74ae869eb82594d9cbe6e934cf143e0c,telefonia,60,751,3,150,17,4,12
59166cb25207e97d04951200086920b3,audio,55,1506,2,150,20,10,11
4fe644d766c7566dbc46fb851363cb3b,artes,48,1232,1,1700,65,6,50
e87c9809c13acca4246dfb2fdcaebbe1,papelaria,35,189,1,733,43,31,28
306d69bdf4ce0d89bad3e622e443cf47,relogios_presentes,60,121,3,200,16,2,11
608b018a4443a457a5cd1e58de213cb2,moveis_decoracao,35,688,1,300,22,4,11
c3f7eb8e0fbdf18288a87f5f2f1c0501,utilidades_domesticas,55,1446,1,2200,30,40,30
8d4e92265a16e69a1e1d76e67e46d72f,instrumentos_musicais,45,422,5,30000,80,75,36
9fff1ad31dc8486b6b4e8c37e45df3e7,automotivo,54,1209,4,2200,30,30,30
781afe929e3016a667f5f439afd55fce,esporte_lazer,42,590,1,400,18,18,18
2190082493d586e315bfbb93762ab3e3,consoles_games,53,855,1,140,19,10,16
4025ee582ef6b8c478af3b44cf89054b,cama_mesa_banho,60,58,1,200,20,2,15
4eaa9539b7777049d7b8451cf44fd967,informatica_acessorios,29,859,3,150,16,12,15
4befae07dba4384f6d8237ad1e7f8294,musica,33,3853,2,900,18,18,18
dc6040ee940ab73a2fdb3b90c6513ed9,informatica_acessorios,34,588,4,1213,50,18,23
5de871daae99423d3fcb04edcb6dd1aa,perfumaria,60,591,2,600,19,17,19
fb01a5fc09b9b9563c2ee41a22f07d54,consoles_games,33,912,2,1500,33,25,11
4fb651ace30be388c0e95f48f3308e5a,cool_stuff,50,412,1,2725,43,50,28
5636b7f13454e8499fa797687f2f6038,informatica_acessorios,43,726,3,150,16,12,15
f727305c90ca9b9c36d4e84a817bc01d,fashion_bolsas_e_acessorios,46,622,6,200,16,9,11
30469bb5ea377eae7121981e2f0778e4,esporte_lazer,57,574,4,5950,20,30,80
05928363cd16fb2d20ccad40992105aa,fashion_bolsas_e_acessorios,53,612,3,250,16,16,13
03552ec45033c8658713c541f6af9f05,beleza_saude,52,1168,1,250,35,3,12
e0d64dcfaa3b6db5c54ca298ae101d05,relogios_presentes,35,514,2,4338,17,12,14
4583e308182e4e78d5b71b5af1804def,bebes,41,565,1,450,16,12,13
e9a69340883a438c3f91739d14d3a56d,utilidades_domesticas,60,1912,5,3000,33,12,34
7e6c4a0bf900e259f50ba63331fd2785,relogios_presentes,59,755,2,250,16,2,11
829002c1d5f40820ebbc6ecd4bcdf3ab,casa_construcao,59,664,1,5150,30,35,30
c07d367dd7b78b0558e7a3e1e1a975c8,cama_mesa_banho,58,293,1,12850,60,20,40
eecc2c78b528d8073b4f1c4bddf92aae,informatica_acessorios,36,377,1,600,36,11,14
e347b95d594c79460b23b2f850655f68,eletrodomesticos,45,61,1,14150,35,46,35
0fdd1ea79f0f2ec81697ccd021d6d992,informatica_acessorios,42,271,1,490,23,10,22
8a1e1c6e48f0d275628e3c626d57257f,beleza_saude,34,480,2,400,30,6,12
41b43381a92451746dc1374dbbd4c43e,moveis_escritorio,56,1287,1,10025,57,55,22
0f3288619c16188d156acc3ba91f36ab,esporte_lazer,55,266,5,300,20,15,15
410d5b211dce5611e7a6412bf0cc30fa,telefonia,42,379,1,100,19,3,11
7e8c9cebda42cbe9ae5ae912f81db940,beleza_saude,51,1974,2,200,17,13,13
ac44def10e24998cdee20a208d691127,cama_mesa_banho,55,1208,1,1175,45,7,35
e3b71b54330e59e2e4ce7f1052813a08,beleza_saude,23,1426,1,750,27,9,18
1b06c90f0a31f14d0f505323b5723a80,ferramentas_jardim,58,747,4,650,19,17,19
c1678c7353738f1698430b8ea0d6a488,cama_mesa_banho,59,124,1,6100,20,50,50
8aa6223e400af9c97b07c75993142721,bebes,54,830,4,5000,40,10,40
14a0471af2a7bc596532fc8a6f29b1f8,relogios_presentes,57,180,4,250,16,2,11
419cb1b441eda9b92ebd1a1b96090c26,telefonia,60,777,6,350,17,4,12
afd22faefd9584467a374bf7a50f0996,esporte_lazer,59,681,3,150,24,5,16
f71e81166f65ac9b5174e4630ab20615,ferramentas_jardim,60,3920,3,7900,55,40,55
65266b2da20d04dbe00c5c2d3bb7859e,papelaria,38,316,4,250,51,15,15
f4f67ccaece962d013a4e1d7dc3a61f7,automotivo,52,603,1,7625,61,14,61
5f21301936c11698db6aee5444190da0,perfumaria,57,397,1,367,23,12,16
a36f2cdee6906fae885c6258e824308c,livros_interesse_geral,29,437,1,600,23,2,16
baf6f4106306b138b83c32152d1e03de,pet_shop,63,644,1,200,20,20,20
382132cf96c88a277a65226833af5f61,informatica_acessorios,49,664,3,680,47,7,18
55b22991373bc1fc844500be10faf60d,esporte_lazer,32,1068,1,1900,23,32,23
999f8a403c25d68c828a6915e13e89d9,telefonia,40,393,3,100,19,3,11
419ad775cb3c503c2ef135826f81065d,moveis_decoracao,60,463,3,550,33,16,16
142edaf86e4eb5d0f928534667ab63f7,utilidades_domesticas,55,595,1,1300,30,30,30
24f5af2b789d02450459312d48fc840f,alimentos,56,863,1,575,17,7,14
264a81631a296a509b3c2e047a4ad652,bebes,59,1072,3,500,29,10,18
2e7980421ad7946eab8a71b637955704,utilidades_domesticas,60,463,1,2300,59,9,42
f69c0a81b54c02376872d8bab620c55c,cool_stuff,57,2066,1,5700,33,44,19
33b9801fec06f14bb7d33af01769bb3f,utilidades_domesticas,55,214,1,700,60,8,20
06f0e85c7892d5df893f332706340af1,papelaria,57,301,3,9850,30,19,60
edd268662f0b2a4f131cf4690ca6cbc8,papelaria,57,737,1,1279,32,35,36
1cac29154057b66c1cfcb6ff58e2fdbf,utilidades_domesticas,52,1232,2,1200,29,33,29
d9279101bd9bcdf95aa06a8081b24367,bebes,61,915,2,12600,25,47,64
809cefda77a61d43df3d1b32f6ecfd92,pet_shop,36,607,1,6500,60,11,34
38c56c5c5b16958d95bf8254498ad555,relogios_presentes,58,786,2,500,16,11,11
1d3ecbda18167c766a3381fd16108e4a,esporte_lazer,42,636,1,1700,41,10,35
bd2128c3d2188ccb151b12d129ee264a,utilidades_domesticas,55,1589,4,1700,35,15,29
a298a105818dce6878b787e4af6cff7d,bebes,55,1158,2,400,30,10,30
5f4a2dd6b0e07a858c761e41abc8ec8c,esporte_lazer,60,920,4,1100,20,10,20
06edb72f1e0c64b14c5b79353f7abea3,cama_mesa_banho,39,161,2,350,25,8,19
c149a47db56b0bc5cd24808bcb35e318,automotivo,31,391,1,350,30,14,11
759c85bda80286f647f1f71b847c6457,utilidades_domesticas,59,790,2,450,24,7,12
2b6aba96aca0f3f5f28779c8a4395f42,esporte_lazer,32,503,1,2700,85,16,26
dc363002c653f0cdc77f9d0be45fa103,papelaria,59,149,1,650,35,14,26
d8aead84c0ff5356cacb9ac841ec3a5f,utilidades_domesticas,28,203,2,600,39,21,11
6c50c87e36d8641d67fbcceed5cfec5e,relogios_presentes,57,266,3,200,16,2,20
c4b925e40f11289063a854c47aaef129,eletronicos,39,286,3,100,20,20,20
9818832859d572545cee5a86ff7f4a3b,beleza_saude,50,2436,1,400,20,16,16
b38b25d838ae0b8385e8cc68b9017644,beleza_saude,59,1153,4,200,18,3,20
0e92dcf7b03df1de4e9349af065f8e63,moveis_decoracao,47,372,1,400,37,15,27
2bc88b31190908684ebece09e5358592,cool_stuff,40,2066,1,1650,33,44,19
41840148302aa7f0c86e7c3f875c6f08,esporte_lazer,53,661,1,713,29,12,21
c1b973e587fd6f4e5aa1fa2c01fc6e59,telefonia,60,600,3,650,23,18,18
d69e906470f99256b16bee14a0268fd1,instrumentos_musicais,55,996,3,150,17,17,14
cc1180a16524617866588df758c49ec7,informatica_acessorios,54,1307,3,200,18,16,13
964011954f788aa4bd0dcf7b04056d81,telefonia,33,303,1,50,19,3,11
8af4a717d0442a5fbe332dc587583296,moveis_cozinha_area_de_servico_jantar_e_jardim,17,540,1,17500,97,24,45
7320ebe51211feb87fcabba5e645353a,utilidades_domesticas,57,182,1,400,23,22,15
e98a500a671ec3eea9a498507b0154fa,fashion_bolsas_e_acessorios,36,336,5,150,16,5,20
21dda9c8f188955446cf905038acd22a,ferramentas_jardim,56,452,1,5850,59,23,29
cc1829caca1897ee76144ef20a32330f,esporte_lazer,34,1297,8,7900,100,20,30
113f80f12c8892f0c59206f70b862b40,cama_mesa_banho,52,170,1,250,16,10,16
5cd07c84a1c25575ac2fc3fa73f1d952,brinquedos,63,2873,8,1200,39,22,14
68f2b86d618f20c45d7a0db6db2cc664,beleza_saude,37,382,1,767,25,13,16
677d8ace413e0060fa8686cde56eaf10,relogios_presentes,54,619,1,303,19,11,16
457cd0a99cfa977993e4eb6d98d95abb,telefonia,59,777,6,350,17,4,12
5a6e53c3b4e8684b13388d6aa4afdf12,utilidades_domesticas,45,176,2,200,19,9,12
bc68b4f9aacf4761a51fe96ac9cb6d62,telefonia,20,296,3,200,19,3,11
f497ba62f1d6b4f6a3a3266fa8623ad3,beleza_saude,45,1276,1,83,13,8,12
2916f36c18811cafe280f15b803be0eb,cool_stuff,43,853,2,1200,20,30,25
7344630ca6c1a4917e55f35c729baa7d,telefonia,57,592,1,200,19,4,11
51d646c5c93e0f1de543528d0e24eadc,beleza_saude,46,1305,1,1400,27,10,17
10a3a969b9e7d03b0dc2384ebbcad6ef,automotivo,48,670,5,23350,64,64,51
62984ea1bba7fcea1f5b57084d3bf885,esporte_lazer,42,190,1,1092,30,26,22
b01d34f6d2545269d348181768eca049,relogios_presentes,59,112,2,150,16,2,11
86df1e9a07c3d463f6a6c3f776051e9d,utilidades_domesticas,55,322,1,1550,30,6,30
88d524b8b5576da63abf7b16bef48a39,informatica_acessorios,29,692,1,300,16,2,11
b9900407a55cb2b306ae612415c3340e,livros_interesse_geral,45,646,1,400,26,6,36
c5e9693041e519fd6e2ebde0d76cc1ad,eletroportateis,39,535,2,14800,60,40,40
71d22271ee986bf5a46a2c199da0265b,cama_mesa_banho,51,875,4,850,35,10,25
2b849e71ada03a262ef4338a7abd8b79,utilidades_domesticas,56,786,6,1700,20,10,14
acffe5d7cd56e6b564cf6841486644ff,beleza_saude,58,356,1,200,19,4,11
95e25af33821b9d231e06f1e7cd34d4e,moveis_decoracao,5,267,1,2600,18,40,13
a96d7b91547c9d381eef6793af2c639e,ferramentas_jardim,52,768,2,2900,30,20,16
ea650c84a7d5aaf2a2c5f1b108de8f7c,telefonia,45,56,1,50,16,14,15
b665d6299c02572404ef4ee1741140a3,moveis_escritorio,47,2412,1,10850,58,20,58
1ac94144a305b4bc370804ca0d290490,beleza_saude,53,389,3,100,16,3,12
4c9073fdec69bd1812b35ff1a3472aa8,beleza_saude,56,940,2,1717,34,6,34
dc881ef926ca402063ea142afc83874c,cool_stuff,51,863,4,2100,23,40,16
4c2a4ab2efb349db80f195f4b122eb6b,cama_mesa_banho,49,1004,1,550,30,8,26
00ffe57f0110d73fd84d162252b2c784,utilidades_domesticas,56,1877,1,16000,16,2,11
64e054669023deb2bfa82f61a2829404,cama_mesa_banho,55,270,1,1550,38,10,38
2b5bed5ddd304876b5d0c3eca2b6cbce,moveis_decoracao,53,553,1,1400,35,9,25
856b55eef75569bf5ec655e857bf84f7,beleza_saude,57,1186,5,550,29,7,22
d982791b03ad95faaa03fc746ad04672,informatica_acessorios,35,1543,3,2300,42,29,28
d8b8e82856a488b2cf5bcf21407efa8d,fashion_bolsas_e_acessorios,34,67,3,100,17,7,12
8e0aa05a387182c8ef3cd13b6131e60f,moveis_decoracao,56,231,1,1800,44,14,33
6401d2f82d6e6c52998ce626fe4eda24,fashion_roupa_masculina,30,51,1,300,30,40,11
76265fc5cc76fc5f09534fb307605c10,ferramentas_jardim,58,1698,4,1000,36,24,24
6a2961a3f5c85026ed1b3406a9ac27cd,papelaria,50,226,2,10950,60,20,17
4b7690d7352318e41ae9594241ac4789,ferramentas_jardim,39,672,1,1000,20,12,21
4c809e61a89993ebeb2ad634b8af3c15,construcao_ferramentas_construcao,57,1889,3,650,16,20,11
242e1933d9cb1c789d3c6a3f2d083ba0,brinquedos,51,606,1,8975,60,48,17
b1acb7e8152c90c9619897753a75c973,beleza_saude,56,575,1,200,20,15,15
b3af6df8f36460eadc69ee2310a440d0,construcao_ferramentas_construcao,60,327,1,22350,41,13,41
c33af1c0bec994ff07664ab6dcae7a86,moveis_decoracao,52,212,1,800,23,3,23
88f723b1cc87199862c31b071276b0f5,informatica_acessorios,52,1340,1,800,26,17,17
f5d8f4fbc70ca2a0038b9a0010ed5cb0,fashion_bolsas_e_acessorios,64,1710,1,200,16,2,11
7c8e2b381bb0fcba5b368961d7823cd2,pcs,55,1131,1,12050,27,50,53
c5038055690911ed8e218cceb07acdf8,esporte_lazer,59,995,4,3500,86,26,18
e178e8610a35f4d6c9b0934fb5e20e85,beleza_saude,33,577,1,929,24,16,20
5bfc7506459ae2a7b4b573fe557a58e1,cama_mesa_banho,57,535,1,800,45,15,35
66122b7ff167774803377cb2b1af7799,moveis_escritorio,57,1282,1,7575,52,52,17
0aabfb375647d9738ad0f7b4ea3653b1,consoles_games,49,100,4,150,16,12,12
8f3a1c2358138bedfb98645db449110c,relogios_presentes,50,584,2,297,18,11,18
d349b106eb0af8ebe0b821baf7705208,automotivo,46,1138,2,5400,20,14,20
3ac29f1f25166dcc60b97e65d9a5885c,esporte_lazer,60,1493,2,1050,80,8,15
e9b2560544c293e02f2b966041e10f24,esporte_lazer,51,639,1,1143,24,22,19
9f4a55260fae788c26fcbb2b934ffa52,cama_mesa_banho,57,192,1,1400,46,2,36
8681c71d24e694aaa4c582760736dd00,fashion_bolsas_e_acessorios,53,568,6,700,16,9,11
e6b314a2236c162ede1a879f1075430f,informatica_acessorios,47,284,1,167,24,14,11
be5353e2c543ba4f67831f95d3775420,beleza_saude,58,1121,3,150,43,11,18
4328139cbe9adde0aac493ca9871eab3,cama_mesa_banho,60,289,2,1150,30,10,30
21fd3b391a97c2fedab9d0efdd183a93,utilidades_domesticas,57,983,2,2650,53,15,13
1d994f3116c393f22021e72f17ab5af5,alimentos_bebidas,58,798,1,200,31,15,26
2e646100c09716fb079573d7ee979c19,utilidades_domesticas,29,559,3,300,40,5,40
afab5f7ab5c82f92ddcdc46c4cd85fbc,fashion_bolsas_e_acessorios,36,95,6,150,16,9,11
05c8eb0ae68c09cae5b68d673652e7f8,eletronicos,50,315,1,200,21,7,14
21fecd254a3103704126b28478ea7980,ferramentas_jardim,38,499,1,7400,43,14,33
4ac50dbde931c0a5ed8c33d3dc047351,beleza_saude,33,1087,1,600,28,11,26
c556dfe03a2efef617497a3de58cb44d,relogios_presentes,38,558,1,500,20,11,15
aca2eb7d00ea1a7b8ebd4e68314663af,moveis_decoracao,44,903,6,2600,50,10,30
6987398dff454a3138231540e2a6ec61,informatica_acessorios,38,209,1,1033,31,17,22
8dc0f5aed3861b07012b5ec0bec6ca4c,perfumaria,30,975,1,100,16,4,16
abba23912bdeb1990bd1efa30d888384,relogios_presentes,56,723,2,200,16,11,11
cb17b798ba889575385281b7ec2fc22b,automotivo,49,1208,4,1300,20,20,20
7bb755757b4b21a1abc9cc6e9991a8ad,bebes,60,275,1,320,36,7,23
8c89b3cebb0a18a89a173e79375b44bf,cama_mesa_banho,54,304,1,9350,45,40,40
e282624d8c82e04983f125e167eb4521,telefonia,45,343,2,117,18,4,11
468f9e86ce85d599b7f48ddab25f1b42,utilidades_domesticas,53,817,1,1750,30,30,30
199f076c011ea5e8b546bff05d4f2477,moveis_decoracao,47,616,3,1300,105,15,15
a4167d08b603cb1a06a87a41c9f3adbd,esporte_lazer,35,463,1,500,16,14,14
beefd66ae7d857b9c50868bb14473a86,utilidades_domesticas,46,1471,2,2900,19,54,28
31c50827b6b5d0f51d61c8b2aa98f6e6,cool_stuff,33,805,2,1500,40,40,30
c43ab4269cbf91b373263db4c2973cad,cool_stuff,59,734,4,650,33,18,27
9b887ea9c5de0f08367e5bd0e48a4c0f,pet_shop,54,1043,1,680,32,29,22
39aa98469aa7460a9764311b3f8efb12,cama_mesa_banho,47,161,2,350,25,8,19
2a2d22ae30e026f1893083c8405ca522,cama_mesa_banho,60,744,2,8350,50,27,38
b623b7cb05ee3248fbe4a6ecbeed79a4,brinquedos,41,673,1,3008,32,45,32
420921e97463577fd5cc62c687d90bca,telefonia,47,1258,4,450,23,7,16
0f461354af6a2189ef983f8e7a3390b5,esporte_lazer,45,192,1,167,19,11,13
6931796bb4e63c4dd0919290c8cb699e,cama_mesa_banho,54,664,1,1800,30,10,38
ad90bb7ba2b9ed51338d3d97b180bb05,beleza_saude,35,510,1,350,16,22,24
e611a297d7a9df83f906aab5c746fd06,perfumaria,40,634,1,436,20,13,15
566a4f2c4385f36d15c00dfcaae132d1,eletronicos,43,391,1,150,25,7,16
20992273fc264d0a559e37c346090fe6,informatica_acessorios,51,1246,1,600,16,16,16
d4548e7ab697993ec51d864766a8ea4f,relogios_presentes,43,632,2,532,19,13,15
f0af7ec9760e53f21277444f32ee3308,moveis_decoracao,59,205,1,1300,40,10,34
c899857fb2b4a0cee39e479c1989ee3c,relogios_presentes,58,364,2,300,40,10,25
c706d50b57c9e83293c2586d01f32445,papelaria,60,310,3,600,25,7,24
c6c1f263e076bd9c1f1640250a5d0c29,perfumaria,32,102,1,425,24,12,16
06f2166336faca73c644b11eaca22d06,informatica_acessorios,60,635,1,600,16,13,13
a78ca2f8bd17ee6472a95310f930ec54,fashion_bolsas_e_acessorios,63,464,4,150,16,5,20
e0ab3fcfb0c3a63324f2797e03bc4199,moveis_decoracao,52,1186,3,650,40,36,28
2f2eee65fc4cc4a5ee8362730719d290,papelaria,60,920,9,3100,30,52,20
4a0938478787f49dc07af734b86be96c,relogios_presentes,60,508,7,250,16,2,11
dd61e943598eec72351633dd6a72d5dc,perfumaria,47,1816,2,350,36,6,22
2da8e82c3ddd9c8f784930f7d2db4d34,eletrodomesticos,55,71,1,30000,61,15,50
afe91b92e9fcb77e66f33901b67c5cf5,informatica_acessorios,57,1391,2,400,18,12,15
165f86fe8b799a708a20ee4ba125c289,cool_stuff,40,1456,1,2425,29,30,19
18f6ea7e8cff29f8053baac6762449f9,moveis_cozinha_area_de_servico_jantar_e_jardim,44,1313,4,1850,45,15,35
e56331a76de436e89a803efd4738a7df,bebes,59,1637,2,2100,62,7,35
4ae634441e444ca4bc85903cafe98d73,telefonia,54,285,2,275,18,4,12
ebea98c5fc701994cfef24664f1e3708,utilidades_domesticas,44,102,1,300,30,2,13
ca152649b43c4c6081853d9421c59869,informatica_acessorios,35,1101,2,250,42,2,30
703be52823d96209cb055709ac70e5a6,relogios_presentes,36,253,1,375,17,12,14
15859e3a8aaa3c192c10a91d8722abd5,beleza_saude,51,2795,5,5650,36,26,36
3fbc0ef745950c7932d5f2a446189725,beleza_saude,50,1257,1,350,19,12,13
386703f26f328414fe118e10a5d92675,telefonia,60,776,6,300,17,4,12
48f45fb4d7e27353b8abef59be38b65e,utilidades_domesticas,28,91,2,1200,27,10,20
422879e10f46682990de24d770e7f83d,ferramentas_jardim,56,348,2,1550,30,22,30
2b939dc9b176d7fa21594d588815d4a4,malas_acessorios,45,702,1,1300,33,10,49
ff6a816ae8a01312fe42dc48c7c8ead1,beleza_saude,56,605,1,417,25,6,16
72172e982e8b92155069e4201c92c0bb,esporte_lazer,60,3847,5,200,28,10,13
a52dba3d501f168fc53246f8f8798249,utilidades_domesticas,58,684,3,350,31,10,13
db5efde3ad0cc579b130d71c4b2db522,audio,40,232,1,6663,17,11,13
839d890a7312912b071c1d864b8faf0a,automotivo,54,589,4,150,16,5,11
94f49b07158ceba23362f72f24e04962,cool_stuff,56,934,1,2200,42,25,15
94fb2ab4419d523ecce8e5d56676788d,consoles_games,43,1236,1,400,17,7,16
bd7cab8de4d7943286634023cc06f8ff,bebes,59,1226,4,23250,23,50,84
18f30e92d58932a17e40b403951b2861,moveis_decoracao,58,1977,5,2750,69,11,11
371fa349d92646bbeea5873df0bcdc5a,utilidades_domesticas,49,342,1,490,20,18,16
2c71438371b35f7ce3c2511d6b0927e7,relogios_presentes,60,167,2,250,16,2,11
b425f28bf3d41f70cc18da7a525ee65c,moveis_decoracao,40,719,1,600,20,10,20
b6e352d888ba31d8999af279cd63aa24,utilidades_domesticas,42,337,2,1225,27,26,26
baeb8e1a680cf9e1f13557d74b6cec3d,ferramentas_jardim,20,2751,3,2400,31,28,15
e390a486e30fd924501447fb663de0b7,cama_mesa_banho,57,647,1,1000,29,8,34
625218e2e2b4668a47d08911e0def1a4,utilidades_domesticas,51,1232,3,1200,29,33,29
617186c3d97ea56c9c683a8a3974e8c1,perfumaria,59,1071,1,550,21,12,20
03613e666b3919a3e807eac45a8f2731,utilidades_domesticas,56,184,1,5400,36,15,29
4281803fa72c51eef83d338cc2fbfa7b,moveis_decoracao,55,302,1,21300,44,44,70
9b2db9ec16a8a51549f32462bf973523,brinquedos,56,809,1,3110,33,24,43
a5f6ba3fe91a2e73f10b612131cb2404,eletronicos,45,1057,3,138,19,17,16
adf24c4c9e90e7054d07309a04c419d0,moveis_decoracao,56,1110,1,1500,105,4,15
e070a61270050c4b1b704300f331cca6,pet_shop,57,558,1,850,30,20,30
38327e062df5eb11f9ff87b586df0fd4,esporte_lazer,30,500,6,600,30,12,15
513e834f4f9225e4e8b233716a699774,perfumaria,35,265,2,200,20,20,11
3cd567828508afb8dc38c1eaa13df9ac,utilidades_domesticas,42,506,1,550,16,26,11
d04e48982547095af81c231c3d581cb6,relogios_presentes,56,528,2,292,18,10,15
d4c52f33c1f0cbe94b47983bc6043e23,automotivo,58,700,1,100,32,2,24
7a10781637204d8d10485c71a6108a2e,relogios_presentes,42,236,1,342,18,13,15
87cc2aef12eddf0b170234138b0946e0,informatica_acessorios,58,2455,2,350,28,6,20
550dc4417c636abc04c71404342de695,informatica_acessorios,43,518,1,1238,34,19,24
8a330ba3cd34d650c45bce0fc21771ac,cool_stuff,44,1611,2,2400,32,25,39
fe6a9515d655fa7936b8a7c841039f34,cool_stuff,29,266,3,5650,73,73,20
08401f48b67a852d06105725c3013eff,brinquedos,58,739,5,350,28,10,12
77c2aff3c37f549284828851709cedee,beleza_saude,30,1418,1,208,31,7,20
7dba49d05059dfa721e63caf83965829,moveis_decoracao,56,288,1,17100,56,38,48
21a13332dcf9044716216914708f5d11,esporte_lazer,42,211,1,200,16,16,20
6177675afbea0665b11380c36caf10bd,cama_mesa_banho,60,222,1,1700,45,15,35
c4cca1d23088d10099f52159878b6686,fashion_roupa_feminina,43,1621,2,600,16,2,11
87dc701592a3d9c9b7b02e6b004f7764,esporte_lazer,63,278,3,100,25,2,17
877037e9f558d11ce22f3224771fd12f,brinquedos,57,1235,3,1200,28,13,21
44a34214a57dc373dcd80f54c919d006,esporte_lazer,21,207,2,350,67,15,15
32371620a54fa76bdc3575748f8b8ce9,papelaria,49,234,3,300,24,7,14
2e9ebd07bf8a1740376abd8be93f6fb9,cama_mesa_banho,55,317,1,20600,45,15,25
09061028f7ee991c6f2c294e19d344dd,fashion_bolsas_e_acessorios,50,549,5,1100,16,5,11
f1fe595ee7ef768b41bd9b246d13432d,ferramentas_jardim,52,1292,7,1900,17,13,31
d6e74e35591c053e5cbab04d84c223b5,informatica_acessorios,47,302,1,2275,34,17,23
ae6b739ab6e9d7991fb2ddd70f9c0b6b,utilidades_domesticas,56,595,1,1200,30,30,30
0ed3993c767ad11a9d285e1a6caa2eff,instrumentos_musicais,60,302,1,13900,40,40,40
001795ec6f1b187d37335e1c4704762e,consoles_games,53,274,1,600,30,20,20
7926af7d3e25dce27c3eee0279afb530,pet_shop,47,115,7,600,20,20,20
31e3036d804e63b859b964d0c8bf9ddf,cama_mesa_banho,49,420,1,1100,22,22,22
a047946d25055f32f36a8c39e7113b53,esporte_lazer,53,880,4,2000,25,42,25
c856eb93568d1abd93fbc39fc0a9704e,moveis_decoracao,53,982,3,400,28,9,18
2b2d98d1e9b6f68a472c5ace64d704fa,informatica_acessorios,35,671,1,2700,36,9,20
91442659f31ec0f0fc73215e77854fac,relogios_presentes,60,661,5,300,16,2,11
474bb6b54fc608ca71059a6c4f7ecda3,eletronicos,43,538,1,150,30,10,20
41fbde40144efcd09db07250981d7b93,automotivo,51,840,1,5500,45,20,45
f6eda47c88d786adf6f3e3f016833927,pet_shop,55,1496,2,748,26,19,23
b6475dae3a2796ed87cabc7b8e8debcf,utilidades_domesticas,46,558,1,250,35,13,19
fb495e971326b55afcb1f473adf0afb8,esporte_lazer,59,920,1,2350,20,20,20
b4853c75f13157892b0b87a2c9bcd13e,brinquedos,18,177,1,1300,40,20,30
e3dd336775af78a83fc27ed85f0f15da,beleza_saude,47,1267,1,300,20,9,15
141bfc7707c259668ab7d5c4017dce4a,brinquedos,46,36,2,400,20,31,30
56a1efb30499b4dffd45c8d655199b11,artes_e_artesanato,60,778,2,100,22,2,15
6d59a3fe3140425fb175cdd1e688dc2e,moveis_decoracao,57,351,1,400,30,10,30
83fb98f2457985e6333f2e307adc5864,,,,,1800,21,13,40
b3b0bce74668bf355cbd94db1e4d17b9,informatica_acessorios,44,1133,2,200,36,15,21
e5ae72c62ebfa708624f5029d609b160,informatica_acessorios,60,367,1,156,18,12,15
d30115c5c4af6437de4bbf9faa668de1,cama_mesa_banho,43,124,1,250,40,4,30
42f25a7251d847a86c1849731bf166ff,eletronicos,59,1413,2,450,16,16,11
c801dac0ec4865c5d42cf44b03a7d626,cama_mesa_banho,49,639,1,850,20,12,20
9cbe4a1fd4db99c14512e9b2ff033ec4,cama_mesa_banho,46,113,1,500,40,4,30
ba4bfbf74dbe7ab37e263b9326da0523,esporte_lazer,60,521,1,650,24,10,20
d04857e7b4b708ee8b8b9921163edba3,informatica_acessorios,33,1127,2,450,16,4,20
fcf28afb1353f2f12ea041dd74954226,telefonia,59,818,5,300,17,4,12
ca349c4d87c594b4995fcc4fa9c0b77b,beleza_saude,45,374,3,200,20,3,30
c9d1849f97b6fe404378805a105d64ec,utilidades_domesticas,48,1204,7,600,27,13,27
6b119e825230e877b98f89b47081bc52,fashion_bolsas_e_acessorios,60,403,4,150,16,9,20
b05fae603a3a28a977633c139cece058,cama_mesa_banho,52,235,1,525,39,14,33
b532349fe46b38fbc7bb3914c1bdae07,moveis_decoracao,49,829,1,850,20,25,20
a4bc24bcb44abb54f2f6214991dcdab0,utilidades_domesticas,59,1104,2,1450,37,11,32
5038cd913f549498c7e7251739050b0e,cool_stuff,58,302,3,100,16,3,23
93c480c7d11c68ba0a71e850da61b674,informatica_acessorios,42,458,4,300,16,4,20
06944e4b10483df8e37fe55990a0ba15,utilidades_domesticas,55,1776,1,550,42,11,23
d059a71823fafe40e36dc1b9d7fa7819,casa_construcao,61,707,1,3000,30,35,30
c3b271f47e73d0c9ccf1b43b7606c705,moveis_decoracao,59,473,1,600,30,3,20
fc1d8637c0268af3db482c14b7ef8e75,cama_mesa_banho,60,269,1,1700,34,7,32
a2a61ecd4e916c3ff787c137d23957bb,utilidades_domesticas,58,782,1,3100,30,40,40
c55065b87cbfeb89e7714d838d588afd,cama_mesa_banho,50,256,1,2300,40,7,30
145978af3e89b318be0b717a0953649a,informatica_acessorios,56,295,3,150,31,3,28
d59435f889321f310e2e71bdb3bd466a,utilidades_domesticas,44,595,1,900,30,30,30
55af6f61ee17f7290ce7bb14b6e38a60,moveis_decoracao,59,1499,2,2650,105,3,70
52e07ce385c39e2c591f040dea409c23,sinalizacao_e_seguranca,32,727,3,5000,50,50,30
45cfee87da128a8f939226bedd92a72d,pet_shop,55,703,1,1500,50,30,33
ac32162917f9c1842336f4018493fb1d,pet_shop,41,606,3,300,16,11,16
d189fbf8b5d79a670cebcaaad68d77b2,papelaria,49,453,1,3000,30,10,30
a56b51724402d77b13ba844e67130c4a,construcao_ferramentas_construcao,57,621,1,367,38,21,23
441571d37eb4c02c1686c4a2cff8a8e5,bebes,60,1797,5,850,68,8,13
29d2735be03e1169db0545c3741c74e5,informatica_acessorios,35,770,3,200,16,6,14
05af73bb3143cbc5233c1cdff4a767b5,moveis_sala,28,102,2,2700,47,6,47
e71ce72b19b83080d97cf4f06c90d096,esporte_lazer,57,1537,5,400,30,16,16
77aadda8f3636c56d2e32ebf735426ba,malas_acessorios,60,680,2,1500,41,15,29
c56ecdd06c754c22fc5c5245d9502e30,beleza_saude,60,1064,2,200,16,8,11
5176d8670222d50ebbe4d4c5dfba2b49,eletronicos,44,86,1,125,18,8,12
06bc992f73d96cb1ada2073554130d45,automotivo,39,766,1,1133,17,11,13
9a55374d155f754b8e04eea54625b358,relogios_presentes,47,800,1,750,18,11,13
e25a1bed3de19f42a0719cff1c771436,cama_mesa_banho,57,677,1,1250,19,17,22
8b27cbcf8e5472830ab6ec2bd7a6b867,utilidades_domesticas,49,409,1,2600,62,42,13
0b0f32c8bd5426698d01d72f155b75f5,bebes,36,1099,1,2400,45,15,40
779471f3320ebf3c8695d3774cd90d98,eletrodomesticos,60,124,1,350,27,13,17
f07ef9dd6e2d9a366ff30a25e210be70,telefonia_fixa,53,1021,2,900,20,20,20
67b0d38a61d8e4c1c1df7d56276302aa,fashion_bolsas_e_acessorios,63,655,4,300,16,9,11
21767347dfdabbe42b3ca5846a4cdb48,relogios_presentes,54,446,2,277,23,15,23
f6bcb15602b0ca66d77ef1cf4edff1a6,esporte_lazer,56,2079,1,2825,30,25,25
777d2e438a1b645f3aec9bd57e92672c,cama_mesa_banho,58,689,1,950,45,15,35
7e6bbdc9a339f86e15eb6091c994a1a1,moveis_decoracao,59,438,1,1200,30,5,20
72ef87b1953a2844ed089bd6dcf73913,moveis_escritorio,38,1337,5,650,23,15,15
810e2944bca9850b934e1570ba372e7d,moveis_decoracao,49,612,1,2200,30,35,30
171b509779ad4fe0cbed2a3d95d10c68,pet_shop,44,283,1,400,16,16,16
d24dd388a7b9f9c2efcbad7dc6cca05f,telefonia,51,1568,1,150,18,6,20
eb2d12bc991561d4ca5deff0e60854e4,beleza_saude,48,333,1,675,23,15,14
a11ae57e28ac218d33dbd82fa3879b57,fashion_bolsas_e_acessorios,45,1382,1,200,16,2,11
1e8c9a649b9c92a2acf771c3168e15b8,cama_mesa_banho,45,759,1,9550,33,44,33
83e68070fbf16ac859fc13285a5ba9ba,telefonia,53,602,2,150,19,4,20
27b99299bd10dc45971843eba0ef3124,beleza_saude,55,1216,1,1183,20,24,19
f32af0a8b0bcb05b60f05e8907ad8866,moveis_decoracao,59,325,3,400,16,2,11
cfd414b4463647f58c7775eaae06893d,beleza_saude,44,1529,4,300,17,7,12
a5b601f57c1fe288e77100429a1f1b7a,automotivo,50,3424,5,200,16,5,16
743801b34cc44776de511ba8eff778e2,moveis_quarto,55,1939,2,200,16,2,11
bcf8ab16f538b2f7bd63ebf67faef909,moveis_decoracao,63,184,4,8200,100,7,70
952e73f7e8bee61569a32b35c19bc981,cama_mesa_banho,53,128,2,950,50,5,50
9a63d4ef456702710823c21b8cca0332,automotivo,58,567,1,200,16,6,11
62c89abe1afe3a23c17765d462718a4c,perfumaria,51,805,1,540,23,13,19
5926c58c462b5d1f932ef3f0a9e37d41,casa_construcao,29,869,7,8300,40,30,25
9da950e8c8c482441f1b93955b21c827,cool_stuff,51,516,1,5200,37,20,34
f1e258360f5eb6a99119bb6febde40fd,fashion_calcados,55,344,3,1900,36,37,16
08ef610bbd6b290c3811f95c354779a6,construcao_ferramentas_construcao,60,339,1,13600,36,8,36
183c95ad186f48c320bbac4643829d3f,fashion_bolsas_e_acessorios,36,412,5,150,16,5,20
55ebae49cf4c0963d5738a39e1e79750,fashion_bolsas_e_acessorios,54,588,8,300,22,14,22
e0f33a3329af6716a0bb47fd7a664439,,,,,200,16,13,14
91b3eea4ab6c21d2f61d53597e49bf3f,brinquedos,43,163,1,200,16,17,11
79da264732f717f10ebf5d102aa6c32a,telefonia,59,675,5,150,17,8,14
d67dba1c3b73cd096ec52d02ba7f359a,moveis_decoracao,63,682,7,1650,43,36,25
bee2e070c39f3dd2f6883a17a5f0da45,informatica_acessorios,53,871,4,175,20,20,20
dd47440cb56de3ab674f9208ff0edc3e,informatica_acessorios,58,956,3,2550,30,10,22
5bec1db1c3f053e422f33b7d8f23adfe,informatica_acessorios,59,1186,2,1600,40,15,25
a2fa8a119b04c25a8f62364a74d04ad5,esporte_lazer,54,2078,1,250,20,20,20
49cd59957f1c81427ca0b2edf5696969,bebes,33,55,2,400,25,10,30
6627732c944353907f92ff0812138314,beleza_saude,39,386,1,50,16,11,11
8135b72ac72267bd0dd2fe06bcee1320,moveis_decoracao,37,748,3,550,16,40,15
972c34115d851ba523bc16ec0ab2b098,beleza_saude,38,179,1,700,25,25,25
528dac9e82a36e6b5150d263d1bdaaa9,cama_mesa_banho,36,441,1,300,16,12,11
c045b19fdb30a3035c56d04c6fe2e622,cama_mesa_banho,48,641,3,2050,50,10,40
17c9711cb08dc4757841afc6d4a239d4,consoles_games,43,606,2,530,18,8,14
f9a7825fa51f487b8a48f67e9efced8c,esporte_lazer,60,465,2,2600,30,10,30
88c20c5a22f2ca169af8cfc2df00a7a2,esporte_lazer,41,781,4,500,20,20,15
68a058d125ba1544e726898f0b8c0523,moveis_escritorio,54,1283,1,10475,52,51,17
c40b12e92be6aee40cc2adab6693820c,beleza_saude,36,1514,1,1100,30,12,16
152153cc85a6e47325494a479a93fc4b,telefonia,31,269,11,200,16,3,11
41817d1d44000e3105f24470a5224bcb,esporte_lazer,48,687,1,1225,25,22,22
79366d6a24de9351b7ca6e3cf75a68ec,eletroportateis,44,2558,1,1100,34,11,25
bb50f2e236e5eea0100680137654686c,beleza_saude,60,2644,6,400,34,4,22
423b46d7ff817b1cd19ab195c7b76546,relogios_presentes,59,160,5,200,16,2,20
28f61ad35fb219e9debd750a73b63985,informatica_acessorios,55,191,2,100,40,2,24
bfbc408717917806a5ffdc464a898332,beleza_saude,46,1182,4,1300,26,30,22
17704da54fb7512da5a72cc3b227185e,beleza_saude,58,670,2,700,33,18,18
7b1e7c6b876bd8bf7a39ba061c1323ac,utilidades_domesticas,46,417,1,3800,45,20,35
baf4f12ea16c1bb2c457a90df13e4a3c,casa_conforto,60,216,3,1300,30,20,30
b5cd16b170e0359c2b59e10cbc21e791,brinquedos,60,536,2,1100,16,27,37
2d6540e715ca18c58c4aafd86c172aa1,instrumentos_musicais,60,3146,6,3050,50,20,20
9ada4c8f4e072df42ff63b30520b6975,moveis_decoracao,58,662,1,4150,30,35,30
c1b1fa3428453960653af124b17ab165,agro_industria_e_comercio,48,1378,3,1000,28,9,26
521a361808bedd9fffb32181e501e09b,utilidades_domesticas,40,220,3,1200,20,25,20
696b2df83e0459ec8c60dfe72a77cf66,cama_mesa_banho,46,723,1,250,35,10,30
d41d8cd98f00b204e9800998ecf8427e,automotivo,16,115,1,1181,30,17,24
ebb4faacc3b7ade065ff47901900c4e7,esporte_lazer,46,679,1,5350,55,15,43
242eb53ca3c0b52e275b6fd7ce8b0be7,fashion_bolsas_e_acessorios,44,1357,1,200,16,2,11
37eb69aca8718e843d897aa7b82f462d,ferramentas_jardim,43,369,2,600,38,16,25
2b0422f04592a663193d00d032c3c987,beleza_saude,48,770,1,650,25,12,19
145028037adecb27b1a58cf9597676cc,moveis_escritorio,37,1259,1,6650,23,19,29
7ce3cb8d513147ece112c5200b7fc84c,market_place,16,726,1,200,25,10,16
23365beed316535b4105bd800c46670e,telefonia,56,351,1,350,19,4,11
29ef8f163a85d31f5a88354c0007a6d1,esporte_lazer,48,1360,1,3500,25,8,25
1da4613d4f7e10e1554538b46dd16486,papelaria,59,326,3,1600,60,20,29
61e10f3719455e41bd5956ef8dc29092,beleza_saude,43,1386,1,1500,30,10,17
3d97f0e9cc1e412e5d125b3d24af8707,moveis_decoracao,63,1600,8,4050,50,15,40
a60e1868eec274b4c295fc836ea8320d,casa_conforto,49,217,3,3000,40,20,40
ac0bb4405e9661957160dd5ee9d5585c,brinquedos,54,407,5,1250,45,8,26
f1565c6b7be8ebed9fafb07bcb6435a9,cama_mesa_banho,54,614,1,1650,40,5,30
9a4b54310a69c82a6773791c9099e109,utilidades_domesticas,22,332,1,250,34,5,27
d0744123a3448128f572ff0a95c13d87,moveis_decoracao,59,603,1,8200,40,35,35
bddc1407637849d18d139b4012e4406a,casa_construcao,38,883,1,2483,18,14,16
569ffd16f8032478cbeb9800f2e94ba0,moveis_decoracao,49,544,1,410,39,3,28
4d38a4daf13a87012b73156f834afec0,cama_mesa_banho,44,331,1,300,36,6,26
88d07a97123a341509effc395bf418c8,fashion_bolsas_e_acessorios,30,275,5,500,30,20,20
9c6d5d4aaea6884ee19112567691a1da,cama_mesa_banho,55,322,1,1575,33,10,21
06e73ddcb54620a36bfdb2e073c4dc40,fashion_bolsas_e_acessorios,48,357,5,150,16,9,11
c3f6113d5b61bc95468432072b27e23d,informatica_acessorios,64,676,1,300,36,9,11
b35370362fa3ad4b1976f2a11f146dfd,moveis_decoracao,53,191,4,6500,104,6,54
3b10cf7d1e08c598428ad6eb7c59d09c,cama_mesa_banho,59,775,1,1550,32,10,28
5d92abea542c2022dfee91dd630f2697,cama_mesa_banho,57,261,2,1580,66,13,45
ebb132e52ceaa1001756409f1dd0750a,utilidades_domesticas,35,250,2,950,17,19,20
7703b8cb5b77fbb36518ea91e2ca734f,relogios_presentes,54,192,5,250,16,2,11
8dc0c7343c861029f0455cf20b0c19c0,cama_mesa_banho,52,286,1,650,30,4,19
0b0c716fcf2c2571d2e62271261f2abe,beleza_saude,49,796,1,27500,40,46,35
cd442924cc287cda38d9de01d285b263,beleza_saude,53,1014,1,200,30,12,16
333f07710e0ba89e037d164c13726e6a,brinquedos,58,470,2,1600,22,38,32
fa4e8255202fd921350a6fc716710dae,informatica_acessorios,51,2025,2,350,20,5,20
9fd9505539e1c67c13e4ee824fc1e1cc,beleza_saude,51,626,1,2250,26,26,26
7b1c12cfed7333cdc1dc8e4a20752613,moveis_decoracao,50,209,2,1100,40,25,40
d2686065b870834cc92605a5b9ec84ba,telefonia,33,300,2,100,19,3,11
ee473bd1ca4e671eafbcb7453d7d7c5f,esporte_lazer,46,1549,1,17650,60,42,42
9f31b36609877849f75e9586f6b6a62c,fashion_calcados,57,404,4,700,22,12,33
f8e4c6a9bf1c1277191c445474b61778,utilidades_domesticas,53,596,10,600,28,17,28
abe839f92bf39ec954b4b37b4b6c6860,ferramentas_jardim,42,484,3,801,45,4,15
c0d4027067afcf9c1697cce981b8fed6,pet_shop,63,1269,1,200,16,2,11
eac894f4cb6bb0f613f80bdbfb18fa57,brinquedos,52,766,1,1091,20,29,24
30ed398b000a7504df39fc41f154eaa2,esporte_lazer,59,518,1,400,27,11,19
940d38f0ef286bd93612fcdc91dd38ed,utilidades_domesticas,58,837,1,4300,30,30,30
205cf43d203186d5eb440a791a5b7404,bebes,50,216,2,300,16,5,16
8dacc114d37ff4b78075db0d2464022e,malas_acessorios,39,278,1,700,19,48,35
3ca306b1b3e51dfd838b06c8017eefda,automotivo,49,701,1,50,32,2,24
4a7056788ce9287c76ade358f2e2572a,artigos_de_festas,56,186,6,100,16,6,11
ca813b8942f85ee66b7b16d0e3855c37,cama_mesa_banho,54,427,1,15700,16,10,16
2ff995aead9c63a1f37a07b3664ead37,moveis_sala,45,353,1,7500,61,11,46
0c3cd8d63839bed6f80aca6388766417,relogios_presentes,53,399,1,500,16,2,11
b59cf7db0bc7ebb20a80f1ea335194b0,beleza_saude,35,547,1,1500,50,15,20
5cfd0dd99d6abe195fbac37da351697c,cama_mesa_banho,59,1298,1,1150,43,7,30
656bf6da1eeb7dd128b9b567eea3ca3e,casa_construcao,57,556,4,800,36,36,20
56e4165a2811a685d231891404533e01,cama_mesa_banho,35,760,1,4000,80,33,60
e76a885142c73e17342e450b79b46d40,utilidades_domesticas,54,738,4,17100,49,39,17
59fc88d07b8100b80600e42f3e5ac79d,utilidades_domesticas,37,462,1,1350,30,8,22
b68cf84ede4fd1e14b1740de5b727d55,beleza_saude,47,1319,2,638,26,13,22
2d4729e4bd9debaf6fcc53c26c0f37d1,informatica_acessorios,56,741,1,100,16,2,11
a3fc0390c2d3101f940c0d6e78006e4e,moveis_decoracao,40,240,4,7050,72,6,72
56d7faef0f7d847eea91b3302698bcc4,cama_mesa_banho,60,233,1,2600,46,8,38
0667b4afff64a57f01669f9af9ce685e,perfumaria,41,446,2,450,16,11,11
a5bbc554f75cf4afa2cd56791015ec27,instrumentos_musicais,60,1216,6,800,30,20,25
5599be6fe59cd2257edfdec9d45442e0,automotivo,59,1157,3,400,17,21,11
ca9c04665b3deab07935392e7432cdbe,moveis_decoracao,45,1923,2,600,68,8,13
3eb235314db36995d65c80718db4fd85,telefonia,52,1028,3,275,18,4,12
08fd8427101cb0428a663c2ae8f90aee,informatica_acessorios,58,1144,1,100,16,9,12
51ab806bb1d1ef2896844087e3b4f7b3,automotivo,54,580,5,5250,21,21,21
d8f1b415091ab79b62ac80443d865ca6,livros_tecnicos,39,2809,1,2400,30,5,23
cce3ce6484896041ae3dafdd4308a39c,consoles_games,46,653,2,4350,18,33,39
f27f59721d5a9cb39432b91f812ee308,bebes,34,469,1,300,25,8,25
dea9b88ceaceff342424e0a74ae36af7,cama_mesa_banho,47,162,4,3000,35,12,30
acf64dbad65e99f5bb490d85c59b2636,brinquedos,50,722,2,1168,34,23,27
4b456247c6fd6370f0c01903b0c6d67d,informatica_acessorios,59,476,2,200,20,15,20
98c99bc0b3ee623212b9fbcaba10740a,cama_mesa_banho,56,683,1,1800,30,20,70
aa8fce5e65ab73ab73101ea58d710905,esporte_lazer,46,259,1,329,18,18,15
fb09ab0eb676b60b254250a28fd46e10,eletronicos,59,2526,3,308,20,16,17
d401d9445df5a515a304b386278b4844,perfumaria,52,567,8,1800,26,26,35
e3b5a4c3f8512fe1315f05564e461ff4,informatica_acessorios,50,1150,1,500,16,12,16
b05ec8d9cabec69e637318ebba813a09,utilidades_domesticas,42,786,4,2100,53,25,20
382db2ed3015c04d4b844d2a0712494c,cama_mesa_banho,53,155,2,1500,39,12,25
9069c427ca36847bc3907c09712f6cf8,brinquedos,56,1138,2,6250,60,20,40
3f4269f81421aadbfc643a23d5dbf3ff,automotivo,55,228,1,200,25,10,16
2136c70bbe723d338fab53da3c03e6dc,relogios_presentes,55,167,3,200,16,2,11
504f07e36481e5e72043def3d874b92a,esporte_lazer,53,847,2,600,33,5,16
d54a7e69c3102b38b13952aeae0bc8f3,moveis_decoracao,58,372,1,400,37,15,27
bc45f8d4954ef77dcaad81627640cb2e,moveis_decoracao,56,296,3,1700,100,7,15
d9545b3e8df3155bca5b302d0f7c3c1c,informatica_acessorios,58,1672,2,4350,30,20,20
bdef57e26e989447aaf5ae0f7ccadf23,esporte_lazer,34,733,1,233,17,15,16
2b7aa376a6e728560bddb5558cc48e89,moveis_escritorio,59,1296,1,13388,54,47,28
b0ea553bf35b42dfe69a5c2eae9e96f5,automotivo,58,448,3,100,20,4,17
0d146484c69d613fe015c0229056b065,moveis_decoracao,24,458,4,100,80,10,60
b94608e1d6f0360030e816bf676af2a1,pet_shop,48,771,4,5300,49,32,35
952670bc019a73f0933157ec82ff6e4f,cama_mesa_banho,46,162,5,3300,60,18,50
983fb87b74395e82bbe509cf694296ce,cool_stuff,43,404,6,400,18,7,11
0ec09d10ef472b982d230612dbd5bd16,cama_mesa_banho,54,289,1,3250,36,10,35
80736543f7c5c511bccb61d1544d9d0b,cama_mesa_banho,60,310,1,4600,36,10,20
87283a98b24f9f1ac3a31b631073cf47,fashion_bolsas_e_acessorios,50,411,5,150,16,5,20
d53fa4385b1c7af4bc099d079edd4b32,informatica_acessorios,57,377,2,350,30,10,25
40169f8d8c6b5ecde688c395f306812e,esporte_lazer,60,519,1,700,26,16,16
5b3b5f9ae84ca9ead3138b199420cc94,brinquedos,48,1146,7,5400,20,60,50
317a06884480d645d7f0bc82455ec277,informatica_acessorios,59,1926,5,650,25,11,15
87e24fe285640cc6f3d7580f673ee507,eletronicos,56,184,3,5875,19,17,18
6630485063578b527549697547ed3ed5,moveis_decoracao,46,713,2,1050,34,6,28
725cbfcaff95a4d43742fdf13cf43c75,cool_stuff,58,537,2,1850,34,5,34
f07dfd51b27ae763526ca43745920b7d,cama_mesa_banho,36,578,2,175,23,6,13
07ecfc5bd0d3ca496facedede13afb80,relogios_presentes,50,389,3,740,18,12,15
b931645cdc2d9868f01544e8db63f5ab,ferramentas_jardim,59,398,6,4200,50,28,28
5e2ba75ad255ff60b1c76c5bf526ae9b,beleza_saude,47,1346,2,500,20,8,20
44291e25afe160dfe5f844da1b0f8b15,perfumaria,54,964,1,50,16,5,11
25e531393ced00e48e0c790fb864f1bf,perfumaria,59,680,1,382,20,12,13
65fd9b358b7ee029fba34839e9c35fdf,informatica_acessorios,50,556,1,350,28,10,37
2c7f01e4f39f8ca21caddb86374d7b4b,eletronicos,50,395,3,8550,78,9,23
6b59816f789d2ecd9884ca8bbb81dd93,moveis_escritorio,45,2161,1,14900,58,28,58
e1da6ab77f4859eb17950e5df1c0f815,pet_shop,56,724,2,7050,50,21,21
9d374944ce89ce9afd8c8f79fb7f3bc9,informatica_acessorios,60,337,3,400,16,4,16
b6ada73818651fe7e64be10653062ea2,bebes,52,341,2,7900,45,25,45
429de6049b45a9fcb96aff1603f55d3c,cool_stuff,56,654,2,150,16,13,21
ed2067a9c1f79553088a3c67b99a9f97,alimentos,52,919,1,750,16,12,15
5af8f974918d5e68bc22ea894296adb6,ferramentas_jardim,41,674,1,800,19,32,19
d9c2eaccfa617895e2720f212e592de1,esporte_lazer,46,3820,1,1400,22,27,22
b2855c4e42b8a50f359904c6763eeddc,moveis_escritorio,35,2245,1,7625,52,41,69
b87bbfdf00132276418f99d965fdf676,casa_construcao,31,462,2,6550,38,28,28
f6e3aeb40c00aec24ade8333c2ac1b20,consoles_games,29,1094,3,150,24,5,24
ae083e4a334a4210ae0ef7323f1584c5,beleza_saude,53,2789,1,250,19,7,12
6164a01ab8ccd7fd2c68f5316aa8bec6,construcao_ferramentas_construcao,60,966,1,1150,26,42,26
01ebdb7ca76a3c581c0d5229ed80be7c,ferramentas_jardim,34,288,1,600,16,31,18
f3a67aed340d9b5f218c2d177cc720e3,relogios_presentes,56,467,3,420,15,9,13
a096400f2b6fbe9c868f7dd5f1333e5a,esporte_lazer,54,814,1,185,18,12,18
0ec7b6a863e219792bc4d50d3a62a839,cama_mesa_banho,60,2596,4,7474,54,29,40
94475071013412139f862c0bd7e3bb37,papelaria,46,708,3,317,22,14,22
fc7138a8f96aee8302e42916bbbbb818,eletronicos,54,1460,2,161,19,8,17
b6c3ac7e88727311d75dc5695fb9f18e,esporte_lazer,23,163,3,1600,30,30,30
d920f22cf9a7dbb8e09ce4a2f5391b25,papelaria,56,231,1,2100,20,50,40
16ce899c7af0c99f46948734a0d00f0f,papelaria,49,326,1,1000,18,17,25
8e312c483d79e02dbc1d68cce77e26c8,cama_mesa_banho,50,451,1,500,25,5,15
f71050e65776861c8c3ec7a2d2b0194c,utilidades_domesticas,49,506,1,3050,30,30,30
668b1e2b9471f837ba1797832e3f2012,telefonia,60,357,1,230,17,14,13
aa0568a1b7093748a1922993f5817983,bebes,33,943,1,200,16,5,15
07821918ef487fd64eb20b3c8aeb897f,informatica_acessorios,52,1873,1,267,16,16,16
4a5c3967bfd3629fe07ef4d0cc8c3818,construcao_ferramentas_construcao,55,338,1,2750,25,8,25
97407223aaefebbaeb89d285e7c64f75,cama_mesa_banho,56,280,1,1050,41,13,13
a24198acc2d0e8240c40d914bd18df04,esporte_lazer,42,1006,1,970,20,19,18
a076986c6dbcb66fb479167aa5a1b68e,esporte_lazer,47,985,1,900,18,16,15
6c69e1be6be2ab7ad5a9e4fe8a763b7f,perfumaria,34,315,1,500,16,16,20
acc444eb5ad26f79d5a11baa6a03c439,moveis_decoracao,53,626,1,9400,35,45,45
691c1cc8a89f47bf99b00a7aeee5c4f3,beleza_saude,55,180,1,5350,30,10,17
144b8110f0a755915d67660ab747d9d6,brinquedos,29,252,5,3825,86,14,22
b6e47cacea0b2e89b721529d6d8683e7,automotivo,55,721,3,950,22,8,14
186fe07c8b8005ec6a498587ffbc1352,relogios_presentes,60,193,3,200,16,2,11
de20fea8f26ba09202b61d3e5ea8bbc5,utilidades_domesticas,38,370,1,1815,23,23,16
2b8d2d937f84136de5b941aba77d4bcc,perfumaria,53,273,1,486,23,13,19
5d66715cc928aadd0074f61332698593,eletronicos,52,390,1,150,20,13,18
e424f69523d159f82480c01a1ebf9f7e,esporte_lazer,38,1080,6,1025,40,17,36
786733d317255508bd4d648585977611,papelaria,55,153,2,7050,30,20,17
779dd392d4fbe5ca656bf3ceabecbf0b,construcao_ferramentas_construcao,29,1530,1,5450,23,24,23
0b18bdc51d81f585573501ece135a6fd,construcao_ferramentas_jardim,36,1041,1,500,17,17,16
79bd832302282bb4f305c5947c2bee1a,cama_mesa_banho,58,597,1,6550,30,30,30
d103a59e482517dd37f6865b1bf5499d,ferramentas_jardim,55,1209,3,1650,25,25,20
f7f59e6186e10983a061ac7bdb3494d6,utilidades_domesticas,59,459,1,3700,32,22,46
11b9c6d7a3eee514887db2204eb97ec5,moveis_decoracao,58,242,1,1300,40,10,34
f4a38926843e01497a3f63a5d5740c72,eletronicos,38,375,1,150,22,13,17
54f45413afc0d5480c59f5dfeed2d19f,beleza_saude,31,490,3,2450,20,12,28
90d11936871062d5cb6d23175734ea91,consoles_games,45,677,1,283,20,10,16
a07d0595ac61dcdd44214f0426431c9b,fashion_bolsas_e_acessorios,45,385,4,150,16,5,11
9ecadb84c81da840dbf3564378b586e9,moveis_decoracao,41,789,1,950,20,35,20
6767719f80aabbbf16ab2491899c32d9,telefonia,56,2569,2,375,16,8,14
4cc8bfa581f41841ce5e24aba773a44a,cama_mesa_banho,50,381,1,875,25,18,40
f0f3c686ec837b27ec9da08762d85317,automotivo,41,353,2,200,25,42,25
8af5b5f4f89849cc4dce36dee73dd9de,moveis_decoracao,43,730,1,1000,35,10,35
6d97e5cb4df5111845c6aaafba7111ca,eletrodomesticos,55,657,1,417,22,25,27
7ec7316a34a907336bae0f4b56d12d24,moveis_decoracao,47,477,3,50,16,3,11
06de2a2e4731091ff794ab6240951b7d,cama_mesa_banho,44,470,1,2560,16,2,11
3516632e8f52b679ff83d1665ecc990e,informatica_acessorios,45,267,1,167,16,12,13
1a080577618e7fe4d9ddd8fb2b47a964,relogios_presentes,33,623,1,425,19,13,16
1e9e02777a02de03c17eb432be7daf71,,,,,200,16,5,15
abc441040d9aaf2e1ad52c2309873c04,bebes,49,560,1,400,20,10,17
11fd9d7ba552e1d28872e008acf1e050,cool_stuff,31,1194,3,10225,19,11,11
c3b9c5a3a88d5cd18800fb865741d9ad,cama_mesa_banho,47,162,3,2800,35,12,30
3bbacbe586e957acbf26c63b3ed532a3,pet_shop,53,1687,2,8750,50,8,45
216bb0e0cd43ffd832e0973d35e0377e,construcao_ferramentas_iluminacao,56,1082,6,200,16,16,16
b95aa596a845b94878fd6d210d7fd9b7,papelaria,53,316,2,1350,38,30,28
4715eb4e21b1833327567e8c62ce5790,alimentos,33,2787,1,150,16,9,11
525a5744fb5d26e4035d0610446900c5,market_place,57,386,1,375,16,13,15
612a71b9833d6a383aab0aefd3995583,papelaria,50,166,1,200,26,14,14
217069e9233500f56584e23e8fb5489f,pet_shop,47,835,1,167,25,8,13
bc75ffbc500b02276f9c55aef39014e9,automotivo,41,91,1,30000,50,50,50
bb7181410b4e02f93f3697f765db53c7,bebes,36,1058,1,14950,77,20,53
c87a617241993d71f043ed39858daa43,beleza_saude,59,2141,1,475,36,18,21
6cdd53843498f92890544667809f1595,beleza_saude,51,625,1,900,25,12,38
3edc3d3ffe806f5115118f86cbf5a021,esporte_lazer,26,621,2,300,26,8,16
a1ebb47a48200e6566603de49b83f621,esporte_lazer,52,474,1,2900,22,28,42
f1f01d27cb8664e16d57ef4a8075f3be,esporte_lazer,57,615,2,4175,31,33,27
1ba4e3fe92f16fd5a8942f7b7d804b52,bebes,52,341,2,8500,45,25,45
969c31fd56d207713e9475c051d984c8,beleza_saude,57,312,6,700,25,25,25
642a40d4d73b4b2604968937de13634a,cama_mesa_banho,43,93,1,250,40,4,30
bc3d15dd90a6794ea7710f1642aae319,,,,,4050,31,24,26
407729653f67fdfa6e588c6b0853edd7,telefonia,56,483,1,100,19,4,11
4a52073965ad17f345f579bdbdbabd74,perfumaria,58,301,1,350,16,5,11
f9e5efb845b51d764b06f149eb99fc7f,moveis_decoracao,63,715,4,1350,35,10,35
df306b9d83f3a792369ff3360475936a,esporte_lazer,59,1259,7,22800,60,35,65
1eaf224c19e07b6e50bf0119eea1dd26,cama_mesa_banho,58,189,1,1350,48,9,38
111a3ef82d77e13260a73fbf58c41da5,perfumaria,59,509,6,350,16,5,15
29427de7f8a9ee983d9dbc51cec569b4,cool_stuff,54,995,1,4475,44,24,31
7fb04722aba7a2b632bac8f9819796f3,beleza_saude,48,594,1,1850,24,36,23
8bba4a8de8b5de57c7ff105d043254dc,beleza_saude,56,1849,1,1550,24,38,24
3f7e7c162952dff0662dcc6186d82a57,bebes,30,1152,2,2000,50,25,40
300033210146d71650e4805754be6a45,moveis_decoracao,35,423,1,450,18,16,16
37ffcf68086496e428431de29b0b394d,esporte_lazer,54,834,4,900,60,7,58
c3097e07a0a5de0d4b4c836d90c5a284,eletronicos,43,425,1,200,22,11,16
8bbaacd2cacfabe138774ccbebe689f9,esporte_lazer,33,522,3,900,27,12,49
958cd4fc82ce0223c757f47bc9d67e23,automotivo,59,1275,6,1550,23,12,16
03b58043df5d7424df7eac2be2511c51,cool_stuff,56,645,2,1650,30,4,30
566837caf82af3f65421f9d9d8820a27,moveis_decoracao,56,385,1,700,25,2,17
461f43be3bdf8844e65b62d9ac2c7a5a,relogios_presentes,35,591,3,444,20,14,16
e1e932dfb67414e80b87ad97688cf2a3,brinquedos,45,404,5,3850,52,7,55
2a2d8268d68108112cc3e66fff9c6a7b,esporte_lazer,48,1429,1,550,18,18,18
2b82632fc977852ca422e8bf3255912f,ferramentas_jardim,46,512,2,1488,28,24,22
045c0f3faa3d81ff1af071e0811b2711,relogios_presentes,49,570,2,200,16,11,12
be62f0c24387eae79f18265ad2a5d8cc,esporte_lazer,60,2214,1,4100,16,10,16
387e781bdd254dd8821e6194af0fa8d7,utilidades_domesticas,63,497,1,9950,47,20,60
9fc0c73ce4d0eaaead44e81eeefebeb0,esporte_lazer,57,1949,1,350,21,26,21
ac85c1f3006839a0ad6995824c497974,esporte_lazer,57,220,3,1150,90,10,15
63de2743d05ab59d85caa49e49459ac1,beleza_saude,51,951,1,178,18,11,17
b598f3e8cd6dedd51d454f6123a6e1e5,esporte_lazer,46,553,2,500,31,10,35
44bcb65af690208a4f3c2fc2a0773758,brinquedos,37,746,2,500,25,25,15
3abb0e27cb9374f334c59074d868bcbe,esporte_lazer,48,1936,2,200,17,11,15
b1ab8c16165f6d66427b01ac9b26e141,beleza_saude,40,735,1,150,16,2,11
19421075ae0b585f2dc13ff149e2119d,esporte_lazer,32,1797,1,150,16,16,11
ee0c1cf2fbeae95205b4aa506f1469f0,perfumaria,44,334,1,200,16,16,13
5b8423dc7f23089c9c59c5d140eb5a1c,brinquedos,59,1629,3,5250,51,15,52
75a47765c76d844336312e1fe832184e,cama_mesa_banho,60,554,2,567,53,4,40
542b3d80712d51eefe3a3cd1c5f4e8fe,cool_stuff,49,223,1,400,30,30,40
51f876eb62be778c757503cf7f8a3b74,beleza_saude,33,198,1,67,17,15,14
98d61056e0568ba048e5d78038790e77,automotivo,49,546,1,6400,63,11,63
8eb72e039f7857d796c5afe824d0c64c,esporte_lazer,43,1185,1,1600,21,18,18
8145324c201f9a26420e555a504a8c9d,utilidades_domesticas,51,114,1,300,35,5,11
b5c1a16643b475591d742c4ef29d3202,automotivo,54,925,2,5350,65,25,25
dc404a1496a08f9f5540c8b5d4b92925,brinquedos,46,753,2,1582,31,31,35
833d58e31839b5a0787025d59a21b79b,pet_shop,59,341,3,900,46,8,11
9361d7d8750b24496371f42a056065b5,bebes,41,600,2,3000,37,20,43
d83509907a19c72e1e4cdde78b8177ec,esporte_lazer,25,303,2,200,25,5,12
e9def91e99c8ecb7c5cef5e31506a056,brinquedos,34,867,2,500,19,11,20
aa49abfbe4f971849628bdae6a7e5efb,esporte_lazer,55,374,4,300,25,12,20
7c20caef078d055077dcf2c8a6f49b46,cool_stuff,53,353,3,2300,30,20,30
59ebd2c07d59483d0855b5b3d5e18728,telefonia,58,818,6,300,17,4,12
b7277571c3b0c8900e528b94ad5a05dd,automotivo,60,514,2,6125,53,9,53
e493b6001e292d2cdb2c6172bac9d0a4,moveis_decoracao,46,709,3,1300,50,30,30
49f57e8347e394d0ddfcc1c8acaf9b2d,utilidades_domesticas,60,943,1,4100,32,75,32
ffae6024df16802ba75f761d9aa24367,telefonia,52,845,2,150,27,5,20
b0364648b1c062169015d9234d97d306,esporte_lazer,46,233,1,383,20,9,14
9a19dd63632e958f42a66a46afc0f05d,construcao_ferramentas_construcao,36,485,1,150,22,10,15
bf80e0bf47dacb5f19bac03656bcf4bc,beleza_saude,56,740,2,350,22,18,21
20090bcd0d43eb49feb63d53d387780b,cool_stuff,63,2597,10,300,17,17,20
1df5ecdbd7a222e8e37cc6aec3fccbb7,beleza_saude,41,1023,1,550,19,12,13
f177b434709ecb652dbee4f4b19aef2f,fashion_bolsas_e_acessorios,56,197,5,200,16,16,16
9da1c863c2389407fa1da532a5238d47,fashion_bolsas_e_acessorios,37,368,4,300,16,9,11
47ae44a186225b8a87ebb7bf39cc1444,cama_mesa_banho,45,2126,1,1700,30,23,11
49e038a7b8ba2e18d9a7a26c1f238544,sinalizacao_e_seguranca,52,729,3,13750,65,65,22
9290dcd745e8dcacde07c289f4af71c4,cama_mesa_banho,60,636,1,900,29,8,34
450c25d98ed6923154a934554475bf13,beleza_saude,60,1946,4,19150,87,76,16
d4b65aedaa1a847abd993dced5ed2e30,bebes,49,138,2,500,25,9,18
704ef63ad0ac345842ea734060a83db2,cama_mesa_banho,55,249,1,850,38,10,38
7e0dc102074f8285580c9777f79c90cf,ferramentas_jardim,60,1251,2,800,30,10,30
4af7719ff3907f9e7f11a7652dfe5d90,moveis_decoracao,37,678,1,5400,68,7,68
014a8a503291921f7b004a5215bb3c36,bebes,37,497,4,150,16,7,11
0fca2bf7fe83539c429a0357389333e7,artigos_de_festas,53,332,1,2100,30,35,30
b5d70fb85371ee18cb7742bb1f7fb119,brinquedos,38,217,1,400,45,15,35
d12a5178024ccefb3582170a9ab45a0d,cool_stuff,44,422,4,3288,25,45,25
d9fbc33029641ba345b15a2c8dd86f10,cama_mesa_banho,58,512,1,2250,38,8,38
768ea53ea10b7fb3bfa4d3cc4f918772,esporte_lazer,48,370,1,125,18,5,14
d8e68bbaf74b873af3726c252399e2c9,cama_mesa_banho,54,794,1,1000,70,10,11
e0fddcd9bdfbff9df8a8228f6a6346d7,cine_foto,60,2064,1,200,16,8,11
2d0090282bd77e1ae0f6336ba500facf,beleza_saude,32,534,2,150,17,9,12
495dd714eb32a76c84c675fc016206f6,esporte_lazer,38,420,1,3400,85,6,23
efd7af8312533d58ccb5ac26304dd3d5,automotivo,43,294,3,220,16,10,13
4f34087fd58f28545be71ade9c5322a3,brinquedos,23,246,1,800,28,6,20
108fa3ef6742ead062d9ad59b471ce26,relogios_presentes,50,1263,2,400,16,11,12
c89996e9535e7501653008a29281b97d,moveis_decoracao,39,354,1,1850,30,30,30
e67307ff0f15ade43fcb6e670be7a74c,beleza_saude,47,1474,3,150,43,13,14
056193fc88b3f131fae751356896b168,utilidades_domesticas,59,1996,1,8950,40,30,40
5804729aafca1ebee7b26895d830586e,utilidades_domesticas,42,799,4,9850,31,61,31
b50a88003f2de609b7fb5d419bdb6b9c,esporte_lazer,60,715,2,200,24,7,15
b8ce63487e1d8881dac505b123c8e9b6,bebes,53,715,5,1250,60,20,50
c63857f1b80521fbf01eb987423d0ccd,esporte_lazer,54,181,1,150,30,18,18
e44f675b60b3a3a2453ec36421e06f0f,esporte_lazer,35,1058,1,350,17,17,17
c8d34c6111572ae311ff44e17a0fa81e,automotivo,56,484,2,150,24,2,17
595fac2a385ac33a80bd5114aec74eb8,perfumaria,29,178,1,400,19,13,19
a92930c327948861c015c919a0bcb4a8,relogios_presentes,59,319,4,250,16,2,20
0721efe2bcae3223969332d77f0182bc,telefonia,55,2139,2,421,23,14,17
5e48cea2e7cec25464ae5de34e700e68,utilidades_domesticas,56,595,1,1300,30,30,30
ad3e8888fa82a721dd44c481da333ea7,papelaria,46,80,1,900,50,2,20
7b07e5afce1bb1e6fa3ffcdc718d7e69,informatica_acessorios,34,1006,2,175,17,9,15
0a74b9407eaec9d6c760a1e92c10d96c,consoles_games,50,269,1,675,25,14,25
574597aaf385996112490308e37399ce,utilidades_domesticas,55,499,1,4800,22,63,22
425a12d4dd8e5e7ba3be5c4157f1fafc,relogios_presentes,53,657,2,246,18,11,13
5ceafdc1d838f693f92b8c2d8c3bdc86,automotivo,56,423,3,200,30,20,20
803668f063859a1f96b67b83b71e86ef,utilidades_domesticas,38,138,1,1800,55,10,38
272c04ff0de2f13b78cefa1d769593df,brinquedos,59,411,5,800,20,35,20
b36f3c918c91478c4559160022d3f14e,,,,,300,16,4,11
d5eaad1134bfeff3b2e4a051f652801d,malas_acessorios,59,355,1,600,20,5,20
556f5f6c941fc24540f7602d7079d1e6,beleza_saude,24,594,1,2300,25,15,14
57dcf5497a141d23764008088c8d9974,esporte_lazer,49,858,1,1250,30,30,35
2c2a7e84b8ea741adf739c11dd78ee1a,cool_stuff,58,2216,1,300,16,16,16
d51f9e208b88e49c98f6a55649d5df35,utilidades_domesticas,55,94,2,1200,21,21,21
3197b90a5a79fb94cc45a0f42b75dd01,perfumaria,51,615,1,100,16,5,11
1da5a90b5fbd1e1bc37b7bbb999c7bd3,moveis_decoracao,45,606,3,1000,29,13,13
fe59a1e006df3ac42bf0ceb876d70969,informatica_acessorios,60,2136,1,3407,28,22,23
38ef617a023fc4398829dd8c2b9e8be6,cama_mesa_banho,54,559,1,650,16,10,16
ea1d59339533cb7f68f0319501d8e4d4,agro_industria_e_comercio,60,876,2,9900,29,49,36
55c241d4a5f20682cdeaec642cb06fa8,cool_stuff,48,1100,1,1400,20,30,20
ceeb8b2d571b23399910f1b83980c973,cama_mesa_banho,55,558,1,650,16,10,16
2797d3826d386bfda4f347a378b89f4d,pet_shop,36,142,1,200,16,2,11
08ac23cd333352eff43b210f6ebaaff4,moveis_decoracao,58,314,1,400,40,15,40
d239f8cc06397dba9cfb42f9bd6e0377,moveis_decoracao,57,727,1,5050,35,10,35
a869ec6209c361ca46dad85a5530e119,esporte_lazer,49,1313,1,2438,28,31,24
2fea0f2cec6b6324a277d4a61c2ed2c6,beleza_saude,57,2026,3,100,11,11,11
389d38a555287ebf3413ce43392cf007,telefonia_fixa,40,945,1,400,16,2,11
396bf7d8b2215de13a3332d2426e2abb,beleza_saude,50,143,1,1338,22,12,14
1514ddb0f4a5afc8d24104e89c714403,pet_shop,54,282,1,200,16,2,11
50e1b118f266b655f613f753914c42db,cama_mesa_banho,44,630,1,800,16,20,28
4cac1a12a6fe9ffba4a9556dbe582e28,automotivo,46,365,1,200,16,5,20
94957e92f3bfe1d1b2330039dc803853,moveis_decoracao,57,1030,2,1000,20,40,20
cf2f4b488fc5808e6c78366a0b73b4a8,utilidades_domesticas,60,1296,4,15100,51,39,35
4dddd45aa241530edb5412e8846361fa,beleza_saude,57,1661,1,483,19,12,13
41f447e263110b954a7e52f6052ab5e1,telefonia,47,334,2,100,16,4,11
13db47eae724e2848e12b71a617a3a41,audio,34,468,1,425,17,11,14
f71973c922ccaab05514a36a8bc741b8,malas_acessorios,47,482,2,16100,35,65,44
af0a99476d96dcc1a1baa7c0d9ff6b9d,beleza_saude,52,913,3,593,30,13,16
c998385f80d7e14537b9290617470bfb,climatizacao,48,260,1,15200,53,44,14
defb79b2269c0fa7bad01b2635aff113,moveis_decoracao,40,94,5,450,16,5,20
fd9bc1610a48cabefb0ef59453f7ebeb,moveis_decoracao,41,280,1,11400,45,45,45
990ddab43ee46a1a76436796f92470d4,informatica_acessorios,42,226,1,573,35,13,11
d199462b8361a3e047e64595bce5b6ea,papelaria,49,483,2,550,20,20,20
c896aa5b12fcfbb05d648eab1240f407,automotivo,47,157,1,450,48,8,14
cbc5b9bf8ef22d5d2fdc8aab94b47212,relogios_presentes,42,200,2,500,18,14,17
536c813a40c7f1e71aad4f9e1a7da2b7,brinquedos,30,736,1,6550,53,28,38
a7c361fef1ac09881a4d59c9b5048f0d,fashion_calcados,36,427,4,500,29,12,23
c9798643ad1a1a5a02c1bdfbafa78323,ferramentas_jardim,42,359,1,2350,34,12,30
9741b01d3911ec9a565569b19d533bff,moveis_decoracao,50,1340,2,400,30,30,20
95561023115b71f8bbb280afc56b7bed,utilidades_domesticas,54,594,1,2650,39,17,39
71540d636652fc682032d3b3c0a180c1,casa_construcao,54,923,8,1050,16,27,16
82a61259a621866c4ba63743da29a342,esporte_lazer,57,1307,1,4350,20,20,20
1d33febb6ca114fb1b9490005ee49de6,cama_mesa_banho,57,941,1,8917,36,27,50
31a89a7044c5b133cf646404a4e86022,utilidades_domesticas,55,1231,6,2200,54,25,25
0cf41187284d7f099adc8415a743ebbd,bebes,60,644,1,300,16,16,16
e95ee6822b66ac6058e2e4aff656071a,esporte_lazer,52,1153,1,180,17,11,14
4a90b44b456e79e7a33435fdd36e551f,ferramentas_jardim,64,2432,4,10700,32,63,32
c9c6fde711572c1ad99ca12728c6af00,telefonia,51,678,2,150,17,8,14
e336c656869480e20d04ca9389b12167,fashion_roupa_masculina,56,336,1,750,25,5,17
e53e557d5a159f5aa2c5e995dfdf244b,informatica_acessorios,33,256,1,180,17,10,13
8a9efe06f7135fd2dfc7b84b30144bda,cool_stuff,52,573,2,225,20,10,16
89f055104adb9365d7f7b5c475f77742,beleza_saude,38,395,1,114,19,16,17
99f5b2240b82bf9387e5cf2fc0335b08,informatica_acessorios,53,422,1,160,19,11,14
acdd9eaa79720ca045ce3768250b8e47,beleza_saude,59,669,1,400,30,10,17
7e0995bd610eb1dfe49155b549079047,esporte_lazer,54,471,1,400,17,4,15
d3b24c68466ec241b98cddd7861bce4a,fashion_bolsas_e_acessorios,34,154,1,150,21,9,14
87ea2f45559e10519513a20b24147316,informatica_acessorios,48,2776,5,100,17,9,14
cd48f265a63e13b762601f5f794c5fca,bebidas,48,859,3,175,23,21,21
e8ca1ff2d0a28edb5be8bfbf2964dc3a,esporte_lazer,52,320,1,450,42,10,25
87b77bddc8fa1c1272ec769a5134310c,brinquedos,55,741,2,4384,39,35,34
eb6b6f708fb1a57720d0734f30c3b31e,esporte_lazer,63,1436,3,1900,70,14,17
e3b997f50d2aa487a92ed84d4125b590,utilidades_domesticas,44,341,6,400,30,20,30
118c36d1c7ee6e3261fe81d58986a0a3,construcao_ferramentas_construcao,58,330,2,200,20,6,20
f8de5dc036075be786ca24c29b5bea56,brinquedos,58,682,3,1200,35,20,28
80df62ce491a20d390c9f69402310f0a,informatica_acessorios,35,1101,1,300,42,2,30
6e649da572cb3e7bd20ef7203d43829c,utilidades_domesticas,59,391,1,2250,45,21,26
9fc063fd34fed29ccc57b7f8e8d03388,beleza_saude,48,657,1,750,38,12,25
45df8892a1d74d2e8f960dc06625fdab,telefonia,51,824,1,311,20,11,14
67fcc72a4cfd0ac826c0158ce5c98ae6,esporte_lazer,45,1562,4,3150,60,9,23
779559842fc122d55edbd03153f35e81,esporte_lazer,55,1028,3,200,21,13,26
764292b2b0f73f77a0272be03fdd45f3,moveis_decoracao,56,701,5,750,30,30,11
86dbee9634f9942db02e1ac5bc7ded58,automotivo,59,258,2,100,16,16,12
48212f0e644cd07610881a3b6e497ac4,,,,,200,16,2,11
c92f0e7b9d49a9543558d6532772441b,malas_acessorios,48,485,5,17550,73,20,47
6800d91175b6abde04b1d70ff2474746,perfumaria,41,870,5,225,21,12,18
84f456958365164420cfc80fbe4c7fab,cama_mesa_banho,55,312,1,1550,44,14,34
eb6c2ecde53034fc9ec47741b3232c9d,moveis_decoracao,49,829,1,500,20,35,20
b343cce43d6f08fe602d2892b106ad59,moveis_escritorio,55,569,1,9200,52,51,17
d8cabd83757ecf48a7d2628dee9135c1,perfumaria,38,775,1,553,20,12,16
9b2c558d8722ce82e6cae7ac037c2ad8,papelaria,55,2557,1,517,23,21,23
b414928d2f8bfbea1bf625562b6fffc2,perfumaria,51,739,1,325,22,14,23
b0961721fd839e9982420e807758a2a6,ferramentas_jardim,59,341,2,1850,37,22,40
dcfe33bfae82bed3b1d9a7d15197f5be,automotivo,41,851,1,192,16,13,13
fc17dfdde3d4bd5a186b417704775d06,utilidades_domesticas,43,1716,1,13450,54,35,45
4b5b5541f871f879ee44aa461968e90b,telefonia_fixa,42,309,3,100,19,3,11
9865c67a74684715521d1e70226cce0b,relogios_presentes,52,629,1,290,19,13,13
b932cbe9be7a3e71d8fa7f1865797ff6,beleza_saude,56,870,2,248,19,12,16
6ab6d9589ae19abcee458918d4779fae,eletronicos,58,317,3,5450,16,65,25
f5e48ba4fcfdf3920b7a857b261a3ef3,construcao_ferramentas_construcao,59,648,1,200,21,7,14
089447f48055194b36dd135e1a353cff,automotivo,58,430,1,1050,34,10,34
4bb12ab0fcba9b632bcf4a2f2b5430a7,eletroportateis,59,185,3,300,20,10,20
f2ecbb02b6da187a9f14b8ac5781faec,perfumaria,54,935,1,50,16,5,11
30653650de8d186314a945a970c21802,beleza_saude,55,764,3,300,16,25,15
b206760d97dbc76527bb07029a6179cb,informatica_acessorios,35,1101,2,300,42,2,30
d9471e8bbb843a2afe92def2edfb8638,moveis_decoracao,58,1211,1,700,25,8,25
bc15663c211a5ec5ac7d927b7ba60e1f,moveis_decoracao,52,314,1,950,40,5,30
a91c1a94d83d36316c44e00e738607b1,automotivo,57,2063,1,1500,30,25,30
787a7fee45732e04f90ace8fda0ed076,papelaria,45,300,4,100,16,6,11
2647221a6a477afe2d0268b378f1fdcd,cama_mesa_banho,37,119,1,750,40,4,30
87a71ae93900ab55fcf685c8040769b3,eletronicos,36,401,1,175,22,13,17
3b473a6b1c280e0345e876648a61a032,construcao_ferramentas_seguranca,58,579,1,1200,20,20,20
88a3a882d28c386d79c18ac2141eaea1,cama_mesa_banho,51,390,2,1750,43,8,33
e7db7c40ea6647c808d48581f1308d88,bebes,59,235,2,9400,75,15,50
ce0a7865b299f784a6ca12dac0ec8649,automotivo,57,533,2,550,50,10,15
6a4bdc32bf81f50cb387fd6178ce7b07,cama_mesa_banho,55,276,1,2300,35,10,30
2aaaa41fb5edc85f4814c73106f27d64,informatica_acessorios,56,254,1,1175,35,21,16
5999995b8f64d769dbc6f592b86d6f8a,pet_shop,57,1283,5,1200,55,3,42
e40873fb50963a123c7930e3bd2f9bae,moveis_decoracao,49,479,1,200,16,2,16
fc8595227785863846b7daa2ae3f2c9b,beleza_saude,60,886,1,400,20,12,12
dea3de7c4e7aa375d564fa2ddb7099b7,utilidades_domesticas,48,210,5,200,18,4,12
3bf95cf337a8c87435a2949c48350fc7,beleza_saude,59,1538,1,2017,28,30,27
3e71aff24a7ddd21185c3d41ecd9b335,automotivo,57,805,1,5000,45,10,45
7b226739613196772c6ae86368c87f5d,fashion_bolsas_e_acessorios,37,451,6,300,16,13,11
a0cb23ea9b98f51407ac7bd1fcd29c2e,telefonia,31,1440,1,100,18,6,11
c6e513054b982283c1cbbb2a45d02d83,cool_stuff,56,777,5,300,18,7,12
1c63d0a4d75df524d4605a43285925d7,bebes,51,353,3,668,21,25,21
d8c365a069853295a82caf595c2c8c8d,moveis_quarto,55,1931,1,200,16,2,11
eebe0f0f8b8d4e13e07a558b90e1a6dd,cama_mesa_banho,46,104,1,1200,36,14,36
c329abd2a10fad4a2f83377956328c67,ferramentas_jardim,52,695,2,817,21,23,19
fdd84aefb08c8f8225e0b8c97429d53b,beleza_saude,59,1726,5,123,18,9,15
ef7f13c7694be202c48017b71801815c,beleza_saude,57,1343,1,3650,23,23,23
3354a4e684f5e7199f9407db70ccd92b,cool_stuff,52,847,3,1200,42,25,15
a4052f2adbcfe3e5dcf30229fa0f7c68,cama_mesa_banho,51,636,2,300,16,10,16
fdf648fe44c2e24e9857c8d4ad5a7028,ferramentas_jardim,19,141,1,700,19,24,12
3c7426b4df1386b6b355a5fa6bf85873,relogios_presentes,52,1020,1,400,18,12,12
9783bd52943df9833a6a92f2e8f34f32,brinquedos,50,487,1,1400,55,5,24
f20b79bd0939728b29d409062c5c486b,utilidades_domesticas,35,642,1,1000,20,20,20
1de74e63d630007567726953a4eb2b36,fashion_underwear_e_moda_praia,25,396,2,150,35,10,25
0c3305267c17b542aecbc2385f5f0794,perfumaria,57,740,1,500,22,14,23
79c0ace2ccf0da036e787875a49151a4,moveis_cozinha_area_de_servico_jantar_e_jardim,55,1211,5,14150,100,15,15
3b2c3b5eca3b8bd45a556828662ac340,beleza_saude,51,2243,4,1400,24,10,16
867dda95bbba37fe56fa288449fa122f,cama_mesa_banho,43,184,1,600,40,4,30
b4bcc9155de9c60e343ecbff22b86dc8,cool_stuff,51,1141,4,393,17,7,14
aefae62335aa97901109f0c0f08ff0bd,esporte_lazer,46,1355,1,2500,36,38,36
8562e2c780a345b609e1b802d7e3e4ae,cama_mesa_banho,51,1208,1,1100,45,8,35
dd9b786cc81af951a986f65602344848,informatica_acessorios,53,869,2,450,22,11,19
fabfaca40872eacb2fdd24bc37a01232,bebes,31,162,1,19700,81,24,50
7340a3839a1de1e99d149b8cf052a2ec,cama_mesa_banho,56,536,1,800,45,15,35
5e57a146ccdca976190821a00a059ebf,perfumaria,43,837,2,411,21,19,19
f80152c36d5600aabf3bf06bc8dddf8e,beleza_saude,58,1109,1,1363,26,23,21
f89cd865cac300a9bf1320dd8f0fa223,eletronicos,45,868,1,175,22,12,15
7776d83c2db3d88b275ab95137f7441e,eletrodomesticos,51,160,1,700,27,13,17
67c3a22492bcb6677d6ee56b8516f537,malas_acessorios,59,320,1,900,22,46,39
130482add9fd75ccb6c57ba007694a2d,informatica_acessorios,55,60,1,2800,40,15,40
48428054567e07738a70f9d2a9fa0475,perfumaria,52,1920,1,250,20,16,16
222684e29ad17ce818d1b01753c0cfb8,perfumaria,45,163,1,461,20,16,17
ecab3fa721d1b06c225f23c30f02eb5e,esporte_lazer,58,2738,5,175,22,9,12
491067a4bc3ca4303e9fba74d629412c,bebidas,55,314,1,4400,16,25,23
f74353ffeaa55836a3cf603a2dcd855e,eletroportateis,47,397,4,5908,35,46,35
1c42a107473d6b20db8ac7772b870e33,cama_mesa_banho,50,164,2,1900,25,10,25
efa9bf5559d026b9872259f29b7304dc,utilidades_domesticas,26,330,1,8850,61,15,58
32d058f0f2989cd05c927c0f481a1e43,automotivo,57,1660,3,550,16,21,18
6255356ea20f71ebc7015ca970718bb6,moveis_decoracao,58,364,2,500,26,16,14
85cdaad7591c6b04ee56edf0a4407a5a,automotivo,59,837,3,150,16,3,11
d4937a7e8d3db0f265d1f0302308bb12,fashion_bolsas_e_acessorios,47,1437,1,200,16,2,20
8aea198b4506fe321e998a858a2e39c1,consoles_games,33,625,1,150,20,3,18
b552f05d01ef252ee3a1855af6f8dd1b,,,,,1300,30,15,22
6cd51331a07b84149502aa6c9c5b536e,perfumaria,49,537,1,183,16,10,14
67d9cf5b0dc7a0b9fb091efc68b14140,eletrodomesticos_2,51,502,2,17000,42,90,22
83b23a333b811855258c5ec9431f6d3e,beleza_saude,51,247,2,200,25,10,20
1ba045cf3a974c9b36bd1f6f0383ac8d,relogios_presentes,47,726,2,200,16,11,11
3006b8f5b476750a03137c1b2755cea1,informatica_acessorios,44,2911,5,100,16,16,16
4a52db5eba2f48f7f5454ada6ce3d56a,perfumaria,39,1088,1,185,19,19,17
1a0971a6f39f04118207a7308d451e9d,papelaria,57,353,7,5850,60,20,29
1ff1090afbb3b1a09f61f5e49f0a6cce,relogios_presentes,40,602,1,293,18,11,16
4baf15e171b06455c5cd23453db0cab3,bebes,40,428,2,155,18,14,21
51e8feeedd83467b86a79aa2769367c5,brinquedos,52,429,5,150,20,20,20
6d2c812450dd02b2f87495af63f9b709,telefonia,45,400,3,100,19,3,11
282d681b3fdcb3f0a6da31a7339f48c2,telefonia,51,331,2,150,16,4,11
32459442f3b850918e20febc47c9edfb,esporte_lazer,56,344,3,300,25,12,20
a762a89bb77b378d0b434ad75671b8e1,esporte_lazer,57,245,2,2100,60,15,15
3790861742b5e1e8c72bc179fbeba4be,moveis_decoracao,30,380,1,250,20,6,14
2ae49b2b174231324f42d783f93d0edc,relogios_presentes,55,463,2,258,18,10,17
1a3c44587dd8d3db5f2447078bc50d75,cool_stuff,39,750,1,300,24,12,17
f9025647e0a95c843a2d85c23df34c6c,papelaria,60,298,2,700,66,12,12
9437cbf921b0bd3177d8b03ed2783cda,pet_shop,48,187,3,650,20,20,20
cd3ee451bebe79ab56e507d101897b91,cama_mesa_banho,50,701,1,1000,50,12,12
88159bac10e3d4f4b69b157406c7f70f,esporte_lazer,53,784,2,343,32,10,20
d1b8f5983d9573c8e523b8c56a59497d,fashion_bolsas_e_acessorios,39,582,6,150,16,9,20
d4d1de9db08cae166ea1a506ea87769b,informatica_acessorios,56,631,1,200,22,22,16
eeb2d1e155818957df60a76fc47e75a8,cama_mesa_banho,49,591,1,1477,28,20,29
2f49b62fc8f8d52f9c98b8e0e79457d2,bebes,47,602,3,13550,28,69,42
3bf486d35e1a39e53cffdbb457ba4c50,bebes,19,1114,1,7650,40,20,30
b4b50667a9874708d4e3ac962ebb21fa,construcao_ferramentas_seguranca,35,969,2,933,20,18,20
a338a81aed052e88a9ee732e3e45042b,utilidades_domesticas,45,897,1,12450,31,60,31
f177554ea93259a5b282f24e33f65ab6,fashion_bolsas_e_acessorios,35,60,1,200,16,16,11
554bc96f8adc27819810a1aacf333535,moveis_decoracao,22,177,1,14800,40,30,40
f5bb0eef3914b07a9dea355a6a3069da,telefonia,57,1044,4,150,19,4,11
6bf1cd252d73626ab181be470f56e07b,moveis_decoracao,63,143,3,1250,16,32,16
4f094d03e0acd9b1259fc846321e85b7,relogios_presentes,45,589,5,900,48,16,25
e6a893a996e7ca82a3a9eacd0029789d,livros_interesse_geral,45,748,2,550,17,25,11
d76c049f36a5b4975aa3cf095a6fa499,informatica_acessorios,56,246,1,194,21,15,15
e6b6e13cf71449a457269f425b89dc74,audio,38,2887,1,588,19,14,17
a54f350cdb1f303fe39221171d003852,moveis_decoracao,24,249,2,5850,25,25,25
247fa5b4e2f524a22b21ef256ffc23e4,informatica_acessorios,56,954,3,950,31,4,23
06649da52cbfbb4e9b6cfc332d56c119,eletrodomesticos,47,353,2,600,70,5,11
a21ff4d1a65a23c7e676469d24434a00,automotivo,59,992,1,4000,41,17,32
dce3721f89a159fed6ff8b94d7ba32b9,telefonia,54,1250,4,500,23,16,11
f4cd1164757f2f82e7f949e9ba129664,casa_conforto,41,486,1,800,20,20,20
6af89b97a841482f79c52765bfe0d699,esporte_lazer,38,2378,1,1743,29,26,24
22c5ddc22ea8cae84fc9917def682dc6,perfumaria,24,435,3,350,25,15,15
b6d96e7683a87fc151ea589ce97a330d,beleza_saude,18,180,4,150,21,4,16
4178e16324fd0c9a8e18463caf390cc6,cool_stuff,51,582,1,11600,65,19,47
252641aa4855aef622089db60c4ad90a,cool_stuff,58,3217,2,100,16,16,16
d05d900323cc6f68c3de5ad56d8d63e3,moveis_decoracao,60,362,1,2100,40,10,30
42025f5a5a9be121b14cc11611331b20,moveis_sala,60,1151,3,8850,37,14,61
aec710f01b389f7277acf17f5fa20094,instrumentos_musicais,55,307,3,200,16,16,16
aa53b7499856e6df13008f34100cc336,moveis_decoracao,53,629,1,1800,30,35,30
8c38d21062ec6ee492c3500d01150b7a,eletronicos,22,816,1,250,18,15,16
ff37b24bee4345bc69d11fae0e6cd3da,moveis_escritorio,40,507,1,20450,101,10,62
c18ac1d6cc053c0ec7296b994ae6ffeb,relogios_presentes,54,237,1,550,16,2,11
f5f0b722d7662e8939727fb49e45d046,relogios_presentes,54,536,3,563,16,16,14
d096e0e170ba78894105effb6d513d97,perfumaria,54,1474,1,1000,20,20,20
5b226d7c52f86ac72457617f78cff95d,cama_mesa_banho,50,381,1,875,25,18,40
7668f663b32b0678da61622125b39545,cama_mesa_banho,59,243,3,1100,37,6,27
176e81d05865d1cf72d45caf8023268d,utilidades_domesticas,53,1164,1,150,25,10,20
97f1396a5a1f7c07ba51784efdec44b8,utilidades_domesticas,60,1632,8,1400,43,18,18
21e288a2a0d211749ff4b8f475b48557,bebes,44,1059,2,2600,56,11,41
bdb4be6ce2f7f2b5be0a16088028c7fc,utilidades_domesticas,54,851,1,3100,45,28,26
5e655ad6a29335c852b7829a5e340c80,utilidades_domesticas,44,937,1,800,16,16,16
9798bc8585b031f32f0ba287ad22f334,bebes,42,321,2,2392,41,20,40
f2b525fa6f0346d64e4efcf1b2302d31,consoles_games,40,773,1,300,19,10,14
55a257b8a93fa8ce0b4774de48718126,esporte_lazer,41,1796,2,450,18,15,15
a41be7a2d5be5248080b227a53fe3937,casa_construcao,51,902,5,550,17,26,17
e56f102e763165e7e32d0f9955f8ee4a,pcs,50,1869,5,1700,36,6,33
2fbb5ae777d299cd365c6b3a94b54bcb,perfumaria,60,541,1,575,20,16,23
53bd0c908c6ab820c9828763348728ef,moveis_decoracao,58,275,1,1300,45,8,35
30b6868bde148b4c71716da3f1cdd9e3,bebes,18,1383,4,600,20,8,14
8370300e444c4394d3c3f878606a9601,relogios_presentes,45,344,2,250,16,9,12
8ae20127b8e1aa6df4a5b628d1680e35,beleza_saude,52,1008,1,150,20,10,20
b217a380fe548cd65a8d6f18a9c0eb28,cama_mesa_banho,33,435,1,400,16,12,11
cf6514025ef5d3a93d69d2a7bfa4036b,cama_mesa_banho,43,126,1,250,40,4,30
75b65bf02912d0c0ec94785f80216982,cama_mesa_banho,58,2584,6,2628,56,37,48
4cf2a0463e06213f6770103e29b637de,telefonia,52,367,1,300,17,25,25
ffd4bf4306745865e5692f69bd237893,fashion_bolsas_e_acessorios,54,193,5,150,16,16,16
f3f12eabcd090650146791b249f48880,esporte_lazer,47,497,2,21500,63,68,63
f0c1c1d5ec61ce4c4846abd4283631df,alimentos,16,3139,1,125,16,8,11
bfa393df5b4494bea7158660999a921b,fashion_roupa_feminina,42,367,6,350,16,5,20
860a24fe5502e492593ec000b1c33559,moveis_decoracao,56,384,1,500,30,10,20
0e87ff05afa3ddd73b7920ff4587e0a4,cool_stuff,48,2067,1,1650,33,44,19
72a30483855e2eafc67aee5dc2560482,esporte_lazer,43,869,1,967,21,24,19
3efe696e322f9139e3d2b894cb1f7a09,moveis_decoracao,40,537,3,1300,31,6,33
d4c7a502c517c851a64712d940286778,esporte_lazer,42,499,1,1067,25,28,14
fbc1488c1a1e72ba175f53ab29a248e8,perfumaria,27,311,1,560,19,13,17
ce6f74096c84567f22728c84f3d6e7fc,cama_mesa_banho,60,352,2,1300,30,10,30
803f77475e1b51b47f1bfec4f2ec353f,automotivo,58,672,3,350,17,6,20
aff39c649de8c4e36d325880de8f4338,moveis_quarto,41,573,2,10600,93,63,11
638bbb2a5e4f360b71f332ddfebfd672,construcao_ferramentas_construcao,38,143,2,20850,100,25,50
f1261761d91b574288d60a6390a007b6,cama_mesa_banho,64,332,1,1600,45,15,35
d32c445df9d36f1cdfc915ed14ee44cd,moveis_decoracao,52,1111,5,1600,35,13,35
dc9a06452ff10a147f0f14cd4b8f5580,beleza_saude,40,605,1,1450,26,18,11
47125061c86148a6f08a9e8708cef1ff,malas_acessorios,48,665,7,1175,45,19,34
7fb7c9580222a2af9eb7a95a6ce85fc5,utilidades_domesticas,59,811,1,825,52,18,74
ab179cc7995218e02464b11790b4b267,automotivo,58,617,5,1500,60,8,33
2daa50c954caed9163fa12198132ccab,esporte_lazer,40,2530,1,900,19,19,19
081d21aa3dc9b583104a15fc4dfd1160,cama_mesa_banho,54,289,1,2150,35,9,33
f03859e4cc21018569f5ae7a03897ff4,consoles_games,47,458,2,150,18,2,16
03826ede2cac52b3011b58cfd58c84f9,utilidades_domesticas,58,398,3,6900,70,15,33
0b039b61011417822882815943f13dac,eletronicos,41,711,1,150,30,10,20
aa4c5e610242fdfd79969a9577dfe112,utilidades_domesticas,60,614,1,5300,30,35,30
8c1167a112724e01fae2f8cb6e936bda,bebes,47,437,1,1300,30,10,28
dab2413ead0edda9967edbc9bda2a64e,telefonia,57,680,2,250,17,7,13
7d681f285e6416b6dcba8a65d774cc86,esporte_lazer,57,439,3,150,22,3,13
c21afe62d4629a660593fd9b5e6223bb,telefonia,40,361,3,150,18,3,16
75d6b6963340c6063f7f4cfcccfe6a30,perfumaria,51,999,2,400,18,11,20
9545d45c37449ccbc376de3a04c66e71,beleza_saude,39,1749,1,1350,27,9,18
afdcebff326be8196c01b6ac2758fce1,automotivo,59,352,1,300,16,3,11
11dcc970f7a5581e1bf777b6da3f7096,utilidades_domesticas,42,659,2,1038,41,22,28
431d674f9a4fbd0957ecf6ba3fcb6899,telefonia,56,1892,4,450,17,3,11
429e7401fafb76436f15e86498bd7364,cama_mesa_banho,60,233,1,2500,41,8,36
d285360f29ac7fd97640bf0baef03de0,relogios_presentes,46,501,4,363,18,13,13
51eb65f0fd99823a3cb2c0d985e230a9,beleza_saude,54,2009,3,29800,95,19,66
04cfe2f4173f2acf181b3d2642a387d1,beleza_saude,55,2908,2,200,24,26,11
1ec486885049bbb9b79351d150ed18c4,fashion_bolsas_e_acessorios,36,412,5,100,16,5,20
cdc4af478fef19f03f1d0353c00271cd,relogios_presentes,52,364,1,250,40,10,25
3933e8a85308e9e9e9bc428355ba203e,cama_mesa_banho,53,267,2,1900,45,15,35
eb8c629f70275fd1c4f809116cce1efc,moveis_decoracao,51,831,1,1400,20,30,20
c7084bc72369a57c93c6edaf0b60b235,beleza_saude,37,613,5,600,23,7,48
7a9cf133da2a6494259ffeeab11b6276,telefonia,54,599,1,150,19,4,11
89c111575a1b19782a2e660eff07dd8a,fashion_bolsas_e_acessorios,46,633,5,300,30,15,27
49196a215bd6514843cebf65ebbe52c0,perfumaria,56,1440,1,475,16,16,17
017692475c1c954ff597feda05131d73,perfumaria,54,933,1,50,16,5,11
af35be35db4ad0dc288b571453337376,moveis_decoracao,24,457,4,100,80,10,60
880be32f4db1d9f6e2bec38fb6ac23ab,brinquedos,45,589,4,200,16,7,11
ab169b33d13e5041b9b9d4a2fafce9d9,telefonia,59,734,4,300,17,4,12
12803e6c48756086227e39a8a2d2026b,cool_stuff,37,1794,3,12000,24,25,31
e54464e95c9fb80e4edefa0ba49133c1,brinquedos,57,927,3,800,20,35,20
5afde944579b289b99c1ee420b2ad73d,beleza_saude,59,633,1,488,18,15,17
570509b6d981370031c1f839592a1be0,utilidades_domesticas,20,1115,2,4006,45,24,30
b993dfaf418915ff7d0aa74016f030f7,fashion_calcados,40,303,12,500,29,7,16
202bd859659a841de892b00c341300ff,relogios_presentes,57,573,8,200,16,2,11
f93213a23c50edc16c27b96333f734dc,esporte_lazer,52,482,1,7550,28,40,40
7d1de1f9f0157db00486b7ff28b6c5a2,ferramentas_jardim,54,708,1,5100,50,73,20
11a10f5773a7da9fb352dfe9e119803b,cama_mesa_banho,57,906,1,1600,32,9,21
4310db2c2f39a8a5fe403463e39ca5da,informatica_acessorios,42,306,2,18100,45,65,40
bd6e6fce9ada76ea2db0f1912e8e478f,cama_mesa_banho,49,381,1,850,25,18,40
af51d485dc5255ba2e18b21b550156e6,malas_acessorios,57,674,1,22350,32,74,53
06fb87866499b0e65992b2d88aca8282,relogios_presentes,49,666,2,700,17,13,13
52c80cedd4e90108bf4fa6a206ef6b03,ferramentas_jardim,33,2188,2,7650,20,20,20
7d681d24b9bad757fb34b0d464c350e4,beleza_saude,59,1271,1,240,18,14,16
6cc859e89d080218ff4416539ffa030c,cama_mesa_banho,59,225,1,1600,35,8,29
715a41d0a95641fda38167ad49142b7c,cool_stuff,45,199,3,825,39,18,38
fab8297a9d2e7e1e756998675831f7e9,pet_shop,63,1440,3,6700,40,20,50
c37e775cc9f2dd910db751444447fa3d,eletronicos,57,810,1,150,19,14,19
443686a203341f24c2cead2297359568,pet_shop,31,933,5,1100,20,20,25
72af228db018a06518f1b2a8c070a2ac,livros_interesse_geral,35,1238,6,1633,17,17,18
f25b4b41194b370120c42e1b19bd2a8a,cama_mesa_banho,59,288,3,1600,37,23,35
52c87e7b33516eb97c3023a20848ea81,fashion_bolsas_e_acessorios,38,217,1,200,24,9,16
a4aa7c1427c31344e5f7cc3d839fe562,pet_shop,52,625,8,2200,50,20,40
4fce0eab61e01d521044c8b071cdfead,esporte_lazer,56,595,1,260,21,16,20
862e1c1b2c4a148c5a5b23dc0ced1fba,beleza_saude,52,1009,1,200,20,10,20
573ecac44bc00133b12d7d80ed8f3fa1,utilidades_domesticas,36,296,1,650,30,8,23
3ae1230d17a23cd85318a2b902269d72,cool_stuff,50,623,1,363,18,16,17
560ed840b584c6aef5c8959366dfd41e,bebes,60,868,2,12750,38,47,44
eea3e07f864a0a1389726d8a5f31c3f6,perfumaria,45,955,2,125,16,11,14
2e0ce433616916840a405d0853407af8,informatica_acessorios,48,407,1,100,24,14,11
2b0233a7e7ded4751e8e3812f9a4553e,informatica_acessorios,46,391,1,1925,37,11,27
d37abf50cce5bcd682830a357783622e,papelaria,56,342,1,2500,17,44,34
e41a6ac2f57a273eb0d214c7cbab5db9,moveis_escritorio,56,1085,1,8975,35,52,36
7172a7870fee91850dcbcb1f4de40cfc,cama_mesa_banho,53,244,1,1850,45,15,35
6c4f9f5db7665ec7f628f17d459b4aac,beleza_saude,51,762,1,400,19,12,13
c80525a7dab2df6000ca88a2e7197323,beleza_saude,56,587,2,275,18,11,13
5a76b277c6c31033b89362512fb80274,cama_mesa_banho,41,104,1,500,20,10,15
a6ad77b15e566298a4e8ee2011ab1255,moveis_decoracao,45,660,1,3450,23,35,35
cd2c03056720c7de4d6a59c1167bdee0,fashion_bolsas_e_acessorios,50,554,3,100,16,5,11
44fded21627553d1886d459384bbce06,eletronicos,56,280,1,150,25,7,16
8a6bebed424788f0e8e407bf8789102b,automotivo,54,733,1,650,16,10,11
bc596794d92f7b9959fe0e7430354b52,bebes,29,288,6,2000,35,10,50
b192be433004cc1f10b467c0e9ea309b,informatica_acessorios,57,977,1,725,25,8,24
57d2fa6882b789ad55e86074398826c4,perfumaria,57,514,2,1500,20,20,20
5237739bb5fee495dbd337755a138660,relogios_presentes,39,600,3,645,19,16,18
cb0c5efccd7813081ac13792fcaeb07a,construcao_ferramentas_construcao,28,123,2,6050,54,18,35
12cfb75a481057d8c401f03f870a3305,esporte_lazer,46,527,7,350,20,10,20
cc82434eb4afd2f81d3c2525e54cbfce,instrumentos_musicais,53,493,6,400,22,8,11
95bc2131ece03edd6623b82c80db02bb,telefonia,55,2129,1,133,19,5,12
d839c79a48d4a34a404b96085446aaa7,brinquedos,31,398,2,1000,23,31,27
e932008cf0ea7c93a077dd8d7e5f49eb,climatizacao,60,3270,4,7350,105,10,40
626fcce994b573d0bd54d6447d5badd3,,,,,300,18,6,11
00ba6d766f0b1d7b78a5ce3e1e033263,utilidades_domesticas,52,418,1,7850,28,62,28
20415eb4f2c37838abe474b4d601da86,utilidades_domesticas,51,101,5,7000,45,19,45
36c2fb4fa746273709c373f6d6ec6796,cama_mesa_banho,55,1714,1,6038,68,17,47
f34707f5f83dbd799b36e79242802784,telefonia,53,463,2,150,17,8,14
620ea491128bf83c51950ac006de001d,esporte_lazer,63,759,5,900,65,13,25
2f70195374f6c3d3c6542edf5bd17c8c,relogios_presentes,59,179,3,250,16,2,11
7c898e0b8ea203dd94ba846627fc34d1,moveis_escritorio,33,1207,1,12650,54,54,18
82cfbad6a3bb123bb807f51078765a0f,esporte_lazer,56,405,1,5700,25,80,25
d22625c4bd160a54f96629f139153c74,esporte_lazer,42,3495,1,2386,29,30,26
6f3b5b605d91b7439c5e3f5a8dffeea7,relogios_presentes,35,640,1,335,17,11,16
07d78aaf21af9a0d738b9da323e3571d,automotivo,59,685,1,7200,71,9,71
25c38557cf793876c5abdd5931f922db,bebes,58,1447,5,15800,38,62,57
aca27d7a91bfb10489d3e1aae184d137,perfumaria,22,663,1,500,20,15,15
14555ba663de8689feacf1d0819cc3b3,esporte_lazer,42,660,1,2150,41,10,35
f521813909e310116b6b2f0b11f3dd44,moveis_decoracao,54,576,4,750,17,20,17
ecbd40ab57460010c6e9454b586231a8,beleza_saude,57,407,5,250,21,18,18
bd082283de9ecc71505205dfc7c6c9b4,brinquedos,40,280,1,1804,40,32,33
1e2e095149b3e9ca487d9c2d8c20378b,relogios_presentes,30,506,1,600,17,13,14
74308f15a8dd46e8e66e8801b76625b0,informatica_acessorios,40,499,1,200,18,9,16
c0ad0886177197bdbb891829bafc45d2,eletrodomesticos,59,113,1,250,18,8,13
4ba9263261711e19aa09a61e3ab72316,eletroportateis,54,772,2,750,25,10,18
629e019a6f298a83aeecc7877964f935,automotivo,57,1166,5,1750,30,30,30
95e257171227c7187fa4cb6361baa1ad,utilidades_domesticas,30,978,4,300,20,28,11
3b0fbb3ab5b1512278d2e1c695b07e85,cama_mesa_banho,44,273,1,400,40,5,30
bfc0d01be79d9038c7720f983bf954e0,relogios_presentes,59,2852,2,950,40,20,12
52d7a7207b9646509bdc754fed3a0cef,cama_mesa_banho,54,624,2,413,54,4,39
8470bac0f1a7439fe183013eab283534,cama_mesa_banho,63,511,1,5050,45,15,35
f0b23cf62b44c4cbd631ee45ccb8fc60,pet_shop,57,721,1,1700,50,30,33
555b27dfb2ed94d001c28e5624dd6961,cama_mesa_banho,46,372,1,1450,34,12,40
dca8cbb1c9d8a2db0fbc0c36b8d1a7bc,audio,42,671,5,200,16,2,11
b8762d562d810c2f8d7ad7e9c12957be,utilidades_domesticas,38,130,1,350,20,45,20
b9ca577f48894c59a9677f895f9a44bc,livros_interesse_geral,54,582,5,1350,36,26,16
c19d5ba108c34b8255cf9a524da92bc4,informatica_acessorios,40,413,5,150,16,16,20
b59b5899ecf4bcc294a72fdd48adaa94,telefonia,55,419,3,225,17,6,13
0b0918a3b5efe0c8ea609a26b14e1bff,telefonia,60,752,6,300,17,4,12
f9259c9e7c0f12c70f7a81409680a5ff,esporte_lazer,45,407,2,925,52,21,33
64464a1e471ff30f71b31bad5d656f83,cama_mesa_banho,29,451,1,200,20,12,20
56bebf1fde63ae23809cc2fae7f9574c,automotivo,59,1656,3,850,16,21,18
88bd8458fdc2ceec3e71ef1d867a7b45,telefonia,42,260,1,175,18,4,16
8bdd0de5a3c80c06473456b077c17653,cama_mesa_banho,56,122,3,800,22,13,16
89321f94e35fc6d7903d36f74e351d40,alimentos,59,982,1,150,17,13,13
75c06ee06b201f9b6301d2b5e72993f8,perfumaria,54,939,1,50,16,5,11
0900e9b18da6627157a7e47a8ac8fc08,relogios_presentes,56,179,3,200,16,2,20
25f86162fee18735fffdb762dcb10d7c,cama_mesa_banho,58,2400,2,10800,54,27,36
0bb987ba9ab94c3db5f831375f9d8a5c,cama_mesa_banho,45,214,1,8800,35,19,44
6845c32e0103ad1fa34cf6f9263249f6,cool_stuff,56,996,4,1520,31,16,14
d1200350f8bc6cb9912779929193c5a0,bebes,56,1397,6,13575,73,83,40
1eb85357e22bf0c8c2a6f10eafad8423,consoles_games,49,496,2,700,17,7,17
d84895a804248d73a16480c0b2e18604,esporte_lazer,47,527,1,1150,26,25,23
943c812216923e4244e83099e0c62a08,beleza_saude,59,1912,4,1000,16,27,25
cad2db5e318d7283a234c517b2f28a42,cama_mesa_banho,60,259,1,1600,30,5,30
89b121bee266dcd25688a1ba72eefb61,informatica_acessorios,54,1169,1,150,16,16,16
abc3432ff825d8e524db1d4eac6d2099,telefonia,54,713,4,150,17,10,13
cdd914e78124a73cc28a165cfc4a0bbc,livros_tecnicos,34,1580,1,1800,29,3,21
37167b49712cb4ce822d51958a4ec0c3,beleza_saude,48,1859,1,3300,30,10,17
5b8a5a9417210b1b84b67b9a7aefb935,informatica_acessorios,58,509,1,117,21,12,13
bf35317e81a1e1477a2256328bce9e9f,perfumaria,53,1580,2,300,16,10,20
c4a45b9505564b0de1ff3e79062cffd8,moveis_decoracao,56,282,1,1100,45,8,35
f282b8032570cf3ce692b8ea7e1b6c53,bebes,40,470,2,8350,44,32,35
3350d0f553c213f918a89ce65d269417,pet_shop,59,780,3,850,50,5,50
24dd446745b812ef3347d7ae00f5541f,eletroportateis,52,1076,1,1750,20,16,20
ae7893ab2f9eec6630b5098e6362adc2,bebes,27,92,2,5600,25,37,36
7958e96171ca669184bf4a085d7deec3,cool_stuff,55,3766,1,5250,19,37,20
06a63a471d8a08878526b37a1baa66a5,perfumaria,48,1263,3,700,16,16,16
04a4e9d8c0dc6b2b4b8e24ea78a8f318,esporte_lazer,57,723,1,500,50,12,18
3f14d740544f37ece8a9e7bc8349797e,informatica_acessorios,44,655,1,321,19,14,13
c4e5ffa25998bab21ddca0d28448435f,informatica_acessorios,49,638,1,1075,25,10,25
c50ca07e9e4db9ea5011f06802c0aea0,beleza_saude,59,1782,1,125,25,14,18
dc36a7859b743d8610a2bbbaea26ece9,moveis_colchao_e_estofado,29,2073,2,2500,41,21,21
9c204ffd5c81fc50cecadd18f222d091,cama_mesa_banho,56,3843,6,2555,55,17,48
ec5b3c8bb77ad22278f6e9d719a83de3,casa_conforto_2,46,348,1,700,65,18,28
93ad397044e27dfead96813e2f895acd,relogios_presentes,48,445,3,400,16,10,17
ecbe1ef7e2903ff8b1d704ba78fa264d,esporte_lazer,47,920,1,902,19,21,16
eebbed5ed3b134eceb717496c47652ba,cama_mesa_banho,56,111,1,1750,30,20,25
6c706bd66d6df5b9eaa716699943efd0,moveis_decoracao,55,1908,2,1100,69,11,11
ed8ba7857b8c1dd66da5bf95ecd166a4,utilidades_domesticas,42,660,12,23600,40,65,40
1df2d3dd3744189ada2f2053d70039ae,utilidades_domesticas,52,754,1,800,20,35,25
92503fc18ca14a8f32c182ce3f1b9f05,papelaria,59,140,2,3450,27,29,27
ed5122a6a757a4fea8f32a6fb95a5135,cama_mesa_banho,25,250,1,1938,48,11,41
d14fc36666bc80405693671778350124,informatica_acessorios,39,716,1,163,17,13,12
9ad75bd7267e5c724cb42c71ac56ca72,cama_mesa_banho,60,259,1,1225,35,15,38
2ec3bf1b93f25ee7d82b0f49c5d5927f,esporte_lazer,58,3287,1,1900,30,36,30
11250b0d4b709fee92441c5f34122aed,agro_industria_e_comercio,28,388,2,3000,30,30,20
f7fdb1768aa2ba6a019449b74810d43f,cama_mesa_banho,63,826,1,1500,43,5,30
1a1607ff3b9bced214efc0a8cdfb2510,esporte_lazer,52,342,4,300,25,12,20
0b0172eb0fd18479d29c3bc122c058c2,eletronicos,53,265,2,150,22,13,15
caaa713799b547352795c831a14f1c3c,pcs,60,1949,4,2600,16,31,39
0c9ff9d8ed9b9bdd825487b3a66e05f5,automotivo,55,620,1,7225,61,13,61
a5215a7a9f46c4185b12f38e9ddf2abc,pcs,55,3632,4,2800,16,31,39
2d4910ed534d58d6b37408bb5bd46c0f,utilidades_domesticas,55,419,2,13100,80,20,33
2d7bc40a076687ee0ad5b507ecafd4f3,,,,,500,16,12,11
d6bbda35f0b8505c2f824f1d90295855,brinquedos,45,317,5,250,16,7,11
24908bd1bd10700a84f4fd551a3a52b4,cama_mesa_banho,45,530,6,950,30,20,26
cc971e0365873137b8bef2ebad633e6f,cool_stuff,54,1001,1,2400,42,25,15
2d2600c283c0c1af0528fd84c14a2c28,bebes,32,467,2,4117,60,15,49
2948658cb6abc82847412be7201bfc4c,beleza_saude,59,1030,5,3500,36,25,21
28209b7aed95f7c0c9b9806f974a104e,,,,,500,30,4,15
7c1e2b3fa0233e46fb3bcdcb9919a72f,papelaria,24,853,4,3150,53,4,43
5ef5cddf0ad1c5140b02c2255109c31a,alimentos_bebidas,40,862,1,1150,24,8,23
0de1e69dff6f40f9f71be7034a8bb8d2,perfumaria,42,388,1,579,21,13,17
30715b45872148dd5322eb2989228a43,cama_mesa_banho,51,290,1,6050,40,32,40
a4fdd00347db855f614a18bf51606df5,esporte_lazer,43,772,1,1300,30,30,35
ed00c79b26683d1f8d4a6df605efe886,livros_interesse_geral,28,485,1,400,26,3,36
b24af8bca8813bcde4140ff8562f5e47,telefonia,59,314,6,250,17,4,12
6b9cd06d7020fdbbffa996fcf9707b0a,esporte_lazer,56,792,1,4100,30,30,20
ffe75578163d45caa52bca3529cb511e,telefonia,60,818,6,350,17,4,12
71b3b750619385c825054d16cd9584d0,moveis_decoracao,37,478,4,4450,34,6,28
5a419dbf24a8c9718fe522b81c69f61a,cool_stuff,53,537,2,1800,34,5,34
bf44071ef18f5c9ded039681c68b1996,bebes,51,340,2,6050,45,25,45
19d1f95608edf8246e8891c90d9b211a,cool_stuff,51,458,4,1100,36,24,16
32252579a719da7dd2ee115f07dfd03b,informatica_acessorios,59,501,1,867,30,17,21
7c68e7297c7df2535c9f0dcd61007f64,moveis_decoracao,63,361,3,300,16,5,11
0a8f26369822d83b82d0d3e87908fbd4,informatica_acessorios,41,393,2,250,19,5,13
588531f8ec37e7d5ff5b7b22ea0488f8,pcs,55,3611,4,2750,16,31,39
0da9ffd92214425d880de3f94e74ce39,construcao_ferramentas_construcao,33,449,3,10900,39,12,42
d032d8b0107424eff267d0d1de3b6a80,relogios_presentes,38,630,1,400,18,11,14
6daadc7e6029cf01762f941e488caa1b,brinquedos,44,1384,5,6794,38,24,50
d322eb25f02924adba73e58dbc36b29c,relogios_presentes,34,494,1,300,18,9,14
788a4c7f064e9ac6d3e9900512825aa5,fashion_bolsas_e_acessorios,57,463,5,900,30,10,30
e06f99e79036d681effa3de75989bf22,relogios_presentes,54,257,5,200,16,2,20
91b08d34d0ba4db44da2dc382867ba49,telefonia,47,137,2,100,16,4,11
fb2f2ec90b4ee90ad257bbf89d01247e,cama_mesa_banho,44,629,1,850,16,10,16
6413f7a28e149a324c4a914000399fb2,cool_stuff,53,629,1,975,37,31,17
8e93bf2cbba0420f166afa0c797525b0,moveis_decoracao,39,94,5,450,16,5,20
3b2171e2d0d589efd2eb579ced25dc80,livros_interesse_geral,37,2118,1,1550,17,18,18
b17808303e15dd50538c011b44295427,cama_mesa_banho,56,502,3,1050,23,93,118
15c2f1db81672725401439acc4872622,utilidades_domesticas,39,403,2,2500,48,10,35
e5bd04e8e3cb77f1a49404d588d3e528,cama_mesa_banho,46,348,1,600,26,2,20
90aaf7f993470e411207adabf5b998b6,informatica_acessorios,34,1727,1,50,30,30,20
16241e79b047426033194065d8b321b2,moveis_decoracao,57,526,2,400,18,19,14
90ecafcda7c811f567aff494b2981812,automotivo,30,209,1,123,18,13,17
b273b6db0baa191909f11d3bc4d44144,relogios_presentes,39,622,1,340,18,9,13
913580fde3e72c3b3e4ce0b79963bee6,telefonia_fixa,53,318,4,100,16,5,13
31d976f5306d3408e3d41d670343495f,automotivo,58,1063,3,2600,25,15,20
0a57f7d2c983bcf8188589a5fea4a8da,relogios_presentes,33,932,1,396,18,11,14
99b89f140f651db441848081814dd1a1,informatica_acessorios,32,296,1,1000,24,25,21
8049d38dde63e0ca96af1e9511d4727d,cama_mesa_banho,59,628,3,3650,49,18,41
ea260f972b87224bc68cc0c605e915fc,relogios_presentes,44,170,2,343,19,22,20
7d854ab97c64ef9df2bbfaf332765786,cool_stuff,44,598,4,4100,89,4,42
4b6b3a7072d549354c3743dedbf4170a,relogios_presentes,60,160,3,350,16,2,20
845968d70e40e2ceece1bc1d3f5812d7,cama_mesa_banho,60,389,1,400,16,10,16
c94d19d021d4a8fbae5a45f904aeea90,moveis_sala,34,612,4,9750,27,15,92
11f97b0fc032508935ea374eadece168,relogios_presentes,55,1057,1,350,28,10,18
8ce0b48cdcc4b753ae4de64497998338,telefonia,52,1371,2,600,18,6,15
6d9c13461ff3d5e84455aec235969d23,eletronicos,30,361,1,200,25,7,16
657247f6f60543b93e3cc708a8e6329c,malas_acessorios,53,526,2,18050,75,20,50
a7c73814e6894bc049f7aac7d37f7175,telefonia,54,883,4,300,16,4,20
b4f9530c931398e215242293c2c8ba4c,telefonia_fixa,59,1542,3,283,20,9,15
3bf56e26b61ad28e0d04d2278fcb7ba8,papelaria,59,505,2,548,20,16,26
9f39e03276af0a6bbf2459ec383a19e6,livros_interesse_geral,46,3833,7,1200,21,4,14
55ba658d5c2f0b1f118f98c36fe3fa04,brinquedos,63,2136,1,200,16,2,11
c46c87888b081cf424913fd74b9b6e87,beleza_saude,40,183,4,450,27,11,19
1f411e9a31196b71ed8438c8254b858e,pcs,54,1053,2,11850,50,50,25
aa96d291abe7cd0000c25e34bc8ed316,utilidades_domesticas,53,679,1,250,16,2,11
fb86f051bd8a6ca06751de557e686c33,cama_mesa_banho,54,665,1,800,30,3,24
1dec4c88c685d5a07bf01dcb0f8bf9f8,automotivo,44,982,3,17600,49,49,23
9f1c3e71d56894398a42b050b07f1baa,cool_stuff,25,176,1,163,17,11,13
b77ae16cc8f67cd1c0ec781d5bf4da2b,cool_stuff,60,594,1,2050,42,25,15
34157b9ee376927e58c66e9a69cc8704,pet_shop,48,701,3,850,45,30,30
cfb763496d9fc48751a27db4fd02aa2d,cama_mesa_banho,38,168,2,350,25,9,19
d952c09021388fd5b1e5f914f559fb10,telefonia,32,366,3,75,18,3,12
a7d756e8f7c4b7e5b679e248a57d91ec,fashion_bolsas_e_acessorios,59,340,4,150,16,6,20
c96dae58447b1aade5e8a7e28a87a31a,cama_mesa_banho,52,595,1,1323,37,10,31
44a6e4ecf7b48f87481c243383b1c4cf,beleza_saude,51,1278,2,230,19,7,13
0fce35c0b7338bda3e52e2389f0c0762,moveis_decoracao,61,157,9,3450,41,15,25
192a8231d086772443a86cb5e2746017,pet_shop,59,807,1,9167,58,47,60
678f2ac714d00eef5ccc48a9b25b2fef,beleza_saude,35,751,1,200,16,11,11
0d8c593f5408c0e5d59f850bb0a7b499,utilidades_domesticas,44,268,2,28250,90,60,33
69e8f74916646e186145f5648840ea9e,ferramentas_jardim,45,1174,1,8950,60,32,28
8b1c8d92f0eece60d9b05532d2b88184,ferramentas_jardim,53,267,3,14250,32,90,26
ae7d8348fbef50928a680454fffbca00,esporte_lazer,30,682,2,304,27,17,27
11fb16e86df4d50cd2c289ede0b70f42,beleza_saude,48,1240,1,250,26,18,20
65a487289033740a0a896d72a6f2a1e1,brinquedos,42,69,3,700,39,30,29
e2b9252181ddde232e0bfb68df262610,beleza_saude,61,1337,1,1600,27,10,19
7830940a7e1e18bb7e59e112bca98d1e,esporte_lazer,47,481,1,300,16,16,11
0b230f10ac2cfc4c831b825bf31a5de2,pet_shop,63,1440,3,1500,50,20,40
06c6e01186af8b98ee1fc9e01f9471e9,informatica_acessorios,53,144,2,200,25,5,15
8d0bda0e4b386849210b1210ecb1a7fb,beleza_saude,58,870,4,1400,42,12,11
b9f75330f0582e2e33c3ea72ae17f499,ferramentas_jardim,50,298,1,600,25,7,11
ba9f160a6ae1c23f25d690fd06fe4fd8,brinquedos,56,707,5,7050,20,62,35
02a99f266fc960423c1186ecbd627804,esporte_lazer,39,720,4,300,22,14,18
ac25e2fbad9f60979fc3bfeda708178b,construcao_ferramentas_construcao,52,1548,1,114,16,12,17
b1688f579e9213539ee21cf15ac4382a,telefonia,60,747,6,250,17,4,12
4bb4fb9c85785b75ab4f6559900c7ca1,telefonia,49,394,2,150,19,4,20
4601231c3480315049971ea0a61d3839,fashion_bolsas_e_acessorios,58,410,4,150,16,2,11
6435535083cf42eb1ce5d96f2c4d3482,automotivo,59,679,5,4400,78,4,47
1b8ee158f59c098470fad33f39660964,moveis_sala,32,327,2,6200,55,14,47
d017a2151d543a9885604dc62a3d9dcc,fashion_bolsas_e_acessorios,59,93,7,250,16,2,11
a703f5ade6e4fae527357132230ea778,beleza_saude,57,1271,5,225,45,10,14
5d6bea33648f018dbb563f3a2fab09f3,moveis_decoracao,53,616,1,4000,30,35,30
e1fad996d18315862e15d09446c5c65d,cama_mesa_banho,51,572,1,6750,30,20,20
6a7410f88fe57e3fd4e353cfc04e7b31,brinquedos,47,389,2,1350,35,26,25
3f2146831fb32311f584fd931a0d51ad,brinquedos,36,474,5,850,35,22,15
437c05a395e9e47f9762e677a7068ce7,beleza_saude,40,409,1,1110,19,11,18
aede48631330269f65a8d680de491657,malas_acessorios,45,573,1,1400,48,10,33
a0eef953cb25bc9ae40457e1c3c82946,moveis_decoracao,52,1559,4,700,68,8,13
e8b54d5aeae0ec3077cd89301a9c6023,esporte_lazer,19,548,1,5150,22,3,22
0c94b3b3e297c165f359c7cd62acc3da,beleza_saude,39,1619,1,1600,19,37,25
0a48b93d24c0c87253c73da8cb8c2e80,beleza_saude,36,337,1,514,17,16,13
bb936e22237d5ec143263050cd705132,bebes,32,572,2,700,59,27,11
af4ac0dfebf1f96903c52fe25a51e6d3,automotivo,54,646,5,1350,60,8,33
10f75f0d9616ccb68feb85e06535efcb,bebes,30,875,1,1350,44,6,36
c211ff3068fcd2f8898192976d8b3a32,cama_mesa_banho,58,58,1,200,20,2,15
47f699d9462e071f977f612be2b5b67a,beleza_saude,44,1400,3,1350,41,21,23
efa490145b5cc82438b6a6de691535fa,informatica_acessorios,57,938,2,500,30,10,11
f99e92b9472a8d08d27cfc7e98292b42,malas_acessorios,57,1230,5,900,25,50,40
683647534fe73616ae97d91a6ef253f4,cama_mesa_banho,59,980,1,1400,20,5,15
b8b743faa0c9c15594a70b1bc2e78d8e,beleza_saude,56,2257,1,1700,20,20,20
0fc9a9ac471336734e8617de0b3c9ae1,esporte_lazer,58,461,5,1250,28,12,20
817e1c2d22418c36386406ccacfa53e8,moveis_decoracao,37,267,1,2750,50,50,16
c349071c40ca2919f27bd3d6a2fb6fea,papelaria,60,868,1,10150,44,34,21
0d85c435fd60b277ffb9e9b0f88f927a,informatica_acessorios,60,919,1,150,16,13,14
4d69476a7bd01b8eec1c87e60778364c,esporte_lazer,51,3561,1,1600,30,15,30
300469628605afcf5cc9759fb4cffc02,papelaria,58,205,3,250,24,7,14
127d3b28487be63864af02f25333decd,telefonia,56,1568,1,150,18,6,11
3a70556370b28da113dfdd18d2da5413,moveis_decoracao,53,617,2,633,45,4,35
738121d1a5b54545080cef01275446d8,beleza_saude,24,1932,1,400,25,25,25
9f2d98026e781b854b26e7551b263a6c,informatica_acessorios,60,760,1,153,16,12,13
00ae7076313576f94d9107599d79a978,esporte_lazer,38,440,1,600,22,33,16
312fe77899d7627c5c174229fe0324cd,beleza_saude,53,844,2,150,20,10,20
461a85909a0075c82f74d0221f6991c9,utilidades_domesticas,52,1307,3,8450,35,35,35
64d67d69ec57113ff99bbaab62ac1c53,automotivo,55,3357,1,2250,16,25,11
271f1932e906a6f5e59ffbf12cf04e93,cama_mesa_banho,51,1076,3,9800,65,20,45
a42d9c825894f96fc6ed02610891454d,esporte_lazer,57,1176,1,2200,16,11,11
e35b496654367ba8f9ab8974a23331e6,fashion_bolsas_e_acessorios,54,267,1,250,16,10,12
27fdfad2c6a8f91606eb41ea396785c6,eletronicos,39,410,1,200,25,7,16
8adeb1032429e0cdb52dcc55cd422bda,esporte_lazer,56,206,4,3300,89,15,40
ad88641611c35ebd59ecda07a9f17099,,,,,450,16,7,11
0a5a41c678bcf81e041826bb24eb0b01,bebes,55,1627,1,750,20,13,13
5ddd4525c6d0fbca9dc118056fd90d61,construcao_ferramentas_ferramentas,40,473,1,570,17,10,17
4cfb235f669979ac1f6a7f9705c1ee81,bebes,40,1415,1,3013,40,21,40
4664618690073e2ceb889d9d8c465a93,utilidades_domesticas,56,728,6,250,35,6,12
7e441b33f896ba519d58063f4c714bef,moveis_decoracao,51,372,1,300,37,15,27
2cf9ec82c2ca858baedfb2c2e5c06b6f,utilidades_domesticas,60,236,1,100,21,9,13
0354c6a8cb8961e29b70e564b93861fe,ferramentas_jardim,59,2407,1,400,38,10,25
d730058d1bde41dd32e054abe2fe015f,cama_mesa_banho,60,327,1,2800,45,15,35
1fe8e6e01596885617fa1c90d29c2f81,beleza_saude,41,1049,1,750,30,10,17
9db0afe3dcd2942f8bef6f7195b9a2e1,utilidades_domesticas,60,1382,4,9850,29,66,29
eb7fae76f525c0a4af365291e609685b,papelaria,60,786,3,1300,26,33,13
41db6d8062fcd38410c699743ccc0265,telefonia,49,1438,2,125,19,5,11
e2998bdeb405a823c497b3ea4e3f263e,beleza_saude,52,1952,4,300,21,6,17
0573b564a90d2d9f9c460eb963da8c33,utilidades_domesticas,47,748,3,23700,69,39,17
008cff0e5792219fae03e570f980b330,esporte_lazer,59,1735,5,1550,40,20,20
e500a9395078ba5b59387db0dbee0063,musica,60,1862,1,200,16,2,11
c9c455f9fd8ca66d3ff7f90a249753b4,esporte_lazer,63,1599,5,500,25,14,22
425db55cb3b0f5b18a2d9964da31c3c0,papelaria,58,850,2,450,25,15,25
ce066f4a83649651549d717c9b566816,esporte_lazer,49,831,1,2300,20,20,20
8b50377e6ef3606c6e606ca0289d5f34,telefonia,32,184,2,200,25,17,25
a5ae8400fc9fcacd4af585a57bbf264a,pet_shop,57,747,2,1150,40,20,30
a29c670cb6c4fb685d04410dbbd6d5b2,instrumentos_musicais,39,750,1,275,18,4,18
20518c6950587eb5e8f02dad2fa0d685,market_place,63,1652,3,200,22,4,15
fc6ba6bf4b28fdad575e27b56cafe176,cama_mesa_banho,39,729,1,1150,20,30,30
067e1aaf685cc3da73e97a0abf22561c,brinquedos,50,854,1,200,16,17,11
9453bde60c4ee52155c963641736cfc5,beleza_saude,44,1056,1,750,30,30,30
938f95c14baec1a1fd57ce55ab5a8af5,moveis_decoracao,58,1141,4,1400,28,21,23
04601b648d7d2dcae6e285a41e276a3f,brinquedos,57,328,1,1775,31,21,21
39ec33e08b0f9ffb9767b819f8588361,esporte_lazer,51,830,1,1600,26,26,26
81e7937893af4703d4d14ca3e3765b59,bebes,50,1223,1,500,30,6,23
ec1faa2edc27ce32372fee59d1f9e969,perfumaria,57,571,1,200,17,10,12
f343690217692891e7a092d5c1e5eef7,beleza_saude,60,344,2,250,16,16,11
c22ae79dc52790933cd1b5e129b893ee,brinquedos,43,538,2,850,35,10,40
6e4abd8bd0f6bb6b4eadd011199af836,pet_shop,42,561,8,4000,35,30,20
5c6a3e484e7aebf406c2045718dea406,beleza_saude,49,451,3,1150,42,11,12
296160f1474264a2f1d7e738b999b93c,telefonia,50,2880,1,600,21,11,13
913803e9e4b81c3fed4841cbbfdc59fd,esporte_lazer,54,379,1,3650,14,16,12
0152f69b6cf919bcdaf117aa8c43e5a2,cama_mesa_banho,40,116,1,250,40,4,30
0b3f6a2323c814e1b19fd44838c160ef,cama_mesa_banho,52,642,1,550,16,10,16
6a595ba787e397469b1a147508f361a9,automotivo,57,1553,3,500,16,21,18
8317b177579dd27ff068b83205e2169b,cool_stuff,43,465,1,400,18,12,14
d1aa53582c132a7a0ba01cc331ab573f,relogios_presentes,44,755,3,925,24,12,22
e456721fdab66b576664c035ad183965,fashion_bolsas_e_acessorios,31,125,4,150,16,9,11
07bec813a5d182362436950e43ae1a8f,esporte_lazer,50,529,2,150,20,4,12
88f608e85fd33226d6fa5e15d9748d92,eletronicos,59,1302,3,500,16,8,11
84f5c4f480ad6c9998d6a6860f1a2e41,alimentos_bebidas,56,963,1,1100,16,15,15
eac61d05154fde75066aa2e1758ecdb1,cama_mesa_banho,47,741,3,650,28,8,22
b7387e83ca44d99d804ba967c492219d,utilidades_domesticas,53,1510,1,700,23,23,23
5526b1ae9ab2688cf600783cece249df,informatica_acessorios,49,385,1,200,16,16,16
ac8af924237ed4591dc8d9b8c6a935f0,perfumaria,41,2282,4,6100,30,40,30
89e4362d74afa10ac57f8d67210132a6,fashion_bolsas_e_acessorios,30,219,1,1870,27,20,29
832137af5164ffb89cf407d686aa2d0d,eletrodomesticos,58,2439,1,100,16,2,13
99c22bb8e56dda8aa0e021be31e8663d,esporte_lazer,47,906,6,4425,42,26,31
b1f32fc9713cf8c0813fff7c9c8262b2,informatica_acessorios,46,644,3,225,30,9,23
cd23f8469a90c62d99eb9bf8ad74fed1,moveis_decoracao,63,443,1,4000,45,15,35
4579e87cfe02f4b4eaabb298a254a5b9,relogios_presentes,48,640,1,250,16,11,20
aca11cfc608a458947b3038e5e70312f,utilidades_domesticas,58,668,2,700,25,15,60
540a93038cc8b4c42ef0821b2cf067d3,moveis_decoracao,60,375,2,4800,20,50,40
1b0fb6d6a05121d4b76a49f44c2c427b,moveis_quarto,41,541,2,10750,93,63,11
f788dd44fc883f0664693a6dea50437f,brinquedos,42,53,3,600,40,10,25
d87a746a8c32da19aabdddac8b632877,telefonia_fixa,42,309,3,100,19,3,11
632ba0c3ace598871c24c49380796d57,informatica_acessorios,51,1245,1,2950,18,25,18
f33a17471b6e603085c4a0ccd48ce19a,moveis_decoracao,57,2434,2,3000,69,11,11
cd66fdcc09793a54b109fee14eee72cd,moveis_decoracao,22,792,1,600,16,17,16
693a4eef562b75a833c7ffbc3ddb61dc,fashion_bolsas_e_acessorios,55,405,5,150,16,9,11
a7d2c99f1d0e7ddfbce06d48f12b61a2,utilidades_domesticas,36,405,1,10100,40,20,30
177d3d5bb9d4d29222a222e3b3554f41,papelaria,59,241,6,7550,60,20,29
33731b575da5eeaa98cd7c30b2c5c2e0,ferramentas_jardim,47,1506,4,700,20,45,20
c2fb26742f8484dbfe9a8d70bdc54025,informatica_acessorios,56,123,1,100,60,16,11
573722511f4fc28539f3d8810a50ea1c,moveis_decoracao,58,1969,2,350,69,11,11
7d50930301709838d8e90dcac5cfaa84,esporte_lazer,59,254,1,1650,40,45,25
12760bcacfaaf1457bc36e601e26dc79,utilidades_domesticas,42,991,3,200,30,10,15
0a540d39a147c5937238e5126403c892,automotivo,59,473,2,300,25,25,25
079189201e6c6f0b0f70d118fff53fd5,beleza_saude,36,1331,2,450,20,6,13
bd8c0934082247e8c53c9b8fe35a4dad,relogios_presentes,37,277,1,483,16,11,16
da662963d06871d0e88300f9c6df43ee,informatica_acessorios,46,274,1,975,36,15,15
4f1a7a45b6d43fa7e4958e013923d9e5,instrumentos_musicais,41,802,2,617,31,9,31
b9311d581f5f341576a5a2892168355c,moveis_decoracao,29,257,1,10250,36,47,36
31c47aaa5775c3b8eed73650e59586a6,relogios_presentes,60,733,1,300,16,2,20
b4b817e5f2c4efc8253b4b679c653847,cama_mesa_banho,37,1049,1,2150,26,26,23
79a564cca1924553af76d396bf7c0662,malas_acessorios,32,431,2,483,24,25,29
3dd2a17168ec895c781a9191c1e95ad7,informatica_acessorios,48,894,1,533,22,11,20
c1488892604e4ba5cff5b4eb4d595400,moveis_decoracao,59,426,2,1400,32,6,28
0dcbc0d012d42719216ea7dff6b90a6f,brinquedos,53,1047,5,1700,28,50,24
99aa268744e2967e0ed6d3b22a38eff2,esporte_lazer,48,1700,2,750,59,14,12
10070e29929f7c7d609ee3201f236b8e,casa_construcao,44,421,5,1250,23,30,15
c181ddb9a0403b7f2010870a988a61bd,cool_stuff,50,418,1,1632,30,20,19
8d8426c5adc78437359a25c285959192,audio,17,265,1,300,16,4,12
f1c7f353075ce59d8a6f3cf58f419c9c,cama_mesa_banho,56,162,5,9750,35,12,30
a8a24b2139731e4be5246104224f0633,informatica_acessorios,58,571,1,1083,35,22,14
7c6fbb3a5346dfd607386155c6f628f8,beleza_saude,60,919,1,150,22,3,15
dfb92838905ead933a01256a80edc894,esporte_lazer,49,1094,1,7400,100,10,16
c904e2f76d44b7aed8979dd9f63f621f,bebes,54,756,4,600,24,13,18
2aba8009f50472b2eda33e9e2bb3ef6f,,,,,750,19,6,26
5cc3b3b52374e67281fd366c03b57ff5,pet_shop,33,1538,2,850,24,20,24
f7bb503725fb4d7bb55301d5bceba728,esporte_lazer,48,1781,1,400,22,18,12
e59dd207c69d86e890febadc796d1078,cool_stuff,54,850,1,125,16,12,12
2c0722227025e08e761c39159ef0d701,moveis_sala,50,519,5,3350,46,9,56
a62e25e09e05e6faf31d90c6ec1aa3d1,relogios_presentes,58,3006,2,1000,53,8,18
dc9471db933efad7bf0ce685380578bd,informatica_acessorios,49,579,1,800,28,20,42
68b8e52885d1c878e362c8a4d323747b,cama_mesa_banho,53,1065,2,1350,43,8,33
3c794d260ad4b5f507a5d90df23523bf,market_place,63,2200,1,500,33,6,22
db25a58a5da5dfe2fd19f2604491bd27,eletroportateis,52,1074,1,900,16,10,16
4a8c87facc0a20b726d5e1112ff3069f,bebes,54,305,4,1000,40,30,30
6e4918d7c7d1499da5ef7bae5e0cdef6,eletronicos,34,447,1,150,25,7,16
8c292ca193d326152e335d77176746f0,beleza_saude,60,2894,1,200,17,11,15
633ab0ec23c18ed1b64356a25ea7b5bd,relogios_presentes,51,423,3,150,16,17,14
d10f7bc1a57ebe26d5994076f2bfa06b,esporte_lazer,60,1020,4,296,16,20,18
0e34187d4312b97b5e698836d28ed040,climatizacao,50,474,2,525,16,17,12
7040efbf34575afa74e3c6d607336c74,telefonia,16,347,4,200,22,5,16
5a848e4ab52fd5445cdc07aab1c40e48,,,,,400,20,12,15
ba05e2861971098fc7ecd8162c23452a,ferramentas_jardim,63,692,1,850,22,7,17
8569e9a17c2b63e9e6e998dac2dfa533,beleza_saude,59,924,1,150,16,10,16
d04ae06ca1423cdc5bd50d87c0f7c372,eletronicos,58,1996,3,200,17,9,17
1f5f0f003ce8595ad88fb215ec1409e6,cine_foto,52,1015,5,1950,60,15,15
ef79ec374ba852bbced7662285946619,relogios_presentes,56,864,7,350,16,2,20
a50acd33ba7a8da8e9db65094fa990a4,automotivo,53,555,1,4105,67,10,67
8d15106f1709b2a5340c0141ec76144e,cama_mesa_banho,50,218,1,2700,40,15,40
24c66f106f642621e524291a895c9032,beleza_saude,37,325,1,792,19,14,16
6a8631b72a2f8729b91514db87e771c0,eletronicos,54,614,1,100,17,6,11
d2b0f9cd5e31ed47dbf92b157c0cda96,esporte_lazer,46,1271,5,2350,62,10,22
0780ab4d63c3fa0b95d7f17f66a3444c,informatica_acessorios,59,393,1,1000,30,6,16
1468c44dd6c3ecaa8e9b12a8a2a7ed0c,relogios_presentes,37,373,2,300,16,9,17
b7d9db2a8c7f078de2c61f891dc89907,utilidades_domesticas,38,249,3,750,30,15,15
236e1b991bd45b40f2f732a22d39f6cc,utilidades_domesticas,60,334,1,450,29,29,29
1be9a7b25f7ddfe1dfda88b9b64f595c,relogios_presentes,52,724,2,200,16,11,11
f8b624d4e475bb8d1bddf1b65c6a64f6,utilidades_domesticas,46,323,1,2841,40,23,26
83a837a76c0753d44c7c12bcb1b96158,,,,,200,25,5,15
d04bbac48960ecb7ea311b00ca6e1cb7,industria_comercio_e_negocios,52,784,4,11325,18,105,30
14bc0f89b7126bb00dfa6432d85340de,relogios_presentes,30,156,1,550,20,10,16
fe61253e50ad6ee9f1d180da22ce5eef,automotivo,54,2711,5,1050,18,22,20
6f33a4a09ae1180a0ee1ff4682b2d21f,brinquedos,49,426,7,700,44,12,22
9c8d6227bbe62913ca96217005540fda,esporte_lazer,35,274,2,500,25,20,20
010a3a47c14f1295796c08419f32cef6,telefonia,41,285,1,200,19,5,11
4d99fe6463cbc101057f59a2380bf2ba,relogios_presentes,55,407,5,375,14,8,13
abe135ae574a8969994de86975004972,,,,,900,26,18,18
09f6dccfebfa0688abfc1af640b69e61,esporte_lazer,15,328,2,150,28,5,14
e004a3b7f9524967fdb68bb70f850eb0,pcs,57,975,1,13000,28,51,54
f76a9967d2129cda56d7b3be6cb5c9cf,telefonia,58,637,2,183,17,4,12
9b9d1c4bd979b93c138044e032f99780,cool_stuff,56,1024,1,900,44,24,31
8603fd58099e4089e9811dfffe1d5ea2,papelaria,41,742,1,14350,101,8,60
30001d6521e7d5826eb1881050cea7e7,informatica_acessorios,33,1084,2,150,41,2,29
f71f42e2381752836563b70beb542f80,informatica_acessorios,34,1078,2,250,41,2,29
60142008404f92c16972d1cb6dd0e3c8,utilidades_domesticas,58,1567,1,2000,16,20,11
a8557b8cc2880e245f6e7b7dbb0cfb04,moveis_decoracao,32,950,1,600,20,56,20
6e6760cb4ddc324d319cf599ce8a8b89,cama_mesa_banho,26,421,1,300,16,12,11
66421745b3128972e1b0dcb3123e8c1d,bebes,57,346,2,8800,45,25,45
8b5632d7a4f86bd2f1331355305427e6,moveis_decoracao,37,273,1,2850,50,50,16
a0e4eca4b6471171249889c962603472,moveis_decoracao,60,2138,2,3000,69,11,11
f89d2b130b571d24532514dca6fee2a8,eletronicos,41,383,1,150,25,7,16
99d48e31cb95ab20a319faea37066bf0,beleza_saude,55,271,1,350,23,7,15
a30ea5a9dbd95db5a674c4beadb4fb0d,perfumaria,53,369,2,450,21,27,15
6adab229374835b551f6402e0dc53267,pet_shop,56,499,4,1250,35,7,48
4ebab6a2135a2477b657bda38646b64b,brinquedos,38,853,3,442,20,16,14
38dcb9ae53c258cfba73583f9454d721,ferramentas_jardim,63,333,3,6000,38,34,27
70afaf5a0fe1e5947d15e7f3751f390f,papelaria,37,151,1,200,16,10,11
23bcd6822a33df5534f9b290216eec1f,brinquedos,56,708,6,7000,20,62,35
389d119b48cf3043d311335e499d9c6b,ferramentas_jardim,59,341,2,1750,37,22,40
4af813a3e5bc89370ef80fe126542076,brinquedos,43,1433,5,10450,35,45,70
34d6306314a47fe15c1efdbc23302020,informatica_acessorios,38,301,1,107,7,7,10
43f25e2d90564285fb5c94866a5a3287,papelaria,20,346,1,300,16,10,20
cbf065c6b1569d0a2f384856d3f27dc5,pet_shop,39,770,1,3875,33,33,33
554fc36c06624912230e7355ab7be734,ferramentas_jardim,57,406,1,300,18,3,22
0cf13ac73dbcf6586ba63b89dd1f780a,moveis_decoracao,39,398,5,3700,25,35,35
51ce083cd2b9078656a94655ab45b8a4,cama_mesa_banho,60,264,1,2450,41,8,36
f18ab2ae5b32acd3afdaa8c5f96087ec,esporte_lazer,48,33,2,400,20,20,20
81288df52439985f610be64465e53f57,esporte_lazer,53,3189,7,3775,35,30,30
54e5939fcd9ae70ad0f59f612d6d29bd,cool_stuff,51,471,4,550,27,10,15
209fa5709fd95c3fac1edddca1d6c505,cama_mesa_banho,46,372,1,1450,34,12,40
694e58e56c74114ee0628c25f3f26f8c,esporte_lazer,24,290,2,600,50,12,50
f133fa2c8b27d82aab5e1a10df7012de,malas_acessorios,45,217,1,700,45,10,31
27535386be7362e36d9e78c2afb8c0e5,beleza_saude,57,2685,2,900,30,15,26
9eca7d28777e4887c113e775ed3cb87c,beleza_saude,43,1077,1,333,21,19,21
63bfa27a0cee21fd896dc27f58b6d656,eletronicos,59,600,6,475,20,11,19
53ea9da485f6aed8a6f03a85831fe021,relogios_presentes,33,439,1,346,18,10,13
21937020c7e5f15e9ec26ebb88d3c26d,utilidades_domesticas,41,439,6,600,19,16,16
d7390b274771229d1ee9a0fe3734d19a,utilidades_domesticas,52,770,3,1417,36,13,37
1fe1f9dca96414bdc282cddb276db70e,moveis_decoracao,50,924,1,600,17,17,17
b48946c4c9a1d7c81916522d00d6722f,fashion_bolsas_e_acessorios,58,392,4,50,16,6,20
55bfa0307d7a46bed72c492259921231,livros_interesse_geral,43,838,1,550,26,7,36
8b199a0f183f8011403f53356c564d80,moveis_decoracao,48,748,1,11017,40,49,32
d934d5a5c12e50df26c0669f578e2621,informatica_acessorios,49,340,1,300,48,8,20
c0400a62c5019cdc69bfc76d39b1cfb4,cama_mesa_banho,47,392,1,250,28,5,16
84412fdf17ffe7f7b52913a82e73b5b2,esporte_lazer,54,1051,1,1600,20,25,20
9224bdef49ae12098a4d76b8f54d8f07,cama_mesa_banho,46,684,1,1450,40,15,32
de41aaf0880256b515a29b86285a45c7,esporte_lazer,45,1101,8,1100,18,17,15
551e8141f88ef14ec41f77f67575f6f5,brinquedos,37,1516,2,1020,43,15,28
35488a446a9fe259f079ba250f4e2110,perfumaria,55,712,4,950,26,8,16
378bb6601c068c842ca65be6c5e45ccd,alimentos,40,911,1,1700,16,18,15
f2e82987e8acd46815fda8c648580b12,moveis_decoracao,48,2241,2,500,65,11,20
c3798d484fb730f0b5c23af0d5361595,cine_foto,45,150,1,100,16,11,12
d2e1eee81b5ff42f0f1f4693e1182349,utilidades_domesticas,20,637,1,550,17,28,11
1d79cdcf69371b7e6e8ab6831d2c6483,eletrodomesticos,55,192,1,250,27,13,17
a6f74de3ddfbdc9b33885b92656f992b,fashion_bolsas_e_acessorios,39,582,6,150,16,9,11
298532d06986d6132e5222b9362ad942,moveis_decoracao,57,1749,3,2250,105,3,70
9a29b754b7fc0aa8eeb990103fcea4fc,moveis_decoracao,36,687,3,2800,103,8,20
946344697156947d846d27fe0d503033,cama_mesa_banho,55,619,1,500,16,17,17
95882ad7734c1fb14cf538cf382b792d,cama_mesa_banho,58,61,1,1300,37,17,30
4b1bf508b7e2b27e8472c16d7f189909,automotivo,63,1049,2,2800,40,16,40
77f70ac9f5426624db4fb65c4f1195b8,relogios_presentes,47,702,2,300,16,13,13
45d22d06ecb3dc42e91faf0e52c1a8c6,eletrodomesticos,38,134,1,150,18,8,13
243bb58796ed2164b831fb75e1241888,automotivo,43,246,7,300,16,7,11
cd935d283d47f1050c505e1c39c48b67,esporte_lazer,32,658,5,281,30,14,25
f436a5130457df6b73cdb2c12a90ea2b,moveis_decoracao,51,498,1,2500,30,30,30
d581a9097bc2a13adf46bbd864ee0d08,beleza_saude,48,2910,1,300,18,9,12
727a46f0b58a9ef165af9f7ebcfebfa9,esporte_lazer,33,1440,3,200,19,19,19
dc6217e7f9d8c15039ca95b702ce7e02,bebes,38,488,1,400,55,12,40
a630323d497e2acc89574e8b792c6936,informatica_acessorios,56,1803,1,420,22,16,16
8bc9dee0f2da0b7ad43095be7ad8414f,cool_stuff,41,1547,2,9200,64,35,35
eed6a6984cd8cb209c954a41fcdb19fd,esporte_lazer,58,1549,1,800,20,20,20
a01d1cbb398e386a4a8f8364401a7584,esporte_lazer,58,757,2,500,50,5,30
30d55419015a4d9c2ca68586923d5a9f,utilidades_domesticas,56,509,3,300,21,16,15
377d0ea8bb2c8365af0b1519223d324a,beleza_saude,58,456,1,150,16,7,11
8f6e596987a0b45c0c2b2e938aa89a96,relogios_presentes,53,410,1,650,21,4,19
f95d9369ebf76f811194c72bd22ff244,moveis_decoracao,60,1152,3,3700,45,11,65
290bd89e961af9ea5a733bc477c50355,construcao_ferramentas_construcao,58,511,1,641,21,12,17
428f4b96ba9f630e761b333673039ae6,moveis_quarto,37,559,2,10750,93,63,11
b82b4d3344aef4d70bc9acfc8a5fe2de,informatica_acessorios,50,1107,3,267,19,18,17
9154514352d1fa2118cef7a94f364687,papelaria,59,316,2,5850,38,30,28
9d364fec2ac9a80f64bae58b5c034832,utilidades_domesticas,57,1416,4,4900,60,15,36
060c17562f97e5bb60bc0dfa4dd5b3f2,informatica_acessorios,40,675,1,150,18,6,14
362b773250263786dd58670d2df42c3b,esporte_lazer,51,2526,1,200,16,16,11
df371be2e5f40ffec4285926ae7ebcd1,fashion_calcados,57,655,3,1150,22,9,22
1412c0124f6acb78a0a1023ea5e82c88,perfumaria,46,409,2,500,37,23,24
e28e0ee4dffaf8ed5508c35aaf1d0d25,brinquedos,48,167,1,200,16,17,11
74bb93f0c5192fc10b1c78acf5d7b21a,utilidades_domesticas,55,606,10,650,28,17,28
8a443635fdf9759915c9be5be2e3b862,cama_mesa_banho,58,189,1,1400,46,2,36
d934b48db429df3e1f8af7e7368489ee,bebes,51,862,2,500,28,10,32
9c3e030eb36047b2a7610a613b945642,malas_acessorios,39,855,1,550,16,30,20
228f57b1acb5bdce9401c58653c8cc14,relogios_presentes,39,542,1,433,21,12,16
e8b61f78db501ea0ca45677d1ca27de2,brinquedos,49,120,1,400,50,10,25
ad53b56bfd80cb8adc160a3deaa239b9,telefonia,53,2178,2,500,23,7,15
c85df3adf4b059fd3292eb6530c9a598,esporte_lazer,29,282,1,300,20,6,13
c4baedd846ed09b85f78a781b522f126,ferramentas_jardim,58,1893,1,5950,20,20,20
2b10e945dae5434075c8bb2be0d17325,cama_mesa_banho,60,233,1,2950,46,8,38
4c55077cfe05007e8051304d1b721343,beleza_saude,63,751,1,300,16,16,15
a8d2c5e8f29550a539f377d977f10a52,beleza_saude,43,1263,1,225,17,8,13
77b544530b2a38fff1b3af62cfe355d8,malas_acessorios,52,1472,10,1000,30,15,15
7eb2e1637a623d3491843dff3bad4836,utilidades_domesticas,60,943,1,11300,32,75,32
bcee6fd62c36b571fc4522eb3aa7138b,utilidades_domesticas,45,1250,1,5900,35,13,55
7fab1a1472fdd934397068931f63f3ca,brinquedos,53,200,10,600,30,25,20
6f3ec6fc14615aaed51a2e900868a3cf,,,,,600,20,10,20
6109d0cae3bcb57d579bc0fab6e61814,malas_acessorios,45,573,1,1250,49,10,34
6b61c9889ff5ea54a786b54fff36251f,informatica_acessorios,58,552,1,255,19,15,20
ccc61dc31608c5b78cf0cbe85582fb77,papelaria,49,328,1,600,16,4,11
8844bd4b8ca8f93603694ca2bceb77e9,beleza_saude,49,1513,3,900,33,17,12
243332c5551ef72c46bb6885fcaaa848,beleza_saude,55,2221,1,2000,30,12,16
21a95b5525c6d658ff4e5e1b50f7c02d,brinquedos,24,318,2,650,18,25,19
af2d506fb01b724e03591349ad36b67e,bebes,55,1681,2,600,20,13,13
a8cd3c264c6b406a06a23ace0b16fd9a,moveis_decoracao,58,2110,3,1250,69,11,11
141807ad4a13efebac9bbd9609137182,artes,59,1030,1,650,26,30,12
a794505b7d66eea7dbd7d5649881ffb1,automotivo,60,174,3,9050,60,18,50
e3e6b07f8e08fc8862ab0fcaf76dbde4,construcao_ferramentas_construcao,59,342,2,150,20,6,20
9251443819682703b07d22f78d20d603,fashion_bolsas_e_acessorios,56,1427,1,200,16,2,11
db7f3f42ccab32fa6328b3063b278bcc,consoles_games,28,919,3,300,25,5,24
b1d207586fca400a2370d50a9ba1da98,,,,,350,16,4,11
0bbdc963004d9b2fd3427ee3c5ae3608,esporte_lazer,31,1479,3,150,23,7,12
17878434ca0082537806de545c2f0351,informatica_acessorios,56,287,1,250,16,16,16
3af242f6518c23ebab15619fdc356e43,bebes,41,1375,1,2478,40,21,40
c13a9b9907f209adc406f480a2528c81,consoles_games,45,308,2,200,25,5,15
8cc4fe56312075f8c29550fcd66b0fa9,moveis_decoracao,44,1460,6,350,35,2,25
146e38440bfc14b0d923856ddac3709f,brinquedos,42,1109,2,1300,16,35,58
159dc4423e5092c3baa443379a458fa9,beleza_saude,55,1165,1,1100,37,12,22
093f502d13b400c7acad57562017a149,cama_mesa_banho,53,2120,1,1700,30,23,11
73326828aa5efe1ba096223de496f596,alimentos,32,1392,1,330,20,15,16
6bb1532261d0a1b244b21ed4aab982bd,beleza_saude,46,1140,1,150,16,12,20
bdcf6a834e8faa30dac3886c7a58e92e,beleza_saude,26,394,1,1614,31,16,28
a855248349fb73a158bae22b79ae955f,moveis_decoracao,53,752,1,550,20,15,15
95c40b993a22463c83beb5c51a03d46c,informatica_acessorios,33,1084,2,200,41,2,29
e0b0974d4a06e6bd75b1412858f39da3,utilidades_domesticas,63,923,10,2900,37,4,31
6baa004ae73ded1fcdf0e1f153bddf20,relogios_presentes,52,201,7,150,16,2,11
062619359d5f9a664606cb2a6ccb477a,beleza_saude,64,1394,1,2000,20,20,20
6b80b94c131c21e8a80f8139fa458329,eletroportateis,54,360,1,16900,37,65,37
ed647aab9859ee8a1e0dc6bdb6f4ba0b,brinquedos,60,1309,4,9800,51,29,38
6f1b3488c5314b527201978357a8d85f,telefonia,52,1487,1,343,19,13,15
cdd0b7472213e44df3b48e96f8deee74,relogios_presentes,50,840,2,150,16,2,11
3d73c88390adac7dd50fffe6c00f1022,automotivo,50,571,5,1850,33,27,26
844c6d466a0b3ae37536094e43dc4522,telefonia,33,315,3,100,19,3,11
8b4fce794ecf29ba27991bca325c5e2b,informatica_acessorios,58,715,1,1050,34,11,16
3c79a7c125a368407bd03f3d8b0c4d25,cama_mesa_banho,58,287,3,1550,37,23,35
2ada8214e59b86de70b03d8f03894c93,beleza_saude,57,858,1,300,16,16,11
bb90206fa281c20f0b4c42a2393b54dd,informatica_acessorios,39,72,1,875,35,14,14
f821142b81bcee787d6383b5c384d37d,moveis_decoracao,42,1644,1,1100,35,25,25
35afc973633aaeb6b877ff57b2793310,casa_conforto,56,176,1,1825,53,10,40
bbc7e843b8e76cabfe107ad624cb2e7a,climatizacao,40,973,1,8800,56,18,33
135679c12dc580ad4a0c87b494a46942,utilidades_domesticas,37,255,2,600,25,15,37
6cc44821f36f3156c782da72dd634e47,cama_mesa_banho,55,273,1,1050,38,10,38
05a9dadb8402b6b7ae3dd28f7da187b5,informatica_acessorios,59,3314,2,2950,20,20,20
0d4e8d3f34ece63cc5132237ccfc0241,papelaria,36,153,1,50,16,6,11
8873909eb9409566f9d5a6d47c4d38c1,beleza_saude,49,232,1,265,19,18,16
49eeae59754cbcf1abeeffb8f51184ee,cama_mesa_banho,49,1077,1,1575,26,21,23
bdabd28372ee8e7e7b3a825efd22a8fe,telefonia,59,678,3,150,17,8,14
53759a2ecddad2bb87a079a1f1519f73,ferramentas_jardim,58,340,2,1500,30,22,30
8feb43a054893da80044ad0f693fd0ad,eletronicos,37,368,2,150,22,8,17
74d7448191f6e492834de7fe6dd952c2,beleza_saude,48,313,1,4800,28,28,18
08713ad044290890b1373e1bedc8464c,beleza_saude,54,221,1,200,18,13,16
7f72a8900b3d2fc8fa2635b7836d6e6e,brinquedos,38,571,1,147,14,10,12
42a2c92a0979a949ca4ea89ec5c7b934,utilidades_domesticas,41,799,1,7000,26,47,27
fb55982be901439613a95940feefd9ee,papelaria,52,211,2,7000,60,20,30
fe8b0ea4a95d3a6488d8e23b41720e46,bebes,32,589,2,450,55,6,19
ab481d9ef0fb9cab12778cdf56564ff7,fashion_calcados,57,404,4,1400,22,12,33
0eda6e310c91549299a2f97d0354f7fb,beleza_saude,34,905,2,450,18,13,13
5adb6a6b7b1be0e0d89a7b15d1f83251,casa_conforto,58,561,1,150,16,4,16
8d0e7a8e1b1fb5343135045cb7c21542,,,,,1800,26,25,47
3e7ca2ff3d372303c5773c8018746fc2,bebes,36,428,1,183,17,14,13
a6961c368e99bfa3e39fadf7530d7ea1,cama_mesa_banho,57,1137,2,1250,30,10,30
f35927953ed82e19d06ad3aac2f06353,livros_interesse_geral,39,724,1,450,20,20,20
72d135605b8f0dd92505c47ca12157bd,beleza_saude,44,1449,1,200,16,28,11
196616257eff8bc851dc4fc041cbbbe9,moveis_sala,32,608,2,9750,27,15,92
dd0dcee76f9c12fff4bc0eb641d57c7f,eletronicos,44,431,1,250,25,7,14
abe6b1e401ce596ad0c493aeedb488a4,cool_stuff,59,260,2,300,17,7,13
373c022e7383e108569b38098f3ed975,market_place,46,475,4,1800,18,65,35
49e4da381c1d39e7df445cb2209e2359,beleza_saude,50,1678,1,1200,20,16,20
83aae8023b8feda53259f63e0ec06390,moveis_decoracao,24,428,8,4450,40,33,20
03e931f387c2dd5b006aecdb12515b2e,cama_mesa_banho,55,560,1,650,16,10,16
b249cf5fcf68f70e13515489f0fcb627,ferramentas_jardim,35,325,1,1300,19,33,13
625d78433e8cc9aadb5a88b4e45e4a30,livros_tecnicos,42,2115,1,450,16,2,23
44be579342e8ba8bbe3d0448d126afea,utilidades_domesticas,20,109,3,550,20,35,20
b0a0c5dd78e644373b199380612c350a,,,,,1800,30,20,70
ed7f66fbbc819ef7aa1894d2c34065f1,utilidades_domesticas,57,567,1,1200,20,15,20
663d6ef343ce527b3548d6a255f89eb8,instrumentos_musicais,59,936,3,450,62,9,23
f25f304f0e7163a29c271960a6704b0f,moveis_decoracao,33,1197,1,17033,101,8,57
905b384ac5667170689505bbf30f1d07,cama_mesa_banho,53,504,1,1600,45,15,30
13f58613ded23f25a9eec9136316253b,brinquedos,54,1482,2,553,30,14,25
878c61936b5c51f321ac165750d97a0b,automotivo,58,300,3,88,21,11,15
72b95452ea4355dd9f749878759c92d0,moveis_decoracao,60,422,1,6200,52,18,35
15b3d4c8373cd64166af5504b49d289d,moveis_decoracao,60,856,1,1400,43,5,30
d3e1006ba3735c0d44160026b6e0ced3,automotivo,53,2805,3,1850,19,16,17
f0146f7e7693b74880d23a452ea03e90,automotivo,60,329,1,1050,70,30,30
6feecc05ee0c88b6194450c8a580629b,brinquedos,55,474,2,1380,38,36,19
9fb7b543084835bfe56b0094501dee9d,brinquedos,36,589,1,1500,66,18,41
582eea85bf06659660e2c6101ead3e7a,ferramentas_jardim,29,443,1,7800,18,18,18
b0c2a004d315a5ba0b19584393ac478c,cama_mesa_banho,51,220,1,2100,30,5,30
5113c9a5037013b0a750444df6dec60f,esporte_lazer,53,3189,6,6050,40,30,30
fa8485bc54eaad5b218cd8081c859568,fashion_underwear_e_moda_praia,39,275,2,150,26,5,18
fa8fb673c7f31e3c35f62de366af764b,informatica_acessorios,54,227,2,3700,33,44,19
aad225c687cc75ba1148d41f2ce414c2,informatica_acessorios,43,390,1,1300,46,7,12
3410cbd7df2130ec3cb9300ef0fe3df1,informatica_acessorios,34,324,1,675,21,13,16
daf9915404caf75fa1717a436b46fa14,moveis_decoracao,63,379,5,1400,33,15,30
feb593f17c2f51af2932dbba3e99f1cb,automotivo,50,361,1,50,35,4,26
70bf4f61950297cf24e18a9b84c3208a,utilidades_domesticas,59,203,1,400,16,10,14
7d1a667dbc183583078324f912d42c6b,esporte_lazer,43,2420,1,150,16,6,11
c1079a63b2984263e9942c44c7ab2da4,pet_shop,53,360,2,800,30,12,22
2636a9812d151c718b53387171ce08be,beleza_saude,52,2088,1,443,21,13,17
7088744b00831b410bd17716cb578f39,informatica_acessorios,51,311,1,1013,30,15,16
9ce4603565c839785b24a7e95e28f4eb,cool_stuff,40,1516,2,800,22,15,27
0bf1dea484fbb8cdfa09e2767ce30574,alimentos,53,225,1,1920,37,6,32
1060d9ab6b911bfce1439c25afcd790b,informatica_acessorios,39,1257,1,130,16,13,13
