order_id,customer_id,order_status,order_purchase_timestamp,order_approved_at,order_delivered_carrier_date,order_delivered_customer_date,order_estimated_delivery_date
b276e4f8c0fb86bd82fce576f21713e0,cf8ffeddf027932e51e4eae73b384059,delivered,2018-07-29 23:34:51,2018-07-29 23:45:15,2018-07-30 14:43:00,2018-07-31 22:48:50,2018-08-06 00:00:00
25f4376934e13d3508486352e11a5db0,12fd2740039676063a874b9567dfa651,delivered,2018-05-17 16:59:11,2018-05-18 01:17:39,2018-05-18 13:02:00,2018-05-21 15:22:11,2018-05-25 00:00:00
77e9941864fc840be8e4b1ba5347c0f7,3135962ee745ef39b85576df7ddbaa99,delivered,2018-08-03 08:59:39,2018-08-03 09:31:36,2018-08-03 10:10:00,2018-08-17 00:49:41,2018-08-27 00:00:00
f376081d7c5f1767fbc7fae2d19ca32e,d68901955dc622165460ba6cb4ac49f3,delivered,2017-03-28 16:03:34,2017-03-28 16:15:15,2017-03-29 13:23:55,2017-03-31 10:07:25,2017-04-17 00:00:00
5c2d1d55c31db1cbe069dc9b6454b897,15bea20cd005ed59d34db54c6b32ec98,delivered,2018-07-23 18:27:07,2018-07-24 10:32:48,2018-07-25 14:10:00,2018-08-01 19:31:47,2018-08-10 00:00:00
556bbf53c2c22fbb9ef31a414dd444a6,5883f965ac70043c2e908c3657c5d548,delivered,2017-12-21 17:43:41,2017-12-21 17:56:24,2017-12-26 16:59:04,2018-01-04 21:56:01,2018-01-22 00:00:00
f175d67589e059cbbda956f10f0702e6,a4555d257db29ef5f838cec4101c5208,delivered,2017-01-05 13:34:35,2017-01-07 03:45:40,2017-01-11 16:25:57,2017-01-17 15:52:28,2017-02-13 00:00:00
884cb4ce4a06390d35206de06f785d13,d19813c8754cc82d0add67df8bd8a38c,delivered,2018-04-03 20:44:15,2018-04-04 03:29:36,2018-04-04 19:12:15,2018-04-05 20:09:27,2018-04-13 00:00:00
bd2623f3663c5daa3f89e6b527fd49da,b7b15ab12fa50616eee696a22f098e07,delivered,2017-01-21 17:08:01,2017-01-21 17:22:49,2017-01-24 07:47:47,2017-01-27 18:12:13,2017-03-02 00:00:00
727412faf7aef5ef3c7e0f03350d80c7,df01594ad086f53bdbbf927198981446,delivered,2017-04-19 13:45:55,2017-04-21 05:22:15,2017-04-27 05:53:19,2017-05-09 09:03:57,2017-05-25 00:00:00
409e4a6eadbdc33f16ccf0bda01eec1f,0e8ada3654b94e0d569b44233db3c9dc,delivered,2017-09-05 18:24:22,2017-09-07 02:44:03,2017-09-11 22:07:42,2017-09-17 15:31:51,2017-09-25 00:00:00
690199d6a2c51ff57c6b392d7680cbfd,19bacb562bd43bd4eaf05b6c0a59dad0,delivered,2018-03-16 11:31:18,2018-03-16 11:49:14,2018-03-19 19:56:23,2018-05-14 12:28:56,2018-04-11 00:00:00
46c22ce0488991c798933effd2b57574,d022cc2c5b40e84f1c19866f337c7a68,delivered,2017-02-06 15:43:18,2017-02-06 15:55:38,2017-02-08 15:48:44,2017-02-20 17:08:04,2017-03-03 00:00:00
31426d292a5d34315a18ac11d6eef7eb,bf4fe999a2d7bc0465cbd817fac3bbee,delivered,2018-01-22 19:19:21,2018-01-22 19:36:36,2018-01-24 16:28:58,2018-01-26 18:59:01,2018-02-14 00:00:00
7845a2492ab1b4f2cf3d56c7b8da1446,386e96046ce0e77e5c9a9a4e818da93c,delivered,2018-01-18 12:35:45,2018-01-18 12:56:40,2018-01-18 23:42:44,2018-01-23 21:51:48,2018-02-09 00:00:00
3ad68235680db3c8a491e0362402fd96,2ae1291d11904be5f9315472cc178cbe,delivered,2018-01-25 08:43:46,2018-01-25 08:56:56,2018-01-26 12:46:01,2018-01-31 18:51:53,2018-02-09 00:00:00
bb90b02637daa6d6ea968529eed50699,cb85fd1337a9b227e49fbcb893babd71,delivered,2018-01-23 10:15:38,2018-01-23 10:29:22,2018-01-25 22:16:03,2018-02-05 19:53:12,2018-03-01 00:00:00
1b00c4d80c81cdbc36487c96c6e92f07,6f392cfb40b84e0857b16c23c773aa31,delivered,2017-05-14 09:36:36,2017-05-16 03:22:50,2017-05-16 12:05:28,2017-05-23 07:52:33,2017-06-02 00:00:00
bb2dfe6031f35f7abc9a3c7dad5e4467,01e0d4fb731e6ee47df3f3f179cc0a0b,delivered,2017-01-22 14:09:03,2017-01-22 14:30:43,2017-01-23 11:21:46,2017-01-30 12:37:55,2017-02-16 00:00:00
c1f0e475378c6500b5907a2134bda1da,5da0ca7784ca3dee567abe4c07800952,delivered,2017-10-18 15:53:45,2017-10-18 16:07:43,2017-10-19 19:25:50,2017-10-26 18:30:45,2017-11-10 00:00:00
47cdb12caf2067098633bc9a0d3679f7,4d833833ec5cc5bb9e6c230820e4bc54,delivered,2018-06-24 11:32:26,2018-06-24 11:58:02,2018-06-25 12:09:00,2018-06-28 22:03:55,2018-07-16 00:00:00
7ab9c55c59eaeea579d047e2d8aaed81,feca0f935fcce79dd42d409d96af9645,delivered,2017-01-22 13:04:20,2017-01-25 02:55:21,2017-01-26 16:41:28,2017-02-01 00:52:30,2017-03-16 00:00:00
6a4b06a2b62d1f2c69cf1f7a4eae074a,a0d430c59b700550f20303fa1d6b2ba4,delivered,2018-04-13 21:18:46,2018-04-13 21:50:57,2018-04-16 23:30:42,2018-04-19 00:34:37,2018-05-23 00:00:00
1c5998a66da200447c5cbb528969a95a,42791e4b0de64923954b7905a4d523c6,delivered,2018-01-17 07:22:36,2018-01-17 07:29:51,2018-01-17 15:42:18,2018-02-06 17:13:15,2018-02-16 00:00:00
fd180ff2363b236f823a4fa8a2a729f1,c8d8df677303b51ceb3ebd595969502b,delivered,2017-05-18 09:34:58,2017-05-18 09:45:14,2017-05-18 15:44:55,2017-05-26 14:45:57,2017-06-08 00:00:00
747996a66f5aa711deb8ae58f5ae46a0,ed1793d2d1e4175d5846ce7ebb4a01f5,delivered,2017-01-05 15:25:10,2017-01-07 03:44:28,2017-01-11 15:59:08,2017-01-16 15:18:08,2017-02-13 00:00:00
97fdf3115437c18e71138bdaa80ec60b,e3c94f7080293bcec3facb041c6d0f7b,delivered,2017-07-26 11:29:35,2017-07-27 11:25:23,2017-07-27 19:26:31,2017-07-28 21:10:50,2017-08-15 00:00:00
92a9ef7f0a0d392c9ad0d5f44e86b4ba,4d8c75952e09254a602a3a059d0ac367,delivered,2018-03-25 16:43:56,2018-03-25 16:55:50,2018-03-27 14:09:36,2018-03-29 16:19:02,2018-04-06 00:00:00
32931b358e8eb9042cf278a4e233321f,a791256150a6975326b329cad239f6f7,delivered,2017-07-02 19:37:07,2017-07-04 04:45:13,2017-07-04 16:08:52,2017-07-14 14:57:56,2017-07-25 00:00:00
9b2fa9acfe395734a133a58bcbfb9776,aeb0c5aea1d62b3e494a86bad308f85e,delivered,2018-04-25 01:03:27,2018-04-25 01:15:08,2018-04-25 13:41:00,2018-04-30 16:03:32,2018-05-23 00:00:00
674b530698f9bd8a9167b30ed86bd51d,aa5dfb0872b3828aa250acb54d387266,delivered,2017-06-02 10:18:35,2017-06-02 10:30:19,2017-06-02 15:55:25,2017-06-03 10:57:54,2017-06-19 00:00:00
947ee6ab639791b5711558a7e55cf98e,92a24fa199710ba33bab157e838a86e7,delivered,2018-06-11 22:04:34,2018-06-12 09:01:12,2018-07-18 14:02:00,2018-07-28 16:32:17,2018-08-10 00:00:00
3860898db238028285b1e05b5ab31238,2fb25213583070dd575f4d64ceb760d4,delivered,2018-07-19 08:45:23,2018-07-19 08:55:29,2018-07-19 14:45:00,2018-07-24 23:08:38,2018-08-08 00:00:00
99c0817d6ecd5fe55d21540917f1f5f9,9ec73448134f871bc7bdfdfd444813eb,delivered,2017-01-26 11:51:38,2017-01-26 12:02:09,2017-01-26 12:33:59,2017-02-01 12:14:10,2017-03-06 00:00:00
e2b405a4cccf1e66eb8d2b73a4bba700,6af12e8e6fdd92d3e49abf9eac301d63,delivered,2018-06-02 09:23:01,2018-06-02 09:35:22,2018-07-04 06:38:00,2018-07-09 18:51:08,2018-07-26 00:00:00
18bb4acb90913593d37049c601660009,591cb16ea1a6d8f7eebd0a349593bea2,delivered,2018-05-01 09:25:32,2018-05-01 09:56:57,2018-05-07 15:12:00,2018-05-18 21:34:38,2018-06-07 00:00:00
164f61f77f7f2a8c90a1e382606d53ba,7b97118bf4df712989568f4b46c0fe88,delivered,2017-11-28 00:06:53,2017-11-28 00:31:53,2017-11-28 21:31:49,2017-12-06 18:03:08,2017-12-18 00:00:00
a9240539eed71e70690ea5a026f9f419,93f44a625d614fc2af27b2bd4ce2874f,delivered,2018-05-05 09:42:51,2018-05-05 09:55:20,2018-05-07 13:55:00,2018-05-11 17:56:56,2018-05-29 00:00:00
30f0086bfe1b046a524f8acf1d3eaa11,0b9a25915090ecc0db112277977fc2cb,delivered,2018-03-27 14:58:31,2018-03-28 02:48:01,2018-03-28 18:48:45,2018-04-10 16:12:40,2018-04-23 00:00:00
c301f64860cec992f8d9c532fb00f867,7cd7d781203890be0d18accf75bd90d5,delivered,2017-10-05 03:54:42,2017-10-06 04:05:54,2017-10-06 17:55:21,2017-10-13 23:35:45,2017-10-24 00:00:00
1ed9fe02b5d745a3397a33415ecd5577,0603e61027d99341d08fa2c64fdf5915,delivered,2018-02-16 20:28:41,2018-02-16 20:46:41,2018-02-19 17:54:45,2018-02-26 14:08:46,2018-03-15 00:00:00
f09d0203a51785e9ba9279607c38958c,90abf5b0ac7c7b7bb763da066ca7e60b,delivered,2017-02-13 13:00:36,2017-02-15 02:45:08,2017-02-17 16:03:20,2017-03-06 10:36:41,2017-03-16 00:00:00
b6b7ebd3ab897684bb22eaf084f8f299,073b17ed858e674f538ce7dc938c8e5c,delivered,2017-12-16 00:46:18,2017-12-16 00:54:52,2017-12-18 20:03:12,2017-12-29 21:12:33,2018-01-11 00:00:00
ed9ddf13b205161d8ca32de15a50a5c7,0c6402878bcf4a5a361d9008210101d4,delivered,2017-12-03 19:38:53,2017-12-05 04:17:40,2017-12-05 14:52:37,2017-12-19 20:38:23,2017-12-27 00:00:00
54ac5ed66a8b2c74a3878d90d805f367,e6ed40b69433d15314244f3ef50bcd29,delivered,2017-04-10 14:29:16,2017-04-10 14:42:13,2017-04-12 11:53:38,2017-04-19 11:37:46,2017-05-04 00:00:00
f3f075558b483bc41012c816ef977100,e7679548f90781fac8359cdbe2e2c729,delivered,2017-09-11 11:51:17,2017-09-11 12:05:29,2017-09-14 21:37:48,2017-09-15 13:15:56,2017-09-21 00:00:00
8da4b52fdefe7256cbe20ebf03ac47b7,550290db9e0772d476e9d9aeea14afa6,delivered,2018-02-07 18:35:22,2018-02-07 18:50:12,2018-02-09 19:38:28,2018-03-07 17:48:59,2018-03-08 00:00:00
69bfec47c3230907ad9552f2f1e0c690,fba1b16ea69f821d782b597f71ce2fc3,delivered,2018-01-23 18:31:03,2018-01-25 02:57:25,2018-01-30 01:11:45,2018-02-06 11:41:56,2018-02-15 00:00:00
33ef079ec39c1b46e6e552e038e67c5b,4a5dc0dfa0d6bb6fee6eac33a4b39d7b,delivered,2017-01-15 18:57:33,2017-01-15 19:10:17,2017-01-18 04:57:56,2017-01-20 16:47:51,2017-03-01 00:00:00
b16a6ea9c85cf3f6644f1529e04982da,1b2e930fc7821a521be8b5dcffa540e0,delivered,2018-02-20 14:06:04,2018-02-20 14:28:47,2018-02-22 22:36:31,2018-02-26 22:22:24,2018-03-16 00:00:00
b86ddd788f0b18de16cd6562b3a9266c,5f9d934496cdd0317bf9d307fa131859,delivered,2017-10-09 08:49:32,2017-10-09 09:04:54,2017-10-09 20:23:49,2017-10-10 20:32:43,2017-10-25 00:00:00
ca28049cbd8e65a6e26834584bb3d38e,c218c0ad64ba488d6abf967e0e346fb2,delivered,2018-02-08 01:34:00,2018-02-08 02:35:26,2018-02-09 22:17:20,2018-02-22 16:33:53,2018-03-08 00:00:00
2582e280d624a46c545db9c09f6cd424,2de12f428569afe73e5e6b1b4e2f8179,delivered,2017-10-24 11:34:33,2017-10-26 03:09:43,2017-10-27 19:51:50,2017-11-08 19:22:14,2017-11-21 00:00:00
762accd1f919295f51f3b39e314cee12,e9185b3210712b4d59df466551941825,delivered,2017-05-29 20:15:29,2017-05-29 20:25:16,2017-05-31 09:07:44,2017-06-06 15:58:05,2017-06-09 00:00:00
9e7298f5bfed83404b628b69f965c94d,839a0aca2e489a773724ca101f3f5c70,delivered,2017-10-17 19:31:12,2017-10-17 19:46:12,2017-10-18 15:14:56,2017-10-30 23:16:11,2017-11-08 00:00:00
dd3d73f70b77e2a07f64360620621ca4,38f1fb4bd44289ca591479b76905cdbf,delivered,2018-01-02 09:45:15,2018-01-02 09:54:22,2018-01-02 17:19:20,2018-01-04 12:41:45,2018-01-18 00:00:00
544b98cbee1fc6152e5ede26e1ef2986,1d7079eccf3132bfcc76f65aa79c789e,delivered,2018-01-07 12:26:36,2018-01-07 12:35:23,2018-01-09 02:10:49,2018-02-21 23:46:57,2018-02-06 00:00:00
fe421e7d38d622aedc8ca97d58771ea6,9bf5b0d90ce42a8216c828b07d44b528,delivered,2017-04-22 08:49:09,2017-04-22 08:55:13,2017-04-24 12:38:51,2017-05-15 12:08:01,2017-05-19 00:00:00
9bcfea969358b43046969a17bfa436b9,a8dae326e70d36bde8a49e2207f1f0d8,delivered,2018-02-22 15:43:00,2018-02-23 15:54:25,2018-02-28 19:34:30,2018-03-22 11:32:53,2018-03-28 00:00:00
3b2124c60aeceeefe963adfc35d0310d,1d00e4153e19570adc3862c093d0d071,delivered,2017-06-02 12:57:15,2017-06-02 13:22:44,2017-06-05 11:45:02,2017-06-13 10:37:38,2017-06-29 00:00:00
610d998ea61935583bd897dd101d0e1d,4c6646f19dfcb0bc05ebccf4ddeb745c,delivered,2017-07-24 19:36:14,2017-07-24 19:50:14,2017-07-26 21:03:44,2017-08-03 18:09:58,2017-08-22 00:00:00
f7a4be4d6edb66bd0e62e91e1bbc9061,30df93bd0e2874646d39d37dec1764d5,delivered,2017-01-17 10:49:05,2017-01-17 11:02:18,2017-01-18 12:40:23,2017-01-30 13:28:43,2017-03-01 00:00:00
844f01e04cbbf8ba9a2ada9f036eb8d2,85edc80a16b4badbc1e58061b6ba26e3,delivered,2018-02-06 20:37:41,2018-02-06 20:51:06,2018-02-07 20:33:08,2018-02-20 17:05:35,2018-03-07 00:00:00
b025ae09d0783f8194ec38b10c65acbd,0634a391a7b3989dda9196f26e6b2242,delivered,2017-09-01 10:50:42,2017-09-01 11:04:34,2017-09-01 20:04:22,2017-09-11 18:37:38,2017-09-20 00:00:00
48152543286e71de6452df5ae4bd069c,a5c00cbccb8ff7ec3bb8715188412b83,delivered,2018-06-18 10:40:20,2018-06-19 04:17:08,2018-06-19 11:00:00,2018-06-20 17:52:02,2018-06-28 00:00:00
db7f34935c2b818933171e61c031695c,e04f1a56c179e5072f239aa83ee0b5c7,delivered,2017-06-09 13:14:12,2017-06-10 02:45:16,2017-06-12 14:19:33,2017-06-19 13:55:47,2017-07-11 00:00:00
9cd88e173978b7414b46e60ddc882ae2,7461f9bc414c8346a6ba180b1fbe3580,delivered,2017-08-27 14:17:28,2017-08-28 17:05:40,2017-08-31 20:36:40,2017-09-05 19:42:14,2017-09-26 00:00:00
5fc156541c3cea8af8784a46dbfcd183,76ebf70a559266867675fc7b0e74072d,delivered,2018-05-29 11:02:48,2018-05-30 10:56:37,2018-05-30 13:11:00,2018-06-12 20:15:50,2018-07-04 00:00:00
3005c05dbcb19ff903a28b5d654bb1cf,b70dd1b7a273c0378edb26d95390f857,delivered,2017-01-25 16:57:30,2017-01-25 17:10:20,2017-01-31 07:27:52,2017-02-02 14:29:07,2017-02-20 00:00:00
eaae5e87592113d14ab25a25bf5105e6,ac2042ae043b8f859f71ff914f863cd2,delivered,2017-03-22 12:30:05,2017-03-22 12:30:05,2017-03-23 08:07:24,2017-04-19 14:43:40,2017-04-12 00:00:00
4e53a913dfd522beb67229c2784dde5b,891d97a0573cb2e4c69db4e87728829b,delivered,2018-04-13 14:32:08,2018-04-17 05:50:56,2018-04-17 21:48:55,2018-04-25 21:58:44,2018-05-11 00:00:00
32219b8b14d2170cb4d16cf24c5d6025,4860f134f8d652b3d93ee94e9d3aa185,delivered,2017-10-18 11:53:15,2017-10-19 02:56:38,2017-10-24 18:26:43,2017-10-31 19:08:42,2017-11-08 00:00:00
7ece3f32d060f91a98d50279ab15ebaf,29d768c153dabfc1ecfeb0c1c389727f,delivered,2017-01-25 01:23:07,2017-01-25 01:35:07,2017-01-30 10:17:10,2017-02-09 10:14:41,2017-03-14 00:00:00
3c5b8e9f31061a7aeb8531216a18606d,d812ff486ec5070d45ce3abff665d5df,delivered,2017-12-29 07:06:24,2017-12-29 07:15:22,2017-12-29 17:22:40,2018-01-05 23:19:55,2018-01-24 00:00:00
09f58c00f941827ab206de7796785e44,7c94da97db6fe83e123f80baab533a97,delivered,2017-01-05 16:05:07,2017-01-07 03:35:34,2017-01-11 15:47:40,2017-01-16 15:43:31,2017-02-13 00:00:00
cec27ecc8324e22e5721ce87471d4b31,5f46e687a5c82cb1eda593739430f16a,delivered,2018-08-16 10:28:23,2018-08-17 03:35:11,2018-08-17 12:10:00,2018-08-24 17:14:34,2018-09-06 00:00:00
5accb23a030458bbfb5eb669903f05b7,e643215d64e8d8f969804bfdc98e50f1,delivered,2017-09-24 14:47:42,2017-09-25 14:51:46,2017-09-26 20:22:29,2017-10-09 20:03:57,2017-10-20 00:00:00
44a10a741d51010c1440fc7337b5ff6e,08185246997b160bfdc98c4804abae71,delivered,2018-02-10 09:25:05,2018-02-10 09:35:29,2018-02-15 17:23:39,2018-02-22 22:04:08,2018-03-07 00:00:00
e35b67f3b9778766f35d9d6e11af1761,df9c907a19d1c599e071af85fcb04f92,delivered,2018-04-03 22:54:22,2018-04-03 23:10:13,2018-04-07 01:18:30,2018-04-10 16:20:58,2018-04-25 00:00:00
d2c902f172e80f22126d53d9ff7871b2,8a320a211ebebf7ce02c6a514f0aaeac,delivered,2018-07-03 20:52:04,2018-07-05 16:33:24,2018-07-05 13:14:00,2018-07-06 18:12:25,2018-07-17 00:00:00
3568894fa3afedc367d3a4816983dceb,bfbe1fd99d9d53a58d06966a0f4eb5de,delivered,2017-01-24 15:59:17,2017-01-25 02:42:25,2017-01-27 07:05:47,2017-02-09 06:28:44,2017-03-01 00:00:00
4b81239fe83a49acf69014a6819d45f7,45b660ceff4b3fb644ed71cec139a81b,delivered,2018-08-15 21:36:41,2018-08-15 21:50:42,2018-08-17 13:21:00,2018-08-29 01:24:47,2018-09-03 00:00:00
b8cd3107b41b1232ec5ccc2958000acf,e7958b1dac84719b0e9250e063421045,delivered,2017-08-03 12:26:40,2017-08-03 15:23:44,2017-08-04 18:54:03,2017-08-25 18:37:37,2017-09-06 00:00:00
8a6687e2edd62edc2b9c1de51234bd98,7c93fdee2bef9805081b51d931b99bc7,delivered,2018-07-02 12:06:33,2018-07-02 12:15:11,2018-07-02 13:47:00,2018-07-10 19:32:05,2018-07-30 00:00:00
4d41aecae7fc035c91789128309fb7b0,66f301b13bbabd16970b1f7a8f4e40ac,delivered,2017-04-30 00:12:14,2017-04-30 01:22:34,2017-05-02 08:11:00,2017-05-16 14:55:52,2017-05-25 00:00:00
4fe2e8b329e56a00aba9b0136b46f00f,0c6e74d3848e590888f197074ee1f5ff,delivered,2017-01-13 11:06:56,2017-01-15 11:05:13,2017-01-18 04:58:17,2017-01-20 11:33:43,2017-02-24 00:00:00
56fdda0cb0aee560cd00b1a571dcb10f,d558a46ba4dd583c224349c628c52c56,delivered,2018-07-13 18:07:37,2018-07-13 18:24:02,2018-07-18 16:25:00,2018-07-24 20:12:30,2018-08-09 00:00:00
efcdad37e7529147a3c3ece422943baf,68ce6b05de7e3b0d5103fb9952c9c959,delivered,2017-11-06 12:09:21,2017-11-06 13:31:20,2017-11-09 20:24:05,2017-11-10 18:24:54,2017-11-17 00:00:00
25dbad31db4b9059dd02d72929578d1c,5512f32e517ea091e4410f66504dad30,delivered,2018-01-23 11:15:44,2018-01-23 11:38:03,2018-01-23 22:14:01,2018-01-26 21:12:49,2018-02-07 00:00:00
fc85b94eb688b0abb29954cf6354c1bc,30618802562d31117ba648da7cf54645,delivered,2018-01-09 19:19:32,2018-01-12 09:31:21,2018-01-12 22:32:57,2018-01-23 22:09:55,2018-02-05 00:00:00
2e931584519b7ebc7b1a445a4f7cd8f1,f33c9d0eaa22a1be86ff276c1516e17f,delivered,2017-12-05 14:32:44,2017-12-05 15:21:26,2017-12-06 18:17:06,2017-12-19 19:18:36,2018-01-04 00:00:00
84135f650b81a3dad8babdef22952b7f,cb3caf08929ebfa13fdcffec28f3cd6f,delivered,2018-06-25 14:34:45,2018-06-25 14:54:03,2018-06-26 13:05:00,2018-07-05 23:18:44,2018-07-27 00:00:00
317bfcd79627d89d54a917da6e066beb,124ea0ac4cadfffc49227a24235871fe,delivered,2018-03-12 09:48:20,2018-03-12 10:15:50,2018-03-13 23:35:42,2018-03-17 17:40:36,2018-04-10 00:00:00
0aa6d207e7ba004eef415715c25765ce,f467accea193ed2a3000f9ea4092820b,delivered,2018-04-15 11:59:06,2018-04-15 12:15:24,2018-04-17 03:34:43,2018-04-20 20:08:41,2018-05-04 00:00:00
2de5b68f713b073b77fda04cb4868443,b3ef2e15b1f2d5598a28e08e3536542b,delivered,2017-12-05 14:10:07,2017-12-06 12:51:11,2017-12-07 18:57:57,2017-12-09 14:07:07,2017-12-28 00:00:00
b6f7267c5de549e8079e23367dafd3a1,e45d7222b87e8b15b377853dba5be723,delivered,2018-06-11 10:26:21,2018-06-11 10:58:31,2018-06-12 13:56:00,2018-06-15 18:18:34,2018-06-28 00:00:00
582ecddc80251f58adb996143e81d6e0,d6aba909671bed4ffb393c2c4a9c1cb2,delivered,2018-05-15 16:13:39,2018-05-15 16:36:05,2018-05-16 14:08:00,2018-05-21 18:36:54,2018-06-07 00:00:00
56ef80c564f6fd57cc662adee0379746,207df7ad3a701cc5f0a232000cca51f9,delivered,2017-01-16 14:24:22,2017-01-16 14:35:17,2017-01-16 15:21:56,2017-01-23 08:56:05,2017-02-24 00:00:00
9f42ba3ab7f23f1ce0a717cfc841a9ab,3c8f71003ac0c80c105ed834fed4f738,delivered,2018-01-10 14:55:25,2018-01-10 15:12:39,2018-01-11 18:28:34,2018-01-19 17:59:04,2018-02-05 00:00:00
418aaa61ff9515614340e03422fed9c9,bc94fe20172cefc3e041019d0192caff,delivered,2017-03-12 14:02:57,2017-03-12 14:02:57,2017-03-14 10:44:58,2017-03-17 12:06:13,2017-04-03 00:00:00
47378b461210a310c95e17323f7dd726,8a5881366c8a17270865c025f0636675,delivered,2017-01-27 05:27:14,2017-01-28 03:31:22,2017-01-30 13:42:08,2017-02-06 15:44:33,2017-03-07 00:00:00
4c3e9e2bce3a3234a9255f390683e3af,9ba4e9572b42c109f0939c3f43eb3e0c,delivered,2018-02-13 12:50:33,2018-02-13 13:07:20,2018-02-14 19:43:43,2018-02-15 18:27:49,2018-03-01 00:00:00
2251c2ae48921e06fee59a7779d9bd47,35d15ec55b747200f78c492b3d9ddd72,delivered,2017-10-10 23:51:07,2017-10-11 01:04:09,2017-10-16 19:22:32,2017-10-17 19:38:53,2017-10-23 00:00:00
f5af86a3bea41e5daef5c06e7a02ad2e,e8d19c7ae749d892ea35e91da2f345bf,delivered,2018-08-01 23:24:08,2018-08-01 23:35:13,2018-08-15 17:42:00,2018-08-20 15:55:42,2018-08-13 00:00:00
8831eaa951f7563404fa3355d0a89f1e,f03c9c80de7a0a901cd92d8507717007,delivered,2017-08-30 16:59:19,2017-08-31 04:31:24,2017-08-31 16:27:54,2017-09-01 18:19:07,2017-09-14 00:00:00
7117ea59ab9bdbf381b1a880eb25b07c,9026aa2a4b854ef18f281eee09434801,delivered,2018-03-14 10:15:23,2018-03-15 03:30:33,2018-03-16 17:51:17,2018-03-20 00:06:33,2018-03-26 00:00:00
aaaf314a8cf0d0da71e52c6cd4184cbd,7302e92da39fdc7fa8b02048113bf5ef,delivered,2018-06-19 16:10:55,2018-06-19 16:45:29,2018-06-20 11:55:00,2018-06-26 21:17:55,2018-07-24 00:00:00
0571cdb407bf04b419c94ffd7acbd874,2ec7666d1077597d4e4ff2116a319530,delivered,2017-01-19 21:24:05,2017-01-21 03:05:52,2017-01-23 11:41:56,2017-01-30 13:24:45,2017-03-03 00:00:00
678b28f078641e74d50be86b4ecaec7e,58d1b021c741cc8728280bbe6d0b3da8,delivered,2017-01-26 18:19:42,2017-01-26 18:30:42,2017-01-27 10:12:50,2017-01-31 18:43:58,2017-02-24 00:00:00
7942099e2f484fd9f80b3bf901b706ea,dff35e4b5a960daa3287033b77b1c965,delivered,2018-04-26 15:16:34,2018-04-27 03:51:01,2018-04-27 13:40:00,2018-05-08 20:26:25,2018-05-23 00:00:00
c2b819b02527dbe8dfe424c00d999e0c,148e9dce3968211ba80e8db0b5b5332e,delivered,2017-12-06 22:28:07,2017-12-06 22:39:32,2017-12-14 01:07:30,2017-12-20 15:22:34,2018-01-04 00:00:00
65e6b525bace662c8db890bd33df5299,41e255383c00b16885a8a46c2039f0dd,delivered,2017-10-03 22:07:48,2017-10-03 22:23:43,2017-10-06 21:11:05,2017-10-16 16:12:29,2017-11-14 00:00:00
032c9c5e050a01a77c20be3989064308,1fb67b763df136bf1a29f1da8eeb128d,delivered,2017-08-15 20:40:16,2017-08-15 22:10:22,2017-08-17 11:15:48,2017-08-24 18:55:19,2017-09-11 00:00:00
4f869174cbff0495e39adbe5a6c4c040,4974be94784b655505e37fdb610a8e78,delivered,2018-01-20 11:23:02,2018-01-23 03:52:41,2018-01-24 00:04:20,2018-02-08 10:44:52,2018-02-15 00:00:00
6639b799469775ff2a696e1bc96b9f58,5abc46c5112594d06d0350a24ec399a2,delivered,2018-07-10 23:46:28,2018-07-12 03:26:16,2018-07-24 16:07:00,2018-07-25 21:21:02,2018-07-26 00:00:00
341dc4ea81fabe7de6af564b72fcf3e2,8a8c2e93d6ec33bb908f101211d78227,delivered,2018-07-04 16:17:27,2018-07-05 16:30:57,2018-07-05 15:48:00,2018-07-12 00:28:33,2018-08-09 00:00:00
822f778d1cd09285df832ee2cf65b83c,1e82589c6c7a1f0d30ecd3e87cdeaf0f,delivered,2017-11-26 21:56:25,2017-11-26 22:12:20,2017-11-29 12:32:26,2017-12-29 20:38:50,2017-12-19 00:00:00
51ceba3ba51d4b4543e7f78e181e0ba9,e7659c6f9fc78ba546ee2b0615258589,delivered,2017-01-23 13:31:26,2017-01-23 13:45:18,2017-01-24 10:57:50,2017-01-30 15:12:57,2017-02-28 00:00:00
67730eb2f9468b8c6eb20a45dd477bbd,1d2a30627555e9f9e4948031b23ae4c7,delivered,2017-05-07 19:13:36,2017-05-07 19:25:07,2017-05-10 04:37:52,2017-05-17 15:06:41,2017-05-31 00:00:00
2e98befb6d10b5b83de9d9b4a6f836f9,aa49e266efa5eb9965b01ecd940833c3,delivered,2017-10-16 11:39:32,2017-10-16 11:56:15,2017-10-19 17:57:50,2017-11-08 13:37:02,2017-11-16 00:00:00
26a4525518bf2e891e2cdffef0742346,9ba9c35fa0972a58c9397672fd9e0111,delivered,2017-09-20 17:12:10,2017-09-20 17:24:19,2017-09-21 13:52:46,2017-09-30 01:05:52,2017-10-17 00:00:00
21733cca729d55bc70908258a2e90984,71d8b370aaeded50c1c23aee760f79c0,delivered,2018-04-10 21:18:14,2018-04-11 14:49:58,2018-04-18 16:28:31,2018-04-20 17:02:43,2018-05-07 00:00:00
a75677de97d29dd137bd7779428d9aa2,51620c2de1a1f0ef6e6ccda2b0c1ef11,delivered,2018-07-01 14:44:27,2018-07-01 15:09:56,2018-07-02 14:07:00,2018-07-12 17:19:26,2018-08-01 00:00:00
67c2939389900ee5ef95296df8691336,ac9333a0622593a2af3c26cbec36576c,delivered,2017-10-26 22:54:02,2017-10-26 23:06:07,2017-10-27 18:49:44,2017-10-31 21:28:59,2017-11-14 00:00:00
2fe9c43306d90b933dc4efadb0f852ff,e7a055b4b4b6a31ca43d235c54d87897,delivered,2017-05-23 17:02:02,2017-05-23 17:15:18,2017-05-24 10:45:04,2017-05-30 14:52:18,2017-06-14 00:00:00
036b791897847cdb8e39df7943367474,04719f10ea55e8d39bff210bea43c1a3,delivered,2017-05-10 15:34:59,2017-05-12 02:50:36,2017-05-12 10:05:30,2017-05-17 11:14:40,2017-05-18 00:00:00
4fec76db2097ee09cc1dd9717d6ead9c,e89563d7f4863102a1310cee927fa111,delivered,2018-04-18 18:24:15,2018-04-20 07:32:14,2018-04-23 15:22:23,2018-04-25 16:52:35,2018-05-08 00:00:00
c5b5456c785367bef488a2e46479242a,d8511462421830ed1cee388be55e76b4,delivered,2018-04-22 15:42:20,2018-04-24 19:23:51,2018-04-25 15:19:00,2018-05-08 17:17:38,2018-05-22 00:00:00
371d3a892917017b32ada644ba1f301d,4b75108e04b3276463ab15e3633d73e0,delivered,2018-08-05 18:53:35,2018-08-05 19:05:18,2018-08-06 14:29:00,2018-08-15 14:01:59,2018-09-14 00:00:00
34c3abee8d77fe0a974fdfa816078235,f98b0694c7517f313358ea9f05f47612,delivered,2017-08-15 11:40:46,2017-08-15 12:05:34,2017-08-24 12:08:23,2017-08-28 16:57:44,2017-09-04 00:00:00
9dec1346eeebe57e1353b6c2dbc06f94,7513c4bb10a41cf4fae9d29535e31fa7,delivered,2017-07-06 14:25:00,2017-07-06 14:35:21,2017-07-07 16:59:34,2017-07-19 16:57:54,2017-07-26 00:00:00
ca7adf1201471598788f746ed74c825b,cfbef476e3977219a4db308d8decc763,delivered,2018-01-24 12:34:55,2018-01-24 15:18:20,2018-01-30 12:26:42,2018-01-31 19:22:09,2018-02-08 00:00:00
db10e5b34779ebe39e1bc929469eb841,0492fbcccc19cfdea66d667173ebce63,delivered,2018-08-08 23:22:13,2018-08-08 23:35:21,2018-08-09 16:06:00,2018-08-21 11:28:49,2018-08-14 00:00:00
a8cc5640bb6e6bf0280850917666c4d5,c179c63e0432790a7ed37decfde65dc9,delivered,2018-08-17 15:22:25,2018-08-17 15:35:14,2018-08-20 19:08:00,2018-08-27 14:57:19,2018-10-02 00:00:00
186a0845cd1b679057c8b0ea86931e2f,a820146409b46b535505aff7d58f3ffc,delivered,2018-07-19 17:22:40,2018-07-19 17:35:08,2018-07-20 14:52:00,2018-07-23 23:22:25,2018-07-31 00:00:00
fdb3ef83ea6f7bef7d13bdd9b38da661,fbc1bec47970c387d5f4962d518dd268,delivered,2017-01-17 21:09:40,2017-01-17 21:21:39,2017-01-24 14:49:32,2017-01-26 16:25:11,2017-03-13 00:00:00
17eba629ec542978d1ea929d473d4f19,9a07fda0035700318ceb77ce80c7e42d,delivered,2017-02-04 20:09:10,2017-02-05 20:15:18,2017-02-07 09:41:35,2017-02-14 15:24:06,2017-03-15 00:00:00
9b91ddcbd6cbceb83d4fd2462ca1f95e,6152d0774bbbf74f7140541c0569dafa,delivered,2017-01-05 14:22:02,2017-01-07 03:44:09,2017-01-11 16:25:57,2017-01-16 16:32:52,2017-02-01 00:00:00
4caecf79f2dfbc0304ffdc8637ff5900,e82b65e2b591d7d01e803b11299bf0f4,delivered,2017-06-06 10:03:27,2017-06-06 10:15:10,2017-06-07 13:38:42,2017-06-16 17:03:57,2017-07-07 00:00:00
b8c123fb1b26f1adfb0d6f9d17255de7,55078458f6622b6a47faf210f19c838d,delivered,2017-12-28 11:27:49,2017-12-28 11:37:22,2018-01-04 23:07:30,2018-01-17 18:02:50,2018-01-17 00:00:00
a08d1f4b300c3d7ec52f5f9a74234eca,e2c852f36be265c817eafd880884b206,delivered,2016-10-10 11:08:53,2016-10-10 12:02:42,2016-10-21 16:02:09,2016-10-21 16:25:05,2016-11-30 00:00:00
0f881abda9658ce5c28cca333059224a,7d03956727a1a2962e0e669629917bae,delivered,2018-03-21 17:01:41,2018-03-21 17:10:38,2018-03-22 18:34:53,2018-03-24 14:24:39,2018-04-03 00:00:00
158745a153fbab78119f6c57c38c5306,884b6c27805ad0872cf7293dc876bc41,delivered,2017-04-23 21:14:56,2017-04-23 21:25:18,2017-04-25 08:22:51,2017-05-09 09:12:38,2017-05-11 00:00:00
2373908388bcaa9a225c34e33d9e9f0d,d57d800819fe0e64bbd7b60653cb4168,delivered,2017-11-05 15:52:26,2017-11-06 21:36:24,2017-11-21 15:09:07,2017-11-22 21:14:39,2017-11-27 00:00:00
6b63a86619f7d34ada48e141f2b568f1,b4926372ebaaa9b32844322e6b094162,delivered,2017-11-30 10:14:09,2017-11-30 10:32:20,2017-12-01 17:48:47,2017-12-09 09:42:02,2017-12-27 00:00:00
f90bee02f28c0067f1eaacdf188007b4,81aacb01330a99ba172ab125371d356c,delivered,2018-06-11 11:17:59,2018-06-11 11:40:18,2018-06-11 15:52:00,2018-06-29 13:36:26,2018-07-12 00:00:00
dfd71e944918d4442a05232a620087cc,222e2f8a40cd10ba629a1bc6dd7848d2,delivered,2018-08-13 21:47:23,2018-08-13 22:04:17,2018-08-15 14:01:00,2018-08-21 15:57:38,2018-08-29 00:00:00
408bba49e507e2efa9fbb77966ca4697,7ec34e03cfead59804e2ae99d09014a6,delivered,2017-09-29 20:34:06,2017-09-29 20:49:25,2017-10-04 11:07:14,2017-10-10 22:33:42,2017-10-31 00:00:00
a1a904e8b9bcacd940d9e8f476467cce,e74cccae44bbcbe44359bc665e6caa19,delivered,2017-07-10 09:41:36,2017-07-10 09:55:14,2017-07-10 18:14:50,2017-07-18 18:53:53,2017-08-09 00:00:00
1264bdfa22a4cca2beb66c1f542e7f5c,54c196a036b31e7af51aa30178be083e,delivered,2017-09-19 23:12:15,2017-09-19 23:25:35,2017-09-25 20:37:42,2017-09-26 10:52:12,2017-09-29 00:00:00
43f8e020752c67130ddf027e0297291a,964343a3f8a65e01ffad1b9bfaa7d7e9,delivered,2017-01-26 17:40:03,2017-01-26 17:50:13,2017-01-27 17:34:52,2017-03-10 05:41:43,2017-02-22 00:00:00
e3071b7624445af6e4f3a1b23718667d,0bf8bf19944a7f8b40ba86fef778ca7c,delivered,2017-09-05 22:14:52,2017-09-05 22:30:56,2017-09-06 15:26:12,2017-09-11 13:27:49,2017-09-22 00:00:00
a2c7b8f8a4fe1bc4a8f4e30a5311861d,519fe7375966b917ba9d1f8b7a8784eb,delivered,2017-01-23 07:33:11,2017-01-25 02:42:30,2017-01-27 13:55:40,2017-02-07 17:22:15,2017-03-02 00:00:00
1bf6db71e147c950fe9925e0be89ec4b,ec26ff9b46af83d9c60691c89bf24895,delivered,2017-01-26 15:37:27,2017-01-26 15:50:18,2017-01-30 13:32:39,2017-02-08 13:08:37,2017-03-02 00:00:00
c1b3a881aed70415ec2c1cd40d217d5d,cf97ee37711c253f86497974524d479b,delivered,2018-02-28 14:42:53,2018-03-02 02:10:02,2018-03-02 23:46:03,2018-03-14 20:06:31,2018-03-22 00:00:00
d4421539677ce8da70f3abf867adf15c,01a0d45a369a4356ac4652584652109a,delivered,2017-01-25 11:45:19,2017-01-25 12:03:07,2017-01-26 14:59:13,2017-01-28 08:23:45,2017-02-20 00:00:00
061b74bca735bb2c1953e40bc098101d,0c8050459705eab48d6faf4b118109be,delivered,2017-11-22 20:40:31,2017-11-22 20:48:26,2017-11-24 17:14:40,2017-11-27 13:47:17,2017-12-07 00:00:00
05147da86ae779803eaa2a5480010af9,83a4c167271d0e1fd401e9f18a66d7c7,delivered,2018-06-09 01:44:40,2018-06-09 01:55:12,2018-06-11 14:56:00,2018-06-12 20:50:42,2018-06-20 00:00:00
5b81d7f0f897982fce8bd000471c973a,532b34ab6e14da3ebbc775ba61bffc5c,delivered,2017-05-02 07:08:01,2017-05-03 11:22:51,2017-05-05 13:46:59,2017-05-09 11:09:43,2017-05-29 00:00:00
ebaf4b1faa0a7038125461afa5810651,b952cebf2ed1323e49c7e74b60326345,delivered,2018-05-13 14:53:33,2018-05-13 15:11:55,2018-05-15 15:46:00,2018-05-24 18:18:34,2018-06-01 00:00:00
59934ef5e174b490aacecbbe4f381155,21541c3afc8571eea3457e009fe50782,delivered,2018-05-25 23:05:27,2018-05-25 23:37:30,2018-05-29 13:09:00,2018-06-04 14:08:39,2018-07-11 00:00:00
7c3797b7f047e4358a5b2f9b9cf2e927,2612be9fa1c54d759c1f40d7927d9bfb,delivered,2018-07-25 10:04:44,2018-07-25 10:24:28,2018-07-25 14:44:00,2018-07-27 17:15:45,2018-08-09 00:00:00
e77d85bec584c36b9558adc732947c76,117b1c66b1089ece5c2254144f37cfe6,delivered,2017-03-02 21:58:35,2017-03-04 02:25:22,2017-03-07 10:09:07,2017-03-29 15:22:38,2017-03-29 00:00:00
5bebe39740e4434a58d1fead1a4d854d,caf13309f13b92c0b4e19259a74566fd,delivered,2018-05-02 11:09:22,2018-05-02 11:34:21,2018-05-02 14:39:00,2018-05-18 15:49:00,2018-05-30 00:00:00
d2a0cfdf8f3b718afce8a4b9d943614a,9c0b57c0b36a9d3ad9eef00e104a174a,delivered,2018-03-26 14:55:06,2018-03-26 15:10:26,2018-03-27 20:04:55,2018-04-05 18:18:39,2018-04-16 00:00:00
b033a34245ae159e80dd599b3c5cb92f,cd9844b06a03c881a223281b601ed8eb,delivered,2017-01-30 19:25:23,2017-01-30 20:33:57,2017-02-09 15:38:02,2017-02-13 10:15:34,2017-03-17 00:00:00
c0b2c20ed167622980ba4586d4f60168,39d06b1f324058984a562362a55f9b1f,delivered,2018-03-22 20:38:37,2018-03-22 20:50:24,2018-03-23 17:48:26,2018-05-07 12:31:03,2018-04-23 00:00:00
179b8db66f5362945c237b68bc358a77,a1344b860cab384242be3c0ba0a5e4cd,delivered,2017-01-30 20:26:28,2017-01-30 21:35:52,2017-01-31 09:39:41,2017-02-13 17:19:34,2017-03-09 00:00:00
a54f35a6dfb350a13c6410aa276e52d8,b9d66a7e824f738db300bab9fb4f5ee0,delivered,2017-11-10 10:35:05,2017-11-10 10:47:20,2017-11-14 16:38:34,2017-11-18 17:06:27,2017-11-30 00:00:00
af7845bf2d70a696a4f4f31b4e6c5a81,8abaaa8223a3e5974fdd567bb01088f4,delivered,2018-04-08 14:03:56,2018-04-08 14:15:11,2018-04-09 19:22:44,2018-04-10 20:34:41,2018-04-19 00:00:00
2812dbf450ac5dd26b952cfc6db60529,8dd74bc7874323d7948b25debd8488c4,delivered,2018-08-27 17:24:25,2018-08-27 17:35:22,2018-08-28 10:13:00,2018-08-29 14:18:46,2018-09-05 00:00:00
340e1daf0ffd056453544ca71b501098,41629f77198c3f777c7704b91f5effe4,delivered,2017-03-25 20:39:11,2017-03-25 20:50:17,2017-03-27 14:15:22,2017-03-31 14:12:21,2017-04-18 00:00:00
55b2e390d5d80ada31ad1b795ebeb087,055e117cce871c681f903f52d7a866d4,delivered,2017-01-26 00:20:23,2017-01-26 00:30:24,2017-01-26 11:53:42,2017-02-07 16:31:33,2017-03-14 00:00:00
cd7872c2e8a4aedd31e308e5005b220d,76fdb94e980edf0a4a7b1aae1abf57b0,delivered,2018-04-19 11:13:34,2018-04-19 12:33:52,2018-04-20 18:14:33,2018-05-09 01:48:30,2018-05-17 00:00:00
f2dd5f15184c73c0d45c02941c7c23d1,4b60b3ade055c6ad88a00758c8e8a162,delivered,2017-01-05 22:52:33,2017-01-05 23:05:27,2017-01-06 16:08:45,2017-01-13 17:06:48,2017-02-23 00:00:00
d5aa77f5eed8acdd598a687ccc27cfa8,846ebdc9aa938e421601375cc2c28279,delivered,2017-10-06 15:45:54,2017-10-06 15:56:21,2017-10-30 17:54:10,2017-10-31 12:15:06,2017-10-24 00:00:00
043c74b543e990bd18b14ef1e4344031,145b7ecf2c0aa47c15bbe20d6bd26a90,delivered,2017-08-15 09:02:19,2017-08-15 09:23:58,2017-08-31 21:12:17,2017-09-04 21:40:00,2017-09-11 00:00:00
e28a4c66f1484567d1e42b3fab64d923,09c682ef897935e677a0996cfe2008f3,delivered,2017-05-19 21:20:54,2017-05-19 21:42:44,2017-05-22 14:47:40,2017-05-31 17:06:38,2017-06-23 00:00:00
03ddab02775c66c855ad41424ae356e3,ed87333e69d2709d374534505818c9e2,delivered,2018-02-06 17:01:53,2018-02-06 17:15:39,2018-02-07 22:17:39,2018-02-19 18:11:40,2018-03-26 00:00:00
d12ab5d1454294ce820fd1ccc56d760e,0dd2a674a2b63f9fc54ca6cd83532728,delivered,2018-05-07 19:19:26,2018-05-08 09:15:29,2018-05-08 14:45:00,2018-05-22 18:36:51,2018-05-29 00:00:00
6c6abb921625dd44d3d406ce4b890cac,d5961401e349bf22024305eef5fa9119,delivered,2018-05-02 00:13:29,2018-05-02 00:34:20,2018-05-03 16:51:00,2018-05-14 17:22:45,2018-06-01 00:00:00
1871117e3b468a4dc29c82849099069b,1f567c8732fb5317d6ce391624d34cb2,delivered,2018-01-15 09:15:37,2018-01-16 03:39:58,2018-01-16 22:59:04,2018-01-23 20:38:45,2018-02-05 00:00:00
b8615aa7e6248212cab23e120279acf2,d18cd4e15b74421f0bedb7bc0db2ed2c,delivered,2018-06-07 21:49:18,2018-06-07 22:16:14,2018-06-08 14:40:00,2018-06-15 13:57:38,2018-07-13 00:00:00
17f70d10c2acd50864b5dae4885894b5,bbc82b85b6867ca7bf1380c64f8447b9,delivered,2017-01-25 09:12:10,2017-01-25 09:22:27,2017-02-06 11:54:31,2017-02-14 11:14:54,2017-02-22 00:00:00
cfe4b206b7a8acf6ca84fb710d61f968,cc90501463fbb7bfd6a2e2687fefeb6a,delivered,2018-05-14 16:51:25,2018-05-14 17:18:52,2018-05-15 11:33:00,2018-05-18 18:31:13,2018-05-30 00:00:00
4fc44d78867142c627497b60a7e0228a,e494ff798e6549f9ba9747f00f5681c2,delivered,2018-07-04 20:34:57,2018-07-05 16:33:00,2018-07-05 15:55:00,2018-07-09 20:27:50,2018-07-23 00:00:00
fd0ac58dfd0c4a3034ec2fe3e6200fce,d057d6f4efb78ec1c7e5f1b28f67493f,delivered,2018-02-27 22:18:18,2018-02-27 22:30:28,2018-03-02 01:41:53,2018-04-05 22:26:25,2018-03-21 00:00:00
77c34615b2963e4bf4b48d59da0eb5e1,06b74967617d6e12688e779fdc1a580c,delivered,2017-01-18 17:44:05,2017-01-18 19:05:09,2017-01-20 11:45:44,2017-01-31 10:41:44,2017-02-16 00:00:00
e937de71316fb3186e4113977cb96741,9f5436553717cfa4a0ea9296e309b856,delivered,2018-02-10 21:57:04,2018-02-10 22:40:22,2018-02-14 22:32:58,2018-03-12 14:51:29,2018-03-20 00:00:00
3cf90d04a286c1ea16f5700dbc764fff,dceefd13308771abe30e2d60b31d8036,delivered,2018-04-22 17:47:38,2018-04-24 18:34:12,2018-04-25 08:57:00,2018-04-26 15:42:10,2018-05-10 00:00:00
656a18a8006d264fcc120edf67a4e98c,d44a9172caee8869d7a292346bd11070,delivered,2018-08-22 09:16:14,2018-08-23 03:04:33,2018-08-23 13:13:00,2018-08-27 20:51:48,2018-09-05 00:00:00
fb975e889b11a08705d3b2734b626916,c7e79ac0034b4accdb78aa403ba6f68c,delivered,2017-01-27 09:51:08,2017-01-27 10:10:14,2017-02-06 11:54:28,2017-02-20 12:07:48,2017-02-27 00:00:00
5d5bb894cb86c2b5aff1513531e63055,466f25f318b9280d1422a5c4e9a491bf,delivered,2018-04-24 18:34:02,2018-04-25 04:10:51,2018-04-25 11:38:00,2018-05-02 22:03:55,2018-05-17 00:00:00
275322de6426ec5071b219b77fba6a65,ad970b9bf9eb36c6faa345affe1cf138,delivered,2018-01-16 23:21:40,2018-01-16 23:29:47,2018-01-17 21:54:38,2018-01-25 11:58:52,2018-02-15 00:00:00
4269e9f98b1e74f0732bc93de6aaca6f,a9eb0a1529c5219cec4f13899a5a58b3,delivered,2017-01-23 10:21:21,2017-01-23 10:30:10,2017-01-24 09:53:37,2017-01-30 13:32:34,2017-03-06 00:00:00
8ae0da24fb052b94dbf0d5c1527cda13,7c4b99c0b7dc418cdd03b6b5977f8a1c,delivered,2018-03-18 18:52:10,2018-03-18 19:05:26,2018-03-21 21:05:10,2018-04-26 16:48:30,2018-04-19 00:00:00
24f17834d1edff2ec50e2fb099896d80,acf07b411528c13274e71b7263974253,delivered,2017-08-26 18:31:19,2017-08-26 18:44:28,2017-08-29 18:22:45,2017-09-06 18:07:03,2017-09-20 00:00:00
e7b2fd1afe0ea1687d1766b2b4f2d197,1e343e03e0136219d697f62fb5d9b962,delivered,2018-05-14 14:34:21,2018-05-14 14:51:20,2018-05-25 13:06:00,2018-06-05 18:38:46,2018-06-19 00:00:00
25e23f5fbf3139c628fe56c126c97391,d127686ff1441587369d5bf73ab50e92,delivered,2018-05-15 09:51:46,2018-05-15 10:38:34,2018-05-17 18:51:00,2018-05-18 19:21:45,2018-05-24 00:00:00
07fa3b6d7ec7fa27de9d00bdc93d36cf,9e4424cc993d9e0c8042f150f89a0a9a,delivered,2018-07-21 17:22:06,2018-07-21 17:30:20,2018-07-26 14:38:00,2018-07-30 22:31:17,2018-08-08 00:00:00
45234e26d8f4a497d57ba385398874f8,fa6b7d959dd8416e151eee8db7a008c6,delivered,2017-05-09 22:22:40,2017-05-11 04:05:22,2017-05-11 09:44:54,2017-05-16 12:14:08,2017-06-08 00:00:00
7ec1a2c6522b9fcb54c68a4f8ff6f331,42c4b5ddf0da0094426dcd5a1f889d33,delivered,2018-07-19 20:26:50,2018-07-19 20:35:16,2018-07-20 14:25:00,2018-07-24 19:46:30,2018-08-07 00:00:00
bf88003f2580db7589007ec44bc85695,e7b9bc73f30f476a29a9a805d3817504,delivered,2017-01-28 20:55:38,2017-01-31 04:35:20,2017-02-01 10:45:57,2017-02-06 08:12:00,2017-03-10 00:00:00
6699f3e7d674b95aa5f02c60e3312022,d734ea4ad80213d54fc4325c5094c955,delivered,2017-04-26 18:30:51,2017-04-28 19:55:11,2017-05-02 12:16:22,2017-05-10 20:47:37,2017-05-30 00:00:00
97cc8153b2e7c816783e0ba60083ea67,5a17549a68364d8fe0c4af22e7c83adc,delivered,2018-06-28 21:41:03,2018-06-28 21:51:12,2018-06-29 14:06:00,2018-07-04 18:50:47,2018-07-25 00:00:00
8d812dbf931bbd85b3b5b528b75ef9bb,498ace7478636fb1bea4357fb62a30c6,delivered,2017-07-11 09:29:14,2017-07-11 09:43:10,2017-07-12 12:42:59,2017-07-18 21:10:11,2017-08-10 00:00:00
bd81ffff0f0fbc533b7f763812cecf34,a59bf64f7d48f64246eecc6d4bcc51ce,delivered,2018-05-13 20:04:39,2018-05-13 20:32:09,2018-05-14 08:58:00,2018-05-17 17:38:30,2018-05-29 00:00:00
5da33f2ec794bb55994fc59563a04107,983946c69566f5620dd3e943b936cbd3,delivered,2018-03-23 09:42:44,2018-03-24 02:15:56,2018-03-30 01:36:29,2018-04-09 18:28:49,2018-04-13 00:00:00
3453b206c6aec2e9dcb09d2cea15e7cb,cc12cc40c551d10e0122e34d2f0e1342,delivered,2017-08-10 10:41:54,2017-08-10 10:50:21,2017-08-14 14:37:52,2017-08-15 22:04:15,2017-08-25 00:00:00
7110bcab44594321876407867f1fc66e,7605f444e5bcf26b5f70de8d62094a8b,delivered,2018-01-21 23:47:05,2018-01-22 14:05:03,2018-01-25 16:25:04,2018-01-31 22:16:29,2018-02-14 00:00:00
323dad8c483c7f8b818a825d257f4aa0,021833e9737a1145b5a6e3053f0f4329,delivered,2016-10-06 20:05:04,2016-10-07 10:16:03,2016-10-11 10:16:04,2016-10-14 10:16:04,2016-11-28 00:00:00
caf07fcb4e0d35fb5e9f6e3eeb294ada,bc94fe53f5ac2303375e8030edfed971,delivered,2017-08-19 18:42:16,2017-08-19 19:04:04,2017-08-21 14:56:50,2017-08-28 17:36:37,2017-09-13 00:00:00
150fb6d066c66925d51a48782deafdfe,c07897b63ee92b706019d87969a92a6c,delivered,2018-06-03 11:03:37,2018-06-03 11:15:16,2018-06-05 08:53:00,2018-06-13 22:38:38,2018-07-25 00:00:00
1e69dcdcbc094d39d6ba64248af906fb,0d1c2dc5009dfaf9722bc97439e6d82b,delivered,2017-01-24 17:09:24,2017-01-24 17:22:06,2017-01-26 09:47:51,2017-02-02 16:23:52,2017-03-01 00:00:00
7727f2b370c8c7e236872c980d69968f,623edf812b63d58f3d26804f200f4aab,delivered,2018-04-14 14:23:32,2018-04-14 14:51:55,2018-04-17 17:41:48,2018-04-25 01:11:20,2018-05-30 00:00:00
4da4840a1f38aad712a0857596e24b44,c11f2358b2ff06ac8283b334b97b4f40,delivered,2018-07-22 20:26:42,2018-07-23 12:31:46,2018-07-25 15:52:00,2018-07-30 15:46:55,2018-08-14 00:00:00
ab64dd52ffac216882def99c2768daec,80c33f6cbd2a66817b9961bfb0f13be9,delivered,2018-01-22 10:18:40,2018-01-22 14:53:06,2018-01-23 23:37:45,2018-01-25 19:08:50,2018-02-19 00:00:00
a9b0a7015644d713589e4836e2621897,caed27153d7dcb652fa5d30fa4a08930,delivered,2018-03-18 23:27:23,2018-03-18 23:47:51,2018-03-19 21:09:59,2018-03-23 20:13:35,2018-04-05 00:00:00
4b4d023762cb66a4517f22ec1497ee17,b1ee4fbe44dc61d64d62717783b66164,delivered,2018-02-25 16:57:33,2018-02-25 17:10:22,2018-02-27 19:10:26,2018-03-01 20:56:49,2018-03-12 00:00:00
ec7ce26488a251a1c6043533e11c1bdc,a5895176fa92a5df2669d7575bdd1292,delivered,2017-11-29 22:12:21,2017-11-29 22:39:52,2017-11-30 15:05:03,2017-12-07 15:19:07,2017-12-29 00:00:00
d574338f566ca28dd67820f48ec1f1d8,d0715495890791e60e858ffc2b414cf9,delivered,2017-12-12 21:22:07,2017-12-12 22:31:51,2017-12-18 16:33:13,2017-12-29 15:44:55,2018-01-17 00:00:00
bd2aa26e4f7a6a33b7971cfc04a07c56,cb239c775ed18e6c80506625d452c869,delivered,2018-05-08 09:29:32,2018-05-10 02:57:22,2018-05-10 14:02:00,2018-05-15 21:47:23,2018-05-29 00:00:00
21b966a378471db65c18fa4ca20d6800,f253cdb921536ec2a9ff9a11cab13aea,delivered,2018-08-21 20:34:12,2018-08-21 20:50:15,2018-08-22 15:21:00,2018-08-27 17:32:06,2018-09-05 00:00:00
db5a41f8a08f620920c7c413e91a4438,df4c4273ca572a5dccb721c358e92c8d,delivered,2017-10-14 10:17:15,2017-10-17 04:25:08,2017-10-17 21:22:34,2017-10-26 22:46:11,2017-11-10 00:00:00
94a01dd9a6fd7d30b879bd61b85a1c00,ea330b398b2ea97bf0ce6b3d36fa0698,delivered,2017-05-21 09:58:15,2017-05-21 10:10:17,2017-05-24 12:14:23,2017-05-30 07:19:46,2017-06-14 00:00:00
93ae3ec4b92402eb33c04034d5e70d2a,76b10e7807773c14873820db20ae1b56,delivered,2018-02-07 14:46:59,2018-02-07 15:11:07,2018-02-08 18:48:55,2018-02-23 13:12:36,2018-03-12 00:00:00
97d6279a91ffe03ed63041acff508488,4100069ffa623d7dc3ae8f1dfd4bec10,delivered,2018-05-07 15:47:59,2018-05-07 17:30:06,2018-05-08 15:55:00,2018-05-18 19:47:01,2018-06-14 00:00:00
1e6025fd19451c74352d0bbf6a218bf6,115159a20c6d95890cbf83916b57b07c,delivered,2017-01-27 21:23:00,2017-01-28 10:33:49,2017-01-30 11:17:50,2017-02-09 11:07:43,2017-03-17 00:00:00
af6ed18f03a877659659ed9467c7cd9e,7ef43c3eb0d94e1f5e0a49b2f3bc34a9,delivered,2017-02-27 23:24:34,2017-02-27 23:32:42,2017-03-02 08:09:03,2017-03-21 05:25:31,2017-03-20 00:00:00
9fcbf999818b2fdac16197fe22bd2bd1,082805d32249e17183cfb56ccb67b5cf,delivered,2017-12-05 10:44:44,2017-12-06 02:37:01,2017-12-06 23:16:58,2017-12-15 19:24:42,2017-12-28 00:00:00
f964ec281f9f4098870fff22b6b74fec,ab4b0bfd313365452ffda5e09d7d9419,delivered,2017-03-02 12:35:51,2017-03-02 14:30:29,2017-03-03 12:30:28,2017-03-09 09:41:51,2017-03-23 00:00:00
06544096bb7077c0f701d0d6f660e11f,51993c208e83ddc0d8bf2423fae35e87,delivered,2017-03-30 17:07:08,2017-03-30 17:15:23,2017-04-05 07:10:07,2017-04-10 15:05:14,2017-04-24 00:00:00
f386ab31f2ffcafd65304e199111d3c2,3fe7926825b25dda1761bd01bbb4d44c,delivered,2017-03-22 22:43:36,2017-03-22 22:43:36,2017-03-24 14:19:47,2017-03-29 16:17:42,2017-04-10 00:00:00
e23e45778ae735856e12dd12750e2b14,a7f15daeb4efe57cd37eb6ad2a78c0e6,delivered,2017-09-03 13:14:37,2017-09-03 13:25:18,2017-09-05 18:18:04,2017-09-08 16:22:41,2017-09-25 00:00:00
6ada1dc97a94d735582a110165f0a0c6,86e6e37908c65b70f0216acfe7c737c9,delivered,2017-11-27 11:22:24,2017-11-27 11:35:52,2017-11-27 20:51:24,2018-01-02 17:55:05,2018-01-03 00:00:00
3c5edc9665595ab8ab9bdd6c5c4a961a,bfc72b25d90e16298aa5735c248d08f8,delivered,2017-02-03 10:09:40,2017-02-04 02:22:23,2017-02-07 12:14:49,2017-02-10 09:26:22,2017-02-23 00:00:00
5d97051b2fbe2d850d8c195e054735b4,ab65a308e13faaef39b0370e82dd6fdb,delivered,2017-01-28 09:49:10,2017-01-28 10:32:22,2017-01-30 13:32:37,2017-02-06 14:43:49,2017-03-06 00:00:00
868848b4871ab271d735d67e64584f81,372c809b0a64a795234e537135754dc6,delivered,2018-02-13 21:08:28,2018-02-13 21:30:36,2018-02-14 21:54:44,2018-03-26 21:42:07,2018-03-06 00:00:00
e93d4bbea9f3bfbce59cc83e6a663437,97cf999f275f1388e6ecb91f4b0d6e98,delivered,2017-08-29 11:40:02,2017-08-30 02:05:28,2017-08-31 18:22:46,2017-09-08 21:33:55,2017-09-22 00:00:00
d9842672b8cb5ecfbbd067d497f8958e,690ac6352bb46041d9e45639b236c655,delivered,2018-07-17 19:23:14,2018-07-17 19:35:22,2018-07-19 13:29:00,2018-07-23 21:29:59,2018-08-17 00:00:00
3dc2e037b872ca03f5b91028710abae5,d86db9ba23e719eb8c1ef6ce74c512a6,delivered,2018-06-18 16:23:56,2018-06-18 17:01:18,2018-06-19 13:25:00,2018-06-22 14:34:35,2018-07-17 00:00:00
20a2e132c352b08f18529a9478c011c1,a2258343416fd06f65ea824cf277279d,delivered,2017-10-09 16:55:51,2017-10-09 17:09:48,2017-10-11 21:38:43,2017-10-17 21:40:07,2017-10-31 00:00:00
3170de33866d3923448fa787230ef7d1,acb850d4b3d1f49d7c90ba88e74c4c78,delivered,2018-06-12 20:43:08,2018-06-14 02:39:21,2018-06-14 12:04:00,2018-06-23 10:33:49,2018-07-04 00:00:00
b465dc60a138cc55216607ef27065acc,1e7f2e27d15bd03b384838645a84ebed,delivered,2017-03-20 10:24:23,2017-03-20 10:24:23,2017-03-20 11:57:44,2017-03-28 15:09:24,2017-04-10 00:00:00
6cf5d7a6b6eb9cad292da0b65d6c010e,964dff9f3a81c5f1815798c10f503aba,delivered,2017-01-22 17:43:58,2017-01-22 17:55:17,2017-01-23 11:52:29,2017-02-06 14:37:13,2017-03-14 00:00:00
2d2bd0487565c23b4bcc0b29a41da55a,34f852cdb25124b22f5b451449f3a91c,delivered,2017-01-30 17:36:05,2017-01-31 04:36:58,2017-02-03 17:52:37,2017-02-08 10:12:28,2017-03-16 00:00:00
9ca6d17660064ab8bbc4a8089397afb1,581092512111b45075e21541e61092f8,delivered,2017-11-10 12:22:11,2017-11-10 12:36:04,2017-11-14 19:44:52,2017-11-16 16:55:49,2017-11-24 00:00:00
f24bbebc2c8ba687b65f1be751dd8982,541884ec125bd7f617b86a0f92b8e3b7,delivered,2018-02-20 18:27:39,2018-02-21 18:31:57,2018-02-24 00:51:34,2018-04-19 16:49:31,2018-03-14 00:00:00
f875abf3cc68933b94d08b4ca51726d0,7a506893701d28bd57d183384f4cb225,delivered,2018-04-30 22:09:26,2018-05-02 09:33:13,2018-05-02 15:20:00,2018-05-14 13:03:59,2018-06-04 00:00:00
6940c4da07984a3f1986bff00cc21ef2,c4901130ab96b74c16bb4f4988e26824,delivered,2018-08-20 14:38:06,2018-08-22 04:05:09,2018-08-22 13:48:00,2018-08-28 16:57:46,2018-09-14 00:00:00
f89a86148310b5d6a02fbab8f1c9fb77,cecb0cabf6394829a7de181e95a08ad6,delivered,2017-09-08 17:21:34,2017-09-12 04:25:52,2017-09-12 19:51:45,2017-10-16 21:18:15,2017-09-27 00:00:00
60b7a154dfbcedf1c0b7b294d0cfae7b,66637c0e4a801a4cd3ba72818e7b5b11,delivered,2018-02-05 16:11:25,2018-02-06 04:33:10,2018-02-07 23:04:31,2018-03-16 01:33:01,2018-03-27 00:00:00
c54d822dcfd0f7c672574a607c9403b3,9c55979e022c8dc16611eed6a1c61a97,delivered,2018-05-28 10:48:10,2018-05-28 11:13:41,2018-05-28 11:59:00,2018-06-05 01:22:47,2018-06-28 00:00:00
43aacfeefda02bc2a69ce66910a2d4cf,67f5c51956b20d8572f8f24d897941ac,delivered,2018-04-13 08:10:55,2018-04-13 13:15:23,2018-04-13 22:12:00,2018-04-20 21:37:47,2018-05-04 00:00:00
a37623c5552b35a449842d70d3f0922a,f3378abf11c5e60a9d1a6aacd6504ae7,delivered,2017-11-25 01:52:13,2017-11-25 04:14:25,2017-11-30 00:29:54,2017-12-15 21:21:41,2017-12-21 00:00:00
ec3d016217751432b67659200ab0da7d,4c0af8aa7452a733517e695e7979b8ec,delivered,2018-01-29 11:48:34,2018-01-30 05:31:34,2018-02-02 00:33:01,2018-02-09 17:59:53,2018-03-12 00:00:00
49c3293b870ffc5fcd1f11ca77eb841f,a0984e8d6bd840b4a63a18fb2be49008,delivered,2017-05-06 09:26:55,2017-05-06 09:42:06,2017-05-09 13:13:26,2017-05-15 14:58:16,2017-05-31 00:00:00
27feef8b6702f1d6ccdffd697e7f4334,5a5ba707171db1cfa955d1cafe4a347c,delivered,2017-10-04 12:49:02,2017-10-04 13:03:35,2017-10-06 13:05:10,2017-10-10 22:42:13,2017-10-23 00:00:00
0dd15079372ce401518ac26321947143,faa5236e556d27003bb3e013a8d72795,delivered,2018-07-04 12:57:55,2018-07-05 16:31:11,2018-07-09 10:13:00,2018-07-14 13:02:09,2018-07-24 00:00:00
d0735172d1bc5aae5bd8abb3675e6556,07ce73dda1f76ae4d7828e4b8a352431,delivered,2017-03-04 08:14:46,2017-03-04 09:23:01,2017-03-11 02:19:09,2017-03-28 14:03:54,2017-03-31 00:00:00
c101853f695b94e64c34f41941ff1048,15943304541965ce9e0c9ec3a9891818,delivered,2017-07-27 20:51:43,2017-07-28 08:30:21,2017-08-02 18:45:43,2017-08-10 20:08:33,2017-08-22 00:00:00
38a5a268ed9f84995c960ba876ab6952,81aa7cc874954b14415ae4f6da25ede9,delivered,2017-04-11 16:21:07,2017-04-12 16:25:23,2017-04-13 10:41:50,2017-05-06 10:37:14,2017-05-11 00:00:00
ef5025f48c69b9d957744cd6d6f9b662,1cd53452b9fbe5e67eb6d89448ed09f9,delivered,2017-11-24 14:41:23,2017-11-24 16:52:55,2017-11-30 16:39:02,2017-12-19 12:03:22,2017-12-22 00:00:00
8e41a4552a7f51874a72a22b403160b8,cb9e924bdc43e5388cd12af920059d4c,delivered,2017-11-24 14:29:21,2017-11-24 16:33:50,2017-11-27 18:53:27,2017-12-05 19:52:04,2017-12-19 00:00:00
d34e326c0b15c4b4a481ba1376687e75,4eef378ad98a010b62ff45bf2f9bdcfc,delivered,2018-03-25 11:05:58,2018-03-25 11:30:28,2018-03-26 21:12:02,2018-04-05 20:38:36,2018-04-13 00:00:00
d33a52afa37dd9de6958cedae3be455e,11fa2de1bb5510a94dc0f632cda6dcd8,delivered,2018-05-20 21:01:14,2018-05-20 21:15:12,2018-05-23 14:57:00,2018-06-06 21:42:41,2018-06-12 00:00:00
df2887ca6744389b31fc5749e30a6efb,234de0249c0d24e311ce8652294385c1,delivered,2018-04-09 19:47:31,2018-04-10 19:49:56,2018-04-11 18:58:46,2018-04-17 01:36:31,2018-04-19 00:00:00
54484ffea00a1f43881bfaeeeaf0dfb8,0586163eeeb604b6a6da218de418c829,delivered,2017-11-25 20:25:18,2017-11-25 20:36:25,2017-11-28 21:18:45,2017-12-14 00:14:15,2017-12-18 00:00:00
42c58d1a5434d2675b7835a9e8a26dda,2316633184c54853747f4eba40532234,delivered,2018-05-02 11:32:17,2018-05-02 11:54:03,2018-05-02 14:19:00,2018-05-08 23:58:48,2018-05-25 00:00:00
4dbf5de576e0e8d18ad0932e1ed8e89d,6585b54dd5ac7f69a3ea0b4c6d6ed130,delivered,2018-06-10 13:20:20,2018-06-10 13:37:06,2018-06-12 13:58:00,2018-06-18 21:18:40,2018-07-11 00:00:00
a4c100660bd4f8af58cf90ef7641d5e6,86b054247fca7d67660e38d08900d129,delivered,2018-06-30 10:38:34,2018-06-30 10:50:19,2018-07-02 15:24:00,2018-07-04 21:08:54,2018-07-16 00:00:00
6a7a8e304ef95be2494384f8d2557845,672e326393f31d8250830a45a7995cb0,delivered,2017-05-18 20:46:41,2017-05-19 06:42:32,2017-05-23 13:20:08,2017-05-29 16:33:59,2017-06-07 00:00:00
d14da316939ad2245cd4bb898bc45a62,372f7f836207b31b28bf19651ed09d6e,delivered,2018-07-18 22:24:06,2018-07-18 22:35:24,2018-07-20 12:06:00,2018-07-25 14:04:07,2018-08-15 00:00:00
fd5f72be11f7a4426a3cc9778f643272,f12e6b52ea56e2cd7e96cad489976ff5,delivered,2018-06-25 13:37:13,2018-06-27 08:30:50,2018-06-27 10:52:00,2018-07-03 05:08:07,2018-08-02 00:00:00
66144189f7b5fbb4eb76eb513ac33a17,642f858f2d65c052cfa9058e21181a88,delivered,2017-01-31 00:53:39,2017-01-31 01:31:05,2017-02-02 09:53:30,2017-02-06 15:15:01,2017-03-28 00:00:00
d1e49fad76dfd4ed8f5488500011e45f,25d440b7b000d8bea79037e4a382d558,delivered,2018-05-23 10:16:23,2018-05-23 10:36:09,2018-05-25 06:18:00,2018-06-05 15:54:57,2018-06-18 00:00:00
674f1f9e4afc192f4400bf65ae05df5b,4843357c686509ee6aa2c1ba02aff371,delivered,2018-04-25 23:08:51,2018-04-26 20:35:15,2018-04-27 14:08:00,2018-05-07 23:06:30,2018-05-18 00:00:00
fd95e4b85ebbb81853d4a6be3d61432b,00fd2c64e6e3f94a81541196fc536f4f,delivered,2018-04-28 10:58:02,2018-04-28 11:10:31,2018-05-02 12:26:00,2018-05-11 20:09:30,2018-05-30 00:00:00
f5469d54daa9f43486f2d4ab2b154406,cd7d7b4d8d652f2a44de11261fb5f749,delivered,2017-08-18 13:21:50,2017-08-22 04:07:08,2017-08-23 18:04:26,2017-09-18 22:27:02,2017-09-20 00:00:00
8daaa9e99d60fbba579cc1c3e3bfae01,ad3027360ab7ff592efb16fb347d1e1f,delivered,2018-02-26 17:35:23,2018-02-26 17:50:30,2018-02-28 15:07:50,2018-03-02 17:35:37,2018-03-26 00:00:00
c0e194a5482be6d94f4dff49e935b811,6e285c210944dcf1f2ee784dfd24fa3e,delivered,2017-12-10 20:51:47,2017-12-10 21:13:15,2017-12-12 22:27:27,2017-12-22 19:35:00,2018-01-05 00:00:00
fbcac8a5f28ae481d3c3ebb74de5a7fd,eec86eb10f3bc01629ab99ffa32ea05a,delivered,2018-03-25 13:09:20,2018-03-25 13:27:46,2018-03-27 10:06:37,2018-04-06 00:33:44,2018-04-23 00:00:00
eadf1db71815b513cf62a49e9c6416fe,c99c4573f69475e34c281d72617283ed,delivered,2017-08-02 15:39:41,2017-08-03 16:34:11,2017-08-07 17:14:09,2017-08-18 20:12:40,2017-09-08 00:00:00
dde57deff5c66be4e59c0da19696ea50,743033460f70e2683a86178ac4ef7351,delivered,2018-08-04 12:50:55,2018-08-04 13:05:14,2018-08-09 15:57:00,2018-08-20 14:18:56,2018-08-22 00:00:00
8b2fb881ec8d04ffa5bc7a27833ad984,a5d4658c9339e6f25f8f2e7d9b5cbc24,delivered,2017-03-14 12:58:42,2017-03-14 12:58:42,2017-03-16 16:21:39,2017-03-21 09:25:00,2017-04-07 00:00:00
5c52bc8eeaca96c7b9ed2d47db358f43,7c95f786dfd0d418107a4c735f494e74,delivered,2018-08-07 11:21:27,2018-08-07 11:35:24,2018-08-07 15:13:00,2018-08-10 13:51:38,2018-08-28 00:00:00
12231ecac809d329ff8a11fe2264697a,0edb1a9da9bdabaccde9a0551d8a56b7,delivered,2018-01-29 16:47:32,2018-01-31 13:32:28,2018-01-31 23:22:01,2018-02-02 23:57:10,2018-02-14 00:00:00
634d0a0f8ec5eb8078eb64340dcd355b,1628f353cb4fee7be799eaae47575ed0,delivered,2017-10-30 20:22:33,2017-10-30 21:31:33,2017-10-31 20:38:39,2017-11-01 16:47:49,2017-11-07 00:00:00
5c5c9fde60ffb741545cf2608e8c12ca,a5cd42f5d1eecbf955de47ff1245b5d6,delivered,2016-10-09 23:55:30,2016-10-10 11:02:16,2016-10-15 12:38:31,2016-10-19 11:47:52,2016-12-02 00:00:00
efa967efa40217c320aa7aa2954ebe52,0a7ddabd98798908cf291b4186d1fc1a,delivered,2018-06-27 11:59:43,2018-06-27 12:10:09,2018-07-03 14:25:00,2018-07-11 23:17:41,2018-07-24 00:00:00
66fda4a54fb43b9ec8ef4e032eaa7e54,9c27d07ecc859245e18c6d847afaadf7,delivered,2018-02-11 13:18:34,2018-02-16 07:55:58,2018-02-22 00:49:49,2018-03-19 16:24:45,2018-03-15 00:00:00
696e7a79f34c788e7b79e59e35756fdb,29c3dfdabea255ab06e66922a280d4ac,delivered,2017-08-21 00:04:43,2017-08-23 12:50:13,2017-08-28 18:37:35,2017-09-06 23:05:53,2017-09-22 00:00:00
c7024b0259d1e73df96b2f98d588b19c,f65fd8fe4095317b5aa176ee72300f02,delivered,2018-03-01 12:34:50,2018-03-03 02:51:13,2018-03-23 20:51:54,2018-03-28 18:05:07,2018-03-29 00:00:00
cda0a20d2df6b9c3f02aa5258c99af6f,cef102e266fd2812ecd629b5da0d4dc6,delivered,2017-11-30 21:17:58,2017-12-01 10:31:51,2017-12-01 20:29:53,2017-12-23 17:38:11,2018-01-02 00:00:00
e3b81e11591d22a361bd292adad69ca7,43752fde94eac46ec10596d99027c9e3,delivered,2018-01-10 07:20:55,2018-01-10 16:49:40,2018-01-15 17:38:51,2018-01-26 19:21:39,2018-02-02 00:00:00
f8822b6085858dd513bb20e7e0c88e83,86f88f01dcc9599c9734faa1cb606a94,delivered,2018-05-06 10:51:36,2018-05-06 11:10:27,2018-05-08 13:35:00,2018-05-15 16:03:07,2018-05-23 00:00:00
a147b97f47abbdb02f67ea00da442cd8,0681069ba05876a097555609e2496d1f,delivered,2018-08-06 08:44:23,2018-08-06 08:55:23,2018-08-07 10:01:00,2018-08-10 22:03:13,2018-08-15 00:00:00
6df64cc2e8fbd99d2f72745f1388a760,f1ee2c9b4f6e06ac83e3fd39030131ec,delivered,2017-05-10 10:39:56,2017-05-10 10:50:13,2017-05-17 15:00:46,2017-05-23 16:55:57,2017-05-31 00:00:00
8912983ff47de54fb2cf774efebd8f09,02e04e4adf1a4ec2e262f8f942b4b315,delivered,2018-03-24 10:34:27,2018-03-24 11:48:18,2018-03-27 00:29:36,2018-03-29 20:27:53,2018-04-30 00:00:00
277006d8d593850cce4c18ce1c9a136a,58e67afe5b8a9fa07e268e00776afbdc,delivered,2018-06-14 09:52:51,2018-06-14 10:20:05,2018-06-14 15:09:00,2018-06-15 21:21:09,2018-06-26 00:00:00
b243fa91a6213ff97cc5ebdfb8e30a65,27e1ac8538b2c0b24d62cbfe0f1c69d4,delivered,2017-06-25 13:48:10,2017-06-25 14:04:53,2017-06-27 11:35:47,2017-07-11 19:34:38,2017-08-01 00:00:00
6981dcb7b07826f29c65ec408f8aaf05,ee92e58c6649ac95474430dab6fa47db,delivered,2018-08-17 12:32:54,2018-08-17 12:50:07,2018-08-21 15:36:00,2018-08-28 20:10:47,2018-09-03 00:00:00
77850ecb19783b9c81c2097568e6b4d3,933c5933d4324bed8e5a71e0d29aa42a,delivered,2017-11-29 23:50:48,2017-12-01 23:55:04,2017-12-05 00:41:40,2017-12-06 14:04:16,2017-12-15 00:00:00
fe64ddc89b78b25109183dfb7fbc2629,2661ec0f4f32504deec828788a845b93,delivered,2018-06-30 17:07:08,2018-06-30 18:09:58,2018-07-02 14:34:00,2018-07-10 23:38:45,2018-07-24 00:00:00
ccc2fdf91b8602da839b8cc89ec47dbe,638737b0a93bc3480cce7a10b5ef5d7b,delivered,2017-11-23 12:38:16,2017-11-23 12:49:36,2017-11-28 23:51:29,2017-12-12 00:22:36,2017-12-20 00:00:00
cc6adfff0d6a6796585ca1d0901f0ea1,9a87ecffc7fa5774d977fa4630769a63,delivered,2018-01-10 22:36:31,2018-01-10 22:48:09,2018-01-12 21:46:15,2018-01-19 13:35:57,2018-01-31 00:00:00
c8f4027dbf44d9747152dca781b0cc37,60c1ae14f523c5e43ddf237644b7571a,delivered,2017-12-20 12:59:30,2017-12-20 13:13:50,2017-12-20 21:52:30,2018-01-05 18:19:07,2018-01-17 00:00:00
abbbf52551bc34cd52a7851c06dfca90,594ceaa56731ed8539ea1b5437d9e311,delivered,2017-01-26 23:20:31,2017-01-28 04:35:50,2017-03-17 09:45:32,2017-04-05 14:14:58,2017-03-14 00:00:00
73596e67516934a7fe64cc6ca6d75545,347383eb85480a99e9df0bba4b129093,delivered,2018-06-14 20:09:31,2018-06-14 20:40:33,2018-06-15 08:02:00,2018-06-23 10:03:45,2018-07-13 00:00:00
377ed239c64b69ab76ed4d18bdf76958,cb389847793403afc3326a7036bd58ec,delivered,2017-08-11 16:23:44,2017-08-11 16:35:18,2017-08-14 20:33:48,2017-08-16 21:42:16,2017-08-24 00:00:00
2bd2241ff5bd59887a8a706c309c5938,adfc29e0c38c693aebe6ca25a7e5d72d,delivered,2018-01-10 19:38:12,2018-01-12 02:38:38,2018-01-17 00:47:54,2018-02-06 15:05:19,2018-01-29 00:00:00
bb4355fedc9f43e7270f49187823b24b,2b044b601d13ee0c7e889361d9b3a54e,delivered,2018-02-19 17:02:12,2018-02-19 18:10:27,2018-02-20 18:56:56,2018-03-05 22:03:52,2018-03-19 00:00:00
7497aef0a44235d9716819a06ae3d1b8,f2fb8a49fc3012aa30f76be7f47eaaad,delivered,2018-02-27 15:37:07,2018-02-27 16:50:03,2018-02-28 17:23:57,2018-03-12 13:32:03,2018-04-11 00:00:00
7b74647ef95b9578401bd8a4f723b301,43ae0f58c3e63919119fa948c2efee95,delivered,2017-12-01 01:42:46,2017-12-02 02:37:19,2017-12-04 19:48:32,2018-01-05 19:27:54,2017-12-29 00:00:00
b9eb9fbcca54dfce1d087c752d0f4b35,3824319059ed4febc68d625e63f29eee,delivered,2017-10-11 10:23:09,2017-10-12 03:00:12,2017-10-16 22:52:14,2017-10-25 17:13:05,2017-11-09 00:00:00
d99c7464570fd548f9936438c57f394a,92d6832c5ec0be03b1bc69a3e9e60758,delivered,2018-07-23 11:31:36,2018-07-23 14:30:57,2018-07-24 13:30:00,2018-07-26 22:25:49,2018-08-13 00:00:00
925f43c2d4991e4360c5a7435c5431a3,51099d172d85ee8e5693acfcbbd0f0a9,delivered,2017-03-30 22:38:45,2017-03-30 22:50:19,2017-04-05 17:21:44,2017-04-10 16:32:01,2017-04-24 00:00:00
b882b5c0534fa68c690e739dd788512a,51d40dd22a0e3ba720f812507548acb9,delivered,2017-08-29 23:29:43,2017-08-31 02:35:48,2017-08-31 20:44:17,2017-09-11 20:37:27,2017-09-20 00:00:00
f2125ad278ab03d4779ded7001337ee1,f231bfa6a643f23fa187394cf9a8c98d,delivered,2017-12-01 16:51:00,2017-12-03 16:53:45,2017-12-06 18:17:03,2017-12-19 18:09:25,2018-01-08 00:00:00
92e3415f60fec80f07ebca939434c3a7,85163f5cd854d552b1627f12e52721fc,delivered,2017-01-27 10:29:59,2017-01-27 10:41:54,2017-01-31 11:50:54,2017-02-02 17:43:58,2017-03-03 00:00:00
d35c1cd70132b8215cbe4c943537d139,b1c2e425a3415a98a88e997b86bf3f67,delivered,2018-07-16 14:07:54,2018-07-16 14:20:16,2018-07-18 19:04:00,2018-07-27 18:24:26,2018-07-25 00:00:00
b75531d67f9616e9012cea103a187c8c,b671be06b16d469205a87c380a30a09c,delivered,2017-03-07 22:10:46,2017-03-07 22:23:29,2017-03-13 09:32:58,2017-03-23 08:35:59,2017-04-12 00:00:00
512669f049d27cb8c95c83eb6e268bfa,bf1b0c82d25e07c1c4ce59c3b6033648,delivered,2018-01-02 18:05:22,2018-01-02 18:13:20,2018-01-04 14:53:02,2018-01-10 18:42:50,2018-01-30 00:00:00
c41fcb90e5c4e310d014634135fb1279,f15502451cc5bdea5784089fec299f8b,delivered,2017-05-10 14:04:15,2017-05-12 02:45:12,2017-05-12 15:19:54,2017-05-23 11:12:35,2017-05-30 00:00:00
f6a14749cdfa97ee01f2fed27c0c8b3a,93efa40fb4ab15f038238252720a512a,delivered,2018-05-06 11:38:34,2018-05-06 11:50:29,2018-05-09 16:22:00,2018-05-15 23:17:42,2018-05-30 00:00:00
e54493dea108e0cb48f3571e1249d418,446f3fb430933df5a26345961abf84a0,delivered,2017-02-07 16:47:27,2017-02-07 17:02:47,2017-02-09 07:25:55,2017-02-13 10:21:41,2017-03-06 00:00:00
0cabc61e5deb17c32904e1b512204efd,13a094bf5c41e311945e058c7a2d8ef8,delivered,2017-07-02 12:01:17,2017-07-02 12:15:11,2017-07-04 15:32:43,2017-07-12 17:33:25,2017-07-25 00:00:00
231f7e18395c045198f74f63e3cad304,08e4aec0cb39467c0d89548c9e44e28b,delivered,2017-06-30 11:03:46,2017-07-04 04:45:10,2017-07-05 09:55:36,2017-07-06 15:53:32,2017-07-17 00:00:00
9990874dbb760114a8bcadec87b20b2d,626d58a0cc568a4f0e5fca51e22b7761,delivered,2018-04-08 13:07:51,2018-04-08 13:30:18,2018-04-10 09:39:01,2018-04-13 19:58:30,2018-05-02 00:00:00
6db79d3150cfe0cfaa09cc8e09acdca0,83584c4329669450ef4331e7482e13cf,delivered,2018-02-03 14:22:59,2018-02-03 14:35:34,2018-02-05 16:28:43,2018-02-07 20:08:44,2018-03-05 00:00:00
9ee391a01004a9f330f16ebf9f7f0966,9c2344a071565e12fbf3fae2abc986da,delivered,2017-01-27 15:28:18,2017-01-31 04:41:19,2017-02-03 14:25:25,2017-02-07 14:51:41,2017-03-15 00:00:00
16bf4bebb63fe2842793fa1e3fbb83d9,55c9db9425ab8c9ee904753ebb3e9718,delivered,2017-09-26 18:38:52,2017-09-28 02:49:30,2017-09-28 19:03:13,2017-10-01 18:32:39,2017-10-13 00:00:00
8752bda3e45c2207f9dc0f94146cd228,cdad404012d87f4b60979ab87a197661,delivered,2018-04-07 19:20:42,2018-04-07 19:30:17,2018-04-10 23:38:51,2018-05-05 17:43:01,2018-05-08 00:00:00
db0d6bd65ccfca6371985ebcc2227efe,f40ed29ddf8d56ce6055e1a37094ab0e,delivered,2017-03-15 08:17:32,2017-03-15 08:17:32,2017-03-15 10:34:06,2017-03-17 11:52:03,2017-04-03 00:00:00
8dc67de08c1738a90e70f62f2920b432,7345796de7fb5b3566b3564b2b10f9d9,delivered,2017-01-25 01:29:42,2017-01-25 01:42:12,2017-01-25 09:22:00,2017-01-31 18:06:24,2017-03-08 00:00:00
e2d092db21e901d04985350bf0e748ac,08fbfcc1b6c48f73ddca8312c78f6f53,delivered,2017-01-18 20:11:57,2017-01-18 20:25:10,2017-01-22 21:41:59,2017-01-27 09:37:35,2017-02-28 00:00:00
49410e2fb311cf8b70baeea98a3cdbf1,973d4d86f73cebd0e362b5e7b1ff21b6,delivered,2018-08-01 22:05:17,2018-08-01 22:23:53,2018-08-03 15:03:00,2018-08-13 12:03:53,2018-08-29 00:00:00
4b186efcda6f283e9c4a71332f6d3ad0,cb58cd7d199d31c8320261119c8eca20,delivered,2017-04-07 19:27:31,2017-04-07 19:43:04,2017-04-08 08:44:39,2017-04-18 13:46:56,2017-05-03 00:00:00
6727a4e9eed7135cefc6d0f9de7f88a3,ce9c84a5a9d089aee9b8fa2a5fe5bf77,delivered,2018-07-23 08:06:43,2018-07-23 14:31:35,2018-07-24 08:11:00,2018-07-27 18:58:20,2018-08-06 00:00:00
a14df9fc5ca3766de545916e143acb06,4c64c0731b98ff02f7060fbad0d85c0d,delivered,2018-07-15 14:54:03,2018-07-15 15:10:10,2018-07-17 07:02:00,2018-07-23 17:11:48,2018-07-30 00:00:00
d809ddde66fee6223df16b11231491f9,ec512aec44574fceef73903803b3b382,delivered,2017-01-07 17:20:56,2017-01-07 17:30:21,2017-01-12 10:17:41,2017-01-25 10:14:08,2017-02-17 00:00:00
df5c6aca62db71fbe451c0408bde2817,0db3d540da7eb431e5c5969fca57ca07,delivered,2018-05-31 11:58:13,2018-05-31 12:14:45,2018-06-04 10:57:00,2018-06-12 19:41:28,2018-07-19 00:00:00
9b087af1d905d8987ae126797c9d15b1,3ac536aa3b70068437132144e3a1e1ea,delivered,2018-08-01 13:47:04,2018-08-01 14:04:26,2018-08-01 13:31:00,2018-08-08 13:35:29,2018-08-15 00:00:00
194c72d466120c8e1241d610c72cc5e9,4b363e6fce789d1f4e9b86c41fb88c5b,delivered,2018-02-06 13:25:41,2018-02-08 07:35:56,2018-02-09 00:42:51,2018-02-26 19:39:07,2018-03-14 00:00:00
abb76549f54fa02e04e1d3da5e8f3cce,84f8e654b54b0c3a65c2ff7f08ac14e1,delivered,2017-11-07 11:34:11,2017-11-09 04:31:05,2017-11-09 16:22:04,2017-11-14 23:03:35,2017-12-06 00:00:00
8f56d95ba4712b40163a057ba5ab89ac,0c5acfd4c2e4abe79d500e8340cf81da,delivered,2017-12-01 19:50:54,2017-12-01 20:09:32,2017-12-04 20:00:07,2017-12-12 18:52:49,2018-01-02 00:00:00
ee3e4667c7774f7a6b61e1990ec78cf4,ad21195ebbb59e7ee06a5f4a769037c2,delivered,2018-01-09 15:31:14,2018-01-09 16:32:35,2018-01-11 22:10:46,2018-01-12 21:56:11,2018-01-26 00:00:00
dee78f5da82e27d7d397d61769012fe9,4823dd520ba3df9205403d2d51e241d0,delivered,2018-02-13 18:52:50,2018-02-13 19:10:33,2018-02-15 16:47:53,2018-02-21 22:45:11,2018-03-06 00:00:00
4cfc21861f949b1bb4f23340193a2138,882d74a40dd3c00c4bf5e3b6ba55798e,delivered,2018-05-04 10:59:29,2018-05-05 02:35:11,2018-05-10 15:40:00,2018-06-04 18:33:59,2018-06-04 00:00:00
41159ff064a2cebfc663d0eda2a35d32,b5046b474af449caec29ccf426c8fb73,delivered,2018-07-05 14:24:57,2018-07-07 04:48:32,2018-07-11 13:54:00,2018-07-23 21:42:08,2018-08-03 00:00:00
148946b469e7c2af2231c7c2ba0c5681,475a8fb3ecf9ce05d2ee1b6944d1a04e,delivered,2017-07-06 14:42:13,2017-07-06 14:55:24,2017-07-11 14:06:31,2017-07-14 16:54:02,2017-08-01 00:00:00
e7d99cde4408565cb8aa944a642c61bd,0d82d1ebd453d1f27f89f3999edda575,delivered,2018-02-13 19:05:47,2018-02-14 10:27:16,2018-02-15 00:52:45,2018-02-28 21:13:42,2018-03-07 00:00:00
bfb7ce007bc3f08b946a9c620bbf344e,af77f7950abbc218e7256a09728e3486,delivered,2017-07-13 14:07:48,2017-07-14 14:15:12,2017-07-20 18:34:59,2017-07-26 18:59:48,2017-08-07 00:00:00
9afbd107ffa1b363cbdc3e81895dbdbb,0c049e412a34041312b948a94570d51c,delivered,2017-09-15 12:14:09,2017-09-15 12:35:08,2017-09-15 20:02:44,2017-09-21 19:37:58,2017-10-03 00:00:00
a9f6ce91a31d7e8dc4af0d3c847a5639,53bdf757344da65bdfff7e0b2b23a020,delivered,2018-02-06 12:28:51,2018-02-06 12:52:03,2018-02-06 20:25:48,2018-02-16 00:59:58,2018-03-06 00:00:00
f036b00e17fcaef60868e806043a66d3,1c960186a40f56265429edb6f3f60407,delivered,2018-02-26 12:39:17,2018-02-26 12:50:29,2018-02-27 18:42:53,2018-03-15 01:18:24,2018-03-28 00:00:00
653fb84a9e7359c05777a5332a48a876,f8ccd744c489a7cf8929be838c81c635,delivered,2017-07-21 06:06:25,2017-07-25 03:43:51,2017-07-26 10:32:28,2017-07-31 18:45:37,2017-08-14 00:00:00
3ffa506c19577dce30f9dbce07028c38,42990531f1c563abd40f0a87b783c0c1,delivered,2018-08-15 21:09:19,2018-08-15 21:23:53,2018-08-17 14:36:00,2018-08-22 21:32:02,2018-08-31 00:00:00
0f016423033058b7bef153a01ff9100b,3ace70c2a53c63bdd0f8b12c02b1e4d6,delivered,2018-02-24 09:02:10,2018-02-24 09:15:27,2018-02-28 23:13:20,2018-05-03 11:46:32,2018-03-26 00:00:00
aa1a6dd9036736db780b2cd007f68a52,0d443e5f5c30261d76551bd8f689a8a7,delivered,2017-12-13 10:20:03,2017-12-13 10:30:34,2017-12-14 23:33:22,2018-01-03 15:39:00,2018-01-08 00:00:00
aa0bc25a48a3d53cc009df13ed116b23,629abd181c1d9ef4bb09740b75ad1cbc,delivered,2018-03-19 09:32:37,2018-03-19 10:07:24,2018-03-19 21:06:00,2018-03-29 18:23:06,2018-03-29 00:00:00
8f6467bcaef44e076b48a04fa38557f3,94ac0b7d1d98d01b218caf186fb00d1a,delivered,2017-10-02 15:27:18,2017-10-02 15:35:23,2017-10-03 18:23:24,2017-10-07 16:15:45,2017-10-24 00:00:00
adf684f287283640cb375a2e8ada8c82,738ebe48e12040500665dd143aa28cdc,delivered,2017-01-31 23:18:22,2017-01-31 23:30:12,2017-02-03 16:04:04,2017-02-16 11:49:01,2017-03-09 00:00:00
8b69e25aaf296391c63e1158984ed9ce,d6a0262aa7ea8989db06e29f944eee82,delivered,2017-11-11 11:48:16,2017-11-11 12:06:43,2017-11-13 15:22:02,2017-11-21 15:06:36,2017-12-08 00:00:00
10b6352081cd9c4b594e4be0c491ee62,863b6381550660b774a6f43d857d2b0f,delivered,2017-01-24 11:16:26,2017-01-24 11:25:20,2017-01-27 10:14:38,2017-02-02 13:34:19,2017-03-01 00:00:00
f3730b23378f3e3415e54360e5a7c844,d43e617665b9a99e6e9b0ca80101867c,delivered,2017-11-23 22:55:19,2017-11-23 23:08:24,2017-11-25 17:58:41,2017-11-29 20:42:40,2017-12-07 00:00:00
1749aa0c3e963525049e36964941cee5,517a6168cf0a6fd2b59beece3b70b9dc,delivered,2018-01-26 20:29:27,2018-01-26 20:37:25,2018-01-30 19:53:47,2018-02-22 21:46:51,2018-02-21 00:00:00
3312588178a16638759fca54495ef50d,08b0db04ac8d73532750572156241d88,delivered,2017-01-16 18:36:49,2017-01-16 18:50:16,2017-01-18 15:49:05,2017-01-25 13:58:39,2017-02-28 00:00:00
0db053a048333680c09114ac4f231a79,483bee82533502236b68f79d985e327c,delivered,2018-02-26 19:25:21,2018-02-26 19:35:24,2018-03-01 18:22:22,2018-04-18 20:24:31,2018-03-23 00:00:00
61b40f2b303f6b312a3563e508baafb7,4209c2248f1d9e2a244d179a52053ffa,delivered,2018-02-22 08:04:09,2018-02-22 08:40:20,2018-02-23 21:53:02,2018-03-01 02:52:53,2018-03-16 00:00:00
23f99f3d6a5974cd50c00ebb3d6540a1,6bb27f3a855cdd5add35978c61c8fb1b,delivered,2018-08-07 20:49:21,2018-08-07 21:05:12,2018-08-08 15:01:00,2018-08-20 16:56:36,2018-08-24 00:00:00
c087855fe6f303205c09558f7f8103c8,5d0c6c3c37720178553332f2509b2568,delivered,2017-05-19 21:20:54,2017-05-19 21:35:16,2017-05-22 13:20:39,2017-06-01 18:05:18,2017-06-12 00:00:00
bf99c65e08505b49813ebded6969d109,c860a72a0da1a25ed1b3b3f4d2fe7691,delivered,2018-06-22 11:29:13,2018-06-22 11:56:42,2018-06-27 08:39:00,2018-07-03 21:47:04,2018-07-27 00:00:00
d6b1ddf39835687468c4477c1aa9cba0,e9b52538b701f2947aa6fc2f788ab9bc,delivered,2017-04-09 17:50:35,2017-04-11 03:50:21,2017-04-13 16:16:16,2017-04-18 15:28:27,2017-05-02 00:00:00
052b35671e2bdd45aa889c5fa09e2809,29509a171c5d01602fbd7afb4ecbfa06,delivered,2017-12-21 17:21:44,2017-12-21 17:31:08,2017-12-26 17:55:10,2017-12-27 21:32:58,2018-01-11 00:00:00
8a7c3a3a48dbc1c76fb4e7e5844d5584,5f3e50e8dc4c51b4bfafd5f7039a65c9,delivered,2018-07-25 13:00:01,2018-07-25 13:10:17,2018-08-14 14:39:00,2018-08-15 14:57:10,2018-08-16 00:00:00
34ae480fe2cec3fa921d33b72b32572a,696519087c698748e61374ff4f3f2624,delivered,2018-08-17 11:15:25,2018-08-18 02:50:04,2018-08-20 15:54:00,2018-08-27 18:07:35,2018-09-24 00:00:00
931eb9b18a6471d1f635ff15fcbde0ca,0574cae13bbc7aa1bf0ea2f16ebc138f,delivered,2018-05-16 11:50:30,2018-05-16 12:13:46,2018-05-21 08:52:00,2018-05-22 17:52:21,2018-06-04 00:00:00
67e2b633b65efc08fed5fb68e325761b,bbeef4c749841c05d99c16fbc63a89ea,delivered,2018-08-12 23:05:02,2018-08-13 23:04:10,2018-08-16 13:00:00,2018-08-23 23:32:43,2018-08-30 00:00:00
91c52e15672343c61768b4d10597eea8,56d6226f23b849ac14f6386041dc492e,delivered,2017-01-29 18:35:23,2017-01-29 19:31:06,2017-02-02 13:56:33,2017-02-08 11:32:48,2017-03-17 00:00:00
d8711cd641288f4e2e1a84dc3c6ade21,2136055ed9bb96ae2c2a47e727f791ae,delivered,2017-07-25 16:39:25,2017-07-25 16:50:19,2017-07-28 20:39:45,2017-07-31 20:32:58,2017-08-09 00:00:00
c456339d894d329ad45d39e3d6796b90,7fb62e47282b83f023cf1fef8d8309c9,delivered,2017-10-17 21:50:00,2017-10-17 22:05:18,2017-10-18 22:03:58,2017-10-19 11:57:46,2017-10-27 00:00:00
b00122d54463704c33f4768470c6db03,0cd43fdae479c385b043dcbe71f99bbf,delivered,2018-01-03 19:00:56,2018-01-04 16:50:29,2018-01-05 22:58:09,2018-01-16 01:22:16,2018-02-01 00:00:00
6e68d4f670783e41ced4e82d14debce9,6d4771e7b12516d2f6b98a6efcd88fc7,delivered,2017-01-31 17:15:33,2017-02-02 17:10:21,2017-02-06 09:38:07,2017-02-10 14:53:49,2017-03-03 00:00:00
9f451cb2b129195fb4006bfe9f9882ee,871055bd7d5ce8c492d02ad3ed010793,delivered,2018-02-13 00:19:51,2018-02-15 03:47:36,2018-02-15 22:05:14,2018-02-23 23:14:45,2018-03-09 00:00:00
3d7bbb0855485cbe41eca68eb774caeb,4232d226aaa704e6fbeba6ab06ca578e,delivered,2018-06-16 18:23:13,2018-06-16 18:37:24,2018-06-18 14:35:00,2018-06-25 17:31:21,2018-07-13 00:00:00
e6f4552718815a4804aec218dce78af3,6ebcc946fecf3e62b0af4168f99a5e9c,delivered,2018-08-03 10:00:14,2018-08-04 04:10:30,2018-08-04 09:11:00,2018-08-07 14:16:34,2018-08-13 00:00:00
7c2ee08449e6b8b55158e518778dbe83,58456fe345a47eddb73e11a8c91a1b69,delivered,2017-06-12 17:14:01,2017-06-12 17:25:22,2017-06-13 14:43:51,2017-06-14 15:17:00,2017-06-30 00:00:00
09d557bf440b6c3b40cacfbb24fd5e28,c95fd5ec9cb15e99cbd4b8a9ff814ff6,delivered,2017-01-11 20:12:38,2017-01-11 20:25:06,2017-01-12 10:07:12,2017-01-19 16:32:01,2017-02-27 00:00:00
a57ec1ab15e32bbd96dc388716a9193d,f74078b8c7665e05f5192f8c7bd95046,delivered,2018-07-17 20:04:35,2018-07-17 20:15:12,2018-07-18 10:09:00,2018-07-24 17:21:23,2018-08-10 00:00:00
6912f9577b4156d72ee607f78328ed11,9c2203adbf4d1a125282d868ee0df322,delivered,2018-08-26 19:39:08,2018-08-26 19:50:14,2018-08-27 13:34:00,2018-08-28 20:34:32,2018-08-30 00:00:00
eed6f74a190f23b5a8ac54a8b86aa79d,1c9d47c53485b0745f9b85d21a13581d,delivered,2017-10-12 12:08:21,2017-10-12 12:26:33,2017-10-17 19:37:52,2017-10-27 18:53:47,2017-10-31 00:00:00
71ee60584962dede5dd9685e8bf397f0,b1a053d99f314f3641d2d09f356b5701,delivered,2018-01-26 20:17:07,2018-01-26 20:37:19,2018-01-29 13:29:48,2018-02-01 01:22:17,2018-02-14 00:00:00
6fa1dd5611d4b380144fbe44fa788ad9,e3f70a618d0f9b0d7c21d43b5abc463f,delivered,2017-12-01 13:29:07,2017-12-02 02:38:05,2017-12-05 01:06:51,2017-12-12 23:37:41,2018-01-05 00:00:00
28e7148abde825a20fa617db02f92c99,89a4039536234dda76270ebb007d3d6b,delivered,2018-05-13 20:23:19,2018-05-13 21:35:21,2018-05-14 14:57:00,2018-05-16 01:22:39,2018-05-22 00:00:00
810a275a39d5f6934c225713d5aa9568,8e45de2e73431d2fb731feb8112bd110,delivered,2017-12-07 09:21:27,2017-12-07 09:34:34,2017-12-11 22:26:47,2017-12-14 16:07:09,2017-12-26 00:00:00
5260625f881ed6e315cd3eb3f4bc2d42,7296759d3f62aaa038c223494740137c,delivered,2017-04-07 12:03:36,2017-04-07 13:06:05,2017-04-13 12:33:05,2017-04-19 06:34:27,2017-05-19 00:00:00
49bbb428c234dcf31c4d66d4e8e1c04c,4c36169fa0fb2131640c936269b87ea5,delivered,2018-05-01 13:31:21,2018-05-01 13:50:38,2018-05-02 13:39:00,2018-05-05 16:08:41,2018-05-14 00:00:00
c1bb430ee85802d59d07d0f769d32e2f,24eba626a3ecd25108018ea7b111e766,delivered,2018-05-23 10:49:50,2018-05-23 11:18:41,2018-05-24 11:42:00,2018-06-04 14:39:01,2018-06-21 00:00:00
ce5a9de9a8a2c2a47c627c3615f90700,ee2e42a5fcbe3dbf6fce1d07639c8121,delivered,2018-05-29 21:08:28,2018-05-29 21:35:04,2018-05-30 12:05:00,2018-06-05 18:41:39,2018-07-05 00:00:00
58f999d3fc97ccaa6ce17d0488658cb5,9a4df08b3ba855822a7d5e8c8a4c4f9f,delivered,2018-06-14 11:33:06,2018-06-14 11:59:39,2018-06-15 12:03:00,2018-06-22 17:39:51,2018-07-13 00:00:00
6484880197398c11ca3f6a7709f60aad,9bca12f2eb7f971fea59d3dc857f81a5,delivered,2017-03-22 10:57:31,2017-03-22 10:57:31,2017-03-23 08:42:40,2017-04-04 12:38:16,2017-04-19 00:00:00
56de333dae82ab3c1d1d123e55d882fc,c5e4bf46280130708fbd6190c1b50cf6,delivered,2018-05-11 21:01:04,2018-05-11 21:11:01,2018-05-15 09:08:00,2018-05-18 23:28:52,2018-05-30 00:00:00
2d48e0823cd1b60fcd0653613d712e27,0a0cb67a965b9c7e35f5595053b79bd3,delivered,2017-12-01 14:16:47,2017-12-01 14:39:00,2017-12-04 20:13:35,2017-12-05 18:41:29,2017-12-19 00:00:00
7b8c32f57706909aaebed84fe68d191f,4f7d09d7800186530a64236919693655,delivered,2017-07-11 17:41:16,2017-07-11 17:55:26,2017-07-18 20:05:34,2017-07-24 19:07:34,2017-07-31 00:00:00
cd5be8f92135682a584bca7d11218aad,8a7636a8f5d5c27a5cb9aa255586a322,delivered,2017-11-25 17:46:11,2017-11-25 17:58:23,2017-11-28 18:10:11,2017-12-16 18:19:56,2017-12-26 00:00:00
494df7e03a951e947ea15c177503ef84,0bceac9cc152b61d82f0956d301a63d1,delivered,2017-05-28 14:36:08,2017-05-28 14:45:16,2017-05-29 20:57:49,2017-05-30 14:52:20,2017-06-09 00:00:00
303deafb916b70339ff5c11be8039888,6c1521328c187bc1606678a7dcfa955f,delivered,2017-11-25 11:51:25,2017-11-25 12:12:56,2017-11-28 20:33:41,2017-12-11 13:33:59,2017-12-20 00:00:00
2f972348117659ed047953f60257c3cd,f3fb0bc387b5a0742130f65abeecb5a7,delivered,2017-09-11 22:03:59,2017-09-11 22:15:13,2017-09-13 21:59:42,2017-09-19 20:39:52,2017-09-28 00:00:00
cfd5e54c14f22b62683cea7ed91caa24,553e55d7745de3a3f32d8d30914a3212,delivered,2017-01-31 17:36:56,2017-01-31 17:50:11,2017-02-02 10:52:36,2017-03-15 13:11:53,2017-03-09 00:00:00
7916e8283be68b0f8c475ec68cf0f333,00e4dd8d5ecaa00de8c6671679b58045,delivered,2018-07-03 10:52:13,2018-07-05 16:26:49,2018-07-05 14:13:00,2018-07-13 15:12:50,2018-07-27 00:00:00
414c2d0aa3ca7ba2ded1e645b3dc42d8,66e959a44387b5dfdd7e743181715998,delivered,2018-02-28 21:58:05,2018-02-28 22:30:57,2018-03-02 01:15:10,2018-03-10 14:12:17,2018-03-19 00:00:00
e699db09ff2550edf641974c32caab55,1b2ab6eda1946a6ff386b1ae51431344,delivered,2017-11-24 10:41:43,2017-11-24 12:18:26,2017-12-08 16:46:58,2017-12-13 20:57:14,2017-12-15 00:00:00
4576ccc69bb4a9402048a8672467675b,d51a769f71cfbad7bed52a8e4b3d1ceb,delivered,2017-11-27 08:18:47,2017-11-27 08:36:53,2017-11-30 22:44:51,2017-12-03 15:33:25,2017-12-12 00:00:00
28f6e619a89b10d9c70bc35eb43adca1,771599593e37a3e2f6b20cbfd31bf90e,delivered,2018-08-18 21:12:42,2018-08-18 21:29:41,2018-08-21 13:52:00,2018-08-23 15:42:01,2018-09-04 00:00:00
f5e82fd73a7ac75d9b2d34bcde06ed08,0cc5af9c8d63b5f7db48aa4e0085d256,delivered,2018-03-08 16:13:50,2018-03-08 16:55:48,2018-03-15 23:28:41,2018-03-19 14:27:38,2018-03-21 00:00:00
e6b945a54e2461068b09cdc3d465304d,0adbffeeef81b01449777e0ac65623bc,delivered,2018-05-08 22:49:39,2018-05-08 23:11:41,2018-05-30 13:57:00,2018-06-06 22:11:16,2018-06-25 00:00:00
897ef7424df8edd3139511b631ae8e94,d7109f11469a12c911531a1d40e078ed,delivered,2017-09-14 09:51:02,2017-09-16 02:55:45,2017-09-18 18:42:10,2017-09-26 17:05:39,2017-10-13 00:00:00
256aeafecb4d20915af4655d87085173,ff68e8842edcab65d1f8de4dfe4236ed,delivered,2018-07-06 23:38:02,2018-07-07 10:15:17,2018-07-09 15:12:00,2018-07-12 19:48:30,2018-07-25 00:00:00
88aa3c3fb095aabfed68ad9cfe82c151,7ae76f3a7ec39dfacbc944e1aea6fdd3,delivered,2018-03-27 18:06:07,2018-03-27 18:15:19,2018-03-29 01:04:04,2018-04-13 21:41:42,2018-04-09 00:00:00
b28d5be82c0088c66d57a28686db4e39,e2f6148811e74952ae6014df0032018f,delivered,2018-01-31 14:00:34,2018-01-31 14:15:20,2018-02-02 00:22:55,2018-02-15 23:48:22,2018-02-23 00:00:00
eabc20c259ef6e04089307feb92aa0fb,65e65a6d8fd1db7166ba4811d3c5457c,delivered,2018-07-05 21:39:13,2018-07-06 21:30:54,2018-07-10 14:49:00,2018-07-12 15:34:37,2018-07-24 00:00:00
9d57e7a9c3dae94772187f73e97d9854,7ebbd71d486f47070362e2e9be10898b,delivered,2017-01-26 13:51:54,2017-01-26 14:02:11,2017-01-27 08:43:07,2017-02-02 07:29:05,2017-03-08 00:00:00
36e694cf4cbc2a4803200c35e84abdc4,fd826e7cf63160e536e0908c76c3f441,delivered,2018-02-19 14:38:35,2018-02-19 14:50:37,2018-02-20 00:03:39,2018-02-20 16:25:51,2018-03-05 00:00:00
1c366a6fab2801f8b19036b3fc66ef17,71021b16c54b62203d60e527aafc7095,delivered,2017-10-02 22:11:10,2017-10-02 22:28:16,2017-10-03 15:08:02,2017-10-10 11:54:13,2017-10-25 00:00:00
0372d2e3d0ac2600aa8e08e6c46cb7dc,cf9d02b5881ac8b8c6c2c5d4be462589,delivered,2017-10-02 12:47:27,2017-10-02 13:24:27,2017-10-03 17:25:54,2017-10-06 18:42:10,2017-10-27 00:00:00
deb805b3a0cb1a415c66ddda0f92e0a0,a0ff04ef67911eae8a588690b2149379,delivered,2018-03-02 16:37:13,2018-03-02 16:50:34,2018-03-06 01:08:25,2018-03-20 22:03:52,2018-03-20 00:00:00
fdda37c607e545cc35b20ab1eb1a057a,1d1c736115642f774623a24b4253bfdc,delivered,2018-05-10 22:08:11,2018-05-10 22:31:06,2018-05-11 13:41:00,2018-05-23 19:31:52,2018-06-01 00:00:00
0f884853f408247bc673050f33f2c5e5,652401990964326fac92dbdf8ebd673a,delivered,2017-08-11 14:40:12,2017-08-11 14:55:14,2017-08-14 19:53:40,2017-08-21 20:36:23,2017-09-04 00:00:00
0c162a9eb881c1a8a2e5bcec41cd2cfd,0a431c57145b34aa4645a7c3b85bb149,delivered,2018-06-16 20:52:46,2018-06-16 21:16:50,2018-06-19 09:59:00,2018-06-25 22:26:48,2018-07-31 00:00:00
1962f977f7b7b5eb73a3c2c39bbc93b5,a154f40a53dbfc81340f0834f035e89e,delivered,2017-01-26 16:28:04,2017-01-27 10:41:55,2017-01-27 16:30:24,2017-01-31 07:05:00,2017-03-02 00:00:00
9d525e537711d24dba959b750dd6fbbc,4bcfea5b436d2fce8a78497c515a56e4,delivered,2018-07-23 10:51:17,2018-07-23 13:24:29,2018-07-31 14:27:00,2018-08-07 18:33:02,2018-08-06 00:00:00
da4b750c427bc88754c6c019045f7536,3acc9474e20338145d7a9e31318152ea,delivered,2018-05-22 09:07:01,2018-05-23 01:18:05,2018-05-23 11:29:00,2018-06-06 20:58:28,2018-06-08 00:00:00
7a18a504c1a4b32d883e68de2e1a7db0,e6bee29442c761ff0dfb9a4414922a5c,delivered,2017-01-05 12:09:08,2017-01-07 03:44:08,2017-01-11 15:35:53,2017-01-16 15:43:29,2017-02-13 00:00:00
6b092965cc5bcd955107ed81c1acd489,303020d38fd6cf2ffae75ad54e1b7a8b,delivered,2018-07-20 10:39:19,2018-07-20 10:50:16,2018-07-20 13:19:00,2018-07-24 17:59:39,2018-08-03 00:00:00
6800d99c79f85a09a82645ff194ba86e,c04d524b349a3ece930bf77e623cdbfd,delivered,2018-06-27 17:56:47,2018-06-27 18:12:49,2018-06-28 14:03:00,2018-07-03 17:18:48,2018-07-19 00:00:00
399775d0638168dfd529422f995fcc41,532719903d588d324f360c02d3b1706f,delivered,2017-01-29 14:57:59,2017-01-31 04:35:34,2017-02-01 12:44:17,2017-02-08 15:32:40,2017-03-28 00:00:00
db7d019ce87ceb1539bd37353ab408ba,bd2c13f9aff19c6adfe232373946e6ea,delivered,2017-01-26 20:55:09,2017-01-26 21:05:20,2017-01-30 13:59:59,2017-02-07 08:12:06,2017-03-08 00:00:00
5a34dfccd6fb223c870ad34652d64274,e9353d11c4dfb289a1ecb1ebf502c3c3,delivered,2018-02-14 20:44:25,2018-02-16 02:07:25,2018-02-17 15:38:53,2018-04-24 14:17:29,2018-03-06 00:00:00
27d4565688530c96555c05e21f6740c1,33297d2af8f199cd9cc87abb71a3b8a6,delivered,2018-07-01 12:02:17,2018-07-01 12:15:13,2018-07-02 22:47:00,2018-07-04 21:23:37,2018-07-19 00:00:00
7e54f2e2af1f04c407423998a9812c73,f87e7eafa193599180f8b7006aa01e51,delivered,2018-02-23 11:53:38,2018-02-23 12:10:30,2018-02-24 00:08:55,2018-03-04 15:33:46,2018-03-15 00:00:00
38303a6a61c69a067203b03e3e839e3e,bc4426e195e7702bf83343db924fdffa,delivered,2018-01-20 22:53:31,2018-01-20 23:20:13,2018-01-23 00:24:37,2018-01-26 14:22:09,2018-02-14 00:00:00
9c5e0415bc4c4c089aa772c9387e0f8e,62dee8b517273bba680eb604ffbb7726,delivered,2018-05-16 10:40:30,2018-05-16 10:54:21,2018-05-17 15:06:00,2018-05-22 02:22:50,2018-06-05 00:00:00
f6b066fe810a20c879b7a4aa8ffd30af,a01b1970efe8b573e00c01cf5ef8b758,delivered,2017-05-21 19:59:32,2017-05-21 20:10:20,2017-05-22 13:47:07,2017-05-24 15:56:57,2017-06-09 00:00:00
991822bb734dbc3bbda5554397c3d957,f55791b5a2b3a4f027ad2523dbdf7b2f,delivered,2018-06-21 22:14:25,2018-06-21 22:38:24,2018-06-22 14:08:00,2018-06-29 15:22:57,2018-07-18 00:00:00
fa1ad0a29c6a88101f0eb2e1504eb9ba,ee999a46c24288f09a34987a6886ca1e,delivered,2017-09-18 13:48:16,2017-09-18 14:04:52,2017-09-19 20:35:43,2017-09-25 22:18:34,2017-10-09 00:00:00
f829f185f0ec92a117ee3d8c9e9ed19b,12658d23a028a4fd61c6ed1baddf98ad,delivered,2018-04-06 13:51:26,2018-04-06 14:10:22,2018-04-07 01:27:44,2018-04-09 16:32:55,2018-04-18 00:00:00
cde3a38426f2025992e76394bfed732c,15ea74654519544cdcbd136566f47a8e,delivered,2017-10-16 15:04:24,2017-10-17 04:14:15,2017-10-20 22:15:29,2017-10-31 17:46:07,2017-11-10 00:00:00
86e15c44520932e049ca96660a60b776,13c2dbc76e00f0ef236e19d51354e90a,delivered,2018-06-01 21:24:10,2018-06-01 21:35:12,2018-06-04 15:30:00,2018-06-20 23:34:43,2018-07-27 00:00:00
bd61cca18344a303e8e6bef9861d64c5,640a26640208ad6b8098bca916463a8b,delivered,2018-08-02 12:05:29,2018-08-03 02:50:32,2018-08-07 14:22:00,2018-08-13 21:21:24,2018-08-21 00:00:00
9b2e5e7107f9b0d28873782803e01ecd,f528cd2e64c47c4d65c1355294c43323,delivered,2017-01-17 20:20:10,2017-01-17 20:32:51,2017-01-18 08:48:04,2017-01-26 06:15:39,2017-03-06 00:00:00
583778f2a1b6b016b054423277086598,e38c25fd0a93092fa341755e65cd3631,delivered,2017-12-30 18:24:49,2017-12-30 18:46:39,2018-01-05 22:11:03,2018-01-28 09:10:06,2018-01-31 00:00:00
d6912f804ef9076f6172f0eee4207749,1d6a944bceeba3cdb4ad7a1fe2938fd4,delivered,2018-04-15 03:35:34,2018-04-16 08:51:10,2018-04-16 21:12:17,2018-04-23 11:07:31,2018-05-16 00:00:00
589eac637e68da58add10ee5e6710bac,8bad98b4cfc0bec348b202ea08123680,delivered,2018-01-12 10:59:33,2018-01-13 04:54:59,2018-01-15 23:12:54,2018-01-24 00:12:33,2018-02-06 00:00:00
35837feff69c830a990c5ecae625bab5,ea4b4e3e3f339a13d491b41ded5bf3ef,delivered,2017-02-08 16:49:29,2017-02-08 17:03:03,2017-02-13 08:49:28,2017-02-15 09:38:01,2017-03-21 00:00:00
cf4b34a6cd499c3d352d90cee37795ef,17be158b549a978345bc5fdc895815cd,delivered,2018-01-07 15:05:52,2018-01-07 15:14:19,2018-01-10 19:23:21,2018-01-24 17:38:50,2018-02-07 00:00:00
2bac4f3e8f31c3174e87367649517359,98f40e5cd4e7f5ff5d50b78baa32bece,delivered,2017-09-11 15:59:22,2017-09-11 16:43:58,2017-09-14 13:57:51,2017-09-19 21:42:42,2017-10-02 00:00:00
33ec97b423d769023dbd71f138aca94a,728b0d27ba5108af500fed741b7be449,delivered,2017-10-30 21:53:24,2017-10-30 22:31:44,2017-11-01 16:58:05,2017-11-08 16:14:03,2017-11-16 00:00:00
d38cfff41619a58ae9fb4bb3be5cdfa6,17eb76b7c89a006386dc854560588172,delivered,2017-06-06 21:24:23,2017-06-06 21:35:17,2017-06-08 16:32:34,2017-08-11 19:25:55,2017-07-04 00:00:00
177b06f07f7d57b07c732247e5f3a179,77ba3722e956df4dcb1d7fe1e1eddc93,delivered,2018-01-28 21:51:04,2018-01-28 22:11:31,2018-01-29 19:04:33,2018-01-31 00:59:43,2018-02-14 00:00:00
5d3600123565a48b65ad1ae42b48ae9e,a7086654d09a3fadfc0ed962acba11d6,delivered,2018-06-03 18:16:27,2018-06-03 18:31:18,2018-06-04 14:34:00,2018-06-06 19:22:33,2018-06-28 00:00:00
b95a0a8bd30aece4e94e81f0591249d8,ff3c6d35b4927c9b965aa6a68dcf56e4,delivered,2017-01-05 12:01:20,2017-01-07 03:35:37,2017-01-11 16:22:53,2017-01-17 15:38:58,2017-02-13 00:00:00
44569e91b30111309ef6cdca8bfaaca9,36be2e21057fd071db7cb0db8c84a103,delivered,2018-04-02 21:44:34,2018-04-03 21:49:35,2018-04-04 22:16:31,2018-04-09 20:53:38,2018-04-18 00:00:00
aab6724caaf81418088249e2a0ea5d17,fbf7bc76c6c3f2fdd47489cc38542f64,delivered,2018-01-16 19:58:37,2018-01-16 20:10:37,2018-01-17 21:04:59,2018-01-23 17:24:24,2018-02-07 00:00:00
70f2c5825ad1afe906cc0c4036a3593f,6a3e7d824a55ef5821a0e327c66cc979,delivered,2017-12-04 20:53:02,2017-12-04 23:30:57,2017-12-05 21:37:11,2017-12-19 19:32:59,2017-12-29 00:00:00
3e46d4c127db26ad30843bd14fcb98f7,e74a6338773e24b2e8a94d82cab4ea45,delivered,2018-04-22 01:36:52,2018-04-25 03:55:26,2018-04-25 13:49:00,2018-04-30 17:17:45,2018-05-17 00:00:00
7124bd2d49c395dc9b4c8ff94d6c919c,f5587866e99f9081654f4dbfa7757d28,delivered,2018-02-07 18:29:52,2018-02-07 18:50:10,2018-02-08 18:02:51,2018-02-22 10:36:52,2018-03-12 00:00:00
f1b69a785e2f47e44415f46f270f1545,ac689b1fabb72a1bb917134bbf6f0d23,delivered,2018-01-22 12:30:16,2018-01-24 02:35:31,2018-01-25 17:33:14,2018-02-15 13:48:50,2018-02-26 00:00:00
a43482a55cc8d11f47b25992831a794f,f4cbe58e364a58bb9e0ce73f92a8b37b,delivered,2017-10-12 10:56:25,2017-10-12 11:07:41,2017-10-17 20:37:05,2017-10-24 16:33:03,2017-11-03 00:00:00
1629176e313470cd1d1bc811b4695065,5a956bc385c532ba9d78bd4948e7f8e0,delivered,2018-03-14 15:47:48,2018-03-14 16:08:22,2018-03-20 21:17:48,2018-03-21 22:16:47,2018-03-26 00:00:00
38eec5bb3f0c72a0441c485a07bd99b5,9794742e512848cf1c6fc1a01f0d549e,delivered,2017-11-24 01:26:01,2017-11-24 01:38:45,2017-11-25 14:50:01,2017-12-02 16:30:03,2017-12-19 00:00:00
f756f24c1fc9b46e384943ba538a23cd,20570aa103cfe5906c5fd29bad4a31c7,delivered,2017-11-28 16:43:45,2017-11-30 16:50:59,2017-12-01 21:29:37,2017-12-22 19:42:14,2017-12-20 00:00:00
c0f8ab6b8ca98ae53f4acc203b206e0d,a4758d80c0a920904ca586f86360849d,delivered,2017-11-12 11:35:14,2017-11-12 11:46:27,2017-11-20 13:27:42,2017-12-15 23:43:32,2017-12-12 00:00:00
efd6f5a2a8e6c4dbd20bf8ff100342e0,e6ba3a0e166a0249bb57e6a3bd2b6e89,delivered,2018-02-14 00:47:38,2018-02-16 08:07:07,2018-02-16 17:56:54,2018-02-20 03:04:37,2018-03-12 00:00:00
462713cbc1abe1d91797604551133abf,04861ff600ae6fcb9356b57355ed641c,delivered,2018-08-10 00:34:22,2018-08-10 00:50:09,2018-08-13 16:20:00,2018-08-17 17:51:28,2018-09-04 00:00:00
293ce7e1d3220058be631162721ba82f,b9e06a1af0969890a829b391cc05cacb,delivered,2017-09-17 22:35:47,2017-09-17 23:20:41,2017-09-20 19:02:37,2017-10-02 22:56:36,2017-10-05 00:00:00
2dc89150e25e0d36a6b80cea3c8a1290,0454038eb49c9d4f0fbe5f2c7896980b,delivered,2018-05-03 23:51:46,2018-05-04 00:52:55,2018-05-04 12:50:00,2018-05-09 20:18:25,2018-05-22 00:00:00
96690f8fbafc0eae928f18e8a344c31e,4f614c6f09ba481a66d79bd39081da60,delivered,2018-04-18 15:36:33,2018-04-20 07:32:10,2018-04-20 20:03:09,2018-05-03 19:31:30,2018-05-16 00:00:00
a96417d157bd97f6b47643a7ffbcd8dc,32a0f9a935752b492144cefe01ec5da3,delivered,2017-03-24 15:37:08,2017-03-24 15:50:18,2017-03-27 14:56:58,2017-04-03 13:33:32,2017-04-17 00:00:00
0c9b19430ea3cf0e01b6686df953ad6d,223b6f9fabe9237128ff072d99701307,delivered,2017-06-14 15:54:29,2017-06-17 03:21:10,2017-06-22 15:30:05,2017-06-26 20:21:38,2017-06-28 00:00:00
d043902d832951c993140ff02e9a74b6,a69fb81739a98f4292b9b5294396e3c3,delivered,2018-05-20 21:56:14,2018-05-20 22:18:37,2018-05-22 09:00:00,2018-05-23 17:32:04,2018-06-01 00:00:00
491c5a96f47a083b2792f1a306a5fade,5a6a4a2e451c08ff810096ed0abbcfcc,delivered,2017-06-13 09:03:46,2017-06-14 02:05:13,2017-06-14 11:14:22,2017-06-23 11:12:41,2017-07-04 00:00:00
02624f7cd7272b3e027320023dbdc99b,5cc48607521a18de6b6e2eeaace14501,delivered,2017-10-10 09:37:51,2017-10-12 02:31:56,2017-10-18 21:52:10,2017-10-25 17:44:06,2017-11-17 00:00:00
41e33d3c157e00a75938cd0345e207de,6303896fe7edb9feb7b93bbc17bafc09,delivered,2018-03-07 18:02:17,2018-03-09 02:15:43,2018-03-13 21:27:43,2018-04-11 22:22:05,2018-04-25 00:00:00
5a359fd847978055438c2563b425d343,9355c14f322f84c4cb4e0bf6162dd714,delivered,2018-08-22 11:17:04,2018-08-23 11:25:30,2018-08-24 12:13:00,2018-08-29 02:24:36,2018-09-04 00:00:00
cd6f777c4734b77c8f01725d6a3500c0,aba0612f1bda6131d3058084c31511ca,delivered,2017-01-17 18:24:14,2017-01-17 18:30:11,2017-01-18 06:55:01,2017-01-27 13:32:35,2017-02-13 00:00:00
f38ae8b796d52858ed18b394908209d8,3e03b26920dd91486f3ef212fa8a0854,delivered,2018-02-01 17:43:27,2018-02-01 17:55:31,2018-02-07 22:33:02,2018-03-07 19:53:27,2018-03-01 00:00:00
1ae6cdc7484c3cf6f29144b09d68f360,c000bdc496eb94ca05f3ee07342973af,delivered,2018-03-21 20:36:49,2018-03-21 20:47:53,2018-03-23 23:44:35,2018-04-11 17:03:08,2018-04-13 00:00:00
1bf5ad2a94cb784f7e27820ab656c398,14e618e8adb379c1d9727e4cfb189daa,delivered,2017-05-14 01:23:01,2017-05-14 01:30:19,2017-05-16 09:27:52,2017-05-24 11:48:06,2017-06-02 00:00:00
a6145b6681d0b1556afbcf25131f2952,4aa5ea2a21bba03f84782a1b07679084,delivered,2018-07-14 11:45:19,2018-07-14 11:55:14,2018-07-24 14:13:00,2018-07-30 19:52:50,2018-08-09 00:00:00
b115422b830bf2840fccf6f0d6678ab2,d0ed961c7140b7f191442b56f46aaf2b,delivered,2018-08-16 13:09:43,2018-08-16 13:23:56,2018-08-16 13:41:00,2018-08-22 19:20:40,2018-09-06 00:00:00
492d9d1a1eb3b5a079dff6d1eb3f4b67,bf32270a9d55407c068e29aa15429802,delivered,2017-10-02 09:26:26,2017-10-04 07:14:17,2017-10-04 15:53:04,2017-10-09 21:39:46,2017-10-30 00:00:00
1a46a59c4c13f2c52e453f8f490b7840,96b4bb6bce80210c56debbb88e44f8df,delivered,2018-07-31 13:27:22,2018-08-02 05:30:48,2018-08-06 14:49:00,2018-08-09 20:09:43,2018-08-09 00:00:00
c870ef6a8e1d8eec841d79b42a6a20e4,5e2eb678bf7712ade6ed644acfd44f5e,delivered,2017-01-19 20:45:08,2017-01-21 03:10:43,2017-01-25 09:24:26,2017-01-30 19:47:59,2017-02-17 00:00:00
51c064ec2d79d398b30db3f8e1de8ec8,91da5278c565f5d5d22b3724ec4839fd,delivered,2017-05-04 19:16:04,2017-05-05 02:25:24,2017-05-05 13:30:49,2017-05-10 09:17:54,2017-05-29 00:00:00
adc51b6b60ec7fe71a757fdf57f0e3b2,fb7681ad22514aecc8cc75fd507b63da,delivered,2017-12-04 22:02:12,2017-12-05 10:30:40,2017-12-05 18:32:04,2017-12-29 18:13:33,2017-12-29 00:00:00
4eeb7a26bd818dca75553383c9ef857c,77fed8a2652547ec05c05ad68f5f9efa,delivered,2018-01-23 21:07:18,2018-01-23 21:20:26,2018-01-24 20:24:26,2018-02-02 14:52:05,2018-02-15 00:00:00
03c83b31dbc387f83f1b5579b53182fb,6d70d16ff8b3a0131e209b2bba542930,delivered,2018-01-06 16:00:58,2018-01-09 07:26:47,2018-01-09 23:38:51,2018-01-17 20:04:47,2018-02-06 00:00:00
055eb7e5645d86bd278fc4f419622e8d,556960436775082c323282512ab48129,delivered,2017-01-26 13:14:02,2017-01-26 13:25:13,2017-01-26 15:02:28,2017-02-02 13:47:53,2017-03-02 00:00:00
a971cf0a515e6051941bd05ff3efc0d7,3822955d34156d07b88be9848edfd7e9,delivered,2018-08-02 18:14:03,2018-08-02 18:25:21,2018-08-03 14:31:00,2018-08-14 22:21:25,2018-08-27 00:00:00
bf57d88907afc221e0eeb3e12da03657,9a1560da89cf53aec2d573c286ba6957,delivered,2017-10-12 14:26:39,2017-10-12 14:36:31,2017-10-13 19:58:21,2017-10-26 22:42:40,2017-11-08 00:00:00
bc8015ad7d68e2f870c4b6f319c88f0b,aed712020ce741154262e5bfcb7745ab,delivered,2017-12-19 22:08:29,2017-12-19 23:12:20,2017-12-20 16:23:59,2017-12-27 23:38:57,2018-01-16 00:00:00
70b8fcabbd42bd4e6bb39052dac647d6,451bd3e4f4efa5b33e04885f2680bb28,delivered,2017-03-12 11:31:36,2017-03-12 11:31:36,2017-03-14 10:14:01,2017-03-22 13:24:11,2017-04-03 00:00:00
857a83273943276ac60eb1d15bbfed5d,a80e0e8ad3f8721eadbb57333aad5957,delivered,2017-02-22 15:16:44,2017-02-22 15:25:17,2017-02-23 14:22:57,2017-03-21 11:14:12,2017-03-23 00:00:00
0fefd780aced50487fedea40b67318b5,3d9ff586104e795e9cda5d0fb1705c13,delivered,2017-09-12 14:20:41,2017-09-12 14:30:30,2017-09-15 18:35:08,2017-09-20 23:06:09,2017-10-05 00:00:00
996763a377a7e96ea28f02058d1e1883,7a9ba3048545535bc0c1d412fa47f829,delivered,2018-08-11 20:29:39,2018-08-11 20:44:33,2018-08-15 13:01:00,2018-08-22 12:05:26,2018-08-30 00:00:00
f42d66ddca55a1f750b6797c4269cb30,ae76f0fb2677aaf0d173213de80ec257,delivered,2017-07-20 21:06:38,2017-07-21 21:15:11,2017-07-22 11:14:48,2017-08-01 20:05:55,2017-08-09 00:00:00
9d6ebf13c4103f0a747d86c3c93f7af5,d73ad9b9d4bd1fc0dfdc66db5052d09c,delivered,2018-08-06 18:03:11,2018-08-08 03:10:17,2018-08-18 09:13:00,2018-08-22 21:56:29,2018-08-24 00:00:00
9aea3a72c2f44a11b792cc58320bed77,52a99d530d76470a697c888510af5f88,delivered,2017-10-19 16:28:07,2017-10-19 16:49:58,2017-10-20 14:50:57,2017-10-23 20:48:06,2017-10-31 00:00:00
76606b013751ab0fc648e671d8bbf16c,2798b51a189b8834e9d8d5907659a4bb,delivered,2018-04-29 12:17:32,2018-05-01 05:55:12,2018-05-02 14:28:00,2018-05-04 02:17:00,2018-05-09 00:00:00
c3ad507aba1f6b47354085e7e6bed0cf,5156283c24fef4abea13a6a6f4469a98,delivered,2017-01-21 19:46:23,2017-01-21 20:01:50,2017-01-25 05:58:53,2017-02-09 15:44:10,2017-03-15 00:00:00
8ebbdbcc79e51da16021583a29f2ee21,3975ac6ad466b998b9ed73750192cbbc,delivered,2018-02-15 10:14:59,2018-02-15 10:27:32,2018-02-15 21:38:05,2018-03-15 00:24:35,2018-03-12 00:00:00
f8156c3c902b5ae88ac59a6c7b28f72a,428ed8065f1b2eb32338b0ff5f30c8d1,delivered,2017-01-17 11:21:45,2017-01-18 02:10:20,2017-01-18 16:00:14,2017-01-24 12:21:29,2017-02-27 00:00:00
dc549de29b05dad7e04a830974bd9278,2732f28bcf2cc84ee0b5ff194170d79c,delivered,2017-07-18 10:14:08,2017-07-18 10:25:21,2017-07-24 19:27:46,2017-07-26 03:14:23,2017-07-31 00:00:00
1c036a86b23c31b9383c1e6f67a94652,4f2861247d5aadcb075836a5e43bed28,delivered,2018-07-18 09:16:18,2018-07-18 09:30:15,2018-07-18 13:25:00,2018-07-23 15:30:02,2018-08-01 00:00:00
852ec507c9db5b3b1086cb9e6d89c697,2ffc1f71cc3fcf1f2baf2d9ebac6b29a,delivered,2018-06-29 23:09:13,2018-06-29 23:30:13,2018-07-03 13:57:00,2018-07-06 13:46:57,2018-07-31 00:00:00
8cb07e7e810ad9e5f33062cb4735d488,7cc773cce3ceea8640c54a88b0f007a9,delivered,2017-01-24 00:22:40,2017-01-25 02:42:31,2017-02-03 10:00:52,2017-02-08 09:53:38,2017-03-03 00:00:00
86a8dda933d2f5ead748b61f816fd181,e4b6894569fe68e586b02fd831c98f66,delivered,2018-07-05 23:46:37,2018-07-07 04:48:47,2018-07-10 13:44:00,2018-07-23 16:48:55,2018-07-27 00:00:00
c50e38fc8b688b01c6a4109a6e075977,3db8f291923971467c299f44c051a6e9,delivered,2017-11-12 00:19:02,2017-11-12 00:47:43,2017-11-16 19:51:26,2017-12-07 20:42:17,2017-12-29 00:00:00
8add635e672a6b52fa66cc99d940ab8c,f19ab40f6dbb02cacadf51b9e3157f56,delivered,2018-05-06 10:37:42,2018-05-06 10:53:03,2018-05-07 16:41:00,2018-05-18 17:26:33,2018-05-29 00:00:00
9ccd75b5f3444a2dbf104b9cdc1183a1,f2e6426b75732148c1fceb5131c79ac8,delivered,2017-07-25 23:49:05,2017-07-26 00:45:07,2017-07-26 14:28:35,2017-08-03 17:02:57,2017-08-16 00:00:00
4dd1f29debee7ab872c8919f35a80070,51cfe38e55dc309dc27164c60fe75107,delivered,2017-04-06 15:06:48,2017-04-07 03:15:57,2017-04-13 17:38:15,2017-04-20 08:51:44,2017-05-04 00:00:00
d8ded99e3d8a9de0aba5037f97743cff,8b318ddc93f0076d90f07847ddf47567,delivered,2018-05-25 20:35:47,2018-05-25 20:57:50,2018-05-28 15:55:00,2018-06-07 18:22:49,2018-07-05 00:00:00
4089dcf1cbb89bc02b04c143c7dab499,4eb34c6abfced86e2424dc23945875b5,delivered,2018-04-30 14:13:49,2018-04-30 14:32:39,2018-05-02 13:09:00,2018-05-14 18:22:47,2018-05-23 00:00:00
1905a6fa69b8fe273cc0ec81f8ec31b5,7ae85381c48ff61620b51be6c33eded9,delivered,2017-12-18 18:12:58,2017-12-20 07:18:18,2017-12-20 20:42:47,2017-12-30 12:41:56,2018-01-12 00:00:00
489d362ded79f4394b61b6e58453ab18,bc2f220ee24e0e71c450982651079d50,delivered,2018-01-04 13:41:14,2018-01-04 13:49:33,2018-01-10 20:24:22,2018-01-18 16:47:59,2018-02-01 00:00:00
ceb7321e8e4db328b230a89f90e72014,6e31c1d461e13b18d437b31fa2ec127e,delivered,2018-04-10 18:18:13,2018-04-10 18:35:06,2018-04-12 16:31:12,2018-04-20 16:33:39,2018-05-03 00:00:00
15762fbce0478c48462956d3fbee08a7,24813b5d127493c4c67c871c4ed7f2bc,delivered,2018-07-08 16:58:34,2018-07-08 17:10:08,2018-07-10 15:43:00,2018-07-26 22:51:38,2018-08-01 00:00:00
16084e188e0613c06730f77bcbfa9ff7,22c84693fe0e3b1dce11069c6f7f448a,delivered,2018-02-20 13:53:47,2018-02-22 02:10:38,2018-02-28 22:09:14,2018-03-15 20:42:24,2018-03-21 00:00:00
19071fa97256edc89512749be1569e7e,e5c9bafaa0e039d46a1daa031a7222d0,delivered,2018-04-05 14:39:08,2018-04-06 14:35:16,2018-04-12 20:28:31,2018-04-24 17:50:47,2018-05-03 00:00:00
3dd755153da335084e4f2ae10c077b5e,5336c5ee4f79f50db5090376d6023df6,delivered,2018-05-10 00:20:09,2018-05-10 00:34:07,2018-05-15 16:18:00,2018-05-18 22:42:00,2018-05-29 00:00:00
0c5d85fbd4b20a1d9d5fc6a29e739f36,8e5fb420cf8c57efbdf1632de43b3f16,delivered,2017-01-25 18:04:52,2017-01-25 18:15:20,2017-01-26 15:20:24,2017-02-03 12:44:16,2017-03-02 00:00:00
6b1391687f84349c62119cb2c95374e0,0ab26918ea357128c0f6f9acdcf8f0f7,delivered,2017-12-21 08:46:01,2017-12-21 08:59:41,2017-12-21 21:48:39,2017-12-29 15:24:13,2018-01-23 00:00:00
d1b32a0715fa2abd2ff4f3ec5e751964,a2d424dcfaa53fa97a98bb99d7700581,delivered,2017-01-24 07:58:59,2017-01-24 09:50:18,2017-01-24 12:28:39,2017-02-06 10:05:36,2017-03-13 00:00:00
4726bb2be36557009e1f231af49916e0,510afdc891236e163630afa457975472,delivered,2018-02-14 15:22:57,2018-02-16 07:55:52,2018-02-20 17:46:58,2018-02-22 19:55:14,2018-03-01 00:00:00
72306b6ce07a9860eab715afd663dd73,41dd55a5cc1d3ee4e4cd29c5049078ac,delivered,2018-04-01 14:52:12,2018-04-01 15:08:30,2018-04-05 21:18:39,2018-04-30 14:58:36,2018-05-07 00:00:00
fbc769defaa6da4bbabdbbb7c93feccf,da5ee995dc45623f40c45d715502e09d,delivered,2017-07-22 13:57:25,2017-07-22 14:10:18,2017-07-31 18:56:32,2017-08-03 16:43:01,2017-08-10 00:00:00
9a3deb474c6a3f4fbdf3252718392c47,44531082b3d85aa153e1da6af94114f9,delivered,2018-02-15 17:55:55,2018-02-15 18:07:12,2018-02-16 16:42:22,2018-03-08 19:39:28,2018-03-02 00:00:00
372fc04e6d43eb870979226848fa93a1,16aab56360dc6f3038a11945ae3f04f3,delivered,2017-09-22 09:16:29,2017-09-23 02:25:22,2017-09-25 18:07:50,2017-10-03 21:19:05,2017-10-24 00:00:00
1489856fc5e3169af6b06edbc1aeb1b1,6e7b0f93dfebf606621b18ba1bbca33c,delivered,2017-01-29 20:24:13,2017-01-29 20:35:24,2017-01-30 10:51:43,2017-02-09 11:35:06,2017-03-13 00:00:00
48705eed276c3080033e79ac60460f75,dbef78e82a11203edd5b1c1726378edc,delivered,2017-05-18 23:35:29,2017-05-18 23:50:06,2017-05-19 10:26:17,2017-05-24 13:45:49,2017-06-09 00:00:00
f5de15fee5da7c522b0aa5837f99a1db,825f22f11d87d6a84f2d728e622923eb,delivered,2018-05-03 14:45:05,2018-05-04 03:31:48,2018-05-08 10:18:00,2018-05-16 16:38:53,2018-05-23 00:00:00
c3aa096e341a72813ecfb834df16b91e,df260d95c577d15b5163902632a1ff39,delivered,2018-06-12 21:45:04,2018-06-14 02:39:10,2018-06-14 15:41:00,2018-06-18 15:22:21,2018-07-11 00:00:00
a503ed3639b58426f15f719d61bfe408,a11a96019906d49f5d01edda79022941,delivered,2017-01-27 12:10:43,2017-01-27 12:31:29,2017-02-01 01:02:56,2017-02-15 18:45:02,2017-03-03 00:00:00
3a667f6f00042dac8b2259c2b2c78869,b8dacf36fb30ff861d84026b5e07c5b2,delivered,2017-11-19 18:20:43,2017-11-20 18:14:23,2017-11-22 20:47:32,2017-12-07 23:33:57,2017-12-13 00:00:00
97f0469c4d923101d383461947f575bd,8d0bff7849251c677974318829e488d2,delivered,2018-05-28 09:03:49,2018-05-28 09:15:16,2018-05-30 13:59:00,2018-06-08 18:38:37,2018-07-04 00:00:00
29d99fdabd0cb6b4e9d82f2f38c04a5a,c64e943126adfabb1c2ae21b4bc1e650,delivered,2017-01-25 19:44:48,2017-01-25 19:55:09,2017-01-26 14:03:04,2017-01-30 10:57:44,2017-02-22 00:00:00
6094159cbb1c76bdf3249a954c2da017,e2a1ab008932ae1211651ffb0cffe7ea,delivered,2018-05-17 14:40:34,2018-05-18 00:14:56,2018-05-18 11:20:00,2018-05-30 20:44:25,2018-06-05 00:00:00
8d47519f5c9c42540b37bd3db0492878,5dd777a48c8124ad7284bf0ae14057e9,delivered,2016-10-04 21:32:35,2016-10-06 15:45:52,2016-10-30 13:25:25,2016-11-07 15:11:47,2016-11-30 00:00:00
f63bea61c8cd128d3e53d7c07d94a7ee,059095dc0717592b41cc47df0c7f1c6e,delivered,2017-11-24 15:07:55,2017-11-26 16:15:24,2017-12-01 15:51:52,2017-12-13 22:03:53,2018-01-10 00:00:00
2f29cfa739331301e37ea8e0cc5c863f,7e8df4633a3d714d6f33e277b12bb4e4,delivered,2018-02-19 22:30:11,2018-02-19 23:30:27,2018-02-21 21:04:42,2018-02-22 21:22:24,2018-03-05 00:00:00
f6b63a36cd2dd4fd184e6da3f911a4de,f0dae1e937bb3c41846089b13dde866e,delivered,2017-01-18 15:31:13,2017-01-20 02:15:28,2017-01-20 10:50:47,2017-01-25 08:58:55,2017-03-02 00:00:00
04af40a6714e5ab254138fcd4863f0c1,a4a7d48473dcb6c1c5f918fde2542cb3,delivered,2018-03-10 22:24:10,2018-03-10 22:35:42,2018-03-13 23:29:44,2018-03-16 17:08:31,2018-03-22 00:00:00
856d6b7354ca57ce6a2865c9c5e9e6e7,3233ac56f87817b5955345af54dbc7ba,delivered,2018-08-16 13:22:21,2018-08-16 13:35:45,2018-08-20 12:47:00,2018-08-24 18:57:37,2018-09-03 00:00:00
6fc4efdbd3590258aea33eda644ecb12,756a7cbb629f4113996b5c33b8b73736,delivered,2018-01-19 16:47:26,2018-01-23 03:37:23,2018-01-23 22:29:37,2018-02-06 18:53:08,2018-02-15 00:00:00
097c6926697b318e2e49c0d92843211a,c4bfb61a02fa753432f5e5cabc107e28,delivered,2017-10-09 07:41:44,2017-10-11 03:28:37,2017-10-11 20:32:04,2017-10-18 17:13:40,2017-11-03 00:00:00
519b26d18bc4a42eaac1841acd217baa,e9b0f3b800151f5ea33a39ec85f01e2d,delivered,2017-09-08 12:53:49,2017-09-08 13:05:19,2017-09-11 19:50:01,2017-09-12 16:25:56,2017-09-21 00:00:00
0a2798cd0ba9166659c07e35ef5eb817,0eff840a67ceab65fe61ccffdb12e3f3,delivered,2017-11-21 12:45:22,2017-11-21 12:57:37,2017-11-23 19:19:07,2017-11-24 19:33:04,2017-12-01 00:00:00
8ee4b4546da4178fb73e677c628a74b9,a0474d5c284634e68266e32c11deb9b8,delivered,2017-06-03 21:36:41,2017-06-03 21:50:11,2017-06-07 16:05:27,2017-06-14 18:20:16,2017-06-28 00:00:00
8f2e84cb21fcbe7e95d12e4f0dc80487,a2fa3925309e440a429a5628eff166b2,delivered,2017-09-08 16:00:35,2017-09-08 16:10:18,2017-09-11 18:17:47,2017-09-19 21:32:07,2017-09-28 00:00:00
387d999316bb3a42822318138fb1b0e0,40caa670ce125e94735468e1f920651f,delivered,2018-05-03 16:52:15,2018-05-03 17:34:28,2018-05-04 15:49:00,2018-05-09 22:21:39,2018-05-24 00:00:00
ef923bbb28876cc2a8e00a7ebc1a52f8,5dff5fe82f3bfdc45f07589a4f73bb3e,delivered,2017-02-07 12:35:29,2017-02-07 13:05:32,2017-02-08 11:29:54,2017-02-15 16:27:33,2017-03-16 00:00:00
d1902896db97466b224147cda743f3a8,5500c1fe2f5362793e7f707b9062ee17,delivered,2018-07-22 20:11:47,2018-07-23 10:44:14,2018-07-24 13:34:00,2018-07-27 17:22:28,2018-08-09 00:00:00
ac8a4565529310518da7406ddf01f8e8,3fe7a525d5a0a4f3ab4f5d548267d7fc,delivered,2017-08-31 20:17:07,2017-09-02 02:50:08,2017-09-04 20:07:56,2017-09-13 19:13:44,2017-09-28 00:00:00
9241b8242fcfa16437e5eb1136ff9d1e,70ff28da691fcd6722d037a4eeee3bd6,delivered,2018-03-20 09:52:42,2018-03-20 10:08:09,2018-03-22 20:17:30,2018-03-29 21:16:41,2018-04-13 00:00:00
28bc142035cc9a8ee9aa0288221ee056,e0928cc529468dafa064634aa8de9756,delivered,2017-09-26 14:04:17,2017-09-26 14:25:42,2017-09-27 19:58:04,2017-10-02 13:12:43,2017-10-18 00:00:00
76d8b3b6bdf825ebc88bd1b2aa81f65c,7af0543c8b2d3e921f6337f59a72fb34,delivered,2018-02-05 18:50:02,2018-02-05 19:10:15,2018-02-06 20:46:00,2018-02-14 15:15:45,2018-03-01 00:00:00
ba862e955a05f361d3cf620519c8d587,e320d17f29ca1079bb66d0c0b4546ceb,delivered,2017-09-08 19:49:51,2017-09-09 05:15:26,2017-09-12 20:51:39,2017-09-14 20:44:47,2017-09-20 00:00:00
2e7f2a6731020cda16dc217491d631cf,f8f7d4e55bf649020b5a93305a0ba042,delivered,2018-01-02 10:51:33,2018-01-02 11:11:10,2018-01-03 19:05:33,2018-01-16 20:26:38,2018-01-31 00:00:00
1ebeea841c590e86a14a0d7a48e7d062,5adf08e34b2e993982a47070956c5c65,delivered,2018-01-18 12:35:44,2018-01-18 12:56:32,2018-01-18 23:25:35,2018-01-26 15:17:57,2018-02-20 00:00:00
7449c171d08772e5bcbde94f39411d36,101f5ec287c719f599963ffb18a1f38e,delivered,2018-02-04 22:50:16,2018-02-04 23:09:50,2018-02-06 23:18:33,2018-02-07 21:53:14,2018-02-21 00:00:00
5d05467df1b7834684fe4c0783f5db1f,d62e2a8953cee3aee784eeeb86287166,delivered,2017-12-22 11:42:14,2017-12-22 11:52:29,2017-12-22 23:09:07,2018-01-08 15:53:24,2018-01-26 00:00:00
58aa4a2e2d2b63972e1c4508ed5f7cd7,11bc83941d71647de90138579c9fc4f7,delivered,2017-05-26 14:11:03,2017-05-26 14:22:35,2017-05-29 11:42:04,2017-06-01 14:02:45,2017-06-16 00:00:00
6813024343da715f4461d785148f298e,05fe48df6ea41f403217b5cb88126ce0,delivered,2017-05-22 23:09:07,2017-05-22 23:23:06,2017-05-24 09:51:07,2017-05-29 09:58:01,2017-06-16 00:00:00
12619b9be5cc3665b3f36f1e4b4d0ffa,b7e5d35a0f8b9c0e53532e8a4088225a,delivered,2017-04-13 17:14:04,2017-04-13 17:25:22,2017-04-20 09:14:57,2017-05-03 14:00:10,2017-05-15 00:00:00
4973b3b81af1585534c0b3de209acec6,723409d11424a9f6ea00c73150a9ee1c,delivered,2018-08-15 21:14:20,2018-08-15 21:44:12,2018-08-22 10:21:00,2018-08-29 11:21:38,2018-09-11 00:00:00
36eb3c711e799624b2138786f704d202,4d950685a82e9808218883d6be7b15d2,delivered,2018-05-14 20:02:39,2018-05-14 20:10:20,2018-05-16 14:01:00,2018-05-17 16:24:30,2018-05-23 00:00:00
0ad9d4e4f4c9746b59ddb9c18d30d241,34a015971bd8681dda63a6ac74d6c825,delivered,2018-08-02 15:30:52,2018-08-02 15:43:53,2018-08-03 11:20:00,2018-08-14 20:56:36,2018-09-05 00:00:00
4dda84ad43d105c6d3b73004b4f647ba,fdb36c22d41b103254e36859f1ed9b17,delivered,2017-08-16 09:48:02,2017-08-16 10:05:14,2017-08-17 13:14:00,2017-08-31 17:16:36,2017-09-20 00:00:00
aaa69c5aba2f6b490490257c4195e5b7,8e7d1141a6215378a176dcdabbc6ebe5,delivered,2018-05-15 22:33:45,2018-05-17 03:16:26,2018-05-17 14:23:00,2018-06-04 22:48:51,2018-06-06 00:00:00
77ad790bc77b40f61485833a46bb6968,f5011243aef5abc8d53d6956ad074c66,delivered,2017-11-27 09:14:56,2017-11-27 09:31:27,2017-11-29 19:06:59,2017-12-18 20:55:02,2017-12-20 00:00:00
e760819ccdf8e117a260fa50842b4832,29c3f22c6edfc47931efa5af1f254fd8,delivered,2017-12-04 20:19:23,2017-12-04 20:35:15,2017-12-05 23:34:15,2017-12-12 23:36:41,2018-01-04 00:00:00
ad017ea4537bcf364b841c9160b0fa51,989908db06fd4a53e3177795a0a402d9,delivered,2018-03-10 15:16:08,2018-03-10 15:25:30,2018-03-15 23:32:37,2018-03-28 17:29:51,2018-03-29 00:00:00
419de35b9f49a3e9822b8f09116cdea2,3615bada99d458b1fb522c5436065843,delivered,2018-01-07 16:56:57,2018-01-07 17:09:24,2018-01-09 18:29:33,2018-01-26 15:52:13,2018-02-07 00:00:00
a3909608536539d6055e808cbc73894f,3e46be620fcaf37ac9efd5c713002d84,delivered,2017-11-12 13:18:46,2017-11-12 13:35:24,2017-11-16 12:51:39,2017-11-30 18:37:30,2017-12-07 00:00:00
28d07cf52af4d36587d0347032cebdfd,e46d784120ec7a182ab6f26db4487ab5,delivered,2017-10-11 13:17:05,2017-10-12 02:47:02,2017-10-16 22:17:08,2017-10-20 18:37:35,2017-11-07 00:00:00
41713846ac2af0e189ba1b8ba8288e64,1a9e43268e5d612e8f5794dfc526c0da,delivered,2017-06-12 06:50:21,2017-06-13 03:45:21,2017-06-14 14:29:44,2017-06-23 10:52:08,2017-07-07 00:00:00
ddc3b6d5a6e5e69a831ca246a5eefce0,e8475ac6fc6c019a6bd0f861a852d153,delivered,2017-10-11 17:32:45,2017-10-11 17:46:28,2017-10-18 14:25:43,2017-10-23 20:58:45,2017-11-06 00:00:00
e52c9dfec957c503bed5d050a39c740f,8b8cd016c44d0a90a6523a2a52cf4369,delivered,2017-12-09 18:49:23,2017-12-09 18:56:28,2017-12-14 22:22:31,2018-03-27 01:57:14,2018-01-08 00:00:00
64c0c5937e0922b1d2f1124087499646,761a6661420ac3fe268bdb4140898575,delivered,2018-03-25 17:53:55,2018-03-25 18:08:08,2018-03-26 22:38:54,2018-03-27 16:21:53,2018-04-20 00:00:00
9b9273325c81fdbb834a17e020c6d131,7225c41233573a5e698cddb894951e51,delivered,2017-09-02 15:37:08,2017-09-02 15:50:16,2017-09-05 18:03:31,2017-09-11 18:23:11,2017-09-27 00:00:00
67f8f676db053a060da849e36ee9da6e,34a0068027874fad3e0d4ff1519e46ee,delivered,2017-06-03 23:46:04,2017-06-04 01:22:09,2017-06-06 14:08:32,2017-06-16 13:37:55,2017-07-06 00:00:00
57e34f23ea6f7d6197a2792928bfbb04,dacccfaf7a067af7d60894dc5cf1bbdf,delivered,2018-04-17 19:57:43,2018-04-19 02:35:22,2018-04-19 17:42:33,2018-04-24 15:43:47,2018-05-08 00:00:00
f334a266fb65d5d853e108b4442f1f01,beeca8af57f7cb7b42b1877824a941c2,delivered,2018-02-22 11:17:41,2018-02-23 11:30:56,2018-02-26 20:29:10,2018-03-12 18:04:54,2018-03-15 00:00:00
6acce0b54d9a0e8dab044bda974b383a,c852c0de5625170406baddc488a0f780,delivered,2017-09-25 21:09:43,2017-09-27 03:05:05,2017-10-10 14:42:09,2017-10-19 16:33:52,2017-10-25 00:00:00
fdafcfbadd88c33d4798432d3bcf6004,050f6087053bfb249521d6910798e274,delivered,2017-09-11 12:07:57,2017-09-11 12:25:12,2017-09-12 19:43:08,2017-09-14 19:43:29,2017-09-21 00:00:00
583897e4cf9cd552e5abfacdf82bcb75,30446ea2e198de0fd4d7a05ec53c046e,delivered,2018-05-29 21:58:00,2018-05-29 22:13:56,2018-06-04 15:30:00,2018-06-07 21:38:46,2018-06-29 00:00:00
f190884813097fe74073188f97302e98,22dadc8b01014f9b0d7fe7bfc7a72be6,delivered,2018-03-09 09:10:06,2018-03-09 09:49:21,2018-03-09 20:18:46,2018-04-03 14:56:27,2018-04-02 00:00:00
96a056333b6517f334ac928d91dc7e15,59fb48431c37f2c42e245df4cdace347,delivered,2018-08-12 21:12:46,2018-08-12 21:25:16,2018-08-24 07:18:00,2018-08-30 12:24:49,2018-09-27 00:00:00
b81909d99454a0227bc01cc241ef921a,ac58c7cb6aaceed8322a359c2c9e9596,delivered,2018-06-05 22:19:57,2018-06-07 02:55:02,2018-06-08 14:23:00,2018-06-14 18:21:58,2018-07-16 00:00:00
8bab0782e1f2a9fdc338a883c124f75b,f6a51667be5d74a02fdb9ed7947ab21f,delivered,2018-07-27 08:51:23,2018-07-28 02:44:31,2018-07-30 14:43:00,2018-08-02 18:21:22,2018-08-14 00:00:00
fbae1b9dac9991f79b54655e26cbe64e,13e1bfd20542fb44fba2f5c239eb02b3,delivered,2018-06-01 20:30:35,2018-06-01 20:51:12,2018-06-04 14:19:00,2018-06-15 22:05:10,2018-07-23 00:00:00
8e806cca085990fdc8483aeb130d1330,ecb1725b26e8b8c458181455dfa434ea,delivered,2017-11-24 13:33:42,2017-11-24 15:53:48,2017-11-27 21:22:45,2017-12-16 00:52:06,2017-12-20 00:00:00
e2e62108a0daf44573986d823484239a,8dbd900d6aac6fead528237f425c51d6,delivered,2017-09-15 12:34:25,2017-09-15 12:50:34,2017-09-18 19:51:48,2017-09-22 20:59:00,2017-10-06 00:00:00
2f530dde74c88c4df00b7767e76f7542,6c0aa6b885517e59eb6755b70476f174,delivered,2018-04-02 13:35:16,2018-04-02 13:50:01,2018-04-04 19:02:35,2018-04-05 20:14:55,2018-04-12 00:00:00
f1462e755e6dad34d26392c0715bfdab,190a811c6565fb843575352f492144df,delivered,2018-03-10 10:09:00,2018-03-10 10:28:04,2018-03-12 23:40:47,2018-03-16 18:12:06,2018-04-03 00:00:00
0412b784548c0bf8cc35073f13923e2c,d74b39df7717e34ebe07e263211bfe52,delivered,2017-09-26 22:51:24,2017-09-26 23:04:31,2017-09-28 20:06:54,2017-10-11 23:28:48,2017-10-18 00:00:00
101e824cbbf87e5511fcdb89150363d1,eea014c782415250bdc329e49382557d,delivered,2018-03-06 01:42:29,2018-03-07 02:10:29,2018-03-08 01:09:53,2018-04-09 16:48:41,2018-03-29 00:00:00
31f9d6ac65559c258f1992bd34d10e02,b612bd8d705ec705c7b05c06af456a4f,delivered,2018-01-21 14:16:55,2018-01-22 13:50:56,2018-01-23 17:13:33,2018-01-29 20:21:45,2018-02-20 00:00:00
ec5542a8bc5944e2401ce66b372fcffa,5c3f787f9f65d352f896f5ddec1e4403,delivered,2017-09-21 12:44:36,2017-09-21 12:55:15,2017-09-22 18:32:02,2017-10-10 23:48:03,2017-10-20 00:00:00
1bb74bdf991ecc937ab8901c6b412a24,f72224709e8bef3430441583b08a2d64,delivered,2018-06-14 17:16:15,2018-06-14 17:39:48,2018-06-15 12:23:00,2018-06-20 20:54:53,2018-07-04 00:00:00
3d7ee397cbe71826e767837af0d81c2a,7ece2b3ab3eb5f52ad14de91dafb5c65,delivered,2017-11-27 11:34:56,2017-11-27 11:54:56,2017-11-29 21:07:10,2017-12-27 18:25:02,2017-12-15 00:00:00
ab5f88ecd8bbfe5386a0b5687ee8beba,42c0680560a944fda8f8410597dc76a9,delivered,2017-06-24 14:53:11,2017-06-24 15:25:28,2017-06-27 15:42:53,2017-06-28 14:34:08,2017-07-07 00:00:00
037556f936da90c5f9504956ff286860,4dd66b17e6ebfe130ef40705bb44a1c2,delivered,2017-05-02 12:02:54,2017-05-03 12:10:24,2017-05-09 17:03:20,2017-05-12 13:36:56,2017-05-30 00:00:00
eac51ba7a8bd2abf757e03c95fba700e,f009845070b2e65bb051193322a10965,delivered,2018-02-18 23:34:56,2018-02-19 00:35:32,2018-02-19 18:48:36,2018-02-20 19:29:06,2018-03-05 00:00:00
001dbc16dc51075e987543d23a0507c7,698a74f33469466fa4172e829505d1c6,delivered,2017-01-28 13:17:57,2017-01-28 13:32:16,2017-02-01 15:59:46,2017-02-13 13:17:47,2017-03-20 00:00:00
28e5cef9cc61c5abe004567dca778bbb,8b9ed70ea2b09f596499dcd77b577ce8,delivered,2018-02-07 11:17:26,2018-02-07 11:35:25,2018-02-08 16:51:09,2018-02-20 00:51:48,2018-03-07 00:00:00
ff8f8f9123b73422b7a732a02483d9e2,6a029307b24c4e85eb7f8b54d28f531b,delivered,2018-08-18 16:29:06,2018-08-18 16:50:16,2018-08-21 11:27:00,2018-08-24 20:28:43,2018-09-10 00:00:00
c930f0fb9c6fed6ef015de48ea8dd5ea,8c0a910554ce1592ec6402e94e232ab9,delivered,2017-07-31 14:46:47,2017-07-31 15:05:14,2017-08-01 14:51:38,2017-08-02 17:25:04,2017-08-14 00:00:00
c405d70e7eb2ef546a6e54524412a9f2,e1691dd56ea0646a2ae3fbac45b1d181,delivered,2018-04-17 08:24:54,2018-04-19 02:51:24,2018-04-19 21:52:49,2018-04-23 19:38:37,2018-05-04 00:00:00
a76350c88470281e23e8fb2a32fecd2e,a250f613f6bcde8c736ed7d5e04c26b0,delivered,2017-10-12 18:22:30,2017-10-14 18:34:49,2017-10-18 15:23:04,2017-10-19 15:42:22,2017-10-25 00:00:00
b0c24ba8fd93348465e99a9cfa27db35,e82226492769c23271bcb128343105bc,delivered,2017-10-18 17:37:06,2017-10-18 17:49:50,2017-10-19 17:20:08,2017-10-20 17:58:05,2017-10-30 00:00:00
cecc450aed233004e69538a4ce7f7f37,2ada3ee677b4c8f574b3affda371a5ed,delivered,2017-05-18 09:51:42,2017-05-18 10:05:14,2017-05-19 15:12:00,2017-05-26 16:45:55,2017-06-09 00:00:00
8d1177e3fcee9f6f1985cc468d87a7d1,24867a30fb114e68f333a0645f923497,delivered,2017-12-09 17:59:47,2017-12-09 18:10:44,2017-12-14 13:33:06,2018-01-04 23:32:54,2018-01-12 00:00:00
067c946a70abc2e1e8d9185ae309b48a,45d13f49d630df78bccfa2a05aca18a9,delivered,2017-07-07 09:20:11,2017-07-07 09:30:11,2017-07-07 17:59:52,2017-07-17 19:26:13,2017-08-08 00:00:00
c91097c936cb64d71ceee3f0d99927ea,b70d76ac08b3fa25a7af749b320e1a83,delivered,2017-03-03 01:13:11,2017-03-07 04:15:17,2017-03-07 09:53:39,2017-03-10 08:07:36,2017-03-28 00:00:00
89919c333a05c327cd25b1ee32ccaca8,ee218228d0ff9d569459b1f1e7a2c2b7,delivered,2018-02-18 19:01:43,2018-02-20 07:07:26,2018-02-20 17:47:55,2018-02-22 20:12:33,2018-03-14 00:00:00
7892114ce9e8834d860b44a782ef9af6,5581f26ba2dcb90e8c250e0850c66172,delivered,2017-11-05 00:57:30,2017-11-05 01:11:00,2017-11-07 21:28:29,2017-11-16 21:48:45,2017-12-04 00:00:00
e3fdb4acd9e17c8b90cb9632990ee786,f55e489fa5e3fa5cdab0588fb2cf9f0b,delivered,2018-01-02 07:50:34,2018-01-02 08:17:09,2018-01-03 21:07:04,2018-01-08 14:47:54,2018-01-29 00:00:00
0071ee2429bc1efdc43aa3e073a5290e,081a2d41949e652a50988fd39febb4a8,delivered,2018-01-22 11:08:15,2018-01-22 14:17:41,2018-01-26 15:12:17,2018-01-31 23:58:36,2018-02-15 00:00:00
779ee2bc8384b3ea52f4e6abe2c84271,c00da0a10c9e68d17183e84653fb38bb,delivered,2018-07-21 20:43:02,2018-07-21 20:55:28,2018-07-23 10:57:00,2018-07-31 20:24:33,2018-08-09 00:00:00
eab0944c40c304c769e5c24309caa8cc,9b4f6cff492df6f19b4cd348fd0d0853,delivered,2017-09-26 23:20:17,2017-09-26 23:35:17,2017-09-30 13:55:01,2017-10-10 19:03:55,2017-10-11 00:00:00
cd69fdf2e46758d65a29de7bb4766e5b,f4926d4b789ad9370721217c7800fd58,delivered,2017-11-04 23:17:28,2017-11-04 23:30:30,2017-11-08 15:14:39,2017-11-13 21:48:34,2017-11-24 00:00:00
1a67c7a3cb47a447f68bc24f7cbbe825,2fb6a28105827799ef2dffcb4f4f4e53,delivered,2018-03-27 11:26:05,2018-03-28 02:47:56,2018-03-29 23:32:49,2018-04-13 17:34:51,2018-04-26 00:00:00
1372aa0637277287bda77b0de38676c7,a5347c1cc1b3e01cce8d58574f6a7210,delivered,2017-12-04 11:24:31,2017-12-04 16:31:43,2017-12-05 18:32:03,2017-12-07 00:34:03,2017-12-20 00:00:00
09c55723561623b19ad72cf0299d58bc,48961cfec533cf17b135ded190707882,delivered,2018-08-22 09:42:27,2018-08-22 09:55:11,2018-08-22 14:10:00,2018-08-29 00:46:33,2018-09-10 00:00:00
30c902056ce61a4404a706f9dc06b4bc,cb2af73ae8790acc67766c8121b349bf,delivered,2017-02-26 17:55:11,2017-02-26 18:05:13,2017-03-01 16:41:53,2017-03-06 09:37:50,2017-03-21 00:00:00
71e65504647428c80f14efcc2a85f666,4553d174357510751fffe2519aa1b501,delivered,2018-02-11 21:57:56,2018-02-11 22:10:29,2018-02-16 01:04:41,2018-02-21 21:23:20,2018-03-13 00:00:00
a59a15e4b6085c752d338431dc68d464,2047d319716b4d8b858394394eb760de,delivered,2017-10-18 08:47:45,2017-10-18 09:06:21,2017-10-18 21:13:52,2017-10-31 15:23:57,2017-11-13 00:00:00
ff207aa3493754ffcea819b8c0c0dbb5,ac3212e805cef78bb3b1eba49e8587fd,delivered,2017-12-29 12:06:43,2017-12-29 12:16:20,2018-01-05 17:22:25,2018-01-11 15:04:19,2018-01-24 00:00:00
bb7c0440a98c76223de17ef728484ce5,823e4298ffc2c644adfed042817a8322,delivered,2018-04-04 23:27:37,2018-04-04 23:48:29,2018-04-10 01:12:53,2018-04-11 19:04:47,2018-05-11 00:00:00
1bf389bed4651ac01500f40b2dbc7f0c,069f1deff35f9752a09c02f3642b14db,delivered,2018-07-16 09:58:46,2018-07-16 10:10:11,2018-07-16 12:29:00,2018-07-24 21:22:10,2018-08-16 00:00:00
05be03ef1c99159686f59d8a51dd17f9,b160ea16b7e64557b6c6fead0b3cdc7d,delivered,2017-10-30 14:39:15,2017-10-30 15:31:18,2017-10-31 17:15:55,2017-11-07 16:05:36,2017-11-23 00:00:00
746e40ac3c01101618e8a7d582b1029a,35cba8240cff7a8485121c06c306f534,delivered,2017-11-24 18:09:16,2017-11-24 21:34:24,2017-11-29 16:14:48,2017-12-20 22:24:27,2017-12-22 00:00:00
ea72009e972388b2881aee7fd39a094a,714a50db626b8618bc77230f0795ec9a,delivered,2017-11-25 20:37:00,2017-11-25 20:51:43,2017-12-04 20:09:28,2017-12-19 17:51:36,2017-12-20 00:00:00
34b1c1b1fca85eecadd97c4612423897,51e7020a5a2e79b5fe980eed4f9ede9a,delivered,2018-04-17 16:31:53,2018-04-17 16:52:07,2018-04-19 18:08:25,2018-04-23 16:45:44,2018-05-14 00:00:00
1feca64d75daa682ce3174a1eff73d8b,681afb2f3720c1aa3d3fee254be18800,delivered,2018-04-17 14:27:45,2018-04-17 14:35:27,2018-04-18 18:23:24,2018-04-26 18:14:43,2018-05-17 00:00:00
374a125372cffb30e8e2df55f8448da4,88de5fdb28af4bc887846a98e23f6e5b,delivered,2018-01-31 23:31:40,2018-02-02 02:55:44,2018-02-03 03:42:53,2018-02-06 16:52:18,2018-02-20 00:00:00
85c86d629e3c5e477f457be9db748d3b,e9c7d222316ca2c78cbf05d83c1e9fa0,delivered,2017-07-01 10:07:41,2017-07-04 04:44:36,2017-07-05 08:51:48,2017-07-10 17:32:16,2017-07-25 00:00:00
deafd5190946c25dcce1974055abb693,2b7ebe86910fa1edb06eced4888bf7b2,delivered,2017-06-28 21:03:27,2017-06-30 03:15:27,2017-07-17 14:22:30,2017-07-21 15:42:28,2017-08-01 00:00:00
f79a31ab5cdfb67808fb8e27005ffa52,e5e5ed68f5e3c9e8153910bf408b75d5,delivered,2018-04-19 14:45:52,2018-04-24 18:28:09,2018-04-23 17:33:01,2018-04-30 22:08:53,2018-05-17 00:00:00
40276598768326cdd5ae39038037434f,6bed5f3eb94ab029e369ec0cc3a32037,delivered,2018-07-20 08:57:39,2018-07-24 11:32:40,2018-07-24 15:27:00,2018-07-30 20:02:48,2018-08-10 00:00:00
c10f283ced7431fdfdcc159b12344b11,eab8d39b5241abcb22eebeca69547491,delivered,2018-06-12 20:26:38,2018-06-13 20:39:47,2018-06-14 14:41:00,2018-06-18 15:28:55,2018-06-29 00:00:00
225f91612c9a38c727b64ac3c7d11e7c,3421838a52fbff1c4771a2d523cb39cf,delivered,2017-12-04 14:59:26,2017-12-04 17:07:40,2017-12-05 23:41:44,2018-01-19 02:34:33,2018-01-12 00:00:00
0cd2179b125d8eab88815631c3ce586e,07dd0f56f96437f103f6718cc9e718c0,delivered,2017-12-14 17:20:32,2017-12-16 02:34:40,2017-12-19 16:43:06,2018-01-04 11:17:22,2018-01-16 00:00:00
b263be16ee60d34da81f89c59ba85ed4,eabc0ac2cf33061b6a498f226194cf8b,delivered,2018-04-20 11:01:36,2018-04-24 18:51:31,2018-04-25 14:54:00,2018-05-05 15:10:55,2018-05-09 00:00:00
8297b34c026c282fa7c0940d7217b87c,3a992e6a82ee84aa0877d9740bd50325,delivered,2017-06-10 20:32:42,2017-06-10 21:02:50,2017-06-12 12:21:03,2017-06-23 12:04:25,2017-07-11 00:00:00
0e64431c08745e9d2d789b9e6c8acf0f,92757035e85249f3d30f26b354c8ef45,delivered,2017-11-25 15:22:23,2017-11-25 15:34:48,2017-11-27 20:28:31,2017-12-08 01:52:14,2017-12-21 00:00:00
c08f913d8edeabde7839e5b6a953ecf3,e62addf0b004f6b6785542df9821b423,delivered,2018-03-18 22:38:10,2018-03-18 22:50:40,2018-03-21 00:25:47,2018-03-22 18:59:54,2018-04-02 00:00:00
0c91f244ab45cbe4383163d46635b442,7c49e9f39b3edb70c81f1b9a3c443b06,delivered,2018-07-23 20:10:08,2018-07-24 10:31:04,2018-07-24 14:47:00,2018-07-25 21:16:34,2018-08-02 00:00:00
e00bfbddf86f0a755d3550dd87962824,4ec69c7b800374eb21ae088ad7d707ff,delivered,2018-06-27 12:03:22,2018-06-27 12:33:21,2018-06-28 12:32:00,2018-07-03 16:18:48,2018-07-20 00:00:00
fda140e135ccab872e95fb03e76ba27a,2ac2009b6df5fb2fe64b6665f29f2405,delivered,2017-10-03 12:53:53,2017-10-03 13:07:21,2017-10-05 20:05:31,2017-10-11 17:53:49,2017-11-01 00:00:00
3d9a71340ea2b14362b1a69f08252e45,3bbc87d35ec2db3f1ac09c6c55ce4d15,delivered,2017-06-15 10:15:14,2017-06-15 10:30:11,2017-06-16 17:55:52,2017-06-26 18:12:33,2017-07-21 00:00:00
15360da03a0a021fc0e712a2d11f3020,9fa6f373ffbaf4c8dacd572551406374,delivered,2017-08-30 13:09:34,2017-08-30 13:25:11,2017-08-31 22:29:44,2017-09-05 21:57:01,2017-09-20 00:00:00
7ccc11577ae58791fde9fe83f4c7f106,b7dbc8874c0f2dca8ff7b3cbd24c4f00,delivered,2017-11-26 19:20:04,2017-11-26 19:34:34,2017-11-27 20:39:44,2017-12-12 13:42:42,2017-12-12 00:00:00
08c3c0d49b3cb66764234e0fa980e850,24a9d9ed5262306de7a4b0925ada06dc,delivered,2017-12-05 13:29:49,2017-12-05 13:53:42,2017-12-06 12:52:09,2017-12-20 20:19:12,2018-01-03 00:00:00
2f184c1f767b1dab8ce9aefda0db5b33,d8fd572ce0ee17f76fae769f2511170e,delivered,2018-01-09 13:30:33,2018-01-12 08:28:17,2018-01-12 20:23:44,2018-01-18 22:35:05,2018-02-09 00:00:00
0a2902af9ad58b25df153a4e743b5db9,87150b3d9a793f5308d1f02a4a9a29a0,delivered,2017-12-13 12:20:39,2017-12-13 13:32:13,2017-12-13 22:08:11,2018-01-06 00:23:42,2018-01-17 00:00:00
1ee5be25d6e54e1ea3c75d3fc9ca3d6f,4f606249b66141d3a22b6ed603fb3771,delivered,2017-11-02 12:40:27,2017-11-02 12:50:34,2017-11-03 17:29:56,2017-11-07 22:36:35,2017-11-23 00:00:00
074eb2398def4038d7fc4fb8a5aeb0bf,d0dcfb2170fef37e3e3804fd0f51f761,delivered,2017-12-03 01:35:22,2017-12-03 01:51:10,2017-12-05 14:09:05,2017-12-07 18:43:40,2017-12-20 00:00:00
47c001ba3d3d57aa11d52c45995d9e11,2d9d35da5b956b2369a3ac7a3e8d3ce6,delivered,2018-02-25 13:49:30,2018-02-25 14:08:05,2018-02-27 18:25:15,2018-03-28 20:46:58,2018-03-20 00:00:00
61e268eee1d131498001b6121895c5ee,150cc81c97ac79c4d951f57f8fb6b5d8,delivered,2017-12-19 00:52:26,2017-12-19 02:50:42,2017-12-19 17:41:58,2018-01-05 19:34:22,2018-01-19 00:00:00
346cd3685987f63655b81288de9e577a,bb6f5cb50f73e0680998b7ff38f23977,delivered,2017-11-10 05:38:42,2017-11-11 03:06:45,2017-11-14 20:56:49,2017-11-23 16:59:05,2017-12-11 00:00:00
6ff09113fd48861d786d40583b7f2aa3,9b29afbe5be6f07ceca7ecd44ae83a4f,delivered,2017-01-19 20:12:02,2017-01-21 20:10:14,2017-01-30 08:22:51,2017-02-06 09:15:59,2017-03-13 00:00:00
03c765107c8fc34c68a82bbd6c686856,f28dead4549d1753510b2f16df5724c8,delivered,2017-04-09 20:15:45,2017-04-09 20:25:10,2017-04-10 12:26:52,2017-04-17 12:04:56,2017-05-04 00:00:00
1fa3578be8d670ef139e0216365d71dc,09b5561e6bad06d4ce5d5b0d107a8817,delivered,2017-10-29 21:39:52,2017-10-29 21:50:17,2017-10-30 16:36:03,2017-11-03 19:59:52,2017-11-17 00:00:00
a68d55e37069898482bef61866cac7f4,3a38221b09bfb907e18edee4e1a12645,delivered,2017-09-08 01:21:52,2017-09-08 01:30:17,2017-09-08 19:24:51,2017-09-09 15:12:10,2017-09-20 00:00:00
8c05fe795783a73c159dfddbcf910689,6db9ffb75f1ab4e8ff22cd38c5c32579,delivered,2018-01-11 15:19:31,2018-01-11 15:29:22,2018-01-24 23:48:04,2018-02-05 19:14:47,2018-02-09 00:00:00
aeb4ec5f0696847ed2357f26abeb5a62,2ac065cbd96608d279af3d61ad96b3db,delivered,2018-08-02 12:07:17,2018-08-02 13:15:12,2018-08-03 13:14:00,2018-08-04 20:34:53,2018-08-07 00:00:00
817aec5fee39a2d4968cb6c48bad78f1,616c3d715afc55e0ae24fcfca7780796,delivered,2018-05-16 20:57:35,2018-05-16 21:14:08,2018-05-17 11:22:00,2018-05-22 17:42:11,2018-06-06 00:00:00
ad47c55e7dc71d935ccff9650ff1beb6,77e155485a013b9fa61ac6b8305c4882,delivered,2017-10-21 20:39:37,2017-10-21 20:49:30,2017-10-23 20:47:42,2017-10-28 14:42:51,2017-11-10 00:00:00
5685548b79358ab0ae555e21ef9cb4ea,c17c6a65a59d3b444858f91b44800134,delivered,2017-02-11 21:54:04,2017-02-11 22:05:15,2017-02-15 07:37:47,2017-02-21 10:11:46,2017-03-16 00:00:00
d2733958b49450e568a7cda310ac055b,87084f6cae9abc94b7fe9ada355137af,delivered,2018-03-24 19:27:39,2018-03-26 21:47:36,2018-04-02 15:52:21,2018-04-10 19:20:53,2018-04-16 00:00:00
c4c4d6af87a38d11687de496459bb99b,3717612863a607e3b9d0d96369ad6495,delivered,2018-03-06 20:19:33,2018-03-06 21:00:23,2018-03-07 20:35:00,2018-04-19 13:24:49,2018-03-23 00:00:00
f0acba5e31c243b3ba15fc908e1c0034,7c1566a8236807fdd72aaa3c44c1d3d4,delivered,2018-01-14 15:14:16,2018-01-14 15:28:33,2018-01-15 21:21:49,2018-01-21 14:08:08,2018-02-14 00:00:00
995ecfdb2406d9b579cf84368f42e7a0,b5121f7fd1b0aa4addd65853b3b2e1b6,delivered,2018-02-10 18:25:06,2018-02-10 18:48:14,2018-02-16 17:33:25,2018-02-28 23:16:50,2018-03-14 00:00:00
69f54f52631eb8ea8bec66cb902cf54e,9c0372af923228f1ddab62afe03e518a,delivered,2017-12-06 15:48:29,2017-12-08 15:52:43,2017-12-14 21:19:10,2018-01-07 17:06:27,2018-01-09 00:00:00
123eb6c42fb774382bf82e6a332af592,7e25c3cc2fb867d3fef223c50fddc713,delivered,2018-02-25 15:54:36,2018-02-25 16:08:19,2018-02-27 18:12:29,2018-03-05 19:58:32,2018-04-02 00:00:00
5ac2c9301491372ab320f5aa4e451ff1,e31c85fc7143c3cbe3bf90e43c5c6fb5,delivered,2017-11-05 18:13:54,2017-11-07 07:30:28,2017-11-07 13:32:41,2017-11-17 20:45:54,2017-12-04 00:00:00
52628d72feaca84428e9d902d3985605,a5e6bf4ac91d2a0df7e87ad00f4b35b9,delivered,2018-08-07 14:52:44,2018-08-07 15:05:16,2018-08-08 12:23:00,2018-08-13 18:56:21,2018-08-17 00:00:00
4c80861e8667ad2c3ec1686683c93ed0,0b712b6da4fc29dee43125037bead5fb,delivered,2017-06-09 10:55:56,2017-06-13 04:50:28,2017-06-16 16:13:54,2017-06-27 15:41:48,2017-06-30 00:00:00
c8375e79155a5bfc564dd3da053bdd15,0e29b397ad475f246592749aa80c8821,delivered,2018-06-19 11:43:09,2018-06-19 11:58:23,2018-06-22 14:42:00,2018-06-29 19:51:38,2018-07-31 00:00:00
46d69313b61b50a82923f811db17de3b,4348815275d4689bcfa8946f858bd222,delivered,2017-07-24 21:22:10,2017-07-24 21:35:17,2017-07-26 10:36:05,2017-08-02 21:05:06,2017-08-15 00:00:00
b52c5e0a82ec048d983882e4d539394f,ed728363e0c58db8567c81f26af370ce,delivered,2017-08-18 14:38:23,2017-08-22 04:06:03,2017-08-23 20:39:01,2017-09-01 20:27:48,2017-09-14 00:00:00
fe563d119bfc3fde7ce511e31594507c,9fcb83032e28a4d71c3200004c46f62c,delivered,2018-05-18 23:01:55,2018-05-18 23:13:36,2018-06-01 13:14:00,2018-06-05 10:04:04,2018-06-19 00:00:00
bf4931e6025b2bdd77ffa4264659c9e6,8e43a72ca4287806280d0daea3cc46fa,delivered,2017-01-27 18:28:44,2017-01-28 10:31:32,2017-01-30 08:27:52,2017-02-06 09:27:15,2017-03-17 00:00:00
383730d8be253fb34891920a417f2861,456a071d45cbb3cc872071729ec31dd3,delivered,2017-08-01 11:12:08,2017-08-01 11:30:12,2017-08-08 02:19:44,2017-08-08 19:52:11,2017-08-14 00:00:00
e4b2030986f453ba45c63a508073e3d3,fc1930db602f4e5c3ef7aed98aed36bb,delivered,2018-05-02 12:35:31,2018-05-02 12:55:28,2018-05-09 14:10:00,2018-05-18 19:38:46,2018-06-11 00:00:00
6046bc15c899ee2dd06d1a235f9f61c9,551c3d5349e8367c1edcdf2ebcd1b47d,delivered,2017-08-28 14:43:46,2017-08-28 14:55:23,2017-08-29 22:03:53,2017-09-01 20:19:55,2017-09-14 00:00:00
e138166b54ea9292f505d07a4999db88,9993ed85cbf57e345720e3cdcc8c47c0,delivered,2018-06-13 12:45:36,2018-06-13 13:16:36,2018-06-13 14:50:00,2018-06-14 13:12:20,2018-06-25 00:00:00
32f7089f715424548bd5307fded896d3,68afce1222a45541ff5fa4cfabb6cbc7,delivered,2018-03-05 15:49:01,2018-03-05 16:09:33,2018-03-07 19:38:37,2018-04-10 20:08:28,2018-03-27 00:00:00
b537ca3494311804a1191ad6a0dddf05,0a69b1982841326bf633a5073f8f4c00,delivered,2018-05-28 07:50:53,2018-05-28 08:15:03,2018-05-28 12:35:00,2018-06-05 16:36:21,2018-06-28 00:00:00
b0645176abf1df25bb73ba0afcc20be3,91508c285297e223204b0b2952d92344,delivered,2017-06-15 01:15:36,2017-06-17 03:47:39,2017-06-22 08:37:40,2017-06-29 11:35:00,2017-07-06 00:00:00
9843c2a66fe0afda6509bc4274f743de,f6611745e44d78a6632f02f45c51e734,delivered,2017-01-30 15:12:23,2017-02-01 15:32:19,2017-02-10 15:43:11,2017-02-17 09:38:44,2017-03-29 00:00:00
621be24850f6edd2e8dbd75a0f19668a,06be66243346e59b86a04d25496b19e3,delivered,2018-06-26 14:45:11,2018-06-26 15:15:55,2018-06-26 15:42:00,2018-06-30 18:43:26,2018-07-31 00:00:00
ccfcc7f58cf5619fc40593dffc299a9f,00302a0b99783c3d1d1e81c616e321e8,delivered,2018-03-26 18:50:44,2018-03-26 19:08:15,2018-03-27 19:27:57,2018-04-04 17:31:57,2018-04-26 00:00:00
93e337ab97f3eaafab94e2129d8feae8,0b68c93058ee253e88751545308f2797,delivered,2017-12-03 19:00:51,2017-12-05 04:12:01,2017-12-27 19:09:57,2018-01-09 19:07:38,2018-01-08 00:00:00
5813dccc11eeeec1c8b609e396c12291,8fa05383791a1be46455976f3b50a1bb,delivered,2017-11-21 09:55:35,2017-11-21 10:06:53,2017-11-21 18:29:44,2017-11-30 18:28:40,2017-12-15 00:00:00
12aba4fdeb04e5cca1132f86f2bda749,ff785d347271a777a570f540796d284d,delivered,2017-11-06 23:39:18,2017-11-07 06:31:17,2017-11-08 21:02:48,2017-11-10 16:08:43,2017-11-27 00:00:00
e566c1b5be049c45a4e4f83c5101b3fa,193710e578946caa03997487f4cc7129,delivered,2018-04-09 21:42:33,2018-04-10 00:12:22,2018-04-11 19:36:40,2018-04-13 11:44:35,2018-04-19 00:00:00
5d67a487bcc575e994f0e84e84823af2,608ca06a0877186cb46883660d1ae256,delivered,2017-07-29 23:29:44,2017-07-29 23:51:57,2017-07-31 15:31:45,2017-08-13 14:37:30,2017-09-01 00:00:00
924d24dd7c6de024d96e25d4812d65bd,ea5cf2682d61807e35798707c940adc8,delivered,2018-07-02 02:38:01,2018-07-05 16:05:43,2018-07-03 13:45:00,2018-07-11 15:32:49,2018-07-27 00:00:00
87daab525d42b65a8fd0083f652cc9d9,3d81e0983219c68388bc93a067ccf4b6,delivered,2018-02-13 19:52:44,2018-02-13 20:07:41,2018-02-16 18:42:54,2018-03-07 22:04:21,2018-03-12 00:00:00
ebb5a074406776ad07439bc2049c1fe4,df9e5a16c6e9ff85d78ca7ecc93af46b,delivered,2017-01-31 11:47:30,2017-01-31 12:03:46,2017-02-01 15:22:49,2017-02-06 19:47:31,2017-02-27 00:00:00
b4b8e8f37818c443dd4c0c48e9a3707d,ca9aab3e58a7f76466087f26cfe4b41a,delivered,2017-09-26 07:59:36,2017-09-26 08:14:22,2017-09-27 14:22:01,2017-10-06 19:33:40,2017-10-24 00:00:00
71c0d1686c9b5556355dc29a0f5cf8dd,076523f7baf4359c0728c0bee2d8ccc1,delivered,2017-11-26 19:11:20,2017-11-26 19:33:42,2017-12-07 22:22:48,2017-12-12 18:05:54,2017-12-21 00:00:00
53e92c6a182704806c0b00b02f89ad32,35912908cb996d4e7f287edf06b1c8f2,delivered,2017-08-04 15:17:18,2017-08-04 15:30:15,2017-08-07 15:49:45,2017-08-28 16:32:47,2017-09-08 00:00:00
a8a737a6c936da9f10807e4c4262da72,48f7707d8436ab3d8549abb02f4715b1,delivered,2018-08-07 16:58:43,2018-08-07 17:10:19,2018-08-08 14:32:00,2018-08-17 06:43:42,2018-08-20 00:00:00
55bb79b4227dafa41a25a45e8462c7b5,73dbb993602046f482a399e17d8a446b,delivered,2018-07-01 11:18:47,2018-07-01 11:30:20,2018-07-03 12:26:00,2018-07-10 16:26:37,2018-07-31 00:00:00
8f0518f5d4437b43c4849faee7e6dacd,41c148813f6ddd461988059f73e8a24e,delivered,2018-07-01 10:38:31,2018-07-01 10:55:16,2018-07-03 14:30:00,2018-07-10 15:34:50,2018-07-27 00:00:00
8d25f73f2fe9c225dff2232fd1e7c89b,626478b0f57ed4bdf6f462568f16d5d5,delivered,2017-01-30 23:20:41,2017-02-01 04:36:09,2017-02-02 11:43:39,2017-02-15 13:38:51,2017-03-14 00:00:00
11746f9dc3d55313aadc6e6bf8464595,dcb15692eb3de5de08f5c4f51e1ca6bb,delivered,2018-04-23 00:23:12,2018-04-24 17:24:08,2018-04-24 17:05:50,2018-05-02 18:32:27,2018-05-16 00:00:00
8282d5532e3d6bc650960861965714ee,af3d97e75c2923767618f71f6747eb55,delivered,2017-06-06 10:56:13,2017-06-06 11:05:13,2017-06-07 03:54:37,2017-06-16 14:18:05,2017-07-05 00:00:00
ddf02da047a1c300e78346fe13f7e862,1762d969fa7c868c95decf19211d08af,delivered,2018-03-22 11:00:23,2018-03-22 11:15:35,2018-03-23 23:48:24,2018-04-05 17:14:24,2018-04-13 00:00:00
2e1b58feba35b519cd774e6016c56e19,26c382adfdd9057179b948deaa54c2d6,delivered,2018-03-14 19:39:43,2018-03-14 19:55:28,2018-03-20 18:17:21,2018-04-10 16:08:31,2018-04-05 00:00:00
3784bc92c8ff0ca207ed55629e5df7e9,34b9bca8f3dbf57f921bb8cf2e276be0,delivered,2018-07-05 10:02:32,2018-07-05 16:08:02,2018-07-20 14:20:00,2018-07-23 22:27:53,2018-07-23 00:00:00
d07179898f582cd4b62f9f5328698baf,71f39c371308d132d7633895477dd307,delivered,2018-04-26 11:44:48,2018-04-26 11:55:27,2018-05-02 14:21:00,2018-05-10 18:12:33,2018-05-24 00:00:00
e9ccb8277ecd5374b5a0532b5ee47f7c,8b9c46cb78faa340ba59effb94b5c672,delivered,2017-03-01 23:09:01,2017-03-01 23:22:39,2017-03-02 16:23:00,2017-03-04 08:21:51,2017-03-20 00:00:00
758f87ed332796046d9312299cdf1e5d,a567aa193920afd2dfc4ca7d94e9c832,delivered,2017-03-03 16:44:03,2017-03-03 16:55:20,2017-03-09 10:16:11,2017-03-15 15:54:57,2017-03-24 00:00:00
9c5548e522bd06824106a8713a019e1b,ca9e758a38b2f83b2c1a31e00aff1c30,delivered,2018-05-28 10:38:34,2018-05-28 10:53:49,2018-05-28 12:24:00,2018-06-11 19:31:35,2018-07-03 00:00:00
bdda3ba1c505bc39ff2117e340280a74,64d1731909bc780f4dd163b9c94b7372,delivered,2018-08-03 16:57:01,2018-08-03 17:05:21,2018-08-10 12:40:00,2018-08-13 16:47:46,2018-08-08 00:00:00
1634d04100d187e0f985f2eb2909cba1,1a3776751ed3dcf149859b769566fe0c,delivered,2017-11-11 12:47:01,2017-11-11 12:55:51,2017-11-16 21:54:42,2017-11-21 21:48:56,2017-12-05 00:00:00
3cda6f52ca254406b2c0ce1ae433a481,f89e4237764a0efd10acddd6f0bd18cf,delivered,2018-02-13 16:01:28,2018-02-15 03:55:56,2018-02-16 18:46:31,2018-02-19 20:20:44,2018-03-01 00:00:00
f9b80bc225fe1efa4384db3fdb46c2e4,4f92b798813c32fae91a4e3b999d398e,delivered,2018-02-06 10:26:13,2018-02-06 10:50:21,2018-02-14 19:11:58,2018-03-09 12:16:20,2018-03-05 00:00:00
0b6d11d4a289a1574e8888f2558dd548,97e5e50c02504e32d222320d8c4dfbd1,delivered,2017-01-26 16:03:15,2017-01-26 16:15:09,2017-02-01 11:49:16,2017-02-10 05:34:06,2017-02-28 00:00:00
d0462d19e9c58af6416a06e625c58f13,2b68f1115ff018e29415711c8a9feef6,delivered,2017-07-05 15:48:45,2017-07-07 02:45:19,2017-07-13 20:46:38,2017-07-26 21:22:03,2017-08-14 00:00:00
5265e13b1b649ee26bbaa159d56167aa,442fd67617440e5d001f5e5206f9d40a,delivered,2018-07-19 21:57:35,2018-07-19 22:10:14,2018-07-20 11:05:00,2018-07-27 18:46:45,2018-08-02 00:00:00
cead26525980a4c3b2709a02342422c5,ce282b3208baefe989bd4bfcbf776312,delivered,2018-07-25 22:27:45,2018-07-25 22:35:19,2018-07-27 14:24:00,2018-07-31 19:28:39,2018-08-16 00:00:00
3c9e706b2938bbef0922d8c7da956ec8,0f08b80da14cc5ee19ccb36e9cfb2b15,delivered,2017-08-21 07:30:58,2017-08-23 02:46:54,2017-08-23 20:00:05,2017-08-29 20:13:50,2017-09-13 00:00:00
224bd0a94ce4f3eeebe2ef447e596863,dffe34ca3527d5eb4d985e7a3ace6b27,delivered,2017-07-11 09:15:43,2017-07-12 02:10:47,2017-07-13 19:24:39,2017-07-21 17:27:56,2017-08-02 00:00:00
c52497bdac8af9917fe744d605bdc43b,c6b3ec6d4ebb93cc2ca09e6329d38f5b,delivered,2017-01-29 22:47:29,2017-01-29 23:30:41,2017-01-31 10:26:04,2017-02-03 06:09:20,2017-03-17 00:00:00
d11fd4395b314a358cc155ea5c525c07,a7f1b7380cabd2fb2efacd2df11ba224,delivered,2018-06-21 23:36:13,2018-06-23 04:18:38,2018-06-26 14:56:00,2018-06-29 21:04:14,2018-07-27 00:00:00
6e2b63d5084b319e8d72270b7882e119,08433985baf2e7ff94f2046d7dd14fdb,delivered,2018-03-18 07:17:39,2018-03-18 07:48:39,2018-03-20 01:58:24,2018-03-20 18:16:52,2018-03-29 00:00:00
f5d82c89a8e580c89d24d874bdb6da0f,84246f284e7d0de50e53ac2abf96ca98,delivered,2017-12-20 12:27:39,2017-12-20 13:02:30,2017-12-21 20:58:48,2017-12-22 18:04:22,2018-01-09 00:00:00
03c968d10d8c63bd2388245d02579fde,0e50c6c7561c15b7879e4673e876fae3,delivered,2017-05-24 18:48:37,2017-05-24 19:03:12,2017-05-29 02:03:29,2017-06-07 11:34:32,2017-06-16 00:00:00
248f06491b94081a333b97639693e59f,e8f22ce5168c883e9fad86c1ad0be28b,delivered,2017-12-07 21:57:04,2017-12-07 22:11:07,2017-12-20 18:52:34,2018-01-04 20:44:56,2018-01-12 00:00:00
5f63f81968c1ed5835496acaa5b63434,d7aa6dbff3aa2d202d96f917d896fed4,delivered,2018-06-19 16:24:39,2018-06-20 08:56:22,2018-06-25 14:28:00,2018-07-05 16:21:02,2018-07-20 00:00:00
2f3eedb1154600a40d3529dd83441775,df25809d2708a27863310205e3e224a9,delivered,2017-05-05 20:33:45,2017-05-05 20:45:11,2017-05-09 15:23:09,2017-05-12 12:34:53,2017-06-02 00:00:00
1ff554f292eca293a405beea2511f6de,75b9ed89cf797cb01942d3d6dac94a48,delivered,2017-03-10 08:35:10,2017-03-10 08:35:10,2017-03-13 07:17:33,2017-03-20 09:04:50,2017-04-11 00:00:00
88b40db56f2c37efbf1b4e83db2b40ac,b64d179608bdee7945afe4f46f62c2e1,delivered,2017-11-24 08:45:23,2017-11-24 08:56:31,2017-11-24 19:07:09,2017-11-26 14:18:59,2017-12-08 00:00:00
f08e2cd4d2598a1628420f499688039d,5370c3ce53eff7fb75bdcf32a9c5d6ab,delivered,2018-04-07 20:02:26,2018-04-07 20:10:23,2018-04-10 22:06:44,2018-04-11 22:56:39,2018-04-19 00:00:00
ebf44ff0c2e9687a275c7a487b71e28e,4e9bba67e9b0526746181c622d619f89,delivered,2018-07-08 20:49:33,2018-07-08 21:05:06,2018-07-10 19:04:00,2018-07-11 23:41:54,2018-07-24 00:00:00
6c611d177ef47b4d67080071684f3da3,c1a881d78c63de5d2f1762bd7cca61e7,delivered,2018-05-13 07:42:34,2018-05-13 07:55:10,2018-05-14 13:57:00,2018-05-18 12:03:15,2018-06-01 00:00:00
9d23b28df59d72b40012a277ffd9a80a,32a3c332dcff5e891680b41ffb3be4ca,delivered,2017-11-28 10:48:25,2017-11-30 02:23:44,2017-12-06 17:15:26,2017-12-12 19:15:22,2017-12-21 00:00:00
4c96e6cd1329471164e71b76d8ac0619,7769eebb90b7a387fbf8087dd60024d4,delivered,2018-03-27 22:19:36,2018-03-27 22:30:10,2018-04-02 22:26:39,2018-04-06 17:12:46,2018-04-13 00:00:00
c04bad4eeff4c1cec55dffc72e2d3a85,b75e2045a8e8d24563db59cbe620e8fb,delivered,2018-03-22 07:12:09,2018-03-22 15:35:24,2018-03-23 18:38:29,2018-04-10 19:51:39,2018-04-13 00:00:00
b0b54e4c452d66681d67e588398ecf7c,efa32e2c1c2454217b3c5c9b09f648cc,delivered,2018-01-09 13:21:39,2018-01-09 13:32:50,2018-01-10 19:51:58,2018-01-16 22:28:37,2018-01-31 00:00:00
62a906256e72774922d85060d98c8a5d,152c3b58a0814b31735a08a7b159963c,delivered,2018-05-09 17:16:17,2018-05-09 17:36:20,2018-05-11 14:23:00,2018-05-19 11:22:28,2018-06-04 00:00:00
7f095ef5086869ac49b20d6cc5484418,936d1149d8f55900f5f1858a6ccd5f07,delivered,2017-03-12 11:37:57,2017-03-12 11:37:57,2017-03-15 11:29:53,2017-04-03 14:12:14,2017-04-13 00:00:00
1ec2e1de3e116559a59ec5166697d334,15de606e20783da1172ce080e95389fd,delivered,2017-03-07 14:13:42,2017-03-07 14:25:12,2017-03-08 09:42:05,2017-03-16 15:03:43,2017-03-24 00:00:00
d9e05f5c9c364436b18207eeff4f789e,cac7078135671db755ad7c162f2b889c,delivered,2018-07-21 14:00:52,2018-07-21 14:10:11,2018-07-23 15:53:00,2018-07-26 17:28:32,2018-08-07 00:00:00
ecf4a4c673715759b55b3be3a8ea99b2,92ea14246ba314c5642045e9152b75a1,delivered,2018-01-10 13:10:11,2018-01-10 13:29:11,2018-01-11 21:19:52,2018-01-17 17:52:14,2018-02-02 00:00:00
2b851d9512b237dafe33b79cf00c9885,75f14c818131a7f552dabb5a34faf9be,delivered,2017-11-29 22:38:57,2017-11-29 23:31:24,2017-11-30 23:00:04,2017-12-10 16:49:18,2017-12-29 00:00:00
2db89d0e7f0dc38ccf1374a6c51b5b7d,fd2767fd04a34f7fe8b2ebb51f86c535,delivered,2018-06-18 23:49:55,2018-06-19 00:15:58,2018-06-20 14:32:00,2018-06-22 17:48:50,2018-06-29 00:00:00
aa1ec064e8eb975121269dee2a451592,1288b6510d1115cdc0dbb81b0de73743,delivered,2017-09-24 20:10:30,2017-09-24 20:24:33,2017-09-26 20:10:56,2017-10-03 19:28:09,2017-10-24 00:00:00
252c40159f2a9ab94b552a779514e790,c636e0bd30b9ba3bab0e3069bbeae770,delivered,2018-06-08 17:31:38,2018-06-08 20:49:40,2018-06-12 12:33:00,2018-06-19 21:33:11,2018-07-17 00:00:00
d7c320185a2f9b32f5e2370ff3f8bd64,fc01c21e3a2b27c4dd460ac3fb5539c3,delivered,2017-07-30 06:39:28,2017-07-30 06:50:10,2017-08-04 20:27:26,2017-08-11 18:40:04,2017-08-31 00:00:00
9461233f007294d53c027b24648e02f3,80dd6889d1cd0b80f9ff71789a835f18,delivered,2017-04-17 12:24:44,2017-04-17 13:05:30,2017-04-18 11:16:43,2017-05-10 08:47:52,2017-05-08 00:00:00
011af0959ebf2b09a062867811dc63b5,5fbf764940fb75727525f6af71eef49d,delivered,2017-08-06 17:35:16,2017-08-06 17:50:21,2017-08-07 20:22:19,2017-08-09 21:03:07,2017-08-29 00:00:00
001ab0a7578dd66cd4b0a71f5b6e1e41,8bb3bef4e75a95524235cdc11a7331af,delivered,2017-12-27 00:38:47,2017-12-28 02:33:42,2017-12-28 18:09:35,2018-01-17 20:43:29,2018-01-29 00:00:00
6acecf438369055d9243e121045cca74,42d857e22f61f10476f0cda1aacc018a,delivered,2017-01-05 12:11:23,2017-01-07 03:44:07,2017-01-11 16:22:53,2017-01-17 16:06:30,2017-02-13 00:00:00
34aed6e4313d7573b0d3b459f3a805ea,7afdb6b1737919a448daeb749ee49758,delivered,2017-10-31 18:50:36,2017-11-01 07:06:26,2017-11-03 20:52:14,2017-11-14 21:54:08,2017-11-27 00:00:00
298ee4d77c0352fc41f432254afdf1d3,9005de3b7e1a3343884c42045229d360,delivered,2017-03-27 19:32:14,2017-03-29 02:16:00,2017-03-29 13:30:41,2017-04-10 10:52:07,2017-04-27 00:00:00
ae2ee748fed0ababe6ae778cfb2acf94,ef445a4c46458174d26228fea9a223ae,delivered,2018-05-20 20:03:45,2018-05-20 20:19:07,2018-05-24 08:38:00,2018-06-07 16:33:13,2018-06-07 00:00:00
a72dab58dbb03b5509db9d29c658dc0d,0d507db4606f81ff5d5211c8d3047bdb,delivered,2017-12-24 00:05:52,2017-12-26 07:46:01,2017-12-26 21:33:34,2018-01-10 17:14:18,2018-01-30 00:00:00
21c24f8f2452ec20a5184abfb269c35e,f60d4f3c75d127b2146459d4c79b92b7,delivered,2018-08-08 15:50:08,2018-08-08 16:05:15,2018-08-14 14:05:00,2018-08-16 15:51:38,2018-08-15 00:00:00
d8af11fee1f5a13bf7b3584b9cce55fa,035702d60604fde0df3e3d975fcc3aa2,delivered,2018-02-10 16:31:15,2018-02-10 16:47:57,2018-02-21 18:47:34,2018-02-26 18:04:34,2018-03-15 00:00:00
2f820dfff29d7bd20670d70c9a33ba51,211175e4201bbe5eb654b222cbc1c582,delivered,2017-12-05 16:54:02,2017-12-05 17:12:17,2017-12-07 22:27:09,2017-12-27 22:26:42,2018-01-08 00:00:00
7bc26962535d2a6a7f34041908736df5,6742f4e8618595952e1efdaa63102e8d,delivered,2018-07-17 13:29:52,2018-07-17 13:41:26,2018-07-23 14:28:00,2018-07-25 13:48:49,2018-08-02 00:00:00
13c208c7221faed9cb7ac326a6f873da,ab8ddcd30a237bdb975f54e291076859,delivered,2018-07-20 23:04:58,2018-07-21 23:04:02,2018-07-23 15:43:00,2018-07-30 20:48:49,2018-08-20 00:00:00
1d5cf40416bcb8a9d98d2f759f9f1839,47c4599db633af989a9d444ba9ddd844,delivered,2017-07-11 13:52:55,2017-07-11 14:05:38,2017-07-11 18:28:02,2017-07-17 16:11:33,2017-08-07 00:00:00
4a38745716bb4884b76fd3a12ad5cdd2,2c12c50306eac1f3254f0975a2d1eb7b,delivered,2017-06-20 15:45:54,2017-06-20 15:55:21,2017-06-26 10:21:22,2017-06-27 13:32:10,2017-07-03 00:00:00
9564498225916371a8670c3b0253ea81,403d065ed4e3882fb44ac77fe8297132,delivered,2017-05-06 08:54:37,2017-05-09 09:43:14,2017-05-16 11:52:36,2017-05-29 16:00:01,2017-06-16 00:00:00
3fe7c5853b6def3524128a2d44fb3d24,aa5b7785199c225fb6938bf1372d6026,delivered,2017-12-15 15:09:44,2017-12-15 15:16:22,2017-12-18 20:12:47,2017-12-20 16:24:44,2018-01-08 00:00:00
9ea31bc786d569fb961d6aca5b8ac618,ac41dfafea25769214d7e659ae04882e,delivered,2017-03-17 09:32:47,2017-03-17 09:32:47,2017-03-20 10:26:57,2017-03-22 14:47:14,2017-04-05 00:00:00
870262a84754d5ee151a8be2554a5bc6,4298216f047325fb69c2e6bf63e99c7b,delivered,2017-10-04 15:21:35,2017-10-04 15:35:22,2017-10-05 18:28:45,2017-10-18 21:25:51,2017-11-01 00:00:00
e3f7a673dd1981e0d7b330c8a7220220,8daafb5e7776c08e384b8bdd6b708dfc,delivered,2017-01-24 09:04:09,2017-01-24 09:15:17,2017-01-24 10:42:57,2017-02-06 11:23:58,2017-03-15 00:00:00
646410b7c77f0bae163c4d4cbe4d78de,2e50f32ef890bff070fc82627c078120,delivered,2017-07-29 22:25:29,2017-07-29 22:35:17,2017-07-31 20:19:07,2017-08-08 18:21:57,2017-08-18 00:00:00
a92c76269cd2be64008c82c84d6e5d48,a8a72553d270066753aae3e20a8d035f,delivered,2017-09-01 10:23:11,2017-09-01 10:30:22,2017-09-06 17:30:07,2017-09-12 16:33:28,2017-09-26 00:00:00
5506aa9cafae9629ef0a21b3ad199219,d18a532953fbe5fc32410c6637e07e80,delivered,2017-12-02 11:20:41,2017-12-05 10:30:54,2017-12-04 20:58:59,2018-01-04 23:13:47,2018-01-02 00:00:00
f2f276797fe0c5bb220e8fceefd0220b,c27703a50050afbb4661ad22ea030c7c,delivered,2017-05-25 10:07:59,2017-05-25 10:22:56,2017-05-25 13:12:05,2017-05-31 14:25:53,2017-06-19 00:00:00
ce6a7d780bce629dad2401e73a14e589,678e74c9b366ce75f5c373f8c1562fe8,delivered,2018-01-29 17:53:49,2018-01-29 18:12:50,2018-01-30 19:18:31,2018-02-08 19:27:49,2018-02-26 00:00:00
21a724726546c32790ded320f982a506,520a639ebde74dba27ff8cd45874d67a,delivered,2017-11-24 23:17:34,2017-11-25 02:15:11,2017-11-27 20:16:44,2017-11-29 21:51:21,2017-12-19 00:00:00
622dac2e43c9fe4e17d08cbc259f8448,9682a05903a210e6e44b0ee88f3e6cf4,delivered,2017-09-19 21:21:19,2017-09-19 21:30:22,2017-09-25 21:09:41,2017-09-29 20:52:42,2017-10-10 00:00:00
8557dabbdacec1a9e250f5e70afe1eab,495b67cd5a866ee9a61ea6e8b4cadb51,delivered,2017-01-26 13:15:41,2017-01-27 03:05:28,2017-01-30 15:19:27,2017-02-07 16:45:49,2017-03-08 00:00:00
b107eb8ab6fb9b94db25911d4a2b378e,0b70ffeae43a2bb3a00b1ea07b894e2d,delivered,2017-08-24 14:30:52,2017-08-24 14:45:18,2017-08-25 17:22:13,2017-09-05 16:52:54,2017-09-20 00:00:00
0ca3024fdd038f1b734a8f1bc57e9055,4796c2456460470023bd65ce1ee39f6f,delivered,2018-01-18 09:03:18,2018-01-18 09:11:28,2018-01-19 10:54:52,2018-01-22 21:49:11,2018-02-02 00:00:00
28a1ff56441c9df5d5bfaead83cd76fd,a5138200b55abbe1d5d8035503f7dcc6,delivered,2018-07-10 21:49:39,2018-07-10 22:06:05,2018-07-18 13:31:00,2018-07-24 21:33:09,2018-08-01 00:00:00
05cd156f0f47579a36d7a52724fc31b8,976224a95faf328b17654b1b1411d5e1,delivered,2017-01-14 18:27:28,2017-01-14 18:42:18,2017-01-16 06:42:20,2017-01-31 12:41:58,2017-02-24 00:00:00
48e624e6a92ba57c07b642f214c5bb81,793c582584210cd597c6a7d23af54522,delivered,2017-03-20 10:03:12,2017-03-20 10:03:12,2017-03-23 15:37:42,2017-04-19 05:28:15,2017-04-24 00:00:00
20914c76989e5eac4e2675de44f7275a,6f674b7499f63f1fccdb6a1e75bd3de1,delivered,2018-08-20 18:57:30,2018-08-22 03:35:09,2018-08-22 15:57:00,2018-08-27 15:29:06,2018-09-10 00:00:00
45623f1421557207f2d93ca576418a4e,a8372809f71a1f5a3f3f77964964a8cc,delivered,2018-05-14 08:17:01,2018-05-15 08:12:43,2018-05-15 11:12:00,2018-06-07 16:52:22,2018-06-07 00:00:00
79af690e1f308a4aa1052a6fc4fbc908,90e3a45b81c14374795f25a8fea67c8e,delivered,2018-06-14 18:06:22,2018-06-14 18:18:51,2018-06-15 15:03:00,2018-07-03 16:41:23,2018-07-19 00:00:00
1200ed0c118de7e4524b65918a42c990,f46837583188d7b1c0c09395eb4e0611,delivered,2018-07-17 20:23:46,2018-07-18 04:35:15,2018-07-18 13:43:00,2018-07-27 13:24:50,2018-08-03 00:00:00
17784b9fbb37fb0bdc230d8ed6f6b355,023cf83ac35d703a6f3c1b31bcf844d5,delivered,2018-03-08 19:06:08,2018-03-09 19:08:21,2018-03-12 23:27:21,2018-03-23 15:08:41,2018-04-04 00:00:00
ee5c259515ecb317e1e70dc9e84fdab4,a6f67d35320e71554f65e226ffa21ff3,delivered,2017-09-02 16:50:32,2017-09-05 04:30:13,2017-09-06 20:51:20,2017-09-12 19:22:25,2017-09-25 00:00:00
db2b52fdedf34f34c6569ed5cd692c81,529f243a6ea4d5957aec54e94b49d136,delivered,2018-05-17 18:38:54,2018-05-18 00:55:36,2018-05-18 14:35:00,2018-05-25 01:46:22,2018-06-06 00:00:00
7ead6c8726098bd70de2b16cac42df74,19d8d28432946239ce9f75e1990f7e58,delivered,2017-01-18 10:55:55,2017-01-19 02:11:04,2017-01-19 11:35:16,2017-02-09 07:14:02,2017-03-10 00:00:00
75ad912f0b81298161aeabd41c9ee843,8bcd44b6828a0fcfb459b14f5c4a6ece,delivered,2017-09-14 00:41:21,2017-09-14 00:55:12,2017-09-22 17:48:00,2017-09-25 15:26:17,2017-09-26 00:00:00
3ac2f9ede9c2c9be884248c857c75226,86dbe8b0de56e7464e4b5a4bc77eab19,delivered,2017-02-08 22:08:44,2017-02-08 22:23:30,2017-02-09 11:42:35,2017-02-13 16:05:11,2017-03-21 00:00:00
985a7ee1a544f6f20cda38931a22a6dc,15056ba6cfdcd8cc72654472f4efa085,delivered,2018-01-30 15:20:40,2018-01-30 15:35:39,2018-01-31 23:14:16,2018-02-05 16:43:33,2018-02-26 00:00:00
f95795398c6d7c5e32c51629aa345fdf,9a37a72e01b19af73e41b1491d8d9d8c,delivered,2017-11-29 21:11:05,2017-12-01 11:31:52,2017-12-05 19:28:36,2017-12-13 17:28:27,2017-12-20 00:00:00
b26a79020606ef73722d450c8458f9c0,9ce4680135f65f93297fd3f5ea750eab,delivered,2017-08-02 16:45:46,2017-08-02 17:05:19,2017-08-04 16:20:11,2017-08-07 19:12:38,2017-09-21 00:00:00
d8d842d38880d9584e98d64058aedfed,c22cfbe35fa59bc8126c9be7d1e6a284,delivered,2018-08-26 20:32:14,2018-08-26 20:45:12,2018-08-27 12:44:00,2018-08-30 14:49:34,2018-10-01 00:00:00
67859bd0284e2d4c7c7ae873212a5ff4,fc1543dd064b168304316b8113d3bf16,delivered,2017-05-21 12:05:27,2017-05-21 12:15:45,2017-05-24 14:04:08,2017-06-01 11:39:56,2017-06-13 00:00:00
dcd503d4272567a178500e93e964ac98,fe7cfc486242c6a6860dcd3d9099a123,delivered,2018-04-02 14:08:54,2018-04-02 14:31:07,2018-04-03 00:32:12,2018-04-13 14:04:08,2018-04-18 00:00:00
9786c52ca3e1ed1ef3ba5c65941627f0,3b02662e1fc027ed85be9b59f038d63b,delivered,2017-01-21 21:12:13,2017-01-22 21:31:32,2017-01-26 11:09:47,2017-02-09 14:34:38,2017-03-21 00:00:00
dac46445d06a7c26842b2e8b7bc04be4,3154dbbe8510dde101e639552ba0ec4e,delivered,2017-12-01 11:53:35,2017-12-01 12:31:25,2017-12-05 16:51:37,2017-12-06 23:28:44,2017-12-19 00:00:00
818869c4c6740ee23979a7cbf298e31c,378516f0506604e67868c3517983caec,delivered,2017-06-19 15:53:15,2017-06-20 11:23:54,2017-06-20 13:50:34,2017-06-28 14:04:31,2017-07-11 00:00:00
6c8b41df796056dfa59f256768d11654,3b7a43c4128db23da1f07118d415ea5a,delivered,2017-01-31 08:37:02,2017-01-31 10:31:13,2017-01-31 12:32:47,2017-02-14 16:21:55,2017-03-23 00:00:00
d2d845154c7f4e7f7861ea8697c628b2,7abf142cfed13b532d7f881a9e76e133,delivered,2018-05-02 08:18:06,2018-05-02 08:35:53,2018-05-03 12:26:00,2018-05-04 16:09:50,2018-05-15 00:00:00
180bb1b8686d6679359207ce3b1f5885,b3f1a1af87346b32841846beef824d39,delivered,2018-01-15 13:14:35,2018-01-15 13:30:34,2018-01-16 21:08:21,2018-02-05 21:14:43,2018-02-09 00:00:00
e9a08885cc40da402fb893c56e9d27ae,19470ba9e004b052400bda6485bf0125,delivered,2018-02-22 19:52:32,2018-02-22 20:09:10,2018-02-26 19:19:17,2018-03-08 20:14:36,2018-03-16 00:00:00
6c0579db279e926d14faf051deae3288,2b70ac59f738e900a7d1b8b6c29fd0eb,delivered,2018-08-07 01:17:49,2018-08-08 03:24:54,2018-08-08 13:40:00,2018-08-13 18:24:30,2018-08-17 00:00:00
0faa73d77b7f91828bd92315a94d6ef4,32502607d5a44f34e36748b136e26b11,delivered,2017-02-28 13:26:39,2017-02-28 13:41:43,2017-03-01 11:05:58,2017-03-06 12:34:40,2017-03-22 00:00:00
f83a0ce66c457dfdf564dafa364ae1d4,36b3d8619300c9c57d92f7a175452db9,delivered,2018-08-23 10:25:47,2018-08-24 10:36:32,2018-08-24 14:46:00,2018-08-29 19:19:31,2018-09-10 00:00:00
51fea792e465500a842c7325adabf0ad,3c36ed23dfeb3ab95dbaca492472f1f7,delivered,2018-07-01 14:43:11,2018-07-05 16:04:56,2018-07-03 14:35:00,2018-07-11 00:22:48,2018-08-08 00:00:00
988117e4f714ed70371d15b7063e0add,b7c298836e032af92023696084c6350c,delivered,2018-08-05 12:20:50,2018-08-05 12:35:18,2018-08-08 16:18:00,2018-08-10 00:44:52,2018-08-14 00:00:00
aa2a0609fab50d659ead956ec8f69de1,64db84b65ce929e0a68373aece3e6acd,delivered,2018-01-14 10:38:47,2018-01-14 10:49:42,2018-01-20 00:32:30,2018-01-23 17:23:24,2018-02-15 00:00:00
4a514eb755fe5187e79bb4765ba82d51,885ba72f5da34cb4737e67487ade6e6c,delivered,2017-04-03 10:26:43,2017-04-03 10:35:21,2017-04-11 06:10:11,2017-04-13 21:22:58,2017-05-05 00:00:00
9d34d5659dfa39b38d29bfcf0c85ead9,dd32ce6c2b55f4746c288375a89ce176,delivered,2017-01-26 22:23:15,2017-01-26 22:30:18,2017-01-30 09:02:53,2017-02-08 16:47:45,2017-03-02 00:00:00
99221769ebf04d97afe0f08894b75586,cdc52f69c17d2edb73646f3834bf5488,delivered,2018-03-02 01:11:39,2018-03-03 02:51:05,2018-03-06 16:05:24,2018-03-24 18:08:34,2018-03-28 00:00:00
6cf8b5d146910e3d1b0f23f82a132194,81a1275bcfb9293d363987cb4150d435,delivered,2017-10-02 10:17:14,2017-10-03 04:05:13,2017-10-03 15:38:05,2017-10-09 22:27:51,2017-10-25 00:00:00
5982fca4536769e5024e12eb8b6f473c,60277a3e7abbb02da56b4a1ff79f985a,delivered,2018-03-21 15:09:08,2018-03-21 16:08:37,2018-03-22 20:58:52,2018-04-04 00:48:30,2018-04-18 00:00:00
ccfc366f9a65ee1750a938bd18aa489f,98965f2e554e2f75fcf1411133f41245,delivered,2018-05-31 21:27:20,2018-05-31 21:52:30,2018-06-01 09:03:00,2018-06-03 11:24:41,2018-06-26 00:00:00
eb87432d1b32d99db89d573d77767a01,a22ecc2c34b892685233022097d1ba0a,delivered,2017-01-17 09:15:55,2017-01-17 09:25:11,2017-01-17 14:16:55,2017-01-23 13:12:10,2017-02-27 00:00:00
601fb7b5c950f370e9b7fa94529b8880,9289d8bcd95805bc1ac27c949a99da98,delivered,2018-07-05 15:16:59,2018-07-05 16:12:45,2018-07-06 09:53:00,2018-07-10 16:14:52,2018-07-18 00:00:00
24040647efd179bd506acacbbbabd838,91a10aff1998894aefda53b691a5d6f6,delivered,2017-01-29 19:59:20,2017-01-31 04:38:44,2017-01-31 09:38:21,2017-02-13 05:58:56,2017-03-16 00:00:00
06e93d3bf0469b969d3eb95a8d55d68f,b8f3c05805a908d846c178e4f3f0e875,delivered,2018-02-19 10:52:32,2018-02-19 11:07:41,2018-02-19 20:51:28,2018-02-20 21:39:37,2018-03-05 00:00:00
39dd6ee10ed18591bddeb83c8136dd52,fd679638cf2e396b35e20a5ed75316e1,delivered,2018-04-23 17:55:26,2018-04-24 18:47:36,2018-04-27 09:47:00,2018-05-04 20:04:59,2018-05-10 00:00:00
96d3d32268dac080180a2da0140a709b,3ac8f1fd1cdf7bbdcc05ed5385ff7b51,delivered,2018-03-06 11:15:51,2018-03-06 11:30:40,2018-03-07 21:14:11,2018-03-13 22:34:32,2018-03-22 00:00:00
7a5b3f682886d750ce6eae941ad0d793,878d8c63b45f5785836732d642ec2a16,delivered,2018-06-07 17:40:22,2018-06-07 17:58:48,2018-06-08 09:20:00,2018-06-12 12:32:35,2018-06-25 00:00:00
222ca921eb7f9e8bb4fd4cc5af27d943,61554a130b1e37aeddb8828c8fe5c4a4,delivered,2017-08-25 14:11:59,2017-08-25 14:25:11,2017-08-30 19:57:58,2017-09-04 17:11:20,2017-09-22 00:00:00
91021949691f50cf0608e62a2b5efb31,8a84ce464e8139c8a6a20ed9289b12a5,delivered,2018-05-10 17:45:55,2018-05-11 03:10:52,2018-05-11 14:17:00,2018-05-12 15:22:19,2018-05-24 00:00:00
e6ed19491b2a8932cadafcf68e2745e3,1b5f04113a525155711b0603c69ef723,delivered,2017-08-11 21:11:29,2017-08-11 21:50:18,2017-08-15 17:25:00,2017-08-28 09:48:50,2017-09-04 00:00:00
e1c27845029801e7461bce7d580db092,9d9b4d0f33eff32fc19b99d73ea7f9db,delivered,2018-04-15 17:04:40,2018-04-17 22:12:24,2018-04-18 23:41:53,2018-05-15 14:12:55,2018-05-11 00:00:00
6a8400c1ae628fd6e3770950582c8b99,80b26789f069971fc4b1483f33f545c2,delivered,2018-04-05 15:34:33,2018-04-05 15:50:19,2018-04-12 19:06:42,2018-05-04 15:24:41,2018-05-09 00:00:00
9df65e0ad2cbfa0485262629bb2b6605,92feee9c4c01dfc0bfdacf52eacea448,delivered,2018-02-20 09:43:30,2018-02-22 02:08:45,2018-02-27 18:45:08,2018-03-20 18:12:24,2018-03-16 00:00:00
39fa02e23ac8857769bdcdd496180f7c,df326c1806d432cd11ae4ff65c1c2483,delivered,2018-08-11 00:34:38,2018-08-11 00:50:07,2018-08-14 15:54:00,2018-08-17 13:32:22,2018-08-29 00:00:00
9e1516d69461cbce6204729191230717,0629ffa463b7bb65e62829ee41b0934b,delivered,2017-07-23 23:05:01,2017-07-25 03:30:13,2017-07-28 19:17:38,2017-08-03 16:08:27,2017-08-17 00:00:00
b409363b150c3fc8fe6dddae1bceb1d3,836a7bfd738af688ed28899ff7e61873,delivered,2018-04-04 10:05:24,2018-04-04 10:29:24,2018-04-06 23:08:43,2018-04-11 15:12:00,2018-04-20 00:00:00
29e6f39d57976e61801fbb8f266f30e6,1fe7ee22f6ae1b8dff6b6c83eaf1cd54,delivered,2017-12-11 17:06:20,2017-12-11 17:14:27,2017-12-13 15:38:09,2018-01-10 18:28:16,2018-01-11 00:00:00
e024b7de0d4c8896d442d786f81f7db7,536b315e47f318f8144a85175c2a1769,delivered,2018-03-27 13:36:54,2018-03-28 02:47:45,2018-03-29 19:14:46,2018-04-18 13:35:38,2018-04-18 00:00:00
7c0ce5e0916d0bca80839ea19d6112c7,f4fd1f42308fc47dee6d73ae1f6c9883,delivered,2017-08-05 11:04:36,2017-08-05 11:23:14,2017-08-14 14:23:08,2017-08-23 13:17:53,2017-08-18 00:00:00
89c04d2250464948257c7dbd4e41c3cc,06a0072ff4abdf1a5928eb6a66f75246,delivered,2018-03-07 23:36:50,2018-03-08 00:20:26,2018-03-09 11:12:27,2018-03-21 22:24:51,2018-03-29 00:00:00
1ce3ff41294921f70c327561096eb467,ad6c28fc517874a1e80044ecd92f7841,delivered,2018-01-23 08:20:31,2018-01-23 08:32:25,2018-01-23 22:34:41,2018-01-29 18:33:31,2018-02-16 00:00:00
28443792b60e1229531d828dc74087ff,7b706262b29ae6d4b3523ec628254c6e,delivered,2018-04-04 14:06:24,2018-04-04 14:28:54,2018-04-09 14:42:42,2018-04-18 23:06:33,2018-05-03 00:00:00
663ccd66895e16bba443625e63a777ff,2ef0f7f70617d7905b13028bf5c25a30,delivered,2018-02-26 14:28:39,2018-02-26 14:49:36,2018-02-27 15:36:12,2018-03-12 20:48:27,2018-03-26 00:00:00
29378d5129c88c97f152331affe2ed00,928decbd71d845b2a6bf900ec9a84ffb,delivered,2018-03-22 11:43:09,2018-03-22 11:55:40,2018-03-23 23:58:28,2018-03-27 18:58:35,2018-04-13 00:00:00
4f2dc4a949823819bfc75b784fb32686,f9e02bc10bfffa9852c78f6c9a5d06ec,delivered,2018-06-27 16:50:00,2018-06-28 02:15:54,2018-06-29 14:45:00,2018-07-04 20:26:25,2018-07-18 00:00:00
fd0926fd1e8031a9cf228b88589a085b,04ac10c2ecdfe490a4bf9339c3c145c3,delivered,2017-03-20 14:14:31,2017-03-20 14:14:31,2017-03-22 08:48:00,2017-04-07 18:46:48,2017-04-19 00:00:00
3818dcc3b7bd25996c0f1684437f019b,7fa7bd0cf78ec810d6a60fd27acf15a9,delivered,2018-01-03 00:06:12,2018-01-03 00:14:28,2018-01-03 21:12:52,2018-01-12 22:10:26,2018-01-26 00:00:00
84b1048a4e9d46efbb9e5a65c973cd11,2a9f8b956621aa122762ae3cc892aaf8,delivered,2018-04-05 18:57:58,2018-04-05 19:15:07,2018-04-09 21:14:28,2018-04-25 20:41:54,2018-05-17 00:00:00
b391aeb86b28ac5a2085e0a77833bd15,28d68be5ae44019ecb72679a1402840c,delivered,2018-03-02 12:50:21,2018-03-02 13:09:26,2018-03-02 22:12:04,2018-03-15 00:38:36,2018-03-20 00:00:00
9fbe3fca2706c665022b219b8ff8d27d,d122dc5a239b7b36552bab0dc05b5f55,delivered,2017-07-18 13:12:53,2017-07-20 02:25:13,2017-07-20 17:49:49,2017-07-27 19:32:06,2017-08-10 00:00:00
0dac831729de109c5f878882316eb43f,865ac93cc703fbbe0d4c1d7fdd62b78d,delivered,2018-03-30 12:26:42,2018-03-30 14:07:57,2018-04-02 17:46:02,2018-04-30 18:21:20,2018-05-02 00:00:00
39fa4236f74ce3cf9427df583375b046,23427ce8578ef103e47c305b7367ca95,delivered,2018-07-11 21:15:18,2018-07-11 21:26:10,2018-07-12 15:09:00,2018-07-13 18:38:53,2018-07-23 00:00:00
3a1b7d917cc04f710c5afdd8fbbabe85,de1bf47c6fadd8c028c7834a6ac27a1d,delivered,2017-11-26 01:18:42,2017-11-26 01:35:18,2017-11-27 18:48:05,2017-12-18 18:35:24,2017-12-20 00:00:00
2047058984e5864a83158101943495bb,68b62859e3953143b9a370d565e81c44,delivered,2017-07-29 17:28:18,2017-07-29 17:43:16,2017-07-31 14:27:00,2017-08-24 18:58:55,2017-09-01 00:00:00
e154274f8d5b5bcef8bb9f51a54b218a,3088d567d9a1e008db4e3be276708b80,delivered,2018-02-06 16:50:48,2018-02-06 17:11:17,2018-02-07 20:42:44,2018-02-19 18:47:01,2018-03-07 00:00:00
6f433e1b5764eb255869aedbee1b9d72,643ae37af3bdfee8f50a9dbba9d2d70a,delivered,2018-01-11 16:23:09,2018-01-11 16:35:27,2018-01-15 15:04:56,2018-01-29 21:06:59,2018-02-14 00:00:00
82b0919653c8b121cf8b4beb9eda83fb,036c04b97edba65881be384d9ef54ee4,delivered,2017-10-09 11:40:18,2017-10-09 11:49:48,2017-10-13 13:54:38,2017-10-19 20:29:04,2017-11-03 00:00:00
6b64cb311a0d5baa18bc37ead02d657c,cec5fb258ac2eb3210402449e54f4743,delivered,2017-12-12 10:17:49,2017-12-12 10:50:38,2017-12-14 19:52:13,2017-12-18 23:34:51,2018-01-05 00:00:00
7e03ea2749db964d64386d5ba76cad36,b205df5e86441d2b2f404ffc0c762fe5,delivered,2018-08-09 22:58:56,2018-08-09 23:10:11,2018-08-10 14:59:00,2018-08-20 20:51:19,2018-08-27 00:00:00
5e889b27fcf62bb902c417303e5f688f,a77cd04603184ba353fd0fd98d4d3aaa,delivered,2017-11-06 16:57:56,2017-11-07 02:31:47,2017-11-08 17:55:40,2017-11-22 12:39:15,2017-12-05 00:00:00
85a00341850d3ac099340d190e2ec046,35ff5c9e1014c64117a3b3f4a92fbbb6,delivered,2018-03-14 22:00:19,2018-03-14 22:10:52,2018-03-15 17:36:32,2018-04-18 16:52:32,2018-04-17 00:00:00
9ca767bff71e0db7ad334bde5f300c2a,17f0bf3ee55a47f1300daff51d479b1e,delivered,2017-11-16 17:02:35,2017-11-17 21:15:49,2017-11-21 17:47:45,2017-12-01 15:14:32,2017-12-12 00:00:00
16a50f1f11876372829112e48b471e3e,f2a86ca070522d6089d6de98878e879a,delivered,2018-04-20 17:19:12,2018-04-24 19:25:26,2018-04-24 18:51:04,2018-05-03 11:24:38,2018-05-15 00:00:00
ba8ebbd4a50913dea058ff7695922d95,3f3aa91e753c454557cb29ee5a852eab,delivered,2018-05-19 18:06:11,2018-05-19 18:32:42,2018-05-21 14:57:00,2018-06-04 22:12:27,2018-06-07 00:00:00
3a4ce496edcc2323227f5a6726d1ed49,7175760685e41c5a8c27adfeef1f55e2,delivered,2018-01-10 18:15:17,2018-01-12 02:37:40,2018-01-12 22:39:04,2018-01-30 17:23:26,2018-02-05 00:00:00
65b5697d10acdb50f0d5ce555c8aa46e,c5c064df6a4c428df004ad4759092dcb,delivered,2018-03-23 19:11:32,2018-03-23 19:27:39,2018-03-26 22:12:15,2018-03-28 16:51:18,2018-04-05 00:00:00
c2575ff905b5b189ccda375084be2de2,e7d13351cb9b5e948ce8e069e6290992,delivered,2018-05-01 20:49:02,2018-05-01 21:12:12,2018-05-07 12:31:00,2018-05-11 23:45:31,2018-05-29 00:00:00
b46cf2034656db4fdaa0cb0c403edf04,359d58b88a05cb6227c101f8574c3cc4,delivered,2017-12-06 19:07:31,2017-12-06 19:15:21,2017-12-20 15:36:02,2018-01-05 20:16:32,2018-01-15 00:00:00
cea892923b3775abd19f80626d4b5d37,03b971e3d286d50f6136487edf61782a,delivered,2017-07-24 20:37:52,2017-07-24 20:50:14,2017-07-28 18:53:43,2017-08-07 18:47:38,2017-08-22 00:00:00
fb8a1aa2a0931ede3ac1d6ae42d4ffdc,6d642bd3b5d938ac910451c9103b2100,delivered,2018-03-12 17:04:46,2018-03-14 09:48:38,2018-03-14 19:57:32,2018-03-28 13:23:29,2018-04-12 00:00:00
d9aa5509422ca53597e0806067d52f05,a1693c7bbde5ca1cd0df54986dfb6767,delivered,2017-05-24 11:48:38,2017-05-24 12:03:54,2017-05-25 10:39:21,2017-06-06 15:35:56,2017-06-16 00:00:00
067410a773ded180052ac522f139ab41,f8bd07c127a4ae4a6674d9af09b1934e,delivered,2018-01-04 19:42:04,2018-01-06 02:08:30,2018-01-08 21:23:36,2018-01-13 16:07:50,2018-01-29 00:00:00
29e40e2efb1493c943466c5e401d08ab,ae76c44184338c1561d13d5639fbd726,delivered,2017-03-22 12:10:36,2017-03-24 01:43:19,2017-03-29 15:17:05,2017-04-03 14:55:45,2017-04-18 00:00:00
b4924647a0523d99010023d68b76c18d,80600605c908c076d9e4073f2cb9430a,delivered,2017-01-28 13:23:50,2017-01-28 14:31:35,2017-01-30 16:20:47,2017-02-07 10:48:29,2017-03-27 00:00:00
9bcd65834ef8fc54f03ef36f27bc5645,ec25fe55c673e43d4b3a9bf813cc189c,delivered,2018-03-04 22:02:07,2018-03-04 22:15:34,2018-03-06 19:08:15,2018-03-29 02:16:35,2018-03-28 00:00:00
a0e645abd6eb15b02cdf8a5af28ba8f0,913ba50f9cfc946e0c92a9515cc1bceb,delivered,2017-03-13 09:54:44,2017-03-13 09:54:44,2017-03-15 14:47:50,2017-03-20 15:14:03,2017-04-04 00:00:00
9edaabce3c4beef5432b6327ade4109b,d85a33fefc77c4027226b4af1683e21e,delivered,2017-01-26 11:39:55,2017-01-26 11:50:12,2017-02-06 08:35:10,2017-02-14 08:41:51,2017-02-28 00:00:00
e39fab126fb47dd2f1a47b2af6422bc5,1537ca382e272f726154251d5c2789c1,delivered,2017-07-13 13:55:09,2017-07-13 14:05:26,2017-07-19 20:16:47,2017-07-26 16:32:20,2017-08-04 00:00:00
84e340f8ce26dd8b76b86f8d2c84debd,759395ee0edd9984b572964443e98a81,delivered,2018-04-06 18:01:18,2018-04-07 02:48:22,2018-04-10 16:15:29,2018-04-16 22:41:08,2018-04-30 00:00:00
ebe208c5144e6963534e6a772c6a6939,32140932420c55308ddd876d2b6d7c15,delivered,2018-06-09 22:24:51,2018-06-09 22:35:13,2018-06-11 12:08:00,2018-06-25 18:48:31,2018-07-12 00:00:00
433069333714082fdb039d4a92682534,d709882bacabeecfcba6ed0cb415be83,delivered,2018-05-11 16:40:39,2018-05-11 17:00:04,2018-05-14 12:56:00,2018-05-18 16:55:46,2018-05-28 00:00:00
7e486325a643ff4ed591ad4fd1b80d16,e50d0472f1fdd87f7bcdcde4138673fb,delivered,2017-11-23 15:40:50,2017-11-25 03:52:14,2017-12-07 22:51:55,2017-12-27 01:56:48,2017-12-14 00:00:00
f5e3df1b6d4ee5b4e795cbd56705d35b,e32ded4c09ef9207932b87ad9db49e5c,delivered,2017-11-28 14:05:09,2017-11-28 14:20:15,2017-12-01 00:08:59,2017-12-12 12:38:46,2017-12-22 00:00:00
c582a4926632a43d138711ca8b412ef3,88dd9d5557adddd06ec7e12980596cff,delivered,2018-06-25 16:26:14,2018-06-25 16:55:12,2018-06-26 14:55:00,2018-06-29 16:52:59,2018-07-23 00:00:00
2e782e419da1d80f6d1b9c7eb67b6dde,450c27e5b2962a410207ebdbe0d15f43,delivered,2017-09-24 00:20:13,2017-09-24 00:30:18,2017-09-28 19:20:22,2017-10-06 19:07:20,2017-10-23 00:00:00
e2b12d317e3875999cbcfc47a2e5a88f,30bfd27242de04156cbd74859ea23da8,delivered,2018-02-10 23:31:59,2018-02-11 00:45:31,2018-02-16 13:42:41,2018-03-06 15:05:11,2018-03-13 00:00:00
dfec7411ab4ba17202e5aa72bcd3a3e1,6f0e037423a31f6b624f905700044d26,delivered,2017-11-12 10:00:56,2017-11-14 04:26:34,2017-11-15 00:07:36,2017-11-25 12:03:05,2017-12-01 00:00:00
1c8757886a51b1d2a57ef26e7004ee37,386e4ddbf54f557c9d251e49d32ca7c2,delivered,2017-03-15 19:26:44,2017-03-15 19:26:44,2017-03-17 10:41:46,2017-03-28 18:24:57,2017-04-07 00:00:00
6a28b46b87ca2e2e83c8fbd829570ae8,0ead8cb530e0ab5664bd793cbe2c3f91,delivered,2017-02-25 06:19:20,2017-02-25 06:30:11,2017-03-01 14:32:50,2017-03-14 10:14:05,2017-03-27 00:00:00
6bc6b07e448bae52d248c4df401d6157,7ab83c4dcbf17bff5832baf041f71fab,delivered,2017-01-20 19:44:07,2017-01-20 19:55:19,2017-01-24 07:34:51,2017-01-26 15:53:46,2017-03-03 00:00:00
d14e5c5300262d554b76179fa67e6f71,c3ec8298dfec9ba5dce54e6e1e1d99ed,delivered,2017-11-20 15:51:38,2017-11-20 16:06:42,2017-11-22 22:31:49,2017-12-05 20:14:52,2017-12-19 00:00:00
38fd57a781f31c3c00a012db1e52f6fa,0b1cbaf9e8123b00a50e3fbd846e10d3,delivered,2018-04-23 17:49:25,2018-04-24 18:42:15,2018-04-24 15:03:30,2018-05-14 17:40:30,2018-05-24 00:00:00
3dc83811b95fef30cdbfcdae61bdb25d,d751e3db6ffe142eb707f90f8b2f9b39,delivered,2018-02-03 12:25:33,2018-02-03 13:31:48,2018-02-05 17:32:05,2018-02-16 01:11:55,2018-03-01 00:00:00
b391fd34f5d52bfc8de47b44d609e490,af42aa6cd70a1a5faa9b3549ae6aeaeb,delivered,2017-08-08 23:30:40,2017-08-08 23:45:10,2017-08-10 13:51:56,2017-08-11 20:53:07,2017-08-22 00:00:00
8929fce83f27ebe948da9c53dcea6bea,2b784701261a664c8a3fd4ce83c9679c,delivered,2018-06-13 20:49:51,2018-06-14 10:20:11,2018-06-14 14:51:00,2018-06-15 21:18:49,2018-06-25 00:00:00
623695cd72cc41aa116c10c7c28608a1,a852a1fd87371f874c3f2c1361dedf1a,delivered,2018-04-04 21:04:05,2018-04-04 21:15:22,2018-04-06 21:49:27,2018-04-09 11:51:51,2018-04-23 00:00:00
4883042a7a5f22fee4e519f15da7f9e2,961adc029c2b1f8a955922a9eae2af4c,delivered,2017-09-14 21:37:50,2017-09-14 21:50:15,2017-09-15 17:24:52,2017-09-21 16:04:17,2017-10-04 00:00:00
958159f0dab5b09c3dad9dc3dc352565,3f6b216f1586e1e66cbf463d0a2eb535,delivered,2018-05-04 15:09:48,2018-05-04 15:33:27,2018-05-07 06:53:00,2018-05-15 11:29:06,2018-05-25 00:00:00
1e2f320acd9cf7428412fb4ba5c537fe,03e4aa263433c6741b5d22e28272c520,delivered,2018-08-15 08:48:29,2018-08-15 09:05:07,2018-08-23 13:24:00,2018-08-29 17:30:16,2018-08-27 00:00:00
40f263da2fff3c6d39ed98ff3700546b,6ce22bdc14d3764795a53811003ec29f,delivered,2017-09-21 16:50:56,2017-09-21 17:06:05,2017-09-22 15:48:49,2017-10-03 21:02:40,2017-10-25 00:00:00
9856503e3360fab415c2efa086e44c85,a909c70e103548bc4e7dc1b6c553497c,delivered,2018-03-23 09:47:17,2018-03-23 10:08:36,2018-03-23 23:05:37,2018-04-02 20:45:51,2018-04-11 00:00:00
eaac284918a0bae18197faef197f83e0,c94358f47b136fc8e5fc75123ff15213,delivered,2018-07-01 17:20:18,2018-07-01 17:35:11,2018-07-02 10:27:00,2018-07-06 16:41:45,2018-07-23 00:00:00
c38c9bc64c50852ae814ac2dc6bff45d,b57504f62d129f5eefa6fe4a035e0e0b,delivered,2018-06-08 22:28:13,2018-06-09 07:12:19,2018-06-11 13:21:00,2018-07-07 16:48:55,2018-07-05 00:00:00
491f193fc52075598871cfe6f19976d4,754ca6f0a4efa94136ab04789648590e,delivered,2018-06-08 11:48:33,2018-06-08 12:21:35,2018-06-13 13:55:00,2018-06-18 13:29:43,2018-06-28 00:00:00
d84ce4acc4a19690d7a7b6f5df4d3023,df617ecf75e122f5982420b0495cae50,delivered,2017-07-13 15:52:11,2017-07-13 16:04:46,2017-07-19 18:27:38,2017-07-27 15:36:44,2017-08-02 00:00:00
ddcf6c758c04fe3f2e0d1ae301ec5f40,52128c30f27e3166029ab4ad0b502c94,delivered,2017-04-11 12:45:06,2017-04-12 09:02:14,2017-04-13 10:50:43,2017-05-09 17:57:59,2017-05-18 00:00:00
d64a14f0bda63154a36174c4870ee78c,8100182ef5153393aaa0b0ee5e7c0fb7,delivered,2018-05-21 09:38:36,2018-05-22 08:16:34,2018-05-29 09:25:00,2018-06-05 21:41:58,2018-06-07 00:00:00
9e9019ce043c4bb38f4bb4afa8bd55ca,24a7428e950dbbda9356425d3191e586,delivered,2018-08-19 11:47:05,2018-08-20 11:31:35,2018-08-21 12:51:00,2018-08-27 17:54:53,2018-08-30 00:00:00
490f9c9fc86a9e753c5729f7119e84d7,0d9406fc091e557580d0d2171f268d88,delivered,2018-05-04 10:46:21,2018-05-05 03:50:28,2018-05-07 13:16:00,2018-05-10 15:18:47,2018-05-24 00:00:00
61c0331f4a2916cc12ae6abe6f4caf41,69a3dbdc444fd4620ea62358f213491b,delivered,2018-02-18 20:50:45,2018-02-18 21:50:38,2018-02-20 19:04:36,2018-03-16 20:32:37,2018-03-12 00:00:00
416e49799e9260d93c8f636ce6661a55,c986404d6cdb4c44f42b32e11f5b4296,delivered,2017-12-11 00:21:08,2017-12-11 00:30:29,2017-12-12 21:35:55,2017-12-16 00:14:54,2017-12-29 00:00:00
34d91b022de394cf98320a2109457501,5d19714e81cbec2bfb9573edf9e1346c,delivered,2018-04-13 16:35:16,2018-04-13 16:52:52,2018-04-16 22:13:28,2018-04-24 12:37:58,2018-05-15 00:00:00
e6ffcd88cc3d2795303c2fd25cadf74a,95389eec1d6f5e5a7ed3a2439f08cf62,delivered,2018-05-06 12:35:54,2018-05-06 12:53:22,2018-05-09 08:46:00,2018-05-28 20:06:38,2018-06-01 00:00:00
31ad4814ceda6fbaf80287df5e35073c,0139721501e0a6fe8f79253f6794ab2d,delivered,2017-11-30 10:57:33,2017-11-30 11:11:07,2017-12-06 00:41:24,2017-12-13 16:05:13,2017-12-18 00:00:00
55f48d94df188b3d4f74c9db5396b6db,a2db5b8ebecdcc046aba7a1991e73c6a,delivered,2018-04-08 10:10:10,2018-04-08 10:29:50,2018-04-11 00:38:20,2018-04-29 11:58:53,2018-05-07 00:00:00
5e9fbea0a384b612fd7b6d66c1e21152,ad99fc380a7ba9017f035a67c4c36e1c,delivered,2017-09-30 13:41:30,2017-10-01 13:50:22,2017-10-02 20:27:40,2017-10-09 13:27:26,2017-10-31 00:00:00
dcc15ae978fb3fdf4dbe24079e768652,76fb9d2ed14cf5608ea6306c249b8789,delivered,2017-05-06 07:14:03,2017-05-06 07:25:07,2017-05-09 12:09:54,2017-05-17 14:26:31,2017-05-31 00:00:00
0a14f9fc5324099db2a5418351592675,58c021d7a27ccda0f20f3c1658b0544e,delivered,2018-03-03 10:30:17,2018-03-03 10:48:49,2018-03-06 20:04:30,2018-03-13 21:38:50,2018-04-05 00:00:00
2b7d922e73fbd058099b6ff4b33e99f7,0ea66986b3704c6a5212c9327cb5a27c,delivered,2017-10-02 18:02:21,2017-10-02 18:14:22,2017-10-04 13:39:00,2017-10-16 21:37:57,2017-10-30 00:00:00
e2b9380fcb4f1f7e2a7d2d3c77666c7c,df5c29f85be81da0fc70651fe54704d1,delivered,2018-04-05 17:47:12,2018-04-06 03:28:27,2018-04-07 16:31:31,2018-04-11 01:21:26,2018-04-20 00:00:00
711446e2cbe250789dc7b3ecdfce793c,61dfb2ae9399454cb12545524d192978,delivered,2018-07-04 21:03:18,2018-07-05 16:32:23,2018-07-05 12:04:00,2018-07-13 17:12:35,2018-08-06 00:00:00
501b6d9a20b143063d1711970953fcb0,8a8cd362d6cc4c7e7fbb8050526da599,delivered,2018-06-16 21:17:24,2018-06-16 21:37:01,2018-06-18 10:55:00,2018-06-22 20:56:23,2018-07-18 00:00:00
719a2a4825d52ce82cbc8698a71495ba,bd7f3abe8cf23c1f80aff58fb4d12861,delivered,2018-04-13 12:56:27,2018-04-13 13:53:53,2018-04-17 00:18:36,2018-06-05 08:33:51,2018-05-22 00:00:00
25857521bead5be64bf8305c71db1fa2,db50237cf3062997bb7f609e7ce57533,delivered,2017-08-15 17:53:51,2017-08-15 19:35:15,2017-08-17 19:16:37,2017-09-19 17:02:54,2017-09-29 00:00:00
c308c2ae15a981044aa6d93a3c6bcf1a,88489527cc5297af6ef25ae19ed5506b,delivered,2018-05-25 16:06:15,2018-05-29 03:55:04,2018-05-29 12:39:00,2018-06-05 14:45:09,2018-06-21 00:00:00
94f1e81783b607dd10f270a0ceaf9d40,36a9fe16e0dccf8efd8b98fc7002378d,delivered,2017-12-12 13:09:38,2017-12-14 13:12:18,2017-12-15 20:10:18,2017-12-19 14:52:05,2018-01-09 00:00:00
1765804f6753bf6a25ba8c9fd45977f9,5a1a3d8af7807e5570135ef3fbd66b5e,delivered,2018-07-04 17:03:24,2018-07-05 16:21:52,2018-07-05 15:27:00,2018-07-11 18:34:47,2018-08-07 00:00:00
df6aa08f7cc272ab5c188923ce319f39,6775882273c160e7c61df402719d4ca6,delivered,2018-08-22 01:44:18,2018-08-22 01:55:14,2018-08-24 19:02:00,2018-08-27 17:03:31,2018-08-30 00:00:00
5f9571ac1f7bd358f3fcfa9d07900869,bcde4a90c6095d70bfc2085e755383cc,delivered,2017-07-30 00:24:27,2017-07-30 00:43:37,2017-08-03 19:33:53,2017-08-15 22:29:28,2017-08-29 00:00:00
2343dbf79839ce221f3e1ec059cbff9f,ba00af16d846533769f19fa6c87aa62a,delivered,2018-07-04 21:42:04,2018-07-05 16:08:13,2018-07-12 08:45:00,2018-07-23 22:37:47,2018-08-10 00:00:00
475f773f6c0d909e49b758adb2401e3a,7a6ebfb04fcb2e21ced42bbc8794892d,delivered,2017-01-30 18:39:24,2017-01-30 19:33:37,2017-01-31 09:08:47,2017-02-20 14:09:26,2017-03-10 00:00:00
719b940ab2f1e351ffb14a0a02ffe3c4,ede9a1daf58d256c0d648ef7e1479010,delivered,2017-01-16 13:01:51,2017-01-17 03:05:22,2017-01-17 13:37:00,2017-02-21 14:51:58,2017-03-03 00:00:00
53bf51495103abe64e330f5360456ca0,3583e7045ba9171afe0674eb209fb6ee,delivered,2017-11-05 22:52:55,2017-11-07 05:31:26,2017-11-07 15:31:51,2017-11-10 17:48:38,2017-12-07 00:00:00
de90c6becfae7b59fc7f1642e8578a17,fd0f799263c58a9fd3c65d72963046aa,delivered,2018-04-15 17:58:53,2018-04-15 18:10:55,2018-04-17 19:42:27,2018-04-18 19:47:36,2018-05-03 00:00:00
0f7f0f5f679b32fd80e1535ca33a7c30,542225aee88bf09fe21f73ffe2fd9bff,delivered,2018-01-29 01:05:19,2018-01-29 02:10:36,2018-02-02 00:46:34,2018-02-16 00:03:24,2018-03-09 00:00:00
c736eebe212e3065b4ca629fb98389f8,ccd88d5a028a8673a1f2e9b98af66132,delivered,2018-08-23 07:36:13,2018-08-23 07:50:12,2018-08-23 15:35:00,2018-08-28 20:18:26,2018-09-11 00:00:00
ecaccc93dddbfc205d1fcdd18acf5933,8e97a6ba3c70449dfc931be3e148b68d,delivered,2018-02-03 23:16:43,2018-02-03 23:29:56,2018-02-06 16:13:53,2018-02-08 20:50:54,2018-03-01 00:00:00
a012081ae7cc2159673399ef664ed7fe,bd3235c8b16f3eef2bab89dd3bce20ce,delivered,2018-04-25 12:26:29,2018-04-25 12:35:22,2018-04-25 14:02:00,2018-05-03 23:33:54,2018-05-17 00:00:00
18fa032cf65a1c5c2820d16276b4741a,54c5c9dcdc6cca32b4fb425a215d39f5,delivered,2017-10-29 12:13:26,2017-10-31 19:34:36,2017-11-01 20:33:34,2017-11-08 22:52:38,2017-11-22 00:00:00
5187d6e3efdec859c111d889c9ad7d9a,6afb49b08ae306fee3f98b95fe395a47,delivered,2017-06-04 11:52:38,2017-06-05 11:55:14,2017-06-05 12:45:16,2017-06-19 20:04:19,2017-07-03 00:00:00
8a022a9ef01a1c899cd33cff15aa43db,1cd42cdd99a937e2fa316e8588ee5044,delivered,2018-01-26 17:17:17,2018-01-26 17:39:26,2018-01-29 19:12:00,2018-02-02 15:27:49,2018-02-20 00:00:00
b896461e3ed46fe0c2f27a21c5a895aa,91e93abb370cd3dc6af2a46b988c593f,delivered,2017-05-31 11:55:59,2017-05-31 13:07:27,2017-06-02 05:19:45,2017-06-08 14:33:14,2017-07-03 00:00:00
9a965cd710da5125076afbd641624600,f26dc4fb2f5373199f3430bda158626c,delivered,2017-05-15 22:53:50,2017-05-17 03:55:28,2017-05-18 08:00:00,2017-05-23 17:42:41,2017-05-26 00:00:00
3e07f3e5491c1c3d9c9f02a1071006a7,934cb46592d9125ac95165b62fd4a737,delivered,2018-04-12 11:55:25,2018-04-13 13:14:12,2018-04-19 22:05:03,2018-04-23 19:56:48,2018-05-07 00:00:00
dfb6a56c471c1a04a0714eed6ce75de1,a2afcd1851ebd758bcc566697c69369d,delivered,2018-01-10 16:41:10,2018-01-10 16:49:37,2018-01-24 10:24:58,2018-02-01 21:31:35,2018-02-09 00:00:00
add3e322151e47705826b60fbe20356f,b2ef679648d3600d19b9eb1ee8c853e7,delivered,2017-10-26 19:14:52,2017-10-26 19:26:35,2017-10-30 20:13:58,2017-11-21 18:11:27,2017-11-16 00:00:00
2c1c76b055716216ebf282a6e2b7d18c,b0aa4e154cca1e3ce961c7267e5b975d,delivered,2018-05-02 20:17:10,2018-05-02 20:53:33,2018-05-03 12:14:00,2018-05-09 19:46:34,2018-05-28 00:00:00
8c0a4c58ee098fea192d86cb195786e6,743eb1a642f457af79087cfaa894a63b,delivered,2017-01-18 12:27:53,2017-01-18 12:41:46,2017-01-19 15:55:22,2017-01-30 11:47:28,2017-03-10 00:00:00
bce3ba299a4d73c52b90686a13c29a57,acf9d493618557e6bf542739f7c1ea8c,delivered,2018-02-12 10:19:43,2018-02-15 03:55:54,2018-02-15 20:21:38,2018-02-26 23:42:12,2018-03-16 00:00:00
44bba9f46db37145d420ff8e02b679a3,c8dbf8c6c3026ee3158b95c9baefa58e,delivered,2017-08-13 00:38:27,2017-08-15 03:50:32,2017-08-17 17:58:18,2017-08-18 16:57:40,2017-08-25 00:00:00
fc3443668654977029c4cc2ead0cc0b9,8b12706add8da11e0633415bf6def248,delivered,2018-02-01 09:39:48,2018-02-01 09:55:25,2018-02-02 20:45:04,2018-02-14 20:35:46,2018-03-05 00:00:00
883915e4c377d6f9192fad3ae5d4374c,65587a73fe6ed4b379bdbf1f27f95bb3,delivered,2018-08-17 10:28:31,2018-08-17 10:49:28,2018-08-20 13:33:00,2018-08-21 18:56:41,2018-08-23 00:00:00
49a76356bba249478a61707cb37319ea,59eb71336fbb39a683b38f0d1b9f21a7,delivered,2017-10-17 08:43:45,2017-10-18 08:49:09,2017-10-18 14:49:07,2017-11-04 00:07:26,2017-11-21 00:00:00
0eaa4845a6182d6b72de720fb976abd4,4d7f34d701f198e39e1c0cd92c3ee12c,delivered,2017-01-17 18:44:09,2017-01-17 18:55:20,2017-01-18 10:55:18,2017-01-27 12:13:56,2017-03-07 00:00:00
09f2c6e797b432724b3a123f1ec897bb,c08a028e3cf76efe09f3ca8526ea2dcb,delivered,2018-02-15 16:10:26,2018-02-15 16:26:39,2018-02-17 01:08:13,2018-03-23 18:08:28,2018-03-07 00:00:00
19ddb42a5be901faf63f0caa5cfbfd38,d918e8f6809326606a89bcf49a04419e,delivered,2018-06-22 13:13:36,2018-06-22 13:40:12,2018-06-26 16:09:00,2018-06-28 14:05:24,2018-07-12 00:00:00
f5c5440eeced6d9ade07af5e1fcc69e4,eb64c2a4713ed54aac3d2d9b078b413c,delivered,2018-02-14 16:00:20,2018-02-14 16:30:33,2018-02-15 18:50:01,2018-02-28 15:18:49,2018-03-08 00:00:00
2ec517892d22fd59d39b4cfa2a69637b,94043b53a282a595f1d3b5abf5a05e0b,delivered,2018-08-07 17:33:29,2018-08-07 17:45:11,2018-08-08 09:53:00,2018-08-16 20:04:35,2018-09-12 00:00:00
34fdc362961364d3ff08986ccff2212d,c2719bf8e555adcf1fa503708bea998c,delivered,2018-05-08 17:40:24,2018-05-08 17:55:23,2018-05-09 11:51:00,2018-05-14 19:02:25,2018-05-29 00:00:00
a5c654c2a0126153f98af71a65a159de,b2817df30d7390a156ef1514c284010c,delivered,2018-05-30 23:05:14,2018-06-04 12:10:35,2018-06-05 08:45:00,2018-06-12 20:06:48,2018-07-13 00:00:00
b2349a3f20dfbeef62e7b31baa22f84b,0ff24a24edd69d8774270ac863c8e230,delivered,2018-05-08 14:53:17,2018-05-08 15:09:59,2018-05-10 18:29:00,2018-05-17 18:42:13,2018-06-07 00:00:00
fed2c6b5a6f5bbf776e52240101359fe,5110f48f7609169fbec145320da4512e,delivered,2017-05-17 21:58:18,2017-05-17 22:10:10,2017-05-18 07:17:45,2017-05-23 12:43:38,2017-06-12 00:00:00
db7576b1fe440f4c0a808855aacf0948,fc30386d1f0ca6d7f48845275ac0cd23,delivered,2017-01-05 13:37:27,2017-01-07 03:44:27,2017-01-11 15:37:55,2017-01-16 14:25:01,2017-02-13 00:00:00
29e438b97b6d677fa72eeb836259ac4d,2e6bfc32b964709f5b065f57c809db2b,delivered,2017-04-09 16:59:13,2017-04-10 17:02:17,2017-04-12 12:35:43,2017-04-18 14:51:38,2017-05-02 00:00:00
f104033beebfd7e8f12217531c2275f9,4cb8a348a32b76300b86cc1478882be4,delivered,2017-11-06 14:20:14,2017-11-06 19:36:58,2017-11-07 20:08:33,2017-11-14 20:29:30,2017-11-30 00:00:00
e10c9ad36c79606f76bfc8da8eb83aa5,8effdb78a610cf0b7452f1fb02e7ab9a,delivered,2018-02-03 14:33:03,2018-02-03 14:49:39,2018-02-05 20:57:11,2018-02-14 20:36:52,2018-03-08 00:00:00
5c973d2b4652e1dec15353b59339f3b4,8a863458d761a9b40faba0ea98094eb9,delivered,2016-10-07 10:45:48,2016-10-07 12:13:51,2016-10-11 12:13:52,2016-10-14 12:13:52,2016-11-25 00:00:00
acb08a83f62cfd54a98e76c21cd268fd,0c972ffe540bb0560f264c58899f5dc1,delivered,2017-07-28 04:06:33,2017-07-28 04:24:05,2017-07-28 17:58:07,2017-08-03 21:15:55,2017-08-29 00:00:00
8376f6035204b549b6bae5c4a7aa5a44,a2b2a36f8fc933744ce13a81e2a28291,delivered,2017-11-16 19:12:57,2017-11-16 19:35:02,2017-11-20 13:35:31,2017-12-06 21:35:48,2017-12-12 00:00:00
b210a0936a3dd8fe4428863f8e352693,6a7100171d73419693ebd1b891f80b53,delivered,2018-02-28 10:57:06,2018-03-01 10:50:39,2018-03-08 13:53:40,2018-03-21 23:05:06,2018-04-06 00:00:00
c2546b80d080e344c3698d9d75bd439f,3aaf1aed94e3b857dca44be88ad136c7,delivered,2018-04-19 10:38:49,2018-04-19 10:55:15,2018-04-20 18:32:06,2018-05-29 17:07:56,2018-05-29 00:00:00
96867881a8d245ffae18dd2f1c4898d2,40e7a663ffaa7aa2f2ad20d6d40d6b14,delivered,2017-01-26 22:19:43,2017-01-26 22:30:17,2017-01-27 11:47:20,2017-02-08 12:12:39,2017-03-02 00:00:00
ec323db17a13fc07c4b07f0f7f86986d,f9c96252874067d98cead6b1f3859c02,delivered,2017-12-09 17:59:48,2017-12-09 18:10:42,2017-12-13 23:49:37,2018-01-07 14:52:10,2018-01-16 00:00:00
74b9c5a1b6f7632750a25db4de597512,3d89e437bbd02dfc96b7ebf2d791bfc2,delivered,2017-01-17 16:25:29,2017-01-17 16:41:52,2017-01-23 11:53:31,2017-01-31 10:58:00,2017-02-17 00:00:00
be65bdeffac02d6d8d3b667875e6da05,921be88f79a82a0ae7053a435213ef07,delivered,2018-07-25 21:04:58,2018-07-25 21:24:48,2018-07-26 12:33:00,2018-07-27 16:28:45,2018-08-07 00:00:00
5c0d142e02002952ffe6ae4db1b02baf,5a856c285ea3eaed4bef0c587fde2b49,delivered,2018-05-09 15:37:32,2018-05-09 15:51:51,2018-05-10 09:01:00,2018-05-21 23:05:16,2018-06-04 00:00:00
8cab96495293d1bfed0c4f34ae7fb9e9,e18e455d09f8bdb9e3754303e9b37b85,delivered,2017-05-20 15:07:59,2017-05-20 15:32:12,2017-05-22 14:43:18,2017-05-23 10:16:59,2017-06-02 00:00:00
f814e911eb0f9834305ddacbaa7e83e8,68556e69464bac3ce95fc3110467f914,delivered,2018-08-17 14:22:37,2018-08-18 13:49:51,2018-08-22 16:20:00,2018-08-29 21:24:27,2018-09-17 00:00:00
ee7f4e0a5223e51719a98941129bbc24,fd8c1c13c5a8e810e542362ffe896cb0,delivered,2017-02-09 14:18:34,2017-02-09 14:30:15,2017-02-10 14:29:02,2017-02-14 08:44:35,2017-03-22 00:00:00
bf9d705db9fe15b5bd6a0a35c3e3365f,cd7fc3b7e625b3b0492197326b461c4c,delivered,2017-01-11 19:21:04,2017-01-11 19:35:14,2017-01-13 14:25:01,2017-01-20 21:11:43,2017-02-17 00:00:00
9ed5fb43923ff520458d675521c4f9a7,184ef3f8d7677a1d6d43c8478637229e,delivered,2017-07-24 10:55:51,2017-07-24 11:10:11,2017-07-26 11:28:03,2017-08-07 08:06:02,2017-08-25 00:00:00
143f8e1be12f4d99301cec6f0d7a3834,c084c36f269f29c66bb61f3ac37303e8,delivered,2017-01-24 16:58:46,2017-01-24 17:10:21,2017-01-26 05:41:52,2017-02-01 11:59:07,2017-02-17 00:00:00
c34636be7a1584abe05847e5d4b1c3c8,b88e97fc641b78c256cca3665fe4aebb,delivered,2017-09-22 17:52:26,2017-09-22 18:06:11,2017-09-26 10:45:58,2017-09-30 14:50:06,2017-10-19 00:00:00
fd38d5793a4393e031ea8da57e094f88,26da56b4fbd69a10435bd728443fd107,delivered,2018-06-03 16:35:46,2018-06-03 16:50:40,2018-06-05 10:36:00,2018-06-08 21:38:33,2018-06-28 00:00:00
c1875eb040541568d58640849b68b052,f2df5610e57acbb50214fa571d833bc7,delivered,2018-03-10 13:11:49,2018-03-10 13:28:03,2018-03-13 15:26:39,2018-05-11 17:58:47,2018-04-05 00:00:00
704966e2252d9ef26bfb8203cb8fbf1b,28026498023f3d6b3d8167d07ba85cdd,delivered,2018-04-19 22:24:23,2018-04-19 22:35:23,2018-04-23 12:42:05,2018-04-30 18:38:53,2018-05-16 00:00:00
badb0dd3be1e47b016f7ce9a3a7168b8,8a3339f252e9dc4e354d7a2984558974,delivered,2018-01-15 19:21:30,2018-01-17 03:38:42,2018-01-22 18:49:01,2018-01-31 14:48:49,2018-02-20 00:00:00
0b710815eacb6ac13165d4cf70dbd5cf,48c75023334a516ed72d8dfb615be9d2,delivered,2017-02-18 17:26:05,2017-02-18 17:42:35,2017-02-20 14:20:33,2017-02-24 05:11:47,2017-03-21 00:00:00
2a66d384322fe0cce57c8083d687a79e,1abb0c19ec88e40555c8ee5ba6f2a102,delivered,2018-07-05 21:27:24,2018-07-06 21:30:56,2018-07-10 15:42:00,2018-07-23 22:33:44,2018-07-31 00:00:00
05cece27facc8007b2952d0b5bbfe9d6,8eb45c23e35fbd73046416ab84202f3c,delivered,2018-01-26 14:09:20,2018-01-26 14:22:18,2018-01-30 14:25:04,2018-02-08 16:12:43,2018-02-22 00:00:00
88f4847c75e52df56f47047103f4697d,9e275200117e662219ddfe417c986f6e,delivered,2017-12-13 06:59:57,2017-12-13 07:09:24,2017-12-13 19:22:16,2017-12-29 19:48:57,2018-01-16 00:00:00
46dc90c294321a6e0bc324c6d9522927,0968544cfbeb92285311bbdda670509f,delivered,2018-02-25 15:58:55,2018-02-25 16:10:23,2018-02-26 20:44:55,2018-03-06 16:06:30,2018-03-16 00:00:00
ca726b66fb5a8d36376b73e09e4958b9,c5daa48d49abedb25f4bc9e7a1d9cf60,delivered,2018-06-29 14:47:56,2018-06-29 15:11:05,2018-07-03 11:01:00,2018-07-05 22:38:48,2018-07-25 00:00:00
0f47f9183ff34c4a76633181b380acbc,391ea9f08646bb9c99de7a3b24eb8641,delivered,2017-09-27 19:57:59,2017-09-27 20:07:31,2017-09-29 18:53:32,2017-10-06 21:03:45,2017-10-24 00:00:00
4947e751fe684314c040cac7a908143c,658209d1209b7ba76db76dacc08da700,delivered,2017-07-31 00:34:15,2017-07-31 00:45:17,2017-08-02 17:09:50,2017-08-10 21:09:33,2017-09-15 00:00:00
4f080f85daf0d53e2757336275292310,355fde2e1bf1fccfd0b734184246deba,delivered,2018-07-25 14:38:22,2018-07-25 14:50:07,2018-07-26 08:32:00,2018-07-27 14:11:51,2018-08-02 00:00:00
49c6d2d936de699d0f22a5b66451200c,5ab2ff8c31146d43f7549a9c15a64be3,delivered,2018-06-27 07:45:51,2018-06-27 11:02:04,2018-06-28 10:04:00,2018-07-03 17:55:12,2018-07-18 00:00:00
28f079a1f1568fda3a17841d6fe48390,459f6d9169372a39b0fe1f00e96947b4,delivered,2018-06-18 13:03:53,2018-06-18 13:16:52,2018-06-20 06:32:00,2018-06-23 15:03:44,2018-07-12 00:00:00
0c13a63ac0ab32f6187a8347b7a3ce2a,b987d527657e243b4f3e40ee0c54f601,delivered,2018-04-26 14:14:34,2018-04-26 14:30:23,2018-04-27 14:00:00,2018-05-04 13:28:45,2018-05-22 00:00:00
1573c1514d9e6b02151d3f7a1e9b0b20,223811908c4b45b0238ea546789c3c4b,delivered,2018-02-15 09:48:48,2018-02-15 18:06:59,2018-02-20 15:12:06,2018-02-21 17:39:15,2018-03-02 00:00:00
6031b4a1dbafab99322d682f7d2070fa,1f67b347641be0ada243c88ea88cda6a,delivered,2017-12-30 14:36:31,2018-01-03 04:16:33,2018-01-10 10:27:47,2018-01-15 18:54:05,2018-01-24 00:00:00
be713173db53bf7fa11050f91ac461ce,67024d6825a5785b14cf420eb8882fef,delivered,2018-03-10 17:00:24,2018-03-10 17:10:34,2018-03-12 23:32:09,2018-04-17 16:14:29,2018-04-13 00:00:00
2bd6a9cea9df97f5f2d0717bb6307f32,bbfcd35b7bde08b872286d6b3d74e254,delivered,2018-05-02 22:35:34,2018-05-03 00:12:57,2018-05-04 15:46:00,2018-05-15 12:27:44,2018-05-25 00:00:00
c9f7bcb4ff5c6c8e661cb6cd7fd0974b,316639548b42fa621d9317afcbff05fd,delivered,2017-01-30 11:47:10,2017-01-30 12:33:56,2017-01-30 12:58:16,2017-02-07 07:23:35,2017-03-17 00:00:00
ac5a06cf04a02c5c5ec9f09f9db3ddb9,7f938220d2d18d58491d9377786c3a64,delivered,2018-05-14 18:37:58,2018-05-14 18:50:21,2018-05-18 17:14:00,2018-05-23 15:48:31,2018-05-30 00:00:00
141f7d3071b3a6ebbc34ea1454624e3f,8fad1c45f7d9d8210fa58f3b754c0932,delivered,2018-05-17 21:26:53,2018-05-18 02:54:28,2018-05-18 13:34:00,2018-05-24 14:38:43,2018-06-04 00:00:00
17f1a38cf243632b938f18aa6b80928a,3e7b6a143331d0a923dbe940e123797d,delivered,2018-02-07 00:38:09,2018-02-07 00:53:51,2018-02-07 20:28:31,2018-02-24 00:26:38,2018-03-13 00:00:00
34cc8cb419e5e8ffe6a5090b551dbf61,e0b9262d01399885847c98481b33da06,delivered,2017-05-25 18:01:49,2017-05-27 02:55:08,2017-05-29 02:34:55,2017-06-07 11:23:36,2017-06-07 00:00:00
082143e4f5f63e4e768aa4d5c70d0d02,24d8bb5ce835d746abf0d7aed090dbcb,delivered,2017-06-14 20:34:06,2017-06-14 20:55:18,2017-06-16 15:07:36,2017-06-26 13:47:53,2017-07-07 00:00:00
124282aeb36f71699a910e0670c08769,77089f53d5c42c03dc08dad99b373989,delivered,2018-06-04 21:09:34,2018-06-06 03:11:05,2018-06-07 13:27:00,2018-06-15 18:58:54,2018-07-13 00:00:00
984d046c833232079162e22c7ef8c15d,6cdb70bd1221c6913ebb68b580713161,delivered,2017-01-19 10:33:22,2017-01-19 10:41:43,2017-01-20 13:57:33,2017-01-26 13:05:06,2017-03-01 00:00:00
2b98d5c9b1969095e65f74308ae2e861,640e434ec3d0792f339955ac55798c63,delivered,2017-01-26 15:01:45,2017-01-27 15:31:33,2017-01-31 16:24:59,2017-02-06 11:04:25,2017-02-20 00:00:00
72effeb8a2be92644dddb7dbf5df144a,e75e3f20be32a23e4cc20abb982fc31a,delivered,2017-10-09 17:40:38,2017-10-09 17:51:56,2017-10-11 17:42:32,2017-10-18 18:22:36,2017-10-31 00:00:00
fc6fa7fa7977262db8df0b27a56474d8,3c3652ffccad55c942f2f2f2f67a6d78,delivered,2018-03-07 18:34:51,2018-03-09 03:00:36,2018-03-09 19:51:44,2018-03-19 19:19:51,2018-04-10 00:00:00
b17b0e273b31b9bdc4c86d55ce1f2b87,40568f04c85dd2a9b73fd39069b89a6a,delivered,2018-07-25 20:37:44,2018-07-27 02:05:17,2018-07-27 14:04:00,2018-08-01 15:26:02,2018-08-08 00:00:00
6a618b375464d738bf225aa25553e50c,327c1945b6d3f759f3ff4a9f89f8058d,delivered,2017-11-08 16:05:25,2017-11-08 16:16:02,2017-11-10 20:18:37,2017-11-16 21:29:18,2017-12-05 00:00:00
38eb881851d90ec36b46d10b81792089,9605611724e3d18d409d01f49f56ff54,delivered,2017-01-27 09:29:40,2017-01-27 09:41:26,2017-01-30 10:14:02,2017-02-07 11:33:44,2017-03-09 00:00:00
809866afc43dd3f06fc471f5eebe53e6,f72fbb835edf6b8939d099b436e89f49,delivered,2017-08-05 19:34:53,2017-08-05 19:50:11,2017-08-11 21:14:28,2017-08-16 21:05:56,2017-08-31 00:00:00
dcb668b21e7c36224624fc4b4ddbf0fd,6c9a9031dd1214977dfef7ef3338988e,delivered,2018-08-15 15:12:00,2018-08-15 20:25:32,2018-08-16 16:24:00,2018-08-20 18:22:41,2018-08-28 00:00:00
fbab2f1499ada7711dc92e28e8e2cee9,ba17f3083626c96ea274189cc1011df8,delivered,2018-02-17 10:22:58,2018-02-17 12:30:27,2018-02-20 22:27:37,2018-02-23 20:04:40,2018-03-09 00:00:00
0e0cb073422fcdc0645935e23d672736,890756905264b648874867f666812c4a,delivered,2017-08-08 23:50:03,2017-08-09 00:03:10,2017-08-10 20:02:48,2017-08-17 20:43:54,2017-09-04 00:00:00
10a0be3ae9093afbffac333cf6670922,ef68f44cd44c15de0cb8bc53c4fe3782,delivered,2017-06-08 22:23:05,2017-06-08 22:30:14,2017-06-09 16:02:31,2017-06-16 12:44:52,2017-06-29 00:00:00
b25e83776a0bf6440214b6258416e4e1,0e9a1a195d9e737e602ffc9cfe19053a,delivered,2018-07-26 17:26:17,2018-07-27 09:10:15,2018-07-30 09:15:00,2018-08-06 20:44:41,2018-08-15 00:00:00
74a73605b5d8e00f1692a308a2ea566e,843b7d4774939fba2fbc6fa2a014bd81,delivered,2017-12-27 10:22:01,2017-12-29 02:08:44,2018-01-02 17:44:31,2018-01-23 17:09:24,2018-01-30 00:00:00
ae68db7133205767bf752b04da1d3b50,06497bec842a481bd823944e52528944,delivered,2018-01-13 22:24:39,2018-01-16 03:51:07,2018-01-18 18:53:03,2018-01-24 22:38:52,2018-02-05 00:00:00
a338d0ade09a3ac954ecbf64b3b3b485,fbbbf9c39662ec023c52d0169700b4d6,delivered,2018-05-31 11:29:34,2018-05-31 11:51:13,2018-06-01 12:22:00,2018-06-19 15:13:02,2018-06-28 00:00:00
443f3ab34f06d2d9124cd153812b4ba6,796d05b11c21234c1840086faa0be307,delivered,2018-07-01 17:36:44,2018-07-01 17:50:03,2018-07-03 05:46:00,2018-07-05 17:43:39,2018-07-20 00:00:00
4d7cba9ac539bd48f7fdde25ccbf3eb2,24c696d961e37f3e72e7ab2a766390b8,delivered,2017-05-16 10:18:09,2017-05-17 04:05:31,2017-05-17 13:21:47,2017-05-23 11:54:42,2017-06-07 00:00:00
7d25201b841d0a91a003edf192834005,fba95f073ccc6b98c94f3c000b9c1472,delivered,2017-08-13 19:07:29,2017-08-15 03:30:46,2017-08-16 19:46:47,2017-08-18 16:57:57,2017-09-01 00:00:00
e86118c5fd6d905b7346a83baca017e2,dbfcf7c2a286c626b8ab695e310045d0,delivered,2018-03-12 17:27:41,2018-03-12 17:49:23,2018-03-13 23:41:41,2018-04-07 13:51:05,2018-04-03 00:00:00
8628cf35f313fe2e46a2168f21860031,e9fbe7886163acf808479322d2b87ccb,delivered,2017-11-18 19:49:54,2017-11-18 20:06:49,2017-11-22 13:38:29,2017-12-02 00:46:49,2017-12-11 00:00:00
2ccfe5d6558b5a6b11ab972747e26132,c05d551ecfde09e27798866394a1f888,delivered,2018-01-16 18:24:47,2018-01-17 18:17:36,2018-01-25 15:32:48,2018-01-29 15:18:39,2018-02-16 00:00:00
c8e6cc0d58104bbddf6c5c8d07f58bf7,23134959b3fc7b1cf51c58db01bf04aa,delivered,2017-07-24 10:38:30,2017-07-25 03:43:40,2017-07-28 19:06:42,2017-08-24 20:07:47,2017-08-17 00:00:00
e9bfa573b732937bcce0dfee81481cdb,a93610cb4263f961a306a0b70c41400a,delivered,2018-07-19 17:41:44,2018-07-19 17:50:15,2018-07-20 12:41:00,2018-07-27 11:06:54,2018-08-10 00:00:00
464b622b9d163f8703cdfe7e0f24f8fc,2f2a18396252a2657d9410d4c36be0c6,delivered,2017-05-11 09:19:10,2017-05-11 09:25:28,2017-05-11 12:43:03,2017-05-19 15:41:39,2017-06-02 00:00:00
387016f36a926f6d861f812a8aeccffb,c3fb17f728ce93cf95563c72cc009f09,delivered,2017-12-07 17:13:11,2017-12-07 17:33:29,2017-12-20 19:03:58,2017-12-28 21:19:18,2018-01-05 00:00:00
9ce991aaccb4817cc0ca0b4edb5c5ff1,917afe7faa23d88a557462c27eabccac,delivered,2018-05-01 20:33:44,2018-05-01 20:55:32,2018-05-02 19:01:00,2018-05-07 19:33:12,2018-05-15 00:00:00
f8e0d73a0d29119847eef26cb525bf16,3327920ff65dadcbfc7f2a44a772c2f2,delivered,2018-07-06 12:11:20,2018-07-06 12:32:12,2018-07-10 15:05:00,2018-07-11 23:29:40,2018-07-19 00:00:00
49c7df46784ee525af9f5cb40fc1d508,92c20486bda026216f613e3e4406f759,delivered,2018-06-04 09:49:31,2018-06-04 10:10:26,2018-06-04 15:40:00,2018-06-07 11:33:58,2018-06-28 00:00:00
a306afa8587ad4c42f5a1c62184673a8,f997e4d637c5824aa3f892266bac8ebd,delivered,2018-08-17 07:44:54,2018-08-18 07:49:45,2018-08-20 13:57:00,2018-08-28 00:16:26,2018-09-04 00:00:00
5ffc7455c07cb79260d36024277e417a,8edf9775ff2d85510096c409785457a3,delivered,2017-02-06 17:02:13,2017-02-06 17:15:06,2017-02-07 05:09:29,2017-02-21 10:57:37,2017-03-17 00:00:00
8084fb81dfc973b3d492e788bfe45ab7,3b30358d0925561c9abffb926e3ca0e6,delivered,2018-07-09 09:46:03,2018-07-09 10:05:06,2018-07-11 07:05:00,2018-07-12 19:34:50,2018-07-18 00:00:00
f2e62e5ce667ba626a17ef195d775796,47072cf880ed71431fb220f937f63d5b,delivered,2018-05-11 16:07:14,2018-05-11 16:31:38,2018-05-18 14:10:00,2018-06-27 18:04:02,2018-06-04 00:00:00
68b3b77e74b7ad7bb9d25331580ddcdf,614f4db4fc76b38bf6691690a5c87dcf,delivered,2017-07-03 18:34:19,2017-07-03 18:45:20,2017-07-11 19:45:52,2017-07-21 20:06:23,2017-08-01 00:00:00
539fbc059a691c7fa7d239e2d495f60b,16d42879056c9a5d35f92938b5827e67,delivered,2017-10-22 23:02:00,2017-10-22 23:14:26,2017-10-24 12:17:42,2017-10-31 19:19:43,2017-11-13 00:00:00
a2b98e0d4c46ef327bb78d902bfaf7b3,ff8bccea0f872d28efb3170d1be104a9,delivered,2017-07-08 17:12:00,2017-07-08 17:25:14,2017-07-13 10:57:27,2017-07-21 17:47:49,2017-08-07 00:00:00
a33a09b1320a130c61d1d5d9b8aec5ee,3e05c1ad118dc0a4304a93b6b6012d5c,delivered,2018-07-06 19:08:05,2018-07-07 19:05:47,2018-07-10 15:54:00,2018-07-16 12:24:44,2018-08-08 00:00:00
8797dc96576f93204dc46d189f4a724b,1ed42bb6bf6c4a6dc85a7d2a48f209d4,delivered,2017-11-07 18:48:14,2017-11-07 18:55:33,2017-11-08 22:57:23,2017-11-20 18:18:52,2017-12-08 00:00:00
2b6e532558903184200ab657802e5ae6,1189440e2928a16f63c04df90266e8b8,delivered,2017-12-06 17:16:11,2017-12-08 14:33:54,2017-12-13 17:09:19,2017-12-19 17:22:39,2018-01-11 00:00:00
406a5ab51424aef9f3674c18a3060945,be3909804136bf8c69d6f1349168c90e,delivered,2017-06-24 14:17:59,2017-06-24 14:25:17,2017-06-26 16:28:07,2017-06-30 16:44:52,2017-07-31 00:00:00
9ede3a76d22fdfce4d6be1e75ab3e1a5,c7e36e97f12db1f22a857dd5d6e50215,delivered,2017-06-10 13:07:05,2017-06-10 13:15:16,2017-06-12 15:00:43,2017-06-19 18:36:49,2017-07-07 00:00:00
807d573c36fdd71594efae0ca1db554e,b2fd5cda6445986a32221a9a29897f67,delivered,2017-07-20 07:30:51,2017-07-20 07:42:55,2017-07-20 14:49:27,2017-07-29 14:18:55,2017-08-23 00:00:00
a4b19ba687d68b54e5598956990afa98,9cc508ab838e2303299fe5c9d97a2704,delivered,2018-02-14 17:48:51,2018-02-15 17:46:38,2018-02-20 00:42:57,2018-02-23 11:27:32,2018-03-13 00:00:00
7226f4ceb664d56167de4b60aaecc01a,41d70a2081e8c114ff1b6a2e2af57737,delivered,2018-01-07 11:57:58,2018-01-07 12:08:24,2018-01-09 17:53:06,2018-01-12 22:28:44,2018-01-31 00:00:00
8f578fbe296dae4b9f11a4996da9c47d,1582c109fe600f17495e417900294900,delivered,2017-07-05 17:29:04,2017-07-07 21:03:20,2017-07-14 18:09:35,2017-08-17 17:38:21,2017-08-11 00:00:00
7b9bc6b76ad9656ca99e8e1f2a6d249b,f3ca1ff383d87b5307cbe34cc3a6ec44,delivered,2018-07-19 13:55:05,2018-07-19 14:05:22,2018-07-20 12:12:00,2018-07-27 20:26:27,2018-08-09 00:00:00
6e37d33226a8c50b397a7a334bcfd8f4,01d87bd7900fc721cf5122c47b1d3a71,delivered,2018-03-18 21:43:23,2018-03-20 03:35:40,2018-03-21 12:42:01,2018-04-06 02:45:16,2018-04-11 00:00:00
d35ca5de99f9cb92be83a52973b5bbf6,9eca35b9c65ffe431d1159d7dc618355,delivered,2017-12-04 20:21:53,2017-12-04 20:35:19,2017-12-05 10:53:53,2017-12-06 17:54:51,2017-12-20 00:00:00
43df7d0ebdaa1d4df7b8f25e2fc50fd8,75cd35c0927c7331c98da835c8718baa,delivered,2018-06-11 17:22:06,2018-06-11 17:40:12,2018-06-13 14:33:00,2018-06-26 22:21:44,2018-07-17 00:00:00
5836a9fd173a29689e12bf421d2d280b,744712b9c80935dedc6c1995e32bfdd9,delivered,2017-01-30 14:19:23,2017-01-30 14:36:35,2017-02-01 15:59:43,2017-02-08 10:12:18,2017-03-15 00:00:00
e2f6bff876d784db1590923c91ead84a,33ae60240791bd96cb2e94e981759b32,delivered,2017-10-18 17:52:06,2017-10-19 15:49:28,2017-10-20 16:52:35,2017-10-23 22:20:17,2017-10-30 00:00:00
a9121d9a1f7b2530fd9d2d6dc01647cd,366926d8a85ea42152d28ab83c462119,delivered,2017-01-31 03:52:34,2017-02-01 04:31:51,2017-02-01 10:40:12,2017-02-07 07:53:36,2017-03-21 00:00:00
2fc4990b9de2806b1e361d39937c113c,8c9bfe4267c768c965a7a3770b06899b,delivered,2018-04-05 21:41:17,2018-04-05 21:55:15,2018-04-07 01:26:33,2018-04-12 19:23:43,2018-04-26 00:00:00
d20d521427100e96eb0298afc19d97f6,d711a88fdd3d5d149e3448061520dd71,delivered,2018-06-13 16:26:28,2018-06-13 17:00:13,2018-06-15 13:57:00,2018-06-26 21:44:26,2018-07-26 00:00:00
78c0b2e524faf734fa7ecccff7e492aa,dad733d24b13b2b00ef4c1f1d2aa9a32,delivered,2018-06-03 17:02:22,2018-06-05 04:52:03,2018-06-06 14:37:00,2018-06-18 16:54:52,2018-07-12 00:00:00
8932f7d67eec4b3ed9a4d5ae0b30e06a,7efa4ffd3323a20dde6d1b3fd22c1152,delivered,2017-07-11 00:36:03,2017-07-11 00:50:11,2017-07-13 13:47:54,2017-08-01 19:33:51,2017-08-14 00:00:00
5dc269b7c4dce1624653e914a1b739f5,575a192461d4a325e5f9667e6ce5c2df,delivered,2017-01-18 17:20:39,2017-01-18 17:31:55,2017-01-20 13:02:22,2017-01-27 12:09:42,2017-02-24 00:00:00
ac1a1d01dcd4350d31887f6eab3f63d5,2f97782bbc64b71cba9e79d12757479b,delivered,2018-08-23 21:43:41,2018-08-23 21:55:16,2018-08-27 14:54:00,2018-08-30 21:05:56,2018-08-31 00:00:00
694e3d121f16bcbb9b4595b6c6ab3baf,2e0339ff984d6f41f11dfdbc7c93dcda,delivered,2017-12-15 13:43:13,2017-12-16 16:20:28,2017-12-19 23:19:04,2017-12-22 01:07:14,2018-01-10 00:00:00
14f81abb54984ba116bc1994d6a34b9d,bb8bc452c4adb3027f2d7e6c47663e1a,delivered,2018-06-26 11:41:33,2018-06-26 11:57:12,2018-06-27 06:23:00,2018-07-09 16:12:47,2018-07-17 00:00:00
668ee4108169a1d58c55b20ddc3fa3c9,038f88979c9816294e2a236465e8096d,delivered,2017-01-26 11:32:30,2017-01-26 11:45:10,2017-01-27 11:49:01,2017-02-15 18:07:33,2017-03-10 00:00:00
84e5cd0814900ddfdcc53213d07939e3,a59d04c9a76861580b6b7c3491570a5b,delivered,2018-08-16 15:55:22,2018-08-16 16:10:19,2018-08-20 15:39:00,2018-08-23 18:14:23,2018-09-13 00:00:00
adbbe31eab3ec8799e71b8fd89956464,40e86a3dad650ba87f73f66396ca34ef,delivered,2017-01-31 12:01:46,2017-02-01 02:50:26,2017-02-02 14:55:06,2017-02-09 11:05:05,2017-03-13 00:00:00
a1b499a72aca650e451a357f1eb45c03,ef8d390153b43a963def1da4a61047cd,delivered,2018-07-29 15:44:15,2018-07-29 15:55:18,2018-07-30 15:19:00,2018-08-03 16:44:46,2018-08-22 00:00:00
0e1756f57187e203c6151ebe990fa670,ddd3b9ce8e10bc277c120c9a7bb007ac,delivered,2017-09-13 07:29:26,2017-09-14 14:04:24,2017-09-21 16:53:24,2017-09-26 22:20:02,2017-10-05 00:00:00
658bea3a595af733d395a91ed9714160,795b7ae8e06558aae3a68ce5c74ee36a,delivered,2017-11-23 17:28:29,2017-11-23 18:25:02,2017-11-25 02:41:18,2017-12-01 19:06:37,2017-12-22 00:00:00
aba3d283b846a03d398d549db17b649a,bd7cb78e215c62dd6de90af929ce719b,delivered,2018-04-01 14:31:41,2018-04-03 05:50:28,2018-04-03 22:28:53,2018-04-10 15:58:45,2018-04-18 00:00:00
c9b08bd33d449366d3b89454a3071b98,10b70116f12d6f64f25e04e219a8036d,delivered,2018-08-09 14:33:30,2018-08-09 15:05:17,2018-08-13 16:37:00,2018-08-15 19:36:37,2018-08-24 00:00:00
ad6b07be756ec7284a64503ac34f6975,e34f1deeea3369207caab9fd7a49cee8,delivered,2017-04-05 15:04:14,2017-04-07 03:11:01,2017-04-10 15:50:46,2017-04-19 16:49:07,2017-05-09 00:00:00
5a6816abc699af392f8a2520aadf1cd9,6a2d6e58eeba8f38a5119e50e82878df,delivered,2017-11-12 19:44:21,2017-11-12 19:55:29,2017-11-13 19:21:42,2017-11-17 01:43:02,2017-11-28 00:00:00
520e9b73b66dd639c67ced184953ca2d,dfb128d07f7da6edf0fbe08f7cc89c4c,delivered,2017-07-20 19:42:34,2017-07-21 06:43:26,2017-07-21 18:53:52,2017-07-24 16:49:31,2017-08-02 00:00:00
b523b77f215e6c094c97389acf24ea9c,7330b2142fc963806f7ac2f27fab4e42,delivered,2018-04-27 17:01:15,2018-04-27 17:51:36,2018-04-30 14:14:00,2018-05-04 19:15:23,2018-05-22 00:00:00
be754126110440ba89a5456475333453,24c2d36dcc7f3ff6e41738c77dcf2def,delivered,2018-03-02 15:27:23,2018-03-06 03:55:55,2018-03-20 15:37:48,2018-03-29 19:21:58,2018-03-28 00:00:00
afbc5dc3c3d0255f644df560b79f1b32,b580902207edc5a3b69c2c11b5a48879,delivered,2017-07-29 22:30:47,2017-07-29 22:45:07,2017-07-31 18:27:43,2017-08-07 21:49:29,2017-09-05 00:00:00
3bdb4a8f9e391c81696a80c1bf7c67ff,ae1df93af04a6e463230fc1966638537,delivered,2017-04-05 13:04:39,2017-04-05 14:10:13,2017-04-06 16:37:36,2017-04-10 14:35:03,2017-04-28 00:00:00
20550ea4a86fb3f3cc065b2598ebb01c,04868d933fddca2e3fc9b32a6ca0b921,delivered,2017-01-30 15:32:24,2017-02-01 04:35:20,2017-02-01 10:08:16,2017-02-08 15:03:49,2017-03-13 00:00:00
9846cae21962f6c6e65ad2e77d3c2be7,b7039da8de38f21de8833bd957b19365,delivered,2017-01-30 09:39:54,2017-01-30 10:33:04,2017-02-03 14:43:22,2017-02-06 17:02:51,2017-03-27 00:00:00
ec6752845f9c553dcaeb40318b0df3ce,01a7b4df1b55e01c05863134a5e587be,delivered,2018-05-18 18:00:59,2018-05-18 18:19:27,2018-05-22 09:02:00,2018-05-23 20:38:24,2018-05-28 00:00:00
7b056b08bd6ecffcc044693543061ec5,4179f0f32ddf0566ae204816c4b1cb3b,delivered,2018-05-17 10:10:43,2018-05-17 22:08:35,2018-05-18 12:00:00,2018-06-04 21:32:29,2018-06-19 00:00:00
60d89454741d31c6c07226c6069864dd,72c264264a67e9f5aedf2ea52b8cbe65,delivered,2017-06-29 09:43:18,2017-06-29 09:55:20,2017-06-29 14:54:29,2017-07-01 11:37:54,2017-07-12 00:00:00
1d80070bfe715fe0b628207297d72eaa,728c2eca7bcd0381f461f7567b5aa8b5,delivered,2017-11-02 16:29:37,2017-11-03 16:35:52,2017-11-06 22:58:34,2017-11-13 23:06:45,2017-11-29 00:00:00
0f28dea25f498acb1ab8d7f947c2ceaf,0a99af6e6eaf8487f52d2d02212ff2aa,delivered,2017-06-19 09:57:49,2017-06-21 11:50:16,2017-06-29 15:36:02,2017-07-05 18:26:41,2017-07-25 00:00:00
0faccee831e15bfa7b6b1bef3eeba735,8deb2c11cc255a4da7c7349d18717ef3,delivered,2018-01-29 09:47:12,2018-01-29 09:58:42,2018-01-30 23:23:25,2018-02-09 23:29:27,2018-02-20 00:00:00
eacabc11d89126dfd871cddb597a0409,520f054a1dae283f1d09b11e621c27b8,delivered,2017-04-20 10:55:32,2017-04-21 05:22:10,2017-04-25 09:56:34,2017-04-28 15:08:18,2017-05-19 00:00:00
854963422ef4369edb2416355e8323bd,4c47ecc85fce7602cc1989de3f83fe4a,delivered,2017-07-23 19:46:11,2017-07-23 20:06:26,2017-07-24 15:04:22,2017-08-01 19:03:31,2017-08-15 00:00:00
d8378bb103de9b68884b9e4cd2a8dbca,13d44a48280d6bd29ffbbf23c3680afc,delivered,2017-06-19 20:13:49,2017-06-19 20:25:20,2017-06-20 14:54:20,2017-07-01 10:32:34,2017-07-07 00:00:00
d9c51e8f2151f049f14ba77dfe8513b9,f849baffc31a2b2519ca2f66092fb39a,delivered,2018-08-11 16:41:06,2018-08-11 16:55:21,2018-08-13 15:25:00,2018-08-22 23:44:40,2018-08-28 00:00:00
7879a19dbf7ffa9e1063dfde96081185,c1d6df990d7abb2eb1d898aabb91c142,delivered,2017-11-30 15:46:49,2017-11-30 15:55:25,2017-12-04 16:33:07,2017-12-05 16:14:16,2017-12-18 00:00:00
a6eace8d7affa686ec69d39f9c4c348a,4bfb2494e1e38f25d36f128b44a04e06,delivered,2018-08-06 22:00:02,2018-08-07 21:55:19,2018-08-08 14:22:00,2018-08-28 19:11:37,2018-09-14 00:00:00
ba81383846b0b6c97b5160f986fa3707,18e4dd593a3162753b5c6081fb581862,delivered,2017-07-29 21:51:40,2017-07-29 22:05:23,2017-08-03 20:39:42,2017-08-24 19:37:28,2017-08-18 00:00:00
48a1c733458a579cd85f95918057dc82,95b738395bf0327a8ecfd0dc17118bd6,delivered,2018-04-10 12:31:30,2018-04-10 12:49:53,2018-04-13 00:12:06,2018-04-17 21:38:50,2018-05-03 00:00:00
5ffbbd67f14392efe8fd533d38cd1338,9e7fe4ea65ba59140cab054bdbdf018e,delivered,2017-01-27 19:04:57,2017-01-27 20:31:43,2017-02-02 11:21:43,2017-02-06 10:05:42,2017-03-16 00:00:00
85f8ad45e067abd694b627859fa57453,1d088dea8732788ec35dd4ee6dd76112,delivered,2017-01-29 21:40:02,2017-01-30 22:32:20,2017-02-02 05:04:58,2017-02-07 10:46:00,2017-03-08 00:00:00
f41f4f0667b69592fa5bef59e5ef7fad,d7c5773821f77c5341e5f00dbfff4115,delivered,2018-06-04 11:25:50,2018-06-04 11:51:12,2018-06-05 10:20:00,2018-06-13 19:12:11,2018-07-24 00:00:00
e208a6bd0e030c2240ec286633bd9039,93c18d140f4e52abc28925e224e2c781,delivered,2018-06-08 17:24:29,2018-06-08 20:31:43,2018-06-25 13:48:00,2018-06-29 20:42:08,2018-07-20 00:00:00
ff70ad5dd90ca8946ddb2ba48946c0e2,412974e7c238ff98dc3775a84b88429c,delivered,2017-11-15 19:23:43,2017-11-15 19:35:36,2017-11-16 13:18:38,2017-11-29 13:53:45,2017-12-07 00:00:00
71282e3ab70a4319b82314e59041549a,0f866e064924e6caf059c4d0bf0335e8,delivered,2018-02-17 22:10:29,2018-02-17 22:26:36,2018-02-19 18:21:59,2018-02-28 21:09:15,2018-03-09 00:00:00
cfba3ca25a049f8bdf836baa3b8be493,1c282323584deebf1025c4c72dde565a,delivered,2017-01-23 20:21:12,2017-01-25 02:45:48,2017-01-26 14:58:39,2017-01-30 18:23:45,2017-03-02 00:00:00
4feb155d6d4d8b2ba3191d90655f3b99,65bdac23aebd44af1c85c71c4acb5c6b,delivered,2018-02-12 18:09:18,2018-02-12 18:28:21,2018-02-16 22:55:52,2018-03-01 19:58:50,2018-03-07 00:00:00
e852413ae756fbc7fe9f6514b39aafdf,7c26a3de94d7bc7a532974bf3de191a1,delivered,2018-06-01 11:52:23,2018-06-01 12:11:38,2018-06-04 09:13:00,2018-06-08 16:02:46,2018-07-04 00:00:00
c2e3ee5ef901092148e19caccfe10ffb,cc220e7ea3acb606f74a9ef371b73dd5,delivered,2018-08-06 20:50:35,2018-08-06 21:05:09,2018-08-07 15:33:00,2018-08-09 22:34:43,2018-08-14 00:00:00
9330d3796ff2bb8c7b750b4515151c42,57387a39a0f6661c71274d64eaa7646f,delivered,2017-10-29 16:05:41,2017-10-29 16:15:17,2017-10-30 16:03:18,2017-11-06 19:21:39,2017-11-23 00:00:00
f0b2f79f97e12f27b91c3570c725a81c,a0822dff344a63f5484f6f09dc6942e3,delivered,2017-04-21 20:05:33,2017-04-21 20:15:07,2017-04-24 12:07:13,2017-05-03 11:20:05,2017-05-15 00:00:00
c9d0365e799572906dd4a83e17d1b6e5,9ee66eb44f775d666d668af72dc76499,delivered,2017-01-29 23:24:19,2017-01-30 00:31:49,2017-01-30 10:52:01,2017-02-07 11:48:59,2017-03-16 00:00:00
aa7ad6a7e355155075a22ce9de8664da,d3e4ad6760adbf81d8b379877e6293aa,delivered,2017-09-03 16:38:22,2017-09-03 16:50:19,2017-09-04 20:17:53,2017-09-14 14:33:28,2017-09-18 00:00:00
ab4f549aa957d2c456a8d2c7ad54b761,7d06054cef84d3145a1b1b71bb7e1072,delivered,2017-12-05 10:48:09,2017-12-05 11:23:15,2017-12-07 03:51:31,2017-12-21 22:25:41,2018-01-02 00:00:00
8d362590a388a3c9c7de2dbb72edc957,2c7e836fa2d6ac331dc914cad45ceb12,delivered,2018-07-11 11:52:08,2018-07-11 12:06:14,2018-07-20 12:37:00,2018-07-27 13:54:34,2018-08-09 00:00:00
f58d7e09ece55d81aac40b317757069e,2945f7826483e9c7360613af4d7e6426,delivered,2017-06-28 21:41:35,2017-06-28 21:50:19,2017-07-03 09:51:41,2017-07-06 10:07:38,2017-07-24 00:00:00
0fafae9d817a5c3ce897f22d801b7395,6336a73ad07dc9ca8f5b52e39f23c51d,delivered,2017-09-13 10:35:15,2017-09-14 03:06:04,2017-09-14 21:35:58,2017-09-25 20:02:38,2017-10-03 00:00:00
f0c53ca3e5e7561fb1ff79116340d113,63b05f55c0ba62261a42fc7a48bad9bc,delivered,2018-03-10 23:17:10,2018-03-10 23:30:22,2018-03-13 16:48:34,2018-03-21 19:16:30,2018-03-22 00:00:00
7588fbb6c9001d45b0f2bafb4be7ef56,a1c991feff10a10e9c9e4d0bad6fe1e9,delivered,2017-10-15 17:15:38,2017-10-15 17:56:25,2017-10-18 16:22:43,2017-10-25 22:02:56,2017-11-01 00:00:00
806d19127814e557e910ad0c90891886,d56fc85fbbd22594447cb37f68c02e95,delivered,2017-05-12 15:39:49,2017-05-12 15:55:15,2017-05-16 10:18:59,2017-06-01 15:03:23,2017-06-19 00:00:00
9aad86a646fc47633629fbc7d2c2cfec,851fa3e0bf415f6945462c8359258618,delivered,2018-01-18 09:27:54,2018-01-18 09:38:29,2018-02-05 18:33:41,2018-02-23 16:33:33,2018-02-19 00:00:00
8aa454f4a1257f74aa178aba255e7cf7,5758df8163a3dbf93ce402c6e0f0c4ec,delivered,2018-08-07 15:41:14,2018-08-07 15:50:24,2018-08-10 14:52:00,2018-08-13 14:12:06,2018-08-13 00:00:00
04bf4de54cc6a9145f3ca780b9f45d54,430fc891a146939e7337da2a8aec525e,delivered,2017-05-12 06:48:10,2017-05-13 02:55:23,2017-05-16 17:12:43,2017-05-25 11:34:12,2017-06-01 00:00:00
378e9f1b518253964f1e82f349d90b7b,2d4f85e2a666df7f87ce6af544523dc3,delivered,2017-04-29 16:33:16,2017-04-29 16:45:17,2017-05-03 13:15:54,2017-05-16 12:25:53,2017-05-24 00:00:00
b1c1cc09ffd5666fc13da046dc5900e3,dd4130b29fd8c3ff279241f7c39f124e,delivered,2017-07-12 08:58:21,2017-07-12 09:10:14,2017-07-14 12:11:07,2017-07-21 16:03:50,2017-08-01 00:00:00
4986ad26a712831bf15208292d72e96d,faf4094628be1cb2e660fc9bedc2d72c,delivered,2018-06-07 17:06:22,2018-06-07 17:20:36,2018-06-08 11:22:00,2018-06-13 20:56:34,2018-07-03 00:00:00
162475e808583e34c8306484480badb8,0a40d14cc5b7e11effd9b7a72ddbb24a,delivered,2018-05-03 16:24:43,2018-05-03 16:35:23,2018-05-04 14:25:00,2018-05-15 18:50:39,2018-06-08 00:00:00
1d4915fcba7b140e7a82379ded2c76d6,1fd14739f72c7139a806a85aca7956eb,delivered,2018-02-01 16:02:34,2018-02-01 16:29:43,2018-02-03 00:48:54,2018-02-19 16:52:59,2018-03-09 00:00:00
3ac5f81cae4e0191f17d05323fb9ce6f,1ec8756699bd9918239bce55e91a4421,delivered,2017-12-30 21:13:02,2017-12-31 21:07:00,2018-01-05 22:20:45,2018-01-09 14:59:08,2018-02-01 00:00:00
5d2e7157465c583b526adf7d226d9623,0c18e52b37750f951f6ff01e8b9fc351,delivered,2018-05-16 09:52:34,2018-05-16 10:12:36,2018-05-22 14:47:00,2018-06-05 21:37:48,2018-06-11 00:00:00
06851487bfc68744f67fbc8ad1934d43,e969dc5c6a9219727d0b39cd6757e936,delivered,2017-09-24 13:07:56,2017-09-24 13:24:17,2017-09-25 17:26:54,2017-10-04 20:06:01,2017-10-20 00:00:00
7b037997dc5c0effc3ef3339f5e3d509,4c6113ce1061af072c9e439ee436fba4,delivered,2018-01-23 21:33:28,2018-01-23 21:59:25,2018-01-29 13:33:22,2018-01-31 17:57:27,2018-02-07 00:00:00
9ffb8109facce85e8fca8e404bbc584c,55af6da5af6bf6dde05f23dec9502c33,delivered,2018-06-05 16:29:43,2018-06-06 03:11:16,2018-06-07 13:15:00,2018-06-21 16:18:41,2018-07-23 00:00:00
e660da13091dbe48784500c1c3e2fb75,5c495510e9f861b83aa5fb7c308e8d76,delivered,2017-01-21 19:46:22,2017-01-21 20:01:49,2017-01-25 16:12:01,2017-02-13 15:54:10,2017-03-07 00:00:00
a37f223ddfb275821019dd70ef97b23f,19fe071421f0c3e88b95a638f494d4a7,delivered,2018-08-19 19:37:08,2018-08-20 14:30:15,2018-08-20 18:20:00,2018-08-22 00:42:33,2018-08-23 00:00:00
36ee5e5872c5ae9c20647fcc29511b56,521845e4dfaa5fa0f913a3baccb38d61,delivered,2018-05-06 23:28:50,2018-05-08 19:53:01,2018-05-09 13:03:00,2018-05-17 15:12:36,2018-05-29 00:00:00
30189c9fc2174b8677dd06fda47c097a,571f39ee08cc1563a8d7ee70545efab6,delivered,2017-11-30 10:56:14,2017-11-30 13:31:19,2017-12-08 23:26:40,2017-12-16 00:08:55,2017-12-22 00:00:00
bc839831ba2010861cf9e75ed8f1306f,18fa70cafde8f76c4d24f23f5002e00a,delivered,2018-08-02 12:06:29,2018-08-02 13:05:26,2018-08-24 14:39:00,2018-08-28 18:03:50,2018-08-22 00:00:00
a2a14c3ce5305a2e20126dac4cd05a1b,52e6df27100d10fcf3d0e809345e9926,delivered,2018-03-03 20:49:01,2018-03-03 21:08:50,2018-03-06 01:44:49,2018-03-09 15:42:39,2018-03-21 00:00:00
e1019f2695c5dab494b7efb92c9a0b6f,11cc55966ffc7f3db445018a66231359,delivered,2017-02-20 08:33:32,2017-02-20 08:45:12,2017-02-21 10:23:53,2017-03-01 13:54:48,2017-03-17 00:00:00
c7fcffa49558768b02ee67ce65140cc1,a857a82a40ad62cdebf6683bfa5d6858,delivered,2018-02-21 09:20:41,2018-02-21 12:03:33,2018-02-21 22:08:59,2018-03-02 15:27:04,2018-03-13 00:00:00
9bfc2f3d9f6bdb2f0222e3220a7385f6,3b1a260815b673185573bec5daed5853,delivered,2017-11-19 18:19:35,2017-11-19 18:35:21,2017-11-22 23:21:10,2017-11-28 23:27:48,2017-12-08 00:00:00
fa2de0086db43d394d58f69a111f8f69,254a99b66d18dc590fb0b5e226382afb,delivered,2018-06-05 21:32:16,2018-06-05 21:53:06,2018-06-06 14:17:00,2018-06-12 18:32:35,2018-07-16 00:00:00
5e41ebabb65c9b6a46dbbfee1b4d6a4b,84b5db55a21ad27366b78ad45b8b8544,delivered,2018-08-05 22:22:17,2018-08-05 22:35:19,2018-08-08 00:17:00,2018-08-08 19:51:57,2018-08-09 00:00:00
642bb05feac1a0177c93210d0553e8e4,a76120dbad561450be157056582f5163,delivered,2018-08-20 19:42:22,2018-08-20 19:55:12,2018-08-21 18:11:00,2018-08-22 17:38:39,2018-08-31 00:00:00
efe29224ab6af2a162c9cb35940daca5,a8cf5e4ad3d3c90e47518a21b0b600f9,delivered,2018-05-13 20:05:37,2018-05-13 20:32:27,2018-05-16 19:07:00,2018-06-06 22:18:34,2018-06-07 00:00:00
5124343628b2cd43d0980ccc67353226,0e0be5d9e1789c55463f4366acde4d2e,delivered,2017-06-08 10:49:42,2017-06-10 13:05:06,2017-06-14 16:27:58,2017-06-23 10:51:23,2017-07-05 00:00:00
81e4c4d7594a8111a17da1f1b399ba07,42690ee9d3a727a176e4ba6272ab6feb,delivered,2017-09-07 13:10:23,2017-09-07 13:25:16,2017-09-08 22:04:11,2017-09-25 18:18:58,2017-10-05 00:00:00
192162688f179d526243e303ed01abe6,fe8b3a40ab3d9ea1b2e38aa24a324207,delivered,2018-05-30 13:00:03,2018-05-30 13:10:17,2018-05-30 16:21:00,2018-06-08 20:48:24,2018-07-16 00:00:00
7830b4558355121b3b0703913ad9d100,97a7421fe26352e0209f4800087ee817,delivered,2018-01-31 16:45:45,2018-02-01 16:56:57,2018-02-06 19:26:46,2018-02-07 18:23:16,2018-02-16 00:00:00
c68e47bd3dab5dd575a6c65848663923,104116a0f3d6a9f2716652c0e051469f,delivered,2017-05-11 16:36:32,2017-05-11 16:45:25,2017-05-12 12:05:57,2017-05-23 11:33:00,2017-05-31 00:00:00
f34c3736b33b7d0c9eaaac33ac7b1ba5,1c3d7a65ccd05610b467567d6879a2f2,delivered,2018-05-23 13:19:46,2018-05-23 14:14:23,2018-05-25 07:29:00,2018-06-06 15:06:57,2018-06-22 00:00:00
a1748813f3db25c07ecae1736c744da9,e1cc0c87edae7622f8c073c5629afbb4,delivered,2018-01-12 08:04:44,2018-01-12 08:12:27,2018-01-15 13:48:37,2018-01-22 17:52:21,2018-02-15 00:00:00
7b43a2ef9231cfd5d2ed762899da24bd,95124b5aa0b79dfde42a211856ed1cd4,delivered,2018-01-25 17:42:57,2018-01-25 18:20:04,2018-01-29 18:46:36,2018-01-30 23:58:56,2018-02-09 00:00:00
8c489400ea17eec342e0ca18af584273,6417ffe5a43d420cf962d23a5057fdf2,delivered,2017-04-23 15:34:25,2017-04-23 15:50:09,2017-04-24 12:17:08,2017-04-28 16:13:48,2017-05-11 00:00:00
8eb3ea8875ea46e1d2631a59a278e059,822d3f50f2d532e37c9fbdb13cce5f77,delivered,2017-12-18 13:35:02,2017-12-18 14:51:20,2017-12-20 20:28:41,2018-01-05 18:57:06,2018-01-29 00:00:00
dc12f9e8414131e62897902a78e0286e,43b59dd57875a5c0b3e2d70f13a5baf6,delivered,2017-12-15 13:41:41,2017-12-15 14:52:47,2017-12-19 15:07:54,2017-12-27 19:44:07,2018-01-18 00:00:00
cb303e4e397e2a02fdaca20eabe8dba9,78edb32c4f1ecf80a8d84cd09038f3db,delivered,2017-11-24 13:20:37,2017-11-24 15:33:48,2017-11-27 13:27:33,2017-12-06 18:56:02,2017-12-18 00:00:00
bf48c37aab37d5df8bf6bd53727693d8,976590ccdc83ff872a87a7bb739eb1df,delivered,2018-07-13 23:06:49,2018-07-13 23:24:00,2018-07-18 13:00:00,2018-07-25 17:52:48,2018-08-13 00:00:00
66721fc1b7506481ff0d62fefe0aaa6c,07f531d80eec53e83d52e270ea6538ea,delivered,2017-02-10 10:34:36,2017-02-12 10:30:10,2017-02-13 11:09:50,2017-02-16 12:20:25,2017-03-09 00:00:00
e40815dcb739e03cb2c06547ef7c3092,4d44a73097bff381fc95fe6d86a96160,delivered,2017-01-28 21:51:24,2017-01-28 22:32:05,2017-02-02 13:03:04,2017-02-10 17:38:04,2017-03-15 00:00:00
e32cb2b7845ddbc8322b670ff7604fb3,a5fa0fc7218b8e86907e98bc906d5a0c,delivered,2018-01-06 00:46:32,2018-01-06 00:53:20,2018-01-08 19:28:07,2018-01-12 20:48:42,2018-02-05 00:00:00
5ae5a2d65d23cd2e0d8a1ca9b0c5a3bf,166d8a3eebbd35ac3c6013d0226d7e6b,delivered,2018-07-23 00:36:18,2018-07-23 12:31:53,2018-07-26 07:33:00,2018-07-31 18:06:39,2018-08-08 00:00:00
fd06d0c6fa9aa98d24fcb159b433375e,a4c35f9b8c018afed6ddd51ddd89cfc6,delivered,2017-06-03 09:11:30,2017-06-03 09:25:18,2017-06-09 06:11:16,2017-06-14 15:37:56,2017-06-26 00:00:00
dba86c0ca2d44138a882ae12b4a12d63,3e0b799408f8fba30d5416cfa77c15b3,delivered,2018-02-21 07:23:32,2018-02-22 02:10:30,2018-02-27 21:25:05,2018-02-28 22:33:59,2018-03-07 00:00:00
f4f3e2c1d55d36170f4aabf93236eef3,e48501a53d46298c8bddec23af2bb4d2,delivered,2017-08-30 18:14:58,2017-08-30 18:30:19,2017-09-05 13:02:54,2017-09-08 21:43:10,2017-09-12 00:00:00
34658a3acc2e95feb3382c78cbc1564c,52c4b154f7f0625286206d9054608dab,delivered,2018-02-17 23:45:31,2018-02-17 23:55:37,2018-02-19 23:07:58,2018-03-02 13:38:27,2018-03-16 00:00:00
2e9a694ad185420c2ac7461d41f35ed7,b6bec4bd1c7f54dc8260bc062359b1ad,delivered,2017-05-23 15:39:16,2017-05-23 15:50:23,2017-05-24 11:09:00,2017-06-09 12:52:16,2017-06-19 00:00:00
0afbc110b84719faaef4887a5cff5a2c,dba001f78ebcbf63aec0095cc03ad969,delivered,2017-01-31 22:31:13,2017-01-31 22:45:17,2017-02-01 15:59:53,2017-02-15 13:55:49,2017-03-07 00:00:00
0c1457493ca1492c4a4417fc278605b0,b705b7bcb8909a7b65dd36a6c2653715,delivered,2017-11-30 15:39:45,2017-11-30 15:53:18,2017-12-14 21:35:22,2017-12-21 17:57:14,2018-01-15 00:00:00
f13b936aa2436a99f17881708a7505b7,6086de7e1996b90bb8a753cd7f83d252,delivered,2018-01-06 12:06:22,2018-01-06 12:13:01,2018-01-10 15:35:06,2018-01-23 23:48:51,2018-02-21 00:00:00
d24b90d375b1415ca40e5b531d04a6bf,23e780c22619d49ab6dce5c99f4c45c3,delivered,2018-08-03 06:54:59,2018-08-04 04:05:14,2018-08-06 12:54:00,2018-08-09 18:46:37,2018-08-14 00:00:00
4d8333ce7e8cf1184099aeab819da7e5,c17a0046142969fea0916761156c6806,delivered,2018-06-09 12:47:27,2018-06-09 13:11:08,2018-06-14 12:55:00,2018-06-15 20:38:31,2018-06-26 00:00:00
9d5f8787d55cc08d6f9560414f44f491,ecc7f9db3aeff66207a889c07a2eecdf,delivered,2017-08-13 18:48:11,2017-08-13 19:23:53,2017-08-14 19:12:35,2017-08-15 17:25:03,2017-08-25 00:00:00
a6f6ef4007557b03f6b82beebc22150f,090d8c30005e20451f3514a654cdd9ef,delivered,2017-08-27 23:05:03,2017-08-27 23:24:42,2017-08-29 16:04:36,2017-09-04 18:57:43,2017-09-27 00:00:00
ba57df46d6c7801e304a57084265bd86,6132860a5328ff1bcb9571bc0040b78d,delivered,2017-09-17 12:51:20,2017-09-17 13:04:07,2017-09-19 22:17:41,2017-09-27 22:12:44,2017-10-04 00:00:00
2c9d99ef4b6645ccf36b919ebe2b839c,f1c2169cd128b7d6dbf34e74fda43d55,delivered,2018-02-12 17:08:04,2018-02-12 17:15:35,2018-02-15 17:23:20,2018-03-05 21:59:07,2018-03-12 00:00:00
350f47d61d589f6218bff053db95fe62,ec5ed55d0ce3f856a71dc2eb71e82cb5,delivered,2017-01-31 13:01:10,2017-01-31 13:15:08,2017-01-31 14:32:49,2017-02-09 16:14:22,2017-03-03 00:00:00
b9581bf1b646f4fc021b131e1ca4d034,1fb9f3e7704d50dd72f6adfd4f6d8ffe,delivered,2017-01-25 22:46:24,2017-01-25 23:02:13,2017-01-26 13:41:21,2017-02-08 09:26:01,2017-02-22 00:00:00
213014b043512462e21606eccb1a4aae,e5db9d4fb808c1d1a656dec250ca61ac,delivered,2017-12-01 08:49:02,2017-12-01 11:31:59,2017-12-01 21:32:14,2017-12-03 16:12:30,2017-12-19 00:00:00
7bdcc57ef2c5e733958853f9667a2c9d,21a8a91514af3eb4ddc5b2c500b19a4f,delivered,2017-06-25 12:28:45,2017-06-25 12:35:25,2017-06-26 12:38:36,2017-07-04 16:12:05,2017-07-20 00:00:00
cb80e3d30577a7af0b3b851f5f4ed92b,d85ece98ddf81cdbb00aa87d7d472d3e,delivered,2017-09-15 17:28:23,2017-09-15 18:05:39,2017-09-19 15:34:12,2017-09-26 16:06:00,2017-10-10 00:00:00
702120cb83c02be1babe945e685a254c,662775bffc75df0fe4455e86282eba79,delivered,2017-12-20 11:59:14,2017-12-20 12:10:43,2017-12-27 21:37:49,2018-01-13 10:39:16,2018-01-19 00:00:00
048fec87f5858e3a91ce55d3a944b457,9b0befd87ff5c159c8a3e3bd6318a655,delivered,2018-05-15 22:58:42,2018-05-15 23:15:18,2018-05-16 11:27:00,2018-05-21 15:07:56,2018-06-05 00:00:00
1676852853bb81a2a74bceb23c87ea44,7d0ff11552c535ce8179ab49b5f0838b,delivered,2018-04-21 17:56:07,2018-04-24 19:23:51,2018-04-23 19:32:56,2018-05-03 20:19:18,2018-05-22 00:00:00
721c8ce6d70e0d7c73d0d0ec262b09bd,95392238094a3a79b527b5f760130af9,delivered,2017-02-20 21:54:03,2017-02-22 03:15:12,2017-02-22 12:50:25,2017-03-03 12:54:08,2017-03-21 00:00:00
d762e245b7d93fe1fc56d6ed89782027,b68970b1f72d8c9bab15252cd1f69094,delivered,2018-08-04 11:44:26,2018-08-04 11:55:22,2018-08-09 13:02:00,2018-08-14 19:16:48,2018-08-22 00:00:00
6f550fd7d5d229732c20208da33c9ec2,4f336a63def235358526a892db1e6271,delivered,2017-12-15 10:14:23,2017-12-16 02:38:31,2017-12-20 00:14:04,2017-12-28 18:43:41,2018-01-15 00:00:00
656c5942e852b20473ae268796549007,101d39bdb54f67679b8c00266d255091,delivered,2018-07-22 14:46:48,2018-07-23 12:32:13,2018-07-24 13:43:00,2018-07-25 16:16:31,2018-07-31 00:00:00
b904f1d4eae5c3b0b494496e96606528,9f6eee61868a4161618844b56154ff08,delivered,2018-08-09 13:44:57,2018-08-09 14:26:11,2018-08-10 12:59:00,2018-08-14 19:36:37,2018-08-20 00:00:00
7a36cd04e45972a421517cb7c8a813f3,c77434d6053c5868ed0b00c388bcacf2,delivered,2017-04-12 15:08:28,2017-04-14 02:46:03,2017-04-17 10:51:09,2017-04-20 09:40:16,2017-05-11 00:00:00
b1e7caa2d22ccc061ebfed60acc21b34,32e6efa64c10e606729663be1b71c863,delivered,2017-12-15 17:17:22,2017-12-15 18:31:40,2017-12-18 23:59:12,2017-12-27 00:25:05,2018-01-11 00:00:00
3bcf5ba4eec8b84af7663e2e261957cc,367163bdcc25d2ab5b6748c0068e0e32,delivered,2017-01-24 14:23:45,2017-01-24 14:35:17,2017-01-26 16:01:51,2017-02-02 14:42:25,2017-03-03 00:00:00
b4d81b7ba0a5e97d9b77104dc0f3b82d,707fac20a2b45cac1486d1ba891b629c,delivered,2017-01-27 14:27:36,2017-01-27 15:30:59,2017-02-03 13:29:35,2017-02-07 07:34:53,2017-03-24 00:00:00
a11cb431739ce0d512e8a8e96654722f,edc72f4b90998056fa73a1540ac41191,delivered,2018-05-07 13:31:41,2018-05-07 15:32:21,2018-05-11 14:53:00,2018-05-14 14:05:09,2018-05-22 00:00:00
6f4452481a003461b40a81ffa3605ac6,35da1bb3d702118ffa90db700d531c35,delivered,2017-06-02 13:31:49,2017-06-03 02:30:20,2017-06-05 14:45:29,2017-06-07 17:36:17,2017-06-20 00:00:00
d0fd9595949095f91592a79bd26a2126,be13ab515f88e8f9214035e8fe642ee4,delivered,2018-03-20 19:58:38,2018-03-21 02:50:49,2018-03-21 22:13:40,2018-04-17 18:28:43,2018-04-09 00:00:00
53c898ca05dd376204a04358c8dd0e79,29451cc18357b45bc8cdae2b9ead7953,delivered,2018-06-04 19:57:48,2018-06-04 20:11:56,2018-06-05 14:12:00,2018-06-19 23:14:54,2018-07-19 00:00:00
5baeaa8bec54f12f0aa0ee4b4d285cf9,9f865243eedd5290cf1d0f8b5d2d1d5f,delivered,2018-01-08 10:22:52,2018-01-08 11:32:02,2018-01-08 22:07:30,2018-01-12 20:57:56,2018-02-02 00:00:00
5d5b8c94e2bc6b963da5af8a4b02bf08,b3860286d6f0e27b14e0760ce77b11da,delivered,2017-01-22 10:08:18,2017-01-24 03:36:05,2017-01-24 13:06:20,2017-02-08 04:57:44,2017-03-08 00:00:00
7ef3a4439f550deadd7bc3891b2f6242,bf10e50eb561c7452408cd5bd57216aa,delivered,2017-11-04 14:31:26,2017-11-04 14:46:33,2017-11-06 19:55:10,2017-11-14 18:49:07,2017-11-24 00:00:00
bbcf632e5c697b7e9666005c55d10a80,0275161cf1fc69fd8f5412ba423a3004,delivered,2018-08-14 13:06:12,2018-08-15 13:05:16,2018-08-17 12:04:00,2018-08-20 11:23:46,2018-08-17 00:00:00
caf1e4cf5f0a231f4b65e485884dc4aa,a2351b4f46e79239f0d91736b68598af,delivered,2017-11-09 11:46:27,2017-11-09 12:06:34,2017-11-10 17:38:31,2017-11-16 19:54:32,2017-11-30 00:00:00
7de2a03405b2f8af2b71ed46371bc149,13431a9121307b4780fd792c4d248684,delivered,2018-08-05 13:40:45,2018-08-05 13:50:16,2018-08-07 12:25:00,2018-08-20 23:48:39,2018-09-21 00:00:00
689d9b46b0376ea4ebaeac46ebd6fc18,682380c5455a7716b8569a535fc4d31c,delivered,2018-06-07 17:53:07,2018-06-07 18:17:22,2018-06-08 09:58:00,2018-06-14 19:14:58,2018-07-03 00:00:00
469efe9b7784ec97f17da1643f3e327d,223f7c012cd83b966c33b46e5d456508,delivered,2017-10-20 15:07:22,2017-10-21 03:07:18,2017-10-24 19:17:42,2017-10-25 15:50:03,2017-11-07 00:00:00
64065ff7503353586b3dacf9aec56ae7,954e58351016ce296c9b714dad1c5d76,delivered,2018-01-06 20:38:07,2018-01-06 20:48:21,2018-01-10 18:37:21,2018-01-18 11:56:56,2018-02-09 00:00:00
766a7aafdf6f237885465c7487a30eb7,4b86e3f4e081916feadba12c94ea8912,delivered,2017-11-25 10:31:51,2017-11-25 10:54:14,2018-01-04 22:34:19,2018-01-10 18:32:27,2017-12-20 00:00:00
566f53fc7d36fa366f7e221468121877,83b52613d1bcd8c6a66b41526405bad6,delivered,2017-01-26 13:15:42,2017-01-27 03:05:28,2017-01-27 14:20:13,2017-02-06 17:52:46,2017-03-08 00:00:00
e8dbddc8a7fd19aaf321cf4e7b00c787,acc4ae9fbacf44ef153b5a5d9906f0d5,delivered,2017-09-15 16:48:18,2017-09-15 17:55:16,2017-09-21 15:18:55,2017-09-22 14:42:23,2017-09-27 00:00:00
938cf33aaa64536379e72993eab4cef2,c02804339297de6f018d91e5e928dae3,delivered,2018-08-11 12:22:13,2018-08-14 04:10:21,2018-08-14 10:22:00,2018-08-20 21:34:34,2018-09-13 00:00:00
545f259d01f0a271186e324228070de7,06d3d7382dee08a5564f898eb8156e58,delivered,2017-05-17 13:24:29,2017-05-18 02:30:10,2017-05-19 08:17:29,2017-06-05 17:05:30,2017-06-21 00:00:00
ed09706e867828c762e46ad418d064d7,0766e8559ca223a62bed916c91eb8e36,delivered,2018-01-08 18:00:24,2018-01-10 10:32:30,2018-01-10 21:38:53,2018-01-11 23:33:46,2018-01-24 00:00:00
cfe9a2c324eefb180663116644e4f171,a87cd99f802b427e5d8ad0f568f71744,delivered,2017-01-30 14:07:53,2017-01-30 14:31:30,2017-01-31 07:04:37,2017-02-03 10:47:47,2017-03-07 00:00:00
9e1875fa0cf820137eeddfab7245ebb4,e8ae9955aca35688f3e7c8d19c66513d,delivered,2018-01-31 06:36:29,2018-01-31 13:42:57,2018-02-05 19:54:04,2018-02-22 00:58:06,2018-03-02 00:00:00
791de4d00367a315bd14eb6ea519adef,0428dac4668d094df02ce20e705455cb,delivered,2017-12-14 18:40:06,2017-12-16 02:34:39,2017-12-18 18:27:08,2017-12-24 13:29:07,2018-01-09 00:00:00
ceb13edd7ff6e50ff3a9295764a6b3b7,f1e72e6212d8f92341aefe99209898bc,delivered,2018-08-06 15:08:47,2018-08-06 15:30:23,2018-08-08 11:52:00,2018-08-13 22:31:43,2018-08-22 00:00:00
29210b1d48462ce1f12d87ed7ccd6397,c16e6733b2b7304db7bc73b930d75c96,delivered,2018-01-31 23:31:42,2018-02-02 02:55:55,2018-02-02 17:13:01,2018-02-15 00:42:00,2018-02-22 00:00:00
7208fb539f856e3b18b9642be7249e83,46cef9dfe70a564162da095c9dd35c37,delivered,2017-11-24 21:23:38,2017-11-28 03:43:10,2017-11-30 14:42:23,2017-12-01 19:33:31,2017-12-08 00:00:00
b49433c6d0ea8ab0fa4d209e44c5831f,7ba776dc90132ed69a93b16c4c9b96b3,delivered,2017-08-14 19:31:57,2017-08-14 19:55:25,2017-08-17 18:12:41,2017-08-23 16:36:05,2017-09-11 00:00:00
3d98c6327fa1c45b931c31e7ca2c97cb,8c7953eb37c293e85b08127802daf589,delivered,2017-07-05 09:22:15,2017-07-06 10:30:18,2017-07-07 13:03:37,2017-07-13 19:36:28,2017-08-03 00:00:00
387d6eb2681cc0d53bf68df6845a729a,a32a92d1ce4dbb02613186c1bb03a16f,delivered,2017-02-11 16:52:47,2017-02-11 17:05:13,2017-02-13 10:43:41,2017-02-17 10:05:03,2017-03-14 00:00:00
c0a70f802fa139670e7987afc9acd16b,6809549888389f4ff97cab54a5d25065,delivered,2018-03-17 17:05:09,2018-03-17 17:28:46,2018-03-19 20:12:51,2018-03-20 21:18:46,2018-03-29 00:00:00
713036f22edb8c69c825dc2d0786056a,141b475376da0a47c374310837d2be95,delivered,2017-04-28 16:34:53,2017-04-29 02:43:14,2017-05-05 15:57:38,2017-05-09 23:26:05,2017-05-22 00:00:00
73465e1b285d2f5f6067c118ff99d204,0b3c2ca66f7847699dba330aeaa70690,delivered,2018-07-28 19:09:28,2018-07-30 18:30:53,2018-07-31 12:35:00,2018-08-03 14:12:17,2018-08-31 00:00:00
f75666bf6c9e09f6b3f4bcd797b57a3c,d1aae36e328d1f069a025fcc997aaf69,delivered,2018-06-06 16:41:39,2018-06-06 16:55:50,2018-06-07 13:11:00,2018-06-15 21:07:09,2018-07-20 00:00:00
1aaa23146b41cdd25da482e0b2dd0534,e6022a26468e5fde67d534ec06417962,delivered,2018-03-04 20:02:27,2018-03-04 20:29:07,2018-03-06 03:03:44,2018-03-15 00:52:17,2018-03-22 00:00:00
11200294ab90161f54f7effdea8d9466,389dfb5774ff4738514d05e7165f172e,delivered,2017-09-20 12:26:50,2017-09-20 12:37:58,2017-09-20 19:08:15,2017-09-25 14:13:38,2017-10-17 00:00:00
99a4238f13a11d486a5eabe5c8b1a1ab,3887e889fec8574f573081115ab2ddf8,delivered,2017-01-23 20:45:59,2017-01-23 20:55:20,2017-01-24 12:19:01,2017-01-31 15:55:11,2017-03-06 00:00:00
1db209fdc128d35605e562a70180dd32,7252087afadee8ebf31ac2706da68084,delivered,2018-07-31 14:45:26,2018-07-31 15:44:23,2018-08-03 10:15:00,2018-08-08 20:30:45,2018-08-17 00:00:00
b94d24bf7142d13c25cfeb9804843d6f,323df320706fa4a1169889c343831762,delivered,2018-02-20 16:15:57,2018-02-22 02:08:52,2018-02-28 02:47:34,2018-03-05 20:33:18,2018-03-12 00:00:00
fbee80ef6891c144af8ff9dc788aaa89,41ee1607f629eea5c7aa658053748326,delivered,2017-01-12 12:01:14,2017-01-13 16:25:19,2017-01-16 16:10:12,2017-04-26 09:35:51,2017-03-06 00:00:00
48abd4dcc16f0885de523602c047d437,0dd6b4d2aa909dece4da90bc178f1db5,delivered,2017-10-05 08:42:05,2017-10-07 02:28:14,2017-10-11 10:10:34,2017-10-17 22:52:05,2017-10-30 00:00:00
d5cb76792b06c2a00edb03001d5f52ad,df688f6c00d2fefeb5a32f834d62fe6b,delivered,2018-01-22 10:01:16,2018-01-22 14:15:42,2018-02-06 17:28:31,2018-02-28 14:05:55,2018-03-12 00:00:00
dc423fd5dad84d30d887debb5323e413,ed0830b3e26799e8fd0b0c3e32e34ef8,delivered,2017-03-01 17:11:17,2017-03-02 04:10:29,2017-03-06 08:11:48,2017-03-15 18:34:05,2017-04-10 00:00:00
eedfdd1e4ef97bae3bc2a49f06e3016b,d12201dcce98c82854236c1bba22d6b0,delivered,2018-02-12 11:08:07,2018-02-12 11:28:04,2018-02-15 00:15:14,2018-03-01 22:36:56,2018-03-15 00:00:00
cccc154ce300f1dd193065ddbf6383f9,9f4941a3863ffce26f87e9bb96d81c95,delivered,2018-07-26 11:04:47,2018-07-27 04:05:17,2018-07-27 15:10:00,2018-08-02 21:24:52,2018-08-20 00:00:00
c87c029dedce9ae21aa8cd97464af0c3,498127813f503833772f017673c2942e,delivered,2017-12-19 18:08:44,2017-12-21 02:11:53,2017-12-22 17:39:50,2017-12-27 16:18:56,2018-01-15 00:00:00
e7438254f9ef8bf2a7e744f84c561452,9e2edef7aeef3c2fef91128e16df141d,delivered,2017-12-15 22:02:39,2017-12-15 22:14:27,2017-12-19 22:07:18,2018-01-06 12:28:40,2018-01-12 00:00:00
bb5fea89cce134344b32e4a09267f7aa,88e6097804f37b62bd32ab8705bd6959,delivered,2018-03-11 19:13:39,2018-03-12 19:10:35,2018-03-13 23:12:35,2018-04-10 22:39:51,2018-04-03 00:00:00
ecfdcaa1a2dacb4e5297d8251b115002,2dffab2135e36d25087cad94f4e559ab,delivered,2017-01-17 22:26:00,2017-01-17 22:42:15,2017-01-19 08:14:56,2017-01-27 10:07:33,2017-03-07 00:00:00
266fd5134fd1b895a5b06936d51aaa17,c63304e16787c8a326c2a53765e5adb4,delivered,2018-03-19 14:39:49,2018-03-19 14:55:42,2018-03-21 19:06:51,2018-04-21 00:42:28,2018-04-11 00:00:00
def6322635f4afb3da8756ad712957c0,d7c6202c81ea8e87b8c1afca9081081d,delivered,2018-05-13 16:45:22,2018-05-15 04:12:10,2018-05-16 08:15:00,2018-05-17 19:31:18,2018-06-14 00:00:00
f54625bd1c01cb2de21cb256de818cf2,428ce83b5723026d8b5a9e96a91c6127,delivered,2018-05-22 19:53:19,2018-05-22 20:17:11,2018-05-29 07:16:00,2018-06-07 21:22:10,2018-06-14 00:00:00
17f97d000b0ebd36b6dbdf154b0a3d7f,d9b20c419765754169295dc0aed6da34,delivered,2018-04-01 07:56:54,2018-04-01 08:10:07,2018-04-03 18:08:28,2018-05-02 12:58:39,2018-04-26 00:00:00
4f7801b0527e8669f25d2f5488ea8a58,cc6fa5f972cf9cc0bff89b6811a40ed1,delivered,2018-04-10 21:43:09,2018-04-10 21:55:18,2018-04-11 16:47:31,2018-04-12 17:48:33,2018-04-26 00:00:00
8f82cbff74ca9eba2273adac86c08a2d,2a94748098414e6b930b6900a2d27bcf,delivered,2017-11-22 09:09:01,2017-11-22 09:18:31,2017-11-22 19:04:45,2017-11-24 18:36:49,2017-12-08 00:00:00
465c2e1bee4561cb39e0db8c5993aafc,63b964e79dee32a3587651701a2b8dbf,delivered,2018-02-14 16:34:27,2018-02-21 12:28:15,2018-02-22 20:33:09,2018-02-28 20:09:19,2018-03-09 00:00:00
ba58760d97361d60f4af393e41c236cc,71c29cebf4b6b1bc7d2d1e596161687a,delivered,2018-02-17 20:47:44,2018-02-17 20:55:55,2018-02-19 20:25:14,2018-02-27 15:37:32,2018-03-09 00:00:00
67fda58928557660d52d5f17eb0aa105,c2e1075c630ee8fd3da52cbc1ac79dcf,delivered,2017-12-13 18:53:25,2017-12-13 18:59:28,2017-12-19 15:58:28,2017-12-29 12:14:57,2018-01-12 00:00:00
98b7513b33b639343a4a8955906e61a4,0df62d73f1108bad0d46174874a5803f,delivered,2018-01-17 17:29:54,2018-01-17 17:50:43,2018-01-19 00:57:50,2018-01-28 16:42:08,2018-02-16 00:00:00
616f1f539d7add607844e0199fed7ea6,4a3ceccbd2b8304e6aa7c986c1a4f755,delivered,2017-01-23 07:03:04,2017-01-23 07:30:51,2017-01-27 06:06:07,2017-01-31 11:12:50,2017-02-17 00:00:00
4ef685e6dcade551ce14cb3783ca664d,0e8e2f7bf1242ec3421144a8c8c5128e,delivered,2018-01-23 21:03:23,2018-01-23 21:20:22,2018-01-24 18:22:57,2018-02-23 01:17:38,2018-02-16 00:00:00
30abb2f439ba28a74be74a347eb3a6e0,d0f9758f9967e058470f9b0b7f18e1cb,delivered,2017-11-26 21:36:12,2017-11-26 21:54:02,2017-11-28 16:18:59,2017-11-29 20:39:06,2017-12-26 00:00:00
69f1e4d5709c13914c309652f82319f8,4a4f956bd9b42fe75897a1f63786cf06,delivered,2018-08-25 00:26:53,2018-08-25 00:35:12,2018-08-27 10:46:00,2018-08-28 16:21:07,2018-09-06 00:00:00
4eb910d27cb13ee96a5e5c6dacfe4e4a,607bf1e28bda8abb586b37e68ba5dc7b,delivered,2017-10-20 14:51:17,2017-10-20 15:06:05,2017-10-23 21:26:08,2017-10-27 14:08:06,2017-11-08 00:00:00
6cd61eadfcf9bee43e7cf8068b937f55,e27262035bf937a0f1e1d333dc678b48,delivered,2017-07-23 12:07:30,2017-07-23 12:23:24,2017-07-24 16:27:40,2017-08-10 19:50:04,2017-08-23 00:00:00
77e9d2f71c740441b1fce48743b8e358,a2310d62bc1f94364d79dd78841ea25b,delivered,2018-07-11 14:19:04,2018-07-11 14:30:24,2018-07-16 15:12:00,2018-07-30 18:39:42,2018-08-01 00:00:00
18a9ccf08fbcc3c0bf4ad9ceb583f2b6,edd71e80f9c64855b4f813b59b3fdef2,delivered,2017-07-05 19:56:05,2017-07-05 20:05:27,2017-07-06 14:35:56,2017-07-14 16:55:51,2017-07-31 00:00:00
ab65887d04b631b6d83004bfb47fba02,557f75df416b80d4b2572587202ed6b5,delivered,2017-07-31 15:05:47,2017-08-02 02:35:43,2017-08-02 19:32:45,2017-08-09 17:27:40,2017-08-28 00:00:00
4c792ea6a2a9a0d044176c1c42d49b22,9194c133427b11faae0545cb2c631c1b,delivered,2018-08-02 16:23:18,2018-08-02 17:31:37,2018-08-03 15:15:00,2018-08-04 14:15:37,2018-08-07 00:00:00
807af8ed74954311649aa47a52ff3061,33cb0e2958def1ed82a542a45b13c982,delivered,2018-07-18 21:42:24,2018-07-18 21:55:29,2018-07-19 15:29:00,2018-08-15 20:26:44,2018-08-10 00:00:00
88831d307a23183f48f92b32b07ac070,5a651c7fa178025ab3f9e391714c4de8,delivered,2017-11-13 14:01:24,2017-11-13 14:10:39,2017-11-16 09:36:58,2017-12-05 17:07:30,2017-12-06 00:00:00
f632c00313bdbd50450cb21052cbe825,0ef019361fd1cd11940c8da0e1c55d96,delivered,2018-04-09 21:00:45,2018-04-09 23:15:17,2018-04-10 18:21:20,2018-04-12 19:26:42,2018-04-26 00:00:00
31419a94f3447056848ea2a664a7ef72,ef9e714771b71928467a30d3492973db,delivered,2018-05-16 18:54:59,2018-05-16 19:14:24,2018-05-17 13:29:00,2018-05-23 22:38:34,2018-06-07 00:00:00
55ef1695189508c09b58080d53d2b32e,9ec7033b5e74a016be27ba7e31905e7b,delivered,2018-07-02 20:59:40,2018-07-02 21:10:52,2018-07-05 14:54:00,2018-07-10 17:32:06,2018-08-01 00:00:00
4ac9d969022c4a7ba509b39bb0f3d36c,5b7b7de303afbe0e48035449a3e86a5e,delivered,2017-01-26 16:59:33,2017-01-26 17:15:10,2017-01-30 12:17:25,2017-01-31 18:56:02,2017-03-06 00:00:00
3c32b5ee0d19331febeea91a6fbf37c8,279a09411f28ae559c302075deafbae5,delivered,2018-08-03 10:13:50,2018-08-03 10:30:15,2018-08-03 11:38:00,2018-08-15 02:04:44,2018-08-23 00:00:00
71d1d659a3fc76b377ac21af193fae99,64dd91632c353e908b5ec176a50089ef,delivered,2017-02-03 00:58:25,2017-02-04 01:05:38,2017-02-06 15:02:04,2017-02-09 14:14:58,2017-03-06 00:00:00
5c110a6989b5bf2b90e611d478bafa3e,ea40c0c07dff310bee6d6b0f9518f637,delivered,2018-02-07 21:35:36,2018-02-07 22:48:28,2018-02-08 17:08:06,2018-02-22 18:52:57,2018-03-13 00:00:00
5e1e97f999b0aa80d601a6619c1c050f,43186abecff556fa7c348f82d51abf06,delivered,2018-01-06 23:02:07,2018-01-06 23:46:41,2018-01-08 12:36:22,2018-01-15 23:26:38,2018-02-09 00:00:00
627d872bac94d3a4276ebd2f708387cb,d7b315396f3a4dc9dc604579cf8307bc,delivered,2018-05-04 17:00:41,2018-05-04 17:10:31,2018-05-07 14:49:00,2018-05-15 17:14:34,2018-06-05 00:00:00
3498a243e9fe88c9c4ce97bf7fa4617c,b92024fd84c1d4e5308b4bc99f092def,delivered,2017-01-24 17:15:56,2017-01-24 17:25:14,2017-01-27 15:26:54,2017-02-01 12:24:02,2017-02-22 00:00:00
2ec63bd84c4e873ee8bf8786f4942673,addf804ff9cb78ba46f8347beb614dfa,delivered,2017-07-20 18:57:41,2017-07-20 19:10:13,2017-07-24 17:45:50,2017-07-26 16:41:25,2017-08-02 00:00:00
2fd573eea535b447eea60a9b4aa2603d,f94bd0795b4e39a9250f516c56ee4309,delivered,2018-08-23 17:22:26,2018-08-23 17:35:14,2018-08-24 10:38:00,2018-08-29 15:28:56,2018-09-04 00:00:00
b094b88a36a6a907eb40730b9382cbb8,9337a18877ba0cf7c209c6081ff451ef,delivered,2017-03-10 08:49:56,2017-03-10 08:49:56,2017-03-10 10:22:06,2017-03-22 07:51:27,2017-03-31 00:00:00
320663ce04c21d3c2df2e5097f90695a,8ba8dede2ae41568b572c86c79f3a5bd,delivered,2018-04-14 09:40:37,2018-04-14 09:52:13,2018-04-30 14:07:00,2018-05-03 13:08:41,2018-05-11 00:00:00
cb7f025ffb69a62e9cf843894bc7f89e,926b5881aa456b641318d43e6e5d5721,delivered,2017-08-18 13:02:00,2017-08-18 13:15:26,2017-08-24 17:48:30,2017-08-30 12:47:52,2017-09-14 00:00:00
489db951401825ce7d66665e5b5108bf,39747a75c12f4c803a205a1625fdf7ef,delivered,2017-08-02 19:15:07,2017-08-02 19:25:21,2017-08-03 18:33:33,2017-08-04 20:26:54,2017-08-22 00:00:00
b0b822b0f9346fb153a23ab0ac5214ff,68d67a1f9155f67a999de845a292ce20,delivered,2018-05-15 08:31:26,2018-05-15 08:52:59,2018-05-15 14:58:00,2018-05-19 17:32:26,2018-06-01 00:00:00
eaba8cf4dd6f90ba47035084624f5da0,31f1355f8fb5f71f4a9526d0fbdc69a8,delivered,2018-02-04 18:13:05,2018-02-04 18:29:44,2018-02-06 20:59:00,2018-02-14 16:23:39,2018-03-02 00:00:00
cd992cc5337c4438ddb8858f4cb7dc50,79e127d6aaa58c519d5282a80e43a84c,delivered,2017-06-16 17:30:04,2017-06-16 17:45:11,2017-06-19 15:07:51,2017-06-27 18:23:41,2017-07-11 00:00:00
486bce96008cea9cb14d0593189961da,58304aef21701bf4312b0e0c34a03906,delivered,2018-01-16 22:11:14,2018-01-17 09:31:18,2018-01-18 20:38:04,2018-01-29 16:19:42,2018-02-07 00:00:00
106f773cca522fe33c40267418112669,f9d2339edf823b102c15ac8157c30574,delivered,2018-02-02 21:32:55,2018-02-02 21:50:02,2018-02-08 22:53:18,2018-02-15 19:42:51,2018-02-26 00:00:00
d60af32e2107bccc3efe66e3faad59c6,2c05e0fab14a8b027ea735e5f68c753c,delivered,2018-03-15 09:49:01,2018-03-17 02:50:51,2018-03-20 01:56:34,2018-03-27 02:22:09,2018-04-17 00:00:00
02b02f566c72d81744ae60c7b6afa22d,6de0a666300c444a5e012a952ed9469e,delivered,2018-03-05 12:03:36,2018-03-06 11:55:47,2018-03-08 19:56:28,2018-03-09 20:48:40,2018-03-15 00:00:00
15f8e1e2abf48b0c5161b2f0110ba6eb,dde23df9318a2e048149054f17aedaf3,delivered,2018-07-11 09:20:53,2018-07-13 03:04:22,2018-07-18 16:23:00,2018-07-23 19:09:13,2018-08-13 00:00:00
553ba7f2b59345ea057f5a8062784dfd,2da1ba0c63163f633ff084cd90fdcc25,delivered,2018-06-30 12:22:31,2018-06-30 12:35:11,2018-07-05 14:44:00,2018-07-06 18:03:25,2018-07-19 00:00:00
980b9aef670d4659912793b2fffdea29,f765ec8cbb703a2467541a10355863ce,delivered,2017-11-04 22:08:08,2017-11-04 22:25:27,2017-11-06 18:12:14,2017-11-10 18:02:45,2017-11-27 00:00:00
72c1d87887d0b9a3965557013e74f543,4161d3785c2c4c6517a57143ecb0c466,delivered,2017-01-23 13:55:30,2017-01-23 14:05:22,2017-01-23 14:11:03,2017-02-07 13:12:39,2017-03-03 00:00:00
1d0c373f68c650322d4f065497cd4494,30cf24ab088e505768389f0be27ea37f,delivered,2018-03-28 03:29:58,2018-03-29 03:10:28,2018-03-29 21:48:49,2018-04-21 00:08:45,2018-04-20 00:00:00
e914223bd5011825c70d0c53ff6a53d0,7ff9db4f2c30ad9517c3540905c3203f,delivered,2018-04-01 16:31:55,2018-04-01 17:15:12,2018-04-02 20:36:57,2018-04-04 15:28:38,2018-04-12 00:00:00
02e7b3980e9984556bb3a764306f3e31,8ffbe0a28823d2a5ff88a9e4b1b7526c,delivered,2018-03-18 11:11:07,2018-03-18 11:27:57,2018-03-19 18:05:06,2018-04-03 14:20:55,2018-04-13 00:00:00
494f869f61ebf5fd01f40a4a2a569481,f9cf598e549c30b2eb1663dc5382ca5b,delivered,2018-04-27 11:26:31,2018-04-27 11:52:14,2018-04-30 13:14:00,2018-05-09 11:12:31,2018-05-22 00:00:00
bdb2bc3c571eb25e242b01f591816c7b,fb28f41718646324c1ff91eb6b8c724e,delivered,2017-10-02 11:17:07,2017-10-02 11:28:29,2017-10-03 17:15:52,2017-10-05 23:09:44,2017-10-30 00:00:00
1915bc319651dfbfa6563a6d19d558c5,093cc8dd94c7aae7b33742a5ff3be232,delivered,2017-05-18 14:15:54,2017-05-18 14:31:21,2017-05-22 06:11:10,2017-05-24 15:53:06,2017-05-31 00:00:00
b4041542e5f602fe3d4f9f11dfcf709f,5ff1cda2413cbc1cef4ea35f9bec1af0,delivered,2018-01-19 09:07:53,2018-01-20 09:16:45,2018-01-24 23:13:53,2018-02-06 14:58:59,2018-02-15 00:00:00
f13b53e842d66d6ea61e1c8da79a4550,eecede4a74ca88d0adbec423685e4b15,delivered,2018-03-10 22:25:00,2018-03-12 08:35:32,2018-03-12 18:42:26,2018-04-16 11:52:47,2018-04-13 00:00:00
dd80556200c2f712cc6d048888451267,2cd0fcca2f6a561b34a5ce1fd920420f,delivered,2018-03-27 10:06:23,2018-03-27 10:15:25,2018-04-10 18:26:48,2018-04-17 18:03:49,2018-04-30 00:00:00
d242f228c4dd03301794ded8f02dce54,a8efde73814dc81ff114f0980fb6386f,delivered,2018-04-19 16:42:15,2018-04-19 17:07:21,2018-04-23 21:33:25,2018-05-07 20:19:21,2018-05-24 00:00:00
8c46c4b2bbf318ff31368bc87309662e,80326990ee607892a2a6c4c8baca53fd,delivered,2017-02-05 22:32:10,2017-02-05 22:42:00,2017-02-06 14:04:55,2017-02-16 14:22:49,2017-03-15 00:00:00
1cfb97c2bd23fb8142435ff6c9ac2f84,da521d3e6d9cfffb8323f48f52556fba,delivered,2017-11-10 11:38:04,2017-11-11 02:46:36,2017-11-13 20:32:39,2017-11-16 21:11:26,2017-12-01 00:00:00
d9ff0185a300435402f043124f530274,54ef4ab32481f5109378c975bbe5faa9,delivered,2018-05-03 18:35:23,2018-05-04 16:54:16,2018-05-07 09:26:00,2018-05-10 21:32:20,2018-05-25 00:00:00
37921782093cc3bbeec6354572683718,86c796d4eb109a1f7401bd93f78c494b,delivered,2017-11-15 09:52:12,2017-11-15 10:06:39,2017-11-17 18:41:28,2017-11-23 17:59:42,2017-12-06 00:00:00
ce149d960ee7bb3b8b2301f66e6f4ec4,3e01f558830af4f3d71c760a6869b0d2,delivered,2018-04-24 20:23:33,2018-04-24 20:35:10,2018-04-26 06:40:00,2018-05-02 23:18:39,2018-05-21 00:00:00
37a7c67354a15ed78011b5e51306b221,028d32c15ebdd9b9516b7ef159a84f73,delivered,2017-12-17 16:53:44,2017-12-19 09:56:57,2017-12-19 21:18:40,2017-12-28 14:46:36,2018-01-17 00:00:00
9fd4316339aa48df346fd744dc682ec9,2ae5164e3ffd4418ba0b70fa40265391,delivered,2017-02-15 16:27:45,2017-02-16 02:15:45,2017-02-17 08:32:51,2017-03-13 09:23:57,2017-03-24 00:00:00
5133357f704cf088de56cd5671858cf8,3e6997627c5c910984100b9cb2c304da,delivered,2018-01-15 20:27:50,2018-01-15 20:35:26,2018-01-16 19:53:33,2018-02-01 16:19:07,2018-02-07 00:00:00
f32430cf068c4689e9ca4c0d46ea04a3,618815ca1867ab9a2ca1625e2a2ce97b,delivered,2018-03-22 20:34:35,2018-03-22 20:47:09,2018-03-26 18:47:36,2018-03-29 16:41:27,2018-04-10 00:00:00
a1154a5da8429ac3461d448de5bc11c9,35807456295f80cbc6491f27cee2ccb8,delivered,2017-05-18 12:32:57,2017-05-18 13:10:22,2017-05-22 09:43:38,2017-05-25 12:26:49,2017-06-09 00:00:00
224ec929ecdaa7563512572447c65d02,d75e4f8cce76867c2c1c1e9b6961894e,delivered,2018-04-02 05:02:57,2018-04-03 05:35:08,2018-04-05 00:21:49,2018-04-06 01:20:48,2018-04-12 00:00:00
dddb05d44cc0328777c8d87c479b3680,2dd40a5b6b9d31ba875454cee402c2e7,delivered,2018-05-02 18:59:47,2018-05-02 19:40:16,2018-05-03 15:37:00,2018-05-08 20:41:10,2018-05-25 00:00:00
06ec25371486403c9aa7249f067fc5aa,69f024489cee2b5586ecdea5148f1038,delivered,2018-03-16 00:00:33,2018-03-16 00:11:02,2018-03-17 22:38:48,2018-03-21 23:19:36,2018-04-09 00:00:00
87064d517041a71950b9f0cf6d34b211,092e7549898890c03675da13f2561938,delivered,2017-05-05 16:45:46,2017-05-05 16:55:17,2017-05-10 11:13:07,2017-05-13 10:20:11,2017-05-30 00:00:00
6f8a93209c5ff8f0ce0ccb7b166c4624,26b371dd885c8ca6b6113b116bb372cc,delivered,2018-02-20 23:27:58,2018-02-20 23:47:26,2018-02-21 21:42:32,2018-02-22 22:08:59,2018-03-06 00:00:00
18ed4e5757d8a37fcb75325f41d7165b,6a5a781047744e73847356aa65db1b74,delivered,2017-06-04 15:07:18,2017-06-06 13:42:44,2017-06-08 06:51:12,2017-06-28 14:15:02,2017-07-04 00:00:00
e381abcae5bf5ba29ff7855e91e40837,349c4a594c6aa6384e7b42ebc6d10856,delivered,2018-07-21 20:44:36,2018-07-21 20:55:21,2018-07-23 11:10:00,2018-07-26 21:48:39,2018-08-22 00:00:00
22f5a4d80d9f247d6970456d5211d30d,7cae09298034fc9fe7723f6336e5e113,delivered,2017-07-22 13:39:19,2017-07-22 13:50:16,2017-07-25 10:52:21,2017-08-01 17:54:24,2017-08-24 00:00:00
44c0292da2b6567285d4d06b0ac1a676,35fe8918157ce955294e67afe90f3782,delivered,2017-11-14 09:11:30,2017-11-15 02:35:56,2017-11-17 00:09:18,2017-11-23 21:48:38,2017-12-07 00:00:00
b5e27ed7d2286de656b8b949caf52958,6333de0023805ceebcbc7303d94ecc33,delivered,2018-05-09 13:19:37,2018-05-11 02:57:49,2018-05-15 12:34:00,2018-05-21 19:28:29,2018-05-25 00:00:00
b174fa32929e4af3622213e835cfa84a,0b8cca6cd998b579f4a0556a31f388f4,delivered,2017-01-09 21:31:15,2017-01-12 02:55:44,2017-01-16 09:12:32,2017-01-18 17:05:11,2017-02-17 00:00:00
dba1b6fd34a7fd5961e829fa902ca702,3d97524e491c9aba1f09141ecfde08d4,delivered,2017-01-28 23:29:12,2017-01-29 00:36:10,2017-01-30 13:53:57,2017-02-02 09:42:11,2017-03-15 00:00:00
ff16d15a9ee89f3b65af595178308532,7b47b0a45536529175e846fe1301117a,delivered,2017-10-16 14:18:43,2017-10-16 14:50:40,2017-10-16 21:38:37,2017-10-17 22:15:52,2017-10-26 00:00:00
7829e4ed1e8cf1b45eca5790a96bd2b0,82ee6cc00eb5d6c88305f81e38123a22,delivered,2017-10-10 11:39:16,2017-10-12 02:47:06,2017-10-13 19:52:42,2017-10-19 16:39:56,2017-11-01 00:00:00
77d599900cf351da04c8d0f7b5ade74d,49162725edf59a77fb0d29f4f2e1af83,delivered,2018-01-19 14:10:03,2018-01-19 14:17:19,2018-01-19 23:24:17,2018-01-28 15:59:01,2018-02-09 00:00:00
78ccc8b2b91842cf16b56d474d8c8480,c15b48f4ecdff9e9e4096a33d656341f,delivered,2018-02-27 09:11:07,2018-02-27 09:29:35,2018-02-27 22:58:52,2018-03-12 20:51:14,2018-03-22 00:00:00
a9a71d9344772c405bfeb378bc587215,75b4566b8f4d45ada46ff30440e814d2,delivered,2018-01-29 15:25:31,2018-01-29 15:35:38,2018-02-05 12:28:48,2018-02-14 13:59:36,2018-03-13 00:00:00
3f62abd470c4d6aecea1ef66a8b2d3f3,b4ad286c394069077cd7a6119c5b3007,delivered,2017-07-11 14:28:06,2017-07-11 14:43:44,2017-07-12 18:41:40,2017-07-19 18:21:52,2017-08-02 00:00:00
a6f6c02b8388fc133223c9d12095c3c3,82667734cb3f83fa00ab4436e3a7a8e3,delivered,2017-06-11 16:02:29,2017-06-11 16:40:06,2017-06-12 15:44:59,2017-06-21 15:47:46,2017-07-07 00:00:00
d828aed67bd4b1f7ba6e6ca5b5fb241f,35e9e8b0b64b79c90b6047dbe5ea2728,delivered,2018-04-08 23:21:27,2018-04-08 23:30:24,2018-04-09 19:47:50,2018-04-18 20:22:28,2018-05-11 00:00:00
5ac2db22c3a1a5c7d59208f225e41fef,ddb4b59eafb402e9e5dcce9204b5aa21,delivered,2018-05-11 16:33:12,2018-05-11 16:59:55,2018-05-14 12:02:00,2018-06-23 19:58:32,2018-06-14 00:00:00
9c8a5a65a01f4a42ddd7fe53ee525568,f6776493ae32276dfb0c49984b8cba5b,delivered,2018-05-26 23:30:04,2018-05-26 23:49:50,2018-05-29 13:14:00,2018-06-01 14:05:01,2018-07-18 00:00:00
afef174bb9c07aa8185c78d1dbecd29c,158b190d9d408492b1a819f746a2fe4b,delivered,2018-03-29 13:09:05,2018-03-30 03:26:59,2018-04-02 18:03:26,2018-05-01 00:08:30,2018-04-23 00:00:00
a187e99908d89f2f863baf8785025570,2a3624bf4c3135d19877f48d340c8613,delivered,2017-05-29 11:32:28,2017-05-29 11:42:20,2017-06-02 10:32:52,2017-06-05 16:52:26,2017-06-09 00:00:00
c536b6b70c5e68d35e68e55e95d873f5,b25242aebf03ddfcf46480887d9bc8b6,delivered,2017-09-22 10:58:10,2017-09-23 00:42:11,2017-09-25 20:07:46,2017-10-05 17:23:18,2017-10-19 00:00:00
c13f61a17915a48e0741b02a6b7a3fe8,867ac9a8fc8fc9611ab69114e719457a,delivered,2017-01-21 15:01:29,2017-01-26 20:05:09,2017-01-27 15:23:18,2017-02-02 12:22:00,2017-02-21 00:00:00
c595bbefb93ccf827f9dd4b7c3f25785,374328bf8679040ee5e84ee3b8b6f33a,delivered,2018-01-17 12:43:08,2018-01-17 12:54:50,2018-01-19 23:48:43,2018-03-28 21:08:57,2018-02-08 00:00:00
21fc87cfedd833f6e6749fd823dc9754,488dbc161f80c337a895a4096d7f288a,delivered,2017-05-05 03:45:32,2017-05-05 03:55:10,2017-05-05 14:32:51,2017-05-15 15:26:39,2017-05-30 00:00:00
33adf242c9c30fa2e16fc97d70845487,fa3e66a76d31a28e713552fbda8af62b,delivered,2018-06-24 11:49:34,2018-06-24 12:14:39,2018-06-25 15:04:00,2018-06-26 18:54:39,2018-07-13 00:00:00
9c957591bcb898e6250cde437b938d95,c645112b5c938ad3082211e7bd71423d,delivered,2018-07-24 09:46:25,2018-07-24 11:24:24,2018-07-24 14:55:00,2018-07-27 18:28:58,2018-08-07 00:00:00
ddd2d769f053c55c39e69fcace5f5eb5,7c2bc48ba5bee6418d508edf9d76953e,delivered,2018-01-04 10:04:05,2018-01-04 10:14:26,2018-01-04 17:28:49,2018-01-08 22:49:13,2018-01-22 00:00:00
8b287c802866ec3b7b594e5cbc2d5acf,8e1e24d6c2c75c2f938cdc3b5fdca5b9,delivered,2018-06-28 12:56:12,2018-06-30 02:52:15,2018-07-03 10:05:00,2018-07-11 23:51:37,2018-07-26 00:00:00
24d96d6845bf5f0eb587c745f06b871b,12cda441a80c2b74b985dc0c412c26d4,delivered,2017-09-19 13:36:00,2017-09-19 13:45:37,2017-09-20 19:08:12,2017-10-11 19:32:42,2017-10-18 00:00:00
8ad90551f6c31bd81ee660c78c7250ca,caffbdf4d70c0457c26b7f2c62c1fa8a,delivered,2018-08-13 12:05:52,2018-08-13 12:24:18,2018-08-14 14:31:00,2018-08-18 05:34:27,2018-08-22 00:00:00
594013e81f2c775b3fb2591f7e4bd4a9,653f5d3367160dc1985d939aa321a3bd,delivered,2018-02-28 11:16:21,2018-03-01 12:10:14,2018-03-02 16:56:59,2018-03-05 15:22:00,2018-03-13 00:00:00
c5ef8c0266eff0d27d9d8f279a2e85cc,a1639709d81006ce206d27501840889d,delivered,2017-11-05 23:00:43,2017-11-05 23:15:35,2017-11-07 18:29:13,2017-11-08 15:36:42,2017-11-24 00:00:00
9583e5c37c1a090275e8af994d6b3231,5f059fa8dad478b357244744aff6e863,delivered,2018-06-10 22:03:48,2018-06-10 22:17:34,2018-06-11 15:48:00,2018-06-14 00:44:29,2018-06-20 00:00:00
b75eb9360ab80bfd5c7ccf7270d447fb,ff2c29eb45040b08d93d6954637852a8,delivered,2017-02-22 15:32:48,2017-02-22 15:45:18,2017-02-23 11:32:46,2017-03-03 12:49:13,2017-03-28 00:00:00
5890259dc546292bd43919d8a284222b,98e1da5ee50d168187c0a16835e7018e,delivered,2018-08-20 11:25:57,2018-08-20 15:13:28,2018-08-21 14:26:00,2018-08-22 15:52:13,2018-08-27 00:00:00
9502eac77a6fdde265da489d96557785,b2d5e7dbc57493d082219e12d7c990fb,delivered,2018-05-05 21:09:56,2018-05-07 08:52:04,2018-05-08 12:32:00,2018-05-14 17:21:26,2018-05-28 00:00:00
999ecbda5d7b314b856c71e7bb73d8ee,aaf8739dd1632d44d51e010a52695f05,delivered,2018-08-13 10:40:08,2018-08-13 10:55:21,2018-08-13 15:50:00,2018-08-16 18:26:40,2018-09-11 00:00:00
3443749ed04d4b33597a21fc22e24a4b,e4df5880b01ba6d4f9cb7b9188bc80e5,delivered,2017-09-14 18:54:12,2017-09-14 19:10:21,2017-09-15 21:32:38,2017-09-29 20:47:49,2017-10-09 00:00:00
fe07292e1a88c0c8b22fc45b58da8110,62ca923cee9de768fc20844b87b649b2,delivered,2017-11-13 14:13:02,2017-11-13 14:30:45,2017-11-17 17:52:11,2017-11-29 01:00:11,2017-12-05 00:00:00
c60956035ba2a58820be572c70648e28,cf8d32a331cf6e8701c67ada9636e563,delivered,2017-12-27 23:40:30,2017-12-27 23:48:29,2018-01-04 12:13:16,2018-01-08 17:50:20,2018-01-22 00:00:00
eed5f84919d668737e50dac75a4ebbd4,4d25fb9f5e7979383338f6c96ef28de0,delivered,2018-04-26 08:28:56,2018-04-26 08:50:07,2018-04-26 13:24:00,2018-05-04 17:28:40,2018-05-25 00:00:00
4d5edcd8dc3dd4c5a02b9a0d0773b621,8682e993cedaa7ea1535361f2dfc0d6e,delivered,2018-03-26 20:39:11,2018-03-26 20:50:15,2018-03-27 21:52:16,2018-04-09 19:04:08,2018-04-23 00:00:00
cbd73a65c5edc13fbcde523d1ed2090f,be64c6271cfd483f027afda5aae04cd8,delivered,2017-03-06 10:48:20,2017-03-06 11:03:08,2017-03-10 13:09:23,2017-03-15 14:16:16,2017-03-27 00:00:00
10a4af81f471c29f5f5d3864e3c8dfab,4bd306eb40db1bbd39f4ee8531a983fc,delivered,2018-01-12 16:34:27,2018-01-12 16:50:24,2018-01-15 17:49:14,2018-01-25 21:59:02,2018-02-14 00:00:00
3d17d211984312889a4d60f359859535,758aedfa7a88fafd333878e149379e0b,delivered,2017-09-27 11:59:35,2017-09-27 12:07:26,2017-09-27 17:37:27,2017-10-05 18:18:07,2017-10-27 00:00:00
463cefaa4147d39621500e986396b5cf,2d9765abf313219e40efb7770ea42025,delivered,2017-12-08 17:31:28,2017-12-08 17:53:37,2017-12-11 20:47:02,2017-12-28 16:32:49,2018-01-15 00:00:00
fba5f0680d7e30d3148e17be8bce108d,93f7211c2d0f7213bdc94f51f0d25cd7,delivered,2018-02-08 20:53:55,2018-02-09 10:11:37,2018-02-09 18:52:57,2018-02-28 13:49:10,2018-03-07 00:00:00
fd8d9bc6af4ccc073a7fe152040e81f2,14938608ccfde5530723a2a70b07d25a,delivered,2018-05-17 21:27:49,2018-05-18 02:54:21,2018-05-18 15:33:00,2018-05-22 16:38:32,2018-06-01 00:00:00
871a8acf3aa24b340ca528120ddea498,2b7fb0fbf3c88895ab581f348ebd8534,delivered,2018-07-09 21:18:54,2018-07-09 21:30:20,2018-07-10 14:21:00,2018-08-02 10:48:42,2018-08-07 00:00:00
72057e22b4e99820f18ad51861441403,ffc5e5000221495c2cbb2b099aaec969,delivered,2018-05-04 10:20:52,2018-05-04 10:35:22,2018-05-09 15:48:00,2018-05-14 17:11:20,2018-05-30 00:00:00
f179e0782e0180bc2ec9ce167d4cf245,fd7bd7bf90e739374de93e267e197779,delivered,2017-12-05 09:03:19,2017-12-06 02:35:39,2017-12-11 12:49:54,2017-12-20 15:39:10,2017-12-29 00:00:00
6232b520aa859c47ba46e5213737f418,806be13e55f43711b59f751f9ee83022,delivered,2018-06-15 12:52:05,2018-06-15 13:27:02,2018-06-19 13:53:00,2018-06-22 15:49:46,2018-07-16 00:00:00
5f82563eed1525084af012688a78398a,2c4801b37ab30b93c7fa391bb6ce2262,delivered,2017-09-26 06:53:22,2017-09-26 07:07:14,2017-09-26 13:20:05,2017-10-04 18:04:40,2017-10-31 00:00:00
920a1599f73c0a2ddadfb7caedcbda60,6d1637fdd19ffcde57f5e3f3eb6f79f4,delivered,2018-08-22 11:06:32,2018-08-24 03:24:21,2018-08-24 09:59:00,2018-08-30 15:52:43,2018-09-10 00:00:00
1a64643317da0457d3f145fab8734b22,0d2aa9f205cc47cd8ffcfe0f43499f2e,delivered,2017-09-09 03:24:19,2017-09-12 04:45:01,2017-09-13 12:38:05,2017-09-21 17:33:11,2017-10-05 00:00:00
a40660e306af15d3771b1b2e0a3a75db,ff2e5564a16076f9e0d973371c33a393,delivered,2017-12-18 19:26:02,2017-12-18 20:30:38,2017-12-19 18:37:26,2017-12-22 17:52:01,2018-01-17 00:00:00
224b8a1097696621e5ab952014690223,fa52fccf0dfd67b8d1ed46b288088853,delivered,2018-04-05 12:54:43,2018-04-05 13:08:55,2018-04-07 01:17:47,2018-04-12 18:28:30,2018-05-04 00:00:00
2d5c2551306ebb8492eb8c36d062f314,fecb57edcf7693f7bcb312957f3a5ea0,delivered,2018-08-11 22:12:54,2018-08-12 22:10:09,2018-08-13 14:27:00,2018-08-16 21:12:07,2018-08-28 00:00:00
736eb87a85959d07f8b5cdc5f8e7187f,62c819c053d16bbdc6cf5794411443a9,delivered,2018-01-20 18:16:17,2018-01-20 18:31:07,2018-01-23 00:19:00,2018-02-14 23:08:27,2018-02-23 00:00:00
be0cc702e034bfbeba1a8a006eb9dce5,3c88487f2410489139ebe9a219e728fe,delivered,2017-12-12 12:58:25,2017-12-12 13:10:59,2017-12-13 16:14:00,2017-12-14 22:07:11,2017-12-29 00:00:00
bb789ec51c304aae58b4ba3c11cb2fb3,758573835dc9cd119b2395c5cf9d4b76,delivered,2018-01-07 19:33:00,2018-01-07 19:47:09,2018-01-08 19:39:21,2018-01-11 19:39:32,2018-02-05 00:00:00
9ae510d02fa72c4de7358dac28ee5eea,e1a40f4760020a947e78d81935ffb882,delivered,2018-03-25 22:31:44,2018-03-25 22:47:57,2018-03-28 01:27:32,2018-04-11 13:38:39,2018-04-19 00:00:00
ea77eb4f349110679bde0e77541dcb2e,d02fa4b924573610e9a421cf8658cdcb,delivered,2018-03-09 11:08:38,2018-03-10 03:50:49,2018-03-13 22:13:05,2018-04-10 14:21:58,2018-04-05 00:00:00
996d1a75c8dee7aee3b0cb1d82b266be,3403049a0b038e1ea97ca2e93fd7fd7a,delivered,2017-05-03 21:07:12,2017-05-03 21:15:12,2017-05-04 17:44:40,2017-05-15 08:54:51,2017-05-24 00:00:00
d26c076e33054a0063c6fc94c51fc43b,30488ef22c9f0f381eaca4ec8e54c1cd,delivered,2018-05-03 17:38:16,2018-05-03 18:14:49,2018-05-07 06:55:00,2018-05-18 15:24:59,2018-05-30 00:00:00
14d9794bbb53614d12cc2df6a045f82b,666a4eb7699fdccd19518171e0b5a069,delivered,2018-01-14 21:10:48,2018-01-16 03:38:48,2018-01-16 17:36:57,2018-01-29 18:08:40,2018-02-16 00:00:00
b50700cbee924cf4a5f5f9f38c1d0a04,ea881d44e7e735dd3b154baba6917f3b,delivered,2018-02-04 19:58:39,2018-02-04 20:24:16,2018-02-05 21:48:39,2018-03-06 19:56:42,2018-03-06 00:00:00
a60b6d835751f3580629da8d3b00b761,4c01cd397da9c3d496e8ac9db71bf078,delivered,2018-04-02 18:49:35,2018-04-02 19:08:02,2018-04-05 21:21:50,2018-04-17 18:28:37,2018-04-30 00:00:00
b3f179611003f752f8beaacff7c017cd,2de73f1de26fc95d24c3f33ba8ed023e,delivered,2018-05-02 09:58:15,2018-05-02 10:13:57,2018-05-03 16:51:00,2018-05-11 00:42:19,2018-05-28 00:00:00
a60d308a1328a95a1e34b0c19e1ead05,4c7f6cfb31eed96f6e69a01171b5f0f4,delivered,2018-04-10 15:49:49,2018-04-10 16:11:24,2018-04-11 19:28:53,2018-04-20 18:19:17,2018-05-03 00:00:00
fd26a8e314b26ecd3011f9d6ec17e7c2,d3eac6f3d395fdf17814107b34247c62,delivered,2018-08-06 13:27:23,2018-08-06 13:35:21,2018-08-08 14:44:00,2018-08-16 14:21:13,2018-08-20 00:00:00
a9fa8567c21a5f8e4450af02a87f26cb,a1af950930516005763b142d147b079b,delivered,2017-07-29 20:27:08,2017-07-29 20:43:35,2017-07-31 17:43:36,2017-08-17 15:48:16,2017-08-23 00:00:00
ab2f2b70a35105e169d9fba7a65d3ac0,f7cbc5b5009187e1d0983e1ff7a5c6c2,delivered,2017-02-18 14:47:47,2017-02-18 15:02:50,2017-02-23 03:09:14,2017-03-03 11:09:08,2017-03-27 00:00:00
01f74145603bef2ef33949099b48ad28,16164e94f3a6460de7a0700e99b330ae,delivered,2017-12-27 17:27:05,2017-12-27 17:35:20,2017-12-28 22:24:29,2018-01-05 00:33:04,2018-01-29 00:00:00
f8470371533c258e0a16d3406dd43859,3bc3ad02b60f18345617e8ce113f7d1d,delivered,2017-02-22 02:49:22,2017-02-22 03:02:51,2017-02-24 14:03:37,2017-03-03 14:54:04,2017-03-27 00:00:00
bb8a565ee080cd9009f0209bf124beaf,0f7e05d305b397dd18acb5dbc69a39f1,delivered,2018-01-01 18:23:56,2018-01-01 18:32:52,2018-01-04 00:09:55,2018-01-04 12:23:09,2018-01-18 00:00:00
0179a3003c894f1dd3b1ddda5d1f8a12,982d36c785912f44bd0f87ac7d8a7073,delivered,2017-05-23 16:23:30,2017-05-25 02:50:20,2017-05-26 16:12:38,2017-06-07 13:38:43,2017-06-19 00:00:00
397c0e626cd53023d629b5053d222ce4,8462196d38f8599936be39dd008f9e7b,delivered,2018-06-29 10:47:15,2018-06-29 10:55:14,2018-06-29 14:35:00,2018-07-05 17:37:28,2018-07-31 00:00:00
a17fd6df400fd04864fc2697bc98cc2d,c7f70f5cf91be88049723af74735f91c,delivered,2017-12-29 12:18:36,2017-12-29 12:31:30,2018-01-02 21:09:22,2018-01-09 11:33:21,2018-01-30 00:00:00
38e0e9763bb6c91f55550e6d8555c78b,b83825b514ecfa4f2ac12b219410377a,delivered,2017-11-12 16:34:50,2017-11-12 16:46:33,2017-11-16 21:33:05,2017-11-21 22:17:57,2017-12-13 00:00:00
141e9339279b23d1c38a8512d0e9ba7f,8dc4c1ba3c81aa79d96e459b5e8a8b66,delivered,2017-08-01 14:50:48,2017-08-01 15:05:12,2017-08-03 17:21:32,2017-08-08 23:15:32,2017-08-23 00:00:00
ad18be9bebe6d2b6b02b38f8da9e08d3,a0b3e86a78c7bee0145b32c4ba44d500,delivered,2018-08-13 11:02:42,2018-08-14 04:50:30,2018-08-14 14:17:00,2018-08-16 15:09:33,2018-08-30 00:00:00
ee3322ff7174b7401b95b18fb8ea1e6c,1856438e1615630ccc65ed9a11394213,delivered,2017-05-12 19:17:43,2017-05-12 19:30:09,2017-05-18 14:23:28,2017-06-13 15:54:40,2017-06-16 00:00:00
0f9751081b734220a998be212c391523,28a204eb0f0f081ece6295f4ce42a1cf,delivered,2017-09-27 13:54:38,2017-09-27 14:07:13,2017-10-04 12:52:54,2017-10-11 20:45:52,2017-11-07 00:00:00
6f275c944d1814eca6bfbb2bcfa3b0ea,219f6aa1ddc83ec7dbf2498e664129c1,delivered,2017-01-17 09:15:35,2017-01-19 02:17:31,2017-01-19 09:46:30,2017-01-24 14:31:56,2017-03-01 00:00:00
90e5ad6118ea4ea07eb9de3aa9c698d2,8a9a1deb4c40a5a158bbb0db08c821d0,delivered,2017-09-27 06:56:34,2017-09-27 07:07:13,2017-09-28 15:39:01,2017-10-11 17:38:52,2017-10-19 00:00:00
a37057df33d7a542cf514f9cbe7a311d,ed64dbf702aba15d83a4a85d370780a5,delivered,2018-04-25 08:32:52,2018-04-25 08:52:11,2018-04-26 14:48:00,2018-05-03 22:26:56,2018-05-22 00:00:00
38dea96735b5f6e74378a68f84099233,8b23430bf8df60f04bbed8294460d612,delivered,2017-12-07 21:58:10,2017-12-08 02:54:06,2017-12-08 19:27:09,2017-12-10 14:39:44,2017-12-26 00:00:00
b0a53313f05c1fb7b57eba8c55f35035,0614d7d74e030d9359a2857dc995e710,delivered,2018-05-14 17:17:44,2018-05-15 05:32:36,2018-05-17 14:40:00,2018-05-23 23:40:58,2018-06-11 00:00:00
f2dca318c079a2926e6162e12d08ca31,f958c0b8328c460f2e99dbdc9158a8b7,delivered,2018-07-08 20:51:25,2018-07-08 21:05:12,2018-07-10 14:39:00,2018-07-11 19:03:24,2018-07-20 00:00:00
6c82197bc099415d9919ccb609a9c072,cf21fc5ce008e8d35e01caeb0ef028da,delivered,2017-01-13 00:14:27,2017-01-13 00:31:26,2017-01-13 12:50:08,2017-01-18 14:05:48,2017-02-21 00:00:00
e003d94282e5f1e45760dde794a8a173,1764be73caaed8c59deaeef7793e539a,delivered,2017-05-10 21:11:07,2017-05-10 21:22:27,2017-05-11 12:26:15,2017-05-17 07:12:26,2017-05-26 00:00:00
cecc2adb5fc43cab2bebdc7c23906c0d,7d8666e0148b50e626e90245b6583f54,delivered,2017-11-28 12:15:01,2017-11-28 12:37:17,2017-11-30 01:47:38,2017-12-14 15:00:09,2017-12-18 00:00:00
a44088d916b1cb5763921534c14f9a0d,8e7e85280f437070c500377689720d85,delivered,2018-02-15 15:17:24,2018-02-15 15:27:21,2018-02-17 01:12:40,2018-02-21 20:33:46,2018-03-12 00:00:00
c8209c0d2a92297dcfe3d8d71dfb551c,d9d2b41309d4a7d5c6e1819e1c724ca2,delivered,2017-12-12 13:30:32,2017-12-12 14:21:49,2017-12-14 22:09:30,2017-12-19 01:21:54,2018-01-02 00:00:00
fd9486ae13f513ac59c3f6c23bb003c7,b3533b37eba6b3bf4c05167aeac93673,delivered,2017-05-01 08:59:52,2017-05-03 11:35:45,2017-05-05 13:58:17,2017-05-10 09:13:50,2017-05-23 00:00:00
3f3f8127c7e0537f9f74550f3504f93d,bee149e10d51ea292fb297cbd35414a7,delivered,2018-06-30 09:51:07,2018-07-05 16:17:17,2018-07-03 14:51:00,2018-07-09 11:36:54,2018-07-20 00:00:00
cef25673fc64efd9564270760806eacc,310b2ccafef3236ae0d753c09ce26afd,delivered,2018-05-08 14:17:22,2018-05-08 14:30:34,2018-05-10 18:29:00,2018-05-16 22:14:41,2018-05-25 00:00:00
d2f87ac39d8b31e615528ca52e5c8434,4d32030a76802b9be08e025783f041d9,delivered,2018-04-04 09:12:02,2018-04-04 09:31:31,2018-04-05 17:05:11,2018-04-10 15:38:49,2018-04-20 00:00:00
fbf16cb7728cac175e1222c7d73734c6,c0723ced6e0b4ec1af136c0cf6b86e3e,delivered,2018-08-01 20:34:38,2018-08-03 02:44:06,2018-08-03 16:09:00,2018-08-09 00:51:04,2018-08-14 00:00:00
a3ffb9a7866735bd0de42993b62e89e3,743b67cc7a7606ddba1a6fd675355fed,delivered,2018-01-16 15:47:41,2018-01-16 15:56:17,2018-01-18 23:46:31,2018-02-07 22:43:07,2018-02-14 00:00:00
7fb2f6ef625bf7ef303f984bd8cd2267,a1834c0ebc51d0c1f1165d4647daffa1,delivered,2018-07-21 18:51:27,2018-07-21 19:05:11,2018-07-23 15:07:00,2018-07-25 18:17:47,2018-08-20 00:00:00
7002a78c79c519ac54022d4f8a65e6e8,d5de688c321096d15508faae67a27051,delivered,2017-01-19 22:26:59,,2017-01-27 11:08:05,2017-02-06 14:22:19,2017-03-16 00:00:00
0a1ad2c293c3baacc6b2c2d442c71acd,3257a8d4cbb3343dcf40eac13ba329cb,delivered,2017-01-18 12:51:23,2017-01-18 13:05:15,2017-01-23 13:03:31,2017-02-06 16:56:48,2017-02-16 00:00:00
a01cc79e3afbac4a52ce1d528080e438,f71daf549aff62ad50e839ea1086d9a1,delivered,2017-01-11 10:24:36,2017-01-12 02:45:44,2017-01-16 09:53:31,2017-01-18 11:56:05,2017-02-07 00:00:00
7e5db9e4a8de1e5908fa74963fd30e41,d3488e0fe542621a715eb2b6a4f203ba,delivered,2017-10-06 08:22:58,2017-10-07 02:44:43,2017-10-10 20:38:57,2017-10-14 16:43:52,2017-11-07 00:00:00
71d69f67014a0966287a08bd24bb0324,cb783202236a8f0f033742f0381fc541,delivered,2017-12-28 20:35:29,2017-12-28 20:46:37,2018-01-02 21:29:20,2018-01-05 13:29:21,2018-01-23 00:00:00
8a1173c84bbf754f61daf556a62fe1ed,94592fdb883217ce1d1c1436fb77890e,delivered,2017-04-04 13:01:04,2017-04-04 13:15:17,2017-04-05 11:03:39,2017-04-10 09:44:00,2017-04-27 00:00:00
782b00205051ed11c71726e9554e788e,8ac4417f93e1cd022e92837a030182a7,delivered,2018-03-18 22:52:15,2018-03-18 23:07:44,2018-03-21 22:56:24,2018-04-03 01:16:51,2018-04-09 00:00:00
7ef1da1730f64df72be4189c5ea58c66,ed672ba37544385256cd475cb61a468f,delivered,2017-01-20 16:32:37,2017-01-21 16:41:49,2017-01-24 11:43:54,2017-02-02 10:33:59,2017-03-02 00:00:00
2355c3ba8f870f103fa43351ffc1a905,0d15ed47c04aa30a0a5911c8ac2290da,delivered,2017-08-05 14:35:35,2017-08-08 03:50:40,2017-08-11 10:05:20,2017-08-22 16:45:42,2017-08-30 00:00:00
7a3db786a9251bc1603dea2c4970e448,d022bd4e48a3db0ddca17f5204dff2a1,delivered,2017-11-24 10:26:54,2017-11-26 10:35:23,2017-12-01 18:41:55,2017-12-26 22:22:26,2017-12-22 00:00:00
3a53c89c1526bec25191f47b5ab57df6,cd396d4d2d4083e24b7c345df3b54e84,delivered,2017-11-24 14:25:07,2017-11-24 16:33:31,2017-11-27 22:41:33,2017-12-06 22:22:32,2017-12-15 00:00:00
a43036834338e7cf3242e7c2a47dec7b,065e7c1d44ef05198ae2fd617bdfa533,delivered,2017-12-03 22:58:18,2017-12-03 23:15:17,2017-12-04 18:13:32,2017-12-11 19:19:05,2018-01-02 00:00:00
523edc667ecf141c2018ec8c1e6c0211,fed4f253cf34addfd6bbc74950f85f9b,delivered,2017-03-01 16:43:12,2017-03-01 16:55:12,2017-03-03 09:47:53,2017-03-08 13:32:43,2017-03-22 00:00:00
e1171120e3b1615034d5372b0d3254a7,0678f749ee34f9175a0f054d2dd19131,delivered,2017-10-03 17:10:52,2017-10-03 17:24:46,2017-10-05 15:02:53,2017-10-11 17:32:38,2017-11-03 00:00:00
42845ec86a155bf18a11b8be59fa8442,161b36bf551dd0e48ceaaa02688d1300,delivered,2018-08-23 11:20:57,2018-08-23 11:30:31,2018-08-24 13:53:00,2018-08-27 19:47:52,2018-08-29 00:00:00
c63d4cef8337f938b3bfb0b96b7b1242,98dcae52e819b16ea15decfd3efb3f80,delivered,2017-05-13 22:03:33,2017-05-16 03:45:26,2017-05-17 09:45:11,2017-05-22 09:59:57,2017-06-02 00:00:00
dc170ecd2fefc21a44d0040b830dfa60,9b15d596cd0c8a3a5fb3b9584d8504ed,delivered,2017-02-27 16:29:57,2017-02-27 16:41:42,2017-03-01 14:51:51,2017-03-07 17:44:13,2017-03-22 00:00:00
7b07cef881924b566432e1343e5dba8a,49c2ab6071500a48ac48b8c4f910ef09,delivered,2018-01-02 16:24:18,2018-01-02 16:32:21,2018-01-05 19:16:35,2018-01-08 23:37:58,2018-01-18 00:00:00
f9e254c56ad8dc27d6fd34b26f94711f,7a60c49de204bb732d997d4382b7a0ec,delivered,2018-08-28 14:11:30,2018-08-28 14:24:20,2018-08-28 17:10:00,2018-08-30 02:05:03,2018-09-05 00:00:00
66fd8efdb13221da1b5d53392e52e921,8d20d2912617c963476533288442aa2d,delivered,2017-11-22 15:46:39,2017-11-22 15:54:49,2017-11-23 19:23:05,2017-12-06 14:44:46,2017-12-13 00:00:00
2629f879b3928da2cbad95a46fa904ac,2407f7da08e4ac6c1e2fbd698bba4d9c,delivered,2017-12-28 08:54:00,2017-12-28 09:16:19,2017-12-28 20:27:24,2018-01-09 20:27:42,2018-01-30 00:00:00
cee2ddf4087d91aaf4874fc1436f9901,23adca7b92ea9f7c40e60be117e47c6b,delivered,2017-01-22 21:42:56,2017-01-22 22:20:11,2017-01-24 15:44:02,2017-02-03 13:25:09,2017-02-22 00:00:00
576fed147504338aa428f01cb08ab5a4,965e13165860fea377c1b5758f12e7e0,delivered,2018-06-04 12:53:03,2018-06-06 03:11:07,2018-06-06 08:38:00,2018-06-07 14:49:35,2018-06-28 00:00:00
e60856926b11f52676a5408033e204de,5f2944c022285e2b6c109cc0696069d6,delivered,2017-07-09 16:17:20,2017-07-09 16:30:14,2017-07-11 17:12:21,2017-07-17 19:22:33,2017-07-28 00:00:00
31328a81d4ea41d47dc777dcbd88f222,e350009a3f9ed178e32bbc36e989b431,delivered,2017-06-12 13:53:19,2017-06-12 14:05:21,2017-06-13 15:12:38,2017-07-04 16:14:37,2017-07-13 00:00:00
6744d76b253e71e06a89867248227b9c,42528556eaad6bbc96bb8eff982ae387,delivered,2017-01-12 12:46:35,2017-01-13 13:05:34,2017-01-25 06:21:13,2017-02-08 08:43:43,2017-03-08 00:00:00
060b8f810cc106b90824b59a26ceb0db,4f4c1fc9acea17a745dbd2a0eed70403,delivered,2018-07-04 10:43:37,2018-07-05 16:11:32,2018-07-06 07:13:00,2018-07-13 18:08:36,2018-07-31 00:00:00
acf01c9262ddb5d9adae8daa34e31568,30ab7e538292e6130a456c371778d595,delivered,2017-11-25 04:02:51,2017-11-25 05:10:50,2017-11-28 19:47:56,2017-12-07 21:53:19,2017-12-27 00:00:00
dba7b6050fd3d402855707a3ca296a21,42a24ac9faf5439824b1a381621ef89f,delivered,2018-03-21 23:25:35,2018-03-21 23:35:34,2018-03-27 00:44:43,2018-04-17 23:41:21,2018-04-17 00:00:00
7a36f62bdb082d4acdfb07a8e0c7f0ee,5fceab89c281b25423f0d31ed83d8a3d,delivered,2018-03-05 10:42:18,2018-03-06 03:55:50,2018-03-13 20:46:27,2018-03-19 21:07:12,2018-03-21 00:00:00
cb162de51da6fe9c49b238971804a224,309239af9998f640f8572abd96482709,delivered,2017-12-18 13:35:02,2017-12-18 14:51:36,2017-12-20 20:43:15,2017-12-29 11:22:58,2018-01-18 00:00:00
7525e8f8b1a51d44f9912ce81146ac7d,7e902211ea98633032e5cc41b645f65c,delivered,2017-07-10 13:41:35,2017-07-10 13:55:15,2017-07-11 22:53:45,2017-07-21 14:36:26,2017-08-01 00:00:00
f6f20338750875ffa91d23d6d6ff4fb2,738071368b2af5dbdf5c7b487426cf02,delivered,2017-11-26 20:58:46,2017-11-26 21:14:13,2017-12-05 00:12:31,2017-12-14 19:41:42,2017-12-15 00:00:00
f89be12959c54bfc8be493fa13fb2f10,c26825697ea58cdbdfc193608e320a26,delivered,2017-08-15 16:39:21,2017-08-15 18:15:22,2017-08-17 21:03:38,2017-08-22 21:28:56,2017-09-04 00:00:00
dc448b07dcf70d4f397500af86b4601f,9ab65a974565ac3ec20b854c56f50fe7,delivered,2018-07-08 11:53:13,2018-07-08 12:05:49,2018-07-10 13:58:00,2018-07-11 19:08:26,2018-07-19 00:00:00
17158b7ebb079668a6f21a5660ec6e83,f6181cf38d7a4b108b7d4ccfc72543ca,delivered,2018-02-04 19:54:07,2018-02-04 20:24:12,2018-02-06 01:04:06,2018-02-08 19:08:16,2018-03-06 00:00:00
a083f47f545711fc05940d0be7f5ca38,51b633e4aba90ffc11aae5c2d8e3ec6e,delivered,2018-07-11 20:58:57,2018-07-11 21:10:15,2018-07-13 15:00:00,2018-07-23 18:15:36,2018-08-03 00:00:00
86aac59946aefa2672ebf7d495980b27,057e4c89062122b06e32f9e0177fdb4c,delivered,2017-04-22 20:56:22,2017-04-22 21:05:17,2017-04-27 15:47:08,2017-05-08 13:48:54,2017-05-24 00:00:00
a3ed04e61d69f848fe6fbc4c904d497c,b9e638a669b54b921ff08dc261cc173c,delivered,2017-07-06 17:30:40,2017-07-06 17:45:16,2017-07-07 18:39:36,2017-07-10 19:52:17,2017-07-26 00:00:00
42187cae0bc6e0829886d8131b4c4864,b284e1052e6386e2fae8af6ab3f0215a,delivered,2018-08-06 20:27:28,2018-08-07 20:25:07,2018-08-08 07:44:00,2018-08-14 18:36:35,2018-08-21 00:00:00
753aaaa715f963740a358c291bc79727,92afe47b8038840f6761684db0da3e40,delivered,2017-01-11 23:32:55,2017-01-11 23:45:19,2017-01-12 14:21:04,2017-01-17 10:28:00,2017-02-09 00:00:00
108f58a6439933a88e7950ee7b46ec11,13bbb5ef6f8db9469c6bbc69d9542872,delivered,2018-05-10 09:39:51,2018-05-10 09:52:11,2018-05-10 15:13:00,2018-05-16 20:27:02,2018-06-04 00:00:00
3840fe9112c9177e852ff72b8c6af01e,5aacad69b368af9f80b1dca61b0f0420,delivered,2017-12-14 21:29:26,2017-12-14 21:50:23,2017-12-15 20:13:26,2018-01-03 20:22:00,2018-01-15 00:00:00
b4b82a96ad1cd1dd5071980861bb2575,95e503072b755cc678800adf674febb4,delivered,2017-07-28 13:55:46,2017-07-28 14:05:24,2017-07-31 19:47:00,2017-08-03 17:52:46,2017-08-18 00:00:00
de3353dc4eb5012999074ce70b124fee,9615c624ecd7387b5ab8d1b86b918056,delivered,2017-10-10 20:04:58,2017-10-10 20:14:28,2017-10-11 16:51:46,2017-10-26 00:07:40,2017-11-08 00:00:00
78e71adaa2a4cd500b0c3421c6c588b8,d256c1df237b8ea64ecd66b77cf142df,delivered,2018-01-14 12:36:11,2018-01-14 12:48:28,2018-01-15 18:48:44,2018-01-25 22:54:56,2018-02-07 00:00:00
a6e307f50d1a494a1ad373af7a748e1d,9834899aa900947d8832062231831871,delivered,2017-01-25 09:42:36,2017-01-26 02:10:20,2017-01-26 10:37:16,2017-02-02 16:35:31,2017-03-10 00:00:00
9c9ad157b30e942c4359772b6d446e52,9206446f02c90ae87b437e8273e6acb1,delivered,2018-03-15 19:27:48,2018-03-15 19:48:32,2018-03-16 22:21:50,2018-03-20 21:41:48,2018-03-27 00:00:00
680e610535fa4d02ce2d6a820946afb8,e895647c3d61dae1606151534adb3acc,delivered,2017-06-19 21:46:43,2017-06-20 21:43:59,2017-06-21 11:26:18,2017-06-28 14:57:15,2017-07-21 00:00:00
972744bcdd80014057492bbab6b4e06f,acb64e2599b38fcae12dbfd6bc07859b,delivered,2018-01-03 09:40:47,2018-01-03 09:48:28,2018-01-03 17:02:58,2018-01-04 17:55:08,2018-01-22 00:00:00
fdfce023fb0abea352d3231865c62fde,46ab44938c2037edde737e7c0a90818a,delivered,2018-08-11 22:28:50,2018-08-14 04:05:17,2018-08-14 15:08:00,2018-08-17 20:22:31,2018-08-27 00:00:00
67ff89e045f61cd73790e9866d3dc6ea,68747ad98d585dd1ae34309d02338c2d,delivered,2018-04-26 13:51:23,2018-04-26 14:11:59,2018-04-27 11:19:00,2018-04-30 16:12:47,2018-05-11 00:00:00
29f5eee55471690bb64be28bdbb7f11e,a1dacdcfc9e9d6a31ee895c15c96cdd3,delivered,2018-01-17 16:29:52,2018-01-17 16:49:48,2018-01-23 23:22:35,2018-01-30 19:11:53,2018-02-19 00:00:00
3786374eb6f56d00e96bf7511002cd00,636fa509660dfc8277a18ef0e7c4a68a,delivered,2018-03-13 23:17:04,2018-03-13 23:30:26,2018-03-14 18:06:41,2018-05-17 18:21:50,2018-04-13 00:00:00
df91fb38017b42722551a94382cb829a,79a569c7d0617c27504aee953f5ea4ca,delivered,2018-04-25 16:04:20,2018-04-25 16:53:36,2018-04-27 15:03:00,2018-05-03 18:31:19,2018-05-18 00:00:00
4b26fbc3d9dab4bb7bed35fbe2746f26,7017fa825bd6001972c6e406b05e6cb6,delivered,2018-04-25 10:25:41,2018-04-25 10:35:24,2018-04-30 16:40:00,2018-05-04 17:37:53,2018-05-17 00:00:00
d5e518a80ee8f7f4805db87cc532af02,9d79324671ea20f5452fd06368100c5e,delivered,2017-06-19 10:56:12,2017-06-20 11:15:18,2017-06-20 16:09:25,2017-06-26 15:39:42,2017-07-07 00:00:00
4b7c1bc59d4ec725d8530c19ec09b06f,7a3638e2731f92703d9cfc5ef2c220d5,delivered,2017-01-26 10:21:45,2017-01-27 11:55:43,2017-01-27 15:49:27,2017-02-07 10:30:34,2017-03-06 00:00:00
3aaa9a0f68e9743aef38c75a7cb6d998,1150ff8f8df8c315396b11358d33666f,delivered,2018-02-24 18:43:43,2018-02-27 04:31:17,2018-03-02 03:09:26,2018-03-23 21:28:31,2018-03-22 00:00:00
64212621110bae7f5310d5737a9c8e53,9f65a1d51f5341781029bdb70e6724fb,delivered,2017-12-11 16:37:18,2017-12-12 03:58:24,2017-12-14 21:57:36,2017-12-20 20:52:34,2018-01-09 00:00:00
fdcd1438710f47b926796d3778452212,f7a9176c3749939280666964b4df0e35,delivered,2018-02-23 15:19:03,2018-02-23 15:35:25,2018-02-26 22:25:02,2018-03-22 22:18:37,2018-03-23 00:00:00
fd4ebf52ca607b4487b38826f0c78adf,bb2ca86d2b1f22b960feacd1b1de87f8,delivered,2017-10-16 12:21:07,2017-10-18 02:56:53,2017-10-23 18:57:10,2017-10-27 20:25:54,2017-11-16 00:00:00
771b1c1071afb60efdf55afffd0ad25b,b294b26e9808dad6725676239e3898e0,delivered,2017-11-27 12:49:50,2017-11-27 12:57:55,2017-11-29 18:13:24,2017-12-14 01:25:03,2017-12-27 00:00:00
24040b0114230e6113ea96d0161ff4a9,3a560621e7e9947e505bc42ad8321241,delivered,2018-05-22 08:33:11,2018-05-22 19:17:26,2018-05-23 12:14:00,2018-05-24 12:41:41,2018-05-30 00:00:00
1f59870d6111d909e3c3f511d4d6dfe2,de0fe2d8e55644484ecf77b35622bf8b,delivered,2018-08-19 06:05:56,2018-08-20 11:09:54,2018-08-21 11:38:00,2018-08-22 17:18:46,2018-08-31 00:00:00
4b936f52e9d0886cbe8ab2c15fa0a71f,ab8c266dae1e5c8476510ef4dbe61890,delivered,2017-09-24 10:58:33,2017-09-24 11:10:12,2017-09-26 12:23:08,2017-10-03 11:28:58,2017-10-19 00:00:00
e007ef2d77cc1e7082050959c1cdce54,8b47e5ba29a9cd9947ee6be2f025ed66,delivered,2018-02-08 22:33:03,2018-02-09 22:08:28,2018-02-15 02:12:53,2018-02-28 00:18:06,2018-03-08 00:00:00
f61d0a25c102875f482d4ead106e18b1,56cabab28ceaf3ebe6980ce08fe843ba,delivered,2018-04-29 22:23:32,2018-04-29 22:35:10,2018-04-30 16:00:00,2018-05-07 19:35:42,2018-05-17 00:00:00
c8f14c24a3948d96d4022f50b14a0034,f449680b54a3012d3a608866fcab9fc4,delivered,2018-04-06 11:47:35,2018-04-06 12:08:59,2018-04-07 17:03:22,2018-04-19 17:03:57,2018-05-08 00:00:00
49bcc1ace70cb046d87e21636d05f090,6c2c33cdb59d110257017b087f67a883,delivered,2017-11-17 10:21:48,2017-11-18 10:27:25,2017-11-21 20:05:14,2017-11-28 00:12:52,2017-12-07 00:00:00
3d44f7b0d44056fcb488f7d2fd22e820,9d46b89032f34a48706407829dbb55b5,delivered,2018-01-06 10:44:19,2018-01-06 10:57:22,2018-01-08 16:08:23,2018-01-19 22:23:08,2018-02-07 00:00:00
b9b51e569a2e79970555eb81107eb369,00f3b3a7cd0b6566435090c7fbda03a2,delivered,2017-01-22 17:27:57,2017-01-22 18:31:03,2017-01-23 11:57:55,2017-01-30 13:24:40,2017-03-02 00:00:00
54e52b3d64eaadee5422554c2f2a7056,faff7a9ebd3cf671ce836dc47a1daec2,delivered,2017-07-06 14:05:13,2017-07-06 14:23:40,2017-07-13 20:52:10,2017-07-20 17:33:07,2017-08-01 00:00:00
e93910bafae4cbaa0f18ae0d66959cc5,01678728396c1d107b1da8e70cd63423,delivered,2018-04-18 22:51:06,2018-04-20 07:15:15,2018-04-20 22:18:27,2018-05-04 20:58:45,2018-05-15 00:00:00
cef4e03348c70c1c8eee3647083675ab,8ff313e25b25345f237b434e0e497869,delivered,2018-04-23 09:14:33,2018-04-24 17:22:49,2018-04-24 22:12:00,2018-04-25 13:51:40,2018-05-10 00:00:00
a76390702d2f24f9e0d5ad3c5e9ec562,207735d42a0b6ca67f5049af8c1640cd,delivered,2017-08-10 22:09:50,2017-08-10 22:25:18,2017-08-22 20:30:06,2017-08-24 13:57:31,2017-08-23 00:00:00
64bea65441db4c3e2817c4986436a56e,8e1dcb9fdd757d18e53f82a75249abea,delivered,2017-08-24 11:19:53,2017-08-24 11:30:11,2017-08-25 14:15:01,2017-08-28 20:20:07,2017-09-11 00:00:00
733e030acd7fb0584a2e64f9a981e9fc,c07f2bf6906f534e25308dd71d4bb97c,delivered,2018-08-12 11:55:11,2018-08-12 12:05:12,2018-08-13 15:42:00,2018-08-18 12:32:45,2018-08-31 00:00:00
47f6f4fe0e134442ba777c87169469c3,9d69b5197e3e9f67c753cb6389f1c3c8,delivered,2018-05-18 00:34:54,2018-05-18 04:14:33,2018-05-21 13:59:00,2018-05-22 16:28:50,2018-05-28 00:00:00
c65c62970b6f828387d4db9a25361d96,a515248d7329f35b368348d0068033d6,delivered,2018-07-13 18:38:56,2018-07-13 19:03:58,2018-07-17 14:00:00,2018-07-25 13:31:44,2018-08-07 00:00:00
6011382a54da3024a3e9650faa1b5e2a,8ca0f6c99642f9b515617efe336fc33d,delivered,2018-03-31 18:47:58,2018-03-31 18:55:18,2018-04-03 18:57:36,2018-04-09 18:51:03,2018-04-23 00:00:00
bed92d04d48ce1e3411d7db5c984d57f,db4f1408d600f8309bcc822caefba43e,delivered,2018-08-16 15:46:26,2018-08-16 15:55:23,2018-08-17 12:05:00,2018-08-28 10:48:24,2018-09-17 00:00:00
e8ff06be457c1e3e69a8cb51ef9e2806,e01e54289a0e7f4106b62a90860f4487,delivered,2018-04-12 10:57:34,2018-04-12 11:11:34,2018-04-13 18:12:16,2018-04-24 22:16:35,2018-05-07 00:00:00
668bd37bba51d3c2a919f037ce6194f1,2c2bcf944b97315ce5d725bab871fbf1,delivered,2018-02-05 11:43:32,2018-02-06 03:48:32,2018-02-08 12:56:05,2018-02-20 21:49:05,2018-03-02 00:00:00
a3be6697885b394b9fa9a177c3f46239,af17b6675899e3cbae027434a80dd3a0,delivered,2017-10-30 12:59:35,2017-10-30 13:11:08,2017-10-31 18:48:49,2017-11-08 23:33:30,2017-11-24 00:00:00
1475652ad485c6469bd02393c70fdaa9,204d0477c079846f2a02ee4d0b15e267,delivered,2018-01-14 22:38:15,2018-01-14 22:49:38,2018-01-17 18:53:13,2018-01-18 23:07:12,2018-01-30 00:00:00
76de219e02a69e67c85ab229f27eee44,39a5f9a6741051a2b753e8e279ad0bae,delivered,2018-04-12 14:18:45,2018-04-12 14:33:09,2018-04-13 20:18:32,2018-05-17 17:32:43,2018-04-30 00:00:00
6e273ddda8f080e930bfd87f011395c7,c45211185ff26d002509859f90460211,delivered,2018-04-12 23:40:00,2018-04-13 13:14:28,2018-04-17 22:18:30,2018-05-12 00:22:37,2018-05-16 00:00:00
57a959471d822333138826c2694ea6b6,771e9ae78c4416f6de0bf7821e34140e,delivered,2017-03-07 19:04:12,2017-03-07 19:15:17,2017-03-08 09:43:43,2017-03-14 17:23:41,2017-03-28 00:00:00
f247c7a7f6677c91066b72c033b635f3,b68de45d3c5eb1900313fc2a39259cbf,delivered,2018-06-19 03:01:18,2018-06-19 03:17:14,2018-06-19 14:55:00,2018-06-26 21:48:35,2018-07-11 00:00:00
c1b370b659841b645967ebbac6a5adae,cca3a432a978d0171edb9e9ccf167bc2,delivered,2018-04-25 23:37:39,2018-04-26 23:31:48,2018-04-27 08:29:00,2018-05-15 19:06:52,2018-05-23 00:00:00
c9677a4babf96837ee697317b7963a92,eb4322f80db384bab3386bbcb619ecc1,delivered,2017-02-06 08:13:13,2017-02-08 03:05:21,2017-02-08 13:49:31,2017-02-14 13:27:33,2017-03-21 00:00:00
deff260a5916c04657b930c37209499d,8ad7eb18994a144bdc93494bf6bcbe36,delivered,2018-01-23 19:36:21,2018-01-23 20:04:04,2018-01-27 19:32:17,2018-02-15 16:45:30,2018-02-22 00:00:00
38fc09accaec15642b3f2ce5fc46ebb0,6c990de7a53efea103cdc236119b5c1d,delivered,2018-08-19 18:21:23,2018-08-21 04:50:32,2018-08-22 10:55:00,2018-08-30 03:24:29,2018-09-04 00:00:00
bab0a62e41a5f0abc7f04989cdd7a6fd,91fd5aa21b364a805141f532a7bfab2d,delivered,2017-01-20 20:33:49,2017-01-20 21:02:21,2017-01-26 10:32:23,2017-02-07 16:31:32,2017-03-14 00:00:00
b95df3cef5297e79ef709ba256518f6f,297dcf281305aabfee256d313076af2b,delivered,2017-01-31 17:19:01,2017-02-01 02:41:21,2017-02-01 14:38:01,2017-02-06 11:04:24,2017-03-15 00:00:00
8307cd7e144f9c61c639d115ee673bd3,63cdc93dd1c4ddb74a4e99978bb65488,delivered,2017-05-24 16:10:03,2017-05-24 16:22:44,2017-05-29 10:33:03,2017-06-05 13:49:59,2017-06-16 00:00:00
97df4160390cf20ee63b032b5a93d0e2,8a67f4176555ddc74a6e897968988a74,delivered,2017-01-26 14:12:54,2017-01-26 14:25:19,2017-01-26 14:44:01,2017-02-01 15:26:04,2017-02-24 00:00:00
e8745aa1fc53254235ceef55710dc6ab,2d15970d1c1a3b3671a4ad1718bc8c73,delivered,2018-08-01 11:54:32,2018-08-02 05:30:46,2018-08-03 15:26:00,2018-08-08 19:21:28,2018-08-23 00:00:00
32ee8636a1273b8d63c0bcedaba76ff0,83630d4bc2cf2f95fc1e41b054deb8ec,delivered,2017-12-19 23:35:40,2017-12-21 02:12:40,2017-12-23 00:54:55,2018-01-02 16:47:08,2018-01-24 00:00:00
6369478ccc25c089500c88305545244b,eb4201ee621ab44ff61deab8ce0e2ee9,delivered,2018-04-18 20:58:55,2018-04-19 02:51:26,2018-04-20 20:32:01,2018-04-27 19:54:33,2018-05-14 00:00:00
124989cec6f415c879769c699f3134e2,1298b31750ae11bc372f731e76d3a6f0,delivered,2018-02-09 21:38:59,2018-02-09 21:50:26,2018-02-15 15:14:23,2018-02-20 00:41:53,2018-02-23 00:00:00
cb6e8d89049744886ad04520d5e0b2f6,62a2c35611e8757e40fbbcecb3c9b2bd,delivered,2017-05-24 16:09:14,2017-05-24 16:22:42,2017-05-25 13:15:25,2017-06-09 04:55:26,2017-06-26 00:00:00
2f7b0d36ffcaf0277583329ded34c97d,891c884c518780ccdbf2d18cb8adb362,delivered,2017-03-09 11:44:39,2017-03-09 11:44:39,2017-03-10 10:05:56,2017-03-13 08:43:40,2017-04-27 00:00:00
18709eaac22345a27e1027cd4900b554,50b34e62e29fac12bf47dda803eb8f31,delivered,2018-08-09 16:49:26,2018-08-10 07:25:11,2018-08-20 12:28:00,2018-08-29 21:25:24,2018-08-20 00:00:00
691123bd7667e28df807da5274073e1f,a02c2320d8817ed7627ed4135a5cb33c,delivered,2017-12-15 13:55:36,2017-12-19 09:50:57,2017-12-20 21:57:08,2018-01-10 21:08:53,2018-01-22 00:00:00
8092da256aefda13b330290d2ca86521,090c54303fddc5393a9386f0ce454d62,delivered,2018-08-26 17:23:02,2018-08-26 17:35:12,2018-08-27 14:19:00,2018-08-29 13:22:51,2018-09-05 00:00:00
f2c78ae8a51c7fdd3c3f786f6dc49a6c,1fc9900fcdc29bc77cbb2125c60e2209,delivered,2018-04-12 15:14:06,2018-04-13 02:11:08,2018-04-13 19:22:50,2018-04-19 16:52:54,2018-05-14 00:00:00
afe00f151e2a9c5924b2edb95736c11c,0d554604c3b40dee69eca5c62176f905,delivered,2018-05-09 20:49:26,2018-05-10 03:49:47,2018-05-14 06:35:00,2018-05-18 20:32:32,2018-06-07 00:00:00
7e81c4cc31fd46f225b4441e179f78a1,0165da25e09d5c73a6d3ba6443d202f3,delivered,2018-01-22 18:33:35,2018-01-22 18:57:13,2018-01-23 16:24:54,2018-01-31 15:46:40,2018-02-16 00:00:00
134141b15902a79a3932a6f486de499a,2a417f0f0717eecc940b00012978be4e,delivered,2018-06-26 14:37:07,2018-06-28 02:15:52,2018-06-28 14:25:00,2018-06-29 20:32:12,2018-07-18 00:00:00
c85f30d2bcd5e2a640f2c99024171998,ae084cb1e2a35830d07bbeb2abc2210c,delivered,2018-01-30 12:00:43,2018-01-30 12:15:58,2018-01-31 19:05:43,2018-02-25 14:37:49,2018-02-22 00:00:00
8d9a9808c4a5546adb15d524d6ab2e91,3bb0f1d5881cfaf2de8eacdbe88b2d58,delivered,2017-01-26 16:44:35,2017-01-26 17:02:23,2017-02-20 13:52:07,2017-02-21 10:48:42,2017-02-24 00:00:00
90a35d6c7ac144ef7398458a2beb3963,88322ac54c0a72042d0dac336eea9fbf,delivered,2018-08-02 14:37:51,2018-08-02 14:50:20,2018-08-03 09:01:00,2018-08-09 22:12:31,2018-08-13 00:00:00
34fa619907e44766d5119a7ac48c56de,f851a04dcd8b9fde66d04b3aa11adbf5,delivered,2017-05-11 13:02:04,2017-05-11 13:15:14,2017-05-12 09:58:01,2017-05-23 11:46:25,2017-06-08 00:00:00
0dca3fc331e8c1be1dd82ecb2689f3af,c6ad98f73419be6655a1f88f97e8c5d2,delivered,2018-03-13 17:09:32,2018-03-15 03:31:35,2018-03-19 17:22:37,2018-03-28 20:22:49,2018-04-03 00:00:00
bbe9cd550cedc72e9c9ea15fe13bb91b,0f3e1ba8c59cc73f5957cc74d9e25698,delivered,2018-03-19 17:53:52,2018-03-19 18:15:48,2018-03-21 12:42:04,2018-03-22 23:55:47,2018-03-29 00:00:00
a305557a41b3c1889b8e0d9255f9ef1a,d84a9738d613b69719f0bac7a49a7b65,delivered,2018-08-28 12:38:17,2018-08-28 12:50:22,2018-08-28 15:16:00,2018-08-31 01:32:26,2018-09-05 00:00:00
69f5eed47613a9d3cd0ae94d398cdd4e,af65b5fb2830e00789e56d7b30e86b63,delivered,2017-07-14 10:40:15,2017-07-14 10:50:22,2017-07-17 17:38:11,2017-07-24 19:51:23,2017-08-07 00:00:00
9448533671e2c8e65a1bdedf43c778f4,eb443c6dafefb22480d9724b348ea97a,delivered,2018-03-23 15:30:07,2018-03-24 02:07:58,2018-03-29 22:18:46,2018-04-11 16:33:01,2018-04-20 00:00:00
6c3ebcad285020fe222c1bff5a23b15c,cd483fb7ce181dd4fc4c8c77d676536e,delivered,2018-04-25 11:11:13,2018-04-25 11:31:32,2018-05-02 11:28:00,2018-05-08 20:32:16,2018-05-18 00:00:00
dfd954e67c5eeaa6432cdc40a6b66d73,c6e5dc26706e556b6e6cbe4321670954,delivered,2017-01-23 19:32:38,2017-01-23 19:45:09,2017-01-27 11:47:32,2017-01-30 12:44:19,2017-03-02 00:00:00
d7a903a05d84644e6e872b9c626d7fc6,0bfea02831694ac939ae7d1ad14287b6,delivered,2017-08-02 13:12:25,2017-08-02 13:25:21,2017-08-03 18:55:56,2017-08-04 21:03:24,2017-08-15 00:00:00
cc8978e74f4d8907fbad695ee3f7f933,fd92bf50851f9d351ff9f16d79a31971,delivered,2018-06-04 09:53:26,2018-06-04 10:50:50,2018-06-04 12:10:00,2018-06-09 02:03:50,2018-08-02 00:00:00
88503051b9833f27c9492939bcfe2a6a,252958ad9cd878e5fd02fdbae229fcf4,delivered,2018-07-16 16:25:10,2018-07-16 16:40:23,2018-07-18 12:31:00,2018-07-23 20:16:54,2018-08-16 00:00:00
ea6ce509b0aa60471f0b6c0029797d6c,e9042972821553d66af10bb64fffd0fe,delivered,2018-08-12 17:52:19,2018-08-12 18:05:18,2018-08-14 13:52:00,2018-08-28 04:26:34,2018-09-10 00:00:00
9ad89864a2f76f00c0d73d78e7a6aa1e,39e52e1fc6a7010d5955e2ad06340510,delivered,2017-07-15 19:02:17,2017-07-15 19:10:20,2017-07-18 17:47:48,2017-07-26 18:33:05,2017-08-15 00:00:00
64d493ad39cf733d3cc70821e69208a2,6661e2a6cecf3a60ff9b6e614ebf9926,delivered,2017-03-02 10:32:50,2017-03-02 10:45:09,2017-03-03 09:32:35,2017-03-17 15:38:29,2017-04-04 00:00:00
c5bdd8ef3c0ec420232e668302179113,5af78bf1a82a2660d1e3fd78c645f58f,delivered,2018-04-27 12:37:10,2018-04-28 02:55:22,2018-04-30 15:38:00,2018-05-05 16:22:05,2018-05-23 00:00:00
395630df55589c28c5dbf91e72f7ca90,208096b174831ee39a5aa435673d1be8,delivered,2017-02-03 16:13:58,2017-02-04 02:22:11,2017-02-06 10:47:24,2017-02-08 18:48:25,2017-03-10 00:00:00
be13c8dcfef55266122ed7d751f92ce3,92dc1467d2ba256b84a991c5a3218221,delivered,2018-04-20 10:21:38,2018-04-25 04:11:22,2018-04-25 13:38:00,2018-04-30 19:24:42,2018-05-15 00:00:00
964d7960d6a2fad0dbe19f9365bfac2d,bcedc39b5161851e34292ddb63cee414,delivered,2018-07-24 09:46:25,2018-07-24 11:24:22,2018-07-24 14:55:00,2018-07-27 18:36:39,2018-08-07 00:00:00
e48949fd6c2be8f0fa6dd91af8f0f50e,94ffefe39393f5189eb81b8a023fdb3d,delivered,2018-07-19 19:59:06,2018-07-19 20:10:19,2018-07-20 12:31:00,2018-07-27 20:57:28,2018-08-17 00:00:00
efc734aa0895a5973f3e783a742f1119,9e7ba5e8f54ad8293a1da0e2e458b4b4,delivered,2017-01-26 12:45:40,2017-01-26 12:55:25,2017-01-27 11:47:54,2017-02-13 08:25:02,2017-03-08 00:00:00
beeff7037aa708c19973290382629a4c,ae110dc6d8fbfd770a279c10fdb11356,delivered,2017-01-26 18:54:48,2017-01-26 19:05:17,2017-01-27 08:03:19,2017-03-11 08:57:39,2017-02-20 00:00:00
06f5f6139b33f53defc64643f1252d53,cbdced3b7732432c679e661c4bcb77e4,delivered,2017-01-17 14:50:19,2017-01-17 15:02:24,2017-01-20 14:14:14,2017-01-30 14:36:28,2017-02-27 00:00:00
5d36e8ca3ccd1262b7641467fdba0b8e,3b2b96751131c948164edc5d21d27abb,delivered,2017-01-27 12:10:46,2017-01-27 12:31:29,2017-01-30 10:26:15,2017-02-08 18:42:20,2017-03-20 00:00:00
db0b12b763f716df3f27218724161479,84670f973f394ff5609861af7d0157ae,delivered,2017-01-20 19:22:40,2017-01-20 19:31:22,2017-01-23 11:29:09,2017-01-25 17:17:57,2017-02-28 00:00:00
9aa3595de5e0569f4e0762bf2d005d19,90f093b16c1977166c8e28f32e871c9b,delivered,2018-08-19 11:38:38,2018-08-20 11:30:17,2018-08-21 12:01:00,2018-08-27 16:26:43,2018-09-19 00:00:00
523a8bb981fdb61599630fe01b89f642,a4788192f4152e96cc73fcc1df791f21,delivered,2017-11-29 15:20:12,2017-11-29 15:42:52,2017-11-30 15:02:44,2017-12-14 21:33:40,2017-12-22 00:00:00
c26f6a2ea3a573319aa40ffebdc1a43a,e6d36fc2a64c3a513e9c571b664bbb8d,delivered,2017-10-14 17:22:59,2017-10-14 17:35:18,2017-10-16 16:13:26,2017-10-23 19:17:56,2017-11-06 00:00:00
162b56a349cbc23e6ff66357119607d1,f24cfdb0cd7dad2f826e856d9c64751c,delivered,2017-06-26 12:40:35,2017-06-27 04:15:13,2017-06-28 16:33:38,2017-07-07 19:46:30,2017-07-21 00:00:00
3d6002f122e72a5d6e07d4c54e79e3a4,b64829ad9cd22c94718e7000539cd318,delivered,2018-03-21 18:59:56,2018-03-21 19:10:24,2018-03-22 20:34:01,2018-03-23 14:53:28,2018-04-03 00:00:00
5d389775a013b9eb8fcdab4cdc1eae1d,1004ffe8679b2e76e70417c5224b71ee,delivered,2017-02-03 16:25:13,2017-02-03 16:35:17,2017-02-06 13:27:11,2017-02-10 10:51:54,2017-03-14 00:00:00
b3d71a2000f053668c1baac73b5fe4d7,331433a5f105c6ecb2be21818b8c142a,delivered,2018-07-17 00:32:45,2018-07-19 02:45:21,2018-07-19 13:41:00,2018-08-03 15:08:52,2018-08-03 00:00:00
c3ec5c70256966fe8951602e15e63495,5679bf4d0900a0e28ce699536c8c3e43,delivered,2017-02-18 14:36:49,2017-02-18 14:50:12,2017-02-21 13:08:05,2017-02-24 08:14:01,2017-03-22 00:00:00
78ed31442f1dba103a38d372eff51503,4f7b2f92ad2feeff85cb8762ba1835dc,delivered,2017-08-16 01:22:45,2017-08-16 02:45:07,2017-08-22 21:25:36,2017-08-31 17:52:43,2017-09-15 00:00:00
2591dc67686367f1aa9b8f09497f8bde,7ea865da6505a5ead00679c077371742,delivered,2018-06-08 19:56:41,2018-06-08 20:49:38,2018-06-11 12:04:00,2018-06-12 11:06:32,2018-06-19 00:00:00
d95dc7171d00d08c5e2c57e693161db7,7b3d05c4caf39a73850b896d45d034c9,delivered,2018-03-03 17:28:48,2018-03-06 03:50:58,2018-03-23 20:48:33,2018-04-05 22:27:35,2018-03-27 00:00:00
cf3953190a955e0f2e4a8552279713b8,fdf2fde76977db18487346f9febd301a,delivered,2017-11-28 18:03:32,2017-11-28 18:16:49,2017-11-30 01:28:36,2017-12-05 19:33:46,2017-12-12 00:00:00
bacfb12b369a42b37e0246c786bf4637,d1ecae988f85309f883f1769e625b565,delivered,2017-07-11 10:15:47,2017-07-13 02:55:59,2017-07-13 17:47:28,2017-07-17 17:19:53,2017-08-04 00:00:00
742bb86f369fadd10d68946fd903aaed,acebd967d532546739f68217c058b29b,delivered,2017-08-31 10:28:39,2017-08-31 19:55:12,2017-09-01 21:22:33,2017-09-05 18:43:04,2017-09-13 00:00:00
d3ba6df689ba5bceee30291f5a28e7bc,12002ccd72a0a43cf74c0a1def33df71,delivered,2017-07-06 07:47:37,2017-07-06 08:03:05,2017-07-06 13:58:16,2017-07-07 20:16:50,2017-07-19 00:00:00
5aca16835e759ea6a7e1d4369d0ce451,9dba33766e5d1426fba004cea912b1f6,delivered,2018-05-15 21:45:45,2018-05-15 21:55:18,2018-05-16 14:59:00,2018-06-06 19:22:51,2018-06-14 00:00:00
6c3a3ae2b1580cb06944870e258eec3e,eb995bc1611b219cad26b592d67d961b,delivered,2018-02-28 14:52:54,2018-02-28 15:12:06,2018-03-02 18:43:10,2018-03-08 15:04:26,2018-03-20 00:00:00
c1e9df16ff9d33f95cd4e24e6e064c38,00a7f9b60493b4b11601b42e5f31eac9,delivered,2018-06-03 17:23:48,2018-06-03 17:30:28,2018-06-04 14:37:00,2018-06-05 21:05:09,2018-06-29 00:00:00
a7c5388d858597ae7ca4e4a1dec8eeca,329a43b53ea6c822baaf29e41c49874c,delivered,2018-01-06 17:56:19,2018-01-06 18:06:42,2018-01-08 19:54:14,2018-01-19 18:16:35,2018-02-06 00:00:00
5bb9511e1d233eedad299acb511799f2,45f294770c10f58eec67ace0aac0cc5c,delivered,2018-04-12 09:55:13,2018-04-13 02:32:13,2018-04-17 01:03:59,2018-05-02 17:26:50,2018-05-15 00:00:00
b0e9f35ef740c711cb29c8d779388062,9c5d4f7696c5995b5f6034a0597c8a40,delivered,2017-05-31 19:20:12,2017-06-01 04:10:30,2017-06-07 13:35:54,2017-06-12 12:08:05,2017-06-21 00:00:00
484bc55c468ac3e8d5ca1ab45b24ff99,3d06c5a21253c48236d840250d9f8a6c,delivered,2018-08-18 01:08:45,2018-08-18 01:29:45,2018-08-20 14:30:00,2018-08-25 01:14:41,2018-08-31 00:00:00
ba6db6908932a9ed2a611c82ef295d37,ba06469dfb61ced36ea2962bf482aeef,delivered,2017-03-20 00:54:38,2017-03-20 00:54:38,2017-03-20 10:20:20,2017-03-24 10:07:38,2017-04-12 00:00:00
1c8c848f0ae6345dce75efde3c535160,4997cdbc9226ecc25242048bb5fc425e,delivered,2018-03-16 20:42:29,2018-03-16 20:55:50,2018-03-19 22:23:46,2018-03-23 03:04:10,2018-03-28 00:00:00
f935cc50d7d3a005676cd1093b419595,f19dd3335ad4682efcefd703e6cdcbce,delivered,2018-02-17 19:38:13,2018-02-17 19:50:28,2018-02-21 19:38:48,2018-03-06 14:39:45,2018-03-26 00:00:00
0379c7b005e9be5439462ece4e356341,3d5851730e87c65aa5fc8e706c859c84,delivered,2018-02-21 10:52:51,2018-02-22 02:15:45,2018-02-24 12:52:53,2018-03-12 23:05:00,2018-03-20 00:00:00
4a5470dfcf2368971425d5aa451cf3b9,164b2e68b56b3a3c524b71946bc521ed,delivered,2017-08-26 17:43:30,2017-08-26 17:55:09,2017-08-28 14:17:42,2017-09-05 14:49:04,2017-09-21 00:00:00
7f724def94965291ea5556ad34f72a3a,3223f721ba6af6d7361670b433dc004e,delivered,2017-10-26 15:34:49,2017-10-26 15:49:34,2017-11-01 20:34:56,2017-11-13 20:38:56,2017-11-21 00:00:00
c4669e882068cc0ade2697ed2169326e,c576a1a325ba3b60368566f78dd51aa1,delivered,2017-01-24 21:44:24,2017-01-26 21:45:18,2017-01-30 11:40:14,2017-02-08 04:23:28,2017-03-21 00:00:00
719312efa72d95b357250140f48b778f,1162e7dc369b967089d15a728f133289,delivered,2017-08-07 23:08:18,2017-08-08 00:40:19,2017-08-08 17:40:18,2017-08-16 16:04:12,2017-08-29 00:00:00
d93ed72dc9abec13f2ad4ae2e531fada,9be67965f67f19522cda601a9a3719b1,delivered,2018-07-02 00:04:53,2018-07-03 00:10:45,2018-07-03 17:14:00,2018-07-06 11:28:41,2018-07-20 00:00:00
55d56409f0dbe0e3681f5a486ae0cce1,45d40275f2be030c1ea7198a16a53e67,delivered,2018-04-16 16:54:21,2018-04-16 18:15:37,2018-04-17 21:42:40,2018-04-24 20:44:49,2018-05-17 00:00:00
968cb5ac821d8c165eb1bec7d47eede2,27cc322bb85700e18e5797045540d347,delivered,2018-05-15 21:18:57,2018-05-15 21:35:47,2018-05-16 10:45:00,2018-06-04 21:33:18,2018-06-11 00:00:00
7c83cd570176d1b7e42606920fd81d81,3e30a714244b6788f9fe5637911da9b2,delivered,2017-02-26 15:05:41,2017-02-26 15:21:51,2017-03-08 14:51:45,2017-03-13 10:04:00,2017-03-22 00:00:00
15a87de4d6c4996cbee619479ddfe71e,5ab0cf98530afe73920c05b432a8311a,delivered,2018-03-09 23:00:38,2018-03-09 23:10:32,2018-03-13 00:24:36,2018-03-20 17:33:04,2018-04-02 00:00:00
19e2f4888f56504ec0f7e0765c9e36dc,9c0e3045a57e330c4f5665cbdf7dae61,delivered,2017-10-28 18:16:38,2017-10-28 18:30:22,2017-10-31 14:00:04,2017-11-01 15:39:51,2017-11-10 00:00:00
cf91dadab9111371ef3973e8febe8d3e,dc9e82627f0e62b0ea6e7dbfd3de003f,delivered,2018-07-13 14:28:26,2018-07-13 14:55:25,2018-07-16 14:54:00,2018-07-23 14:50:55,2018-08-15 00:00:00
2a80be7c365bb224ec513f04f13c9f29,3b3b2bf51ea4fc2d70b62f4ef77861e1,delivered,2017-02-26 11:21:11,2017-02-26 11:30:17,2017-03-01 11:06:03,2017-03-03 11:37:07,2017-03-20 00:00:00
8bd792653995ae5a2e101887d982b39a,5e02cb9fb59349f6b16383308517111e,delivered,2018-03-15 09:32:55,2018-03-15 09:49:30,2018-03-15 19:16:32,2018-03-19 17:12:18,2018-04-12 00:00:00
a9b132fc9b030211c2850f5495dbbd5a,a9540572aa20e37a51ce914aad8fedce,delivered,2017-11-09 14:53:09,2017-11-11 02:55:43,2017-11-14 15:56:48,2017-11-27 20:07:48,2017-11-30 00:00:00
33d1c541fe62cc7e7de82f1a6f7209f1,4da02003088ff69e3a0ae3db17d648f6,delivered,2018-07-05 19:45:19,2018-07-05 19:55:13,2018-07-06 10:04:00,2018-07-11 22:33:46,2018-07-24 00:00:00
9325417ccf2008bcf613acffa684a24e,b1a6bcae800140def45ddd009ae295b9,delivered,2017-07-18 09:32:43,2017-07-19 07:10:14,2017-07-19 22:57:21,2017-07-24 16:14:38,2017-08-09 00:00:00
1b9b3a976302524d2f05a417b095afb1,bd1b88786f972966bf49b41f47fb09ba,delivered,2017-12-01 20:54:52,2017-12-01 21:32:29,2017-12-06 17:15:38,2017-12-12 19:06:15,2017-12-27 00:00:00
28b3a0c20aef4102b44f6928bdcffc7d,97531ebafad8d20f98c8d2a6c6ce5369,delivered,2017-04-07 08:56:41,2017-04-07 09:10:15,2017-04-07 16:50:26,2017-04-10 14:57:59,2017-05-11 00:00:00
811fb2c7e16f59a332b36c2c87798007,81921bafc07562f0142847712f79bf7d,delivered,2018-07-18 10:08:03,2018-07-18 10:15:19,2018-07-18 13:31:00,2018-07-23 23:12:35,2018-08-07 00:00:00
c900c2a8fb7c9834925f3110fd7ed231,2f0d1c8de308c2884ad45bec537ddfe0,delivered,2018-01-11 09:25:53,2018-01-13 04:55:06,2018-01-15 10:52:03,2018-01-26 19:41:35,2018-02-08 00:00:00
e08de031276032b05881e30eac0860c9,6e8c1982f98054e1b60a4a3ecfec3fdf,delivered,2018-07-28 13:11:23,2018-07-28 14:30:29,2018-07-31 13:45:00,2018-08-07 18:22:03,2018-09-04 00:00:00
ada2aa22aa5d4a7ae4092124f8974813,cd2f24505004f52854f50cae51d90f9b,delivered,2017-09-26 19:37:01,2017-09-26 19:49:15,2017-09-27 17:39:00,2017-09-30 12:37:52,2017-10-18 00:00:00
b8b331821864531800f736e470ad836b,8a37841ad3480537ef81cece1aa55083,delivered,2018-07-12 13:43:12,2018-07-13 03:05:14,2018-07-23 15:59:00,2018-07-27 18:31:23,2018-08-07 00:00:00
5281594b70a5c7ed8821c77aae621155,d3af09c13ffb8065ae3a525c65c5c103,delivered,2017-09-17 09:56:38,2017-09-19 03:38:18,2017-09-19 18:12:58,2017-10-03 18:42:18,2017-10-13 00:00:00
df60585f4cb85bc7e7b6531f59920613,602b4e6be5cb77a7b9eb85ee3aaf4f85,delivered,2018-07-16 10:33:02,2018-07-16 10:45:20,2018-07-19 14:21:00,2018-07-24 15:22:10,2018-08-06 00:00:00
318cbbe8d7e81a3901639555be1e8041,7582437bba4cf37d2cad8d01a138504f,delivered,2018-08-07 09:12:17,2018-08-07 11:44:51,2018-08-10 13:23:00,2018-08-13 16:31:53,2018-08-14 00:00:00
a969ea7670f417da58239666920e9a97,d7d19b248d66badaddcbc1e2277712e8,delivered,2017-08-11 11:09:29,2017-08-11 11:25:07,2017-08-11 16:50:13,2017-08-23 17:30:48,2017-09-13 00:00:00
0d5fb8614978748bcfbef448c8a74a17,33a3023585bff9c06044bdcd92c95b4b,delivered,2018-08-06 10:00:44,2018-08-06 10:15:30,2018-08-07 15:47:00,2018-08-15 21:19:33,2018-09-06 00:00:00
af045d3e5d7082db57d5b5dde3c0c97b,a9b9a53638de923fe716af6a58c14a68,delivered,2017-02-01 11:13:37,2017-02-01 11:25:16,2017-02-01 12:25:20,2017-02-07 17:42:48,2017-03-02 00:00:00
75086a2f175d1548f12ffd72be9d06a7,69d1ab2fd89df4745d920bbb77e5d50f,delivered,2017-12-04 16:22:29,2017-12-05 04:15:39,2017-12-08 02:43:04,2017-12-21 22:27:07,2017-12-28 00:00:00
be087f2e4d527446e82a0e44d5f95d34,aae5cb468884f1da9e17f0da2c25c9c4,delivered,2017-02-02 11:41:13,2017-02-04 02:22:27,2017-02-06 12:45:50,2017-02-10 09:47:50,2017-03-13 00:00:00
6643fcf7be174c77fb72dea37c92aa19,2272103eacfced4298c7b99e2795f403,delivered,2018-01-11 14:56:04,2018-01-11 15:10:30,2018-01-13 00:03:34,2018-01-15 15:55:04,2018-01-26 00:00:00
2dd3e9627a0cec07b3092f404934ce6b,7e19f4a49cf2f5c0ea08901336e3d9da,delivered,2017-04-23 18:16:54,2017-04-23 18:30:30,2017-04-27 11:05:36,2017-05-25 13:19:26,2017-05-15 00:00:00
47c6cbb371cb3681d7d52cbb6ad3f94a,b0941d2a497ff83097f4334c9ac59d8c,delivered,2018-02-09 10:33:41,2018-02-09 10:49:11,2018-02-14 15:15:24,2018-02-16 13:17:03,2018-02-23 00:00:00
0e1628ef32043a2e0c0d7152af698bd1,43798f254097cd1ae79c084d3c697ee3,delivered,2017-05-01 10:30:43,2017-05-01 10:42:46,2017-05-04 11:52:59,2017-05-08 07:42:07,2017-05-23 00:00:00
0670e42d70788dc30446908644d4cd74,a8b4e86b09a6751205acdf4a5d8e6ee0,delivered,2018-02-22 11:41:40,2018-02-22 11:51:11,2018-02-26 21:44:50,2018-03-08 18:49:45,2018-03-22 00:00:00
40a601b71bfefbc0f6a7566b0d201fad,45fd0f4002588ad41ef11b08ec4cf2ce,delivered,2018-04-17 01:30:10,2018-04-17 01:52:09,2018-04-20 21:43:47,2018-04-27 20:39:01,2018-05-23 00:00:00
76bd9ce8aa3ce93bd913f3ec17f66790,35f26e073ace0e3cd12f259eb5c75fb8,delivered,2017-01-24 15:37:05,2017-01-25 02:50:35,2017-02-09 15:18:16,2017-02-17 16:16:10,2017-04-24 00:00:00
cef5e3ca97aed8bc63fe5f55a26633a6,9725311a745485cdbc57eb469008bab3,delivered,2017-08-06 00:19:53,2017-08-06 00:33:20,2017-08-09 20:07:43,2017-08-23 21:22:31,2017-09-12 00:00:00
3b3ef4cb2acb79f0af542185bc12bdcf,72bd1c8873962ddf5f3ab148eea75818,delivered,2017-11-28 08:28:57,2017-11-29 02:23:18,2017-11-30 19:45:31,2017-12-02 00:42:10,2017-12-12 00:00:00
f15c4b4b43ba09c074b6eddcf72a902e,d727542c0e0a218efe5ac4b614f08833,delivered,2018-03-04 13:00:52,2018-03-04 13:15:34,2018-03-07 02:09:08,2018-03-14 22:24:49,2018-03-22 00:00:00
95234ae57878debe0afc15b3d5bcbc48,21ebc323917f5faf55a909e786e6741d,delivered,2017-09-14 22:09:13,2017-09-14 22:24:16,2017-09-19 12:07:04,2017-09-21 17:12:00,2017-10-09 00:00:00
89a0a77e08de8ab75948884f114d9cbf,77f22e8b0c6bae08b11ada6ef930f1bf,delivered,2018-05-10 13:57:15,2018-05-11 13:55:24,2018-05-19 06:14:00,2018-06-13 20:26:37,2018-06-05 00:00:00
88ebb2a5aa88ce5fd1f73a821e27bb43,d0bd0b10b6696336a0cf1df6a25ba21d,delivered,2018-08-21 21:36:22,2018-08-21 21:50:16,2018-08-22 12:48:00,2018-08-30 01:12:35,2018-09-18 00:00:00
4fc7ee0d4813a5443edc4f7348eaad58,08e6bea8018626bc5edb8c3eee3c8b85,delivered,2017-12-14 19:01:32,2017-12-16 10:19:30,2017-12-19 20:32:10,2018-01-11 00:14:43,2018-01-19 00:00:00
fb34957b24cfaa3c67835b67097b45e6,062d526eabc36e995e3a9ce353894fcb,delivered,2018-03-04 19:52:36,2018-03-04 20:09:29,2018-03-07 21:24:57,2018-04-18 19:35:46,2018-04-05 00:00:00
25d6858f3b1d2f332623bdccb12db9eb,e995d6e83758ed9aa3ed2127fd24cc66,delivered,2018-08-04 15:23:53,2018-08-04 15:50:07,2018-08-06 16:45:00,2018-08-09 18:10:47,2018-08-28 00:00:00
b86149c8139bc8a77792c2b24942a0db,d08fccfa54819f3ddc4a30e30b4a0565,delivered,2017-06-05 18:44:05,2017-06-05 18:55:17,2017-06-13 13:20:17,2017-06-14 14:42:39,2017-06-26 00:00:00
c6ab8a5c6fbd3bf57e9ad8407d950cc6,a9b0d1c26105279e1b8edc63d06bd668,delivered,2018-01-29 11:04:44,2018-01-29 11:21:15,2018-01-29 22:37:54,2018-01-30 20:37:59,2018-02-14 00:00:00
72e93009f1735bbd1de92c45ec1fe3c5,3276e938808e31ea43a1fab43dda3707,delivered,2017-09-20 08:59:41,2017-09-20 09:15:12,2017-09-25 17:07:49,2017-10-05 11:51:54,2017-10-09 00:00:00
79847bdf9821dfcc7a036271d0c6044b,ba800c3db2f86dbeddfb9824aa2b35ac,delivered,2018-07-05 09:14:52,2018-07-05 16:31:21,2018-07-05 14:19:00,2018-07-06 17:41:50,2018-07-18 00:00:00
b8b755f4dbfb058b20c5c4ef662ddc9f,36d53e516a44e61c73a33f25619f1980,delivered,2018-04-04 16:43:47,2018-04-04 16:55:35,2018-04-10 21:21:07,2018-04-18 12:12:53,2018-04-30 00:00:00
9d19b33124e905478b868d1eb916a01a,b11668de4b31ae737a17321c8bd45876,delivered,2018-03-20 15:49:21,2018-03-21 02:55:57,2018-03-21 22:24:40,2018-04-09 19:04:12,2018-04-06 00:00:00
73de28dd75c1a15abc8a5fb46fb734b6,5f896bc340a1f2bb50dc88b9f9ef7bd3,delivered,2017-09-18 12:57:19,2017-09-18 13:05:20,2017-09-20 13:48:26,2017-09-23 13:37:57,2017-10-04 00:00:00
db29d18874ddbb8ca9f062c7b801a4e6,ba852190288fc72ca2cbd7f1f891daca,delivered,2017-07-16 22:36:09,2017-07-16 22:50:21,2017-07-17 16:53:56,2017-07-20 19:51:20,2017-08-04 00:00:00
0bd92af478239fae08847d13e9fd8617,4d4f9c5434e6be54599e84421b48e384,delivered,2018-04-19 09:31:18,2018-04-19 09:52:37,2018-04-19 21:52:43,2018-04-25 21:07:32,2018-05-14 00:00:00
e42b4cff5d459fc447019421a3cc5706,a91290410a471b445d4c17aaa10a3c2d,delivered,2018-06-03 12:40:45,2018-06-03 12:50:18,2018-06-06 14:30:00,2018-06-18 19:42:34,2018-07-13 00:00:00
3aa2600d02e113fa1145a76a2e90185f,0c5de0bf7d0d8900b388eaf6eb1a66d6,delivered,2018-06-29 15:06:22,2018-06-29 15:15:15,2018-07-05 14:11:00,2018-07-12 21:42:45,2018-07-30 00:00:00
0b1e77ab8db5ec5c6af5514bcdf20240,d352299ea54f781314939010d505a9af,delivered,2018-02-12 17:58:36,2018-02-16 07:55:56,2018-02-21 22:22:04,2018-02-23 17:35:35,2018-02-26 00:00:00
920660e6627be7877e8f70d72c8e398e,e3f2ac0537ae2216c0a6014c8d1745f0,delivered,2018-05-09 13:50:47,2018-05-09 14:15:08,2018-05-10 15:15:00,2018-05-16 12:18:49,2018-05-28 00:00:00
d85dd7b0f1c5839ad5b3cde77f196e53,57963369ce5c1c7b0b1fe618588de83d,delivered,2017-03-24 10:08:36,2017-03-24 10:23:19,2017-03-28 13:08:14,2017-03-30 18:48:54,2017-04-18 00:00:00
b8297ee8722ce94cc9a2e9263124cd36,7c852d7bbf1b4c00b69926f3b380e288,delivered,2017-01-18 00:31:51,2017-01-18 00:45:47,2017-01-18 10:32:15,2017-01-30 11:51:53,2017-03-02 00:00:00
8ab9b41f4fa44e65eabf1c4139e415a6,bf90c9739e44dd9e3f1af117ba6ab250,delivered,2018-07-16 09:24:38,2018-07-16 09:44:20,2018-07-16 13:39:00,2018-07-23 14:41:47,2018-08-09 00:00:00
ec48402bbc28b1e4f252da4031bd502a,ea28df51bed45fdaa24c4fddfe7cbaa1,delivered,2017-07-17 20:29:19,2017-07-17 20:43:21,2017-07-19 17:16:55,2017-08-28 19:49:49,2017-08-18 00:00:00
7d513824c667a2e85bbf10cb740bf289,2a6d528bdc943b263029c518703f5367,delivered,2018-03-29 22:10:38,2018-03-29 22:26:46,2018-04-16 13:44:58,2018-04-23 22:42:06,2018-05-03 00:00:00
4d2c3fb1909604d5f9474e4675971ef2,2cb0c084ec56c7fc7d6278cdd8787670,delivered,2017-01-29 14:05:53,2017-01-29 14:31:49,2017-02-02 16:10:18,2017-02-15 17:27:46,2017-03-20 00:00:00
1c75d337e19f5c35ad9fd80d51153208,4dff08f22a5b8992c54b951f8fbc6885,delivered,2018-01-28 20:51:19,2018-01-28 21:18:19,2018-01-30 02:19:08,2018-02-06 20:22:41,2018-02-26 00:00:00
3139cd96bee99e023a4a899b9ffc5de4,173feff09747a0b5cd55c9595810b5ed,delivered,2018-01-17 14:47:40,2018-01-17 14:58:23,2018-01-18 23:04:42,2018-01-26 21:13:39,2018-02-09 00:00:00
b22b9811c2074480cc93f9e8b8e4c8b5,3d5611fadabfffc730fbbffaeb7cecbf,delivered,2018-06-03 13:21:09,2018-06-03 13:35:12,2018-06-04 15:14:00,2018-06-09 19:41:41,2018-07-27 00:00:00
6b3ff248b137a5f8d4efe61a1fd4ebbc,f01265d4a727959f6735b9029567b708,delivered,2018-05-09 09:17:47,2018-05-11 02:57:54,2018-05-11 15:31:00,2018-05-14 20:42:12,2018-05-18 00:00:00
e00a6c9e0c7028b7284c5082d59ae5f6,6c73bfa4f394204981e1c9217056e5a6,delivered,2018-07-11 20:47:31,2018-07-11 21:06:09,2018-07-12 12:56:00,2018-07-23 18:38:38,2018-07-27 00:00:00
7643003db706885af24736e3a12e76bd,c715072863363b451f8de00e1b2eb9d4,delivered,2018-04-20 14:48:42,2018-04-24 19:09:38,2018-04-23 19:28:49,2018-05-03 20:09:48,2018-05-18 00:00:00
959815491185d6d44b4adfb9caaf3b9f,c81491642e6cb5de152793df9069b300,delivered,2017-03-12 11:12:01,2017-03-12 11:12:01,2017-03-14 10:58:26,2017-03-27 12:56:07,2017-04-18 00:00:00
5d103f49c32225c353410679f8e90880,cc483e04990291b36653b10bf8b7b660,delivered,2017-11-24 08:54:06,2017-11-24 09:12:32,2017-11-24 21:14:51,2017-11-30 21:39:09,2017-12-19 00:00:00
f85c3dc1fcb73177a8b063582d72e630,5d53cf7d06f7d471c05fdc316fd16736,delivered,2017-05-15 21:22:49,2017-05-17 03:55:27,2017-05-17 10:04:08,2017-05-22 13:33:11,2017-06-02 00:00:00
9570076bd35deeec20575eb8e0540131,bf1e5fb309f9198b917402139755d377,delivered,2017-08-22 22:45:50,2017-08-24 03:11:10,2017-08-25 15:39:15,2017-08-30 17:15:49,2017-09-29 00:00:00
ff42eee9423ebc7d468a3709e1cbefb7,e88a38745875de352d6a135b7d3f11af,delivered,2017-01-16 09:56:45,2017-01-17 19:45:18,2017-01-20 17:35:56,2017-01-26 16:01:40,2017-02-10 00:00:00
02605c218285d02df75a255f13396f1e,b1416ec5bad2d6fed050cd451470e76a,delivered,2017-01-31 17:43:09,2017-01-31 17:55:11,2017-02-01 02:07:32,2017-02-14 12:47:51,2017-03-13 00:00:00
259ed824424260153076008ccc088840,44f360f66ed7f696c225bc804507345c,delivered,2018-03-01 15:12:33,2018-03-01 15:35:47,2018-03-02 01:26:44,2018-03-07 20:48:46,2018-03-19 00:00:00
bb06ae08acf9f68602e0b913282b62bc,010ff86be8e9b1a1ae1868dc64b05f21,delivered,2017-10-17 08:59:24,2017-10-17 09:14:12,2017-10-19 17:13:59,2017-10-26 20:32:48,2017-11-13 00:00:00
db5aee77fcd1883e2dd15e342cc42493,d1131794d82aa36cae0aef34908b9536,delivered,2017-04-20 11:05:45,2017-04-20 11:21:44,2017-04-27 10:22:52,2017-05-04 15:27:33,2017-05-12 00:00:00
37db66be8ce4684e201e94e4ce19944d,562dd29ca3452640d5238819d119fce4,delivered,2017-09-13 17:30:36,2017-09-13 17:43:56,2017-09-14 17:42:30,2017-10-05 15:03:00,2017-10-30 00:00:00
386a7bf9de133efa1516c4145330f3a6,99b1186e2fae32c38bfaa3f00ea6f973,delivered,2018-07-30 19:13:09,2018-07-31 04:05:50,2018-07-31 13:52:00,2018-08-03 20:06:47,2018-08-16 00:00:00
366ad1dd93fb7f77b686017bc779447b,39b7ba7f041b8f4db4cac87e9b31a838,delivered,2017-08-30 20:57:12,2017-09-02 10:44:26,2017-09-04 15:46:03,2017-09-11 19:32:33,2017-09-18 00:00:00
8a1afda75a802a8a5dd950aa81756f49,216ca7984f36f840df4e983b578856d4,delivered,2018-01-03 16:05:40,2018-01-03 16:31:29,2018-01-05 17:52:09,2018-01-10 20:08:26,2018-01-26 00:00:00
bfbe5ec8665cf556e806616b9620be05,b4f19e979072ee328598342b2db466cb,delivered,2017-11-19 21:55:49,2017-11-19 22:06:30,2017-11-22 17:51:11,2017-12-01 21:19:29,2017-12-18 00:00:00
bf77be9e5c844064520fc976a02eba7f,e6529280d21312196f2b9003c89a53fb,delivered,2017-10-23 10:33:47,2017-10-23 10:50:11,2017-10-23 17:24:13,2017-11-02 16:03:27,2017-11-13 00:00:00
ad8c386772f88caabcff4e2a8bee26d3,a23d8dea0a3bd895cfb02b2a56601b03,delivered,2018-08-19 12:30:10,2018-08-20 16:50:10,2018-08-21 14:16:00,2018-08-24 15:03:38,2018-09-03 00:00:00
89ab5609dfc901cc9824e0a62cbefe59,f84720b872b43060bf682acf0213705e,delivered,2018-03-01 09:10:11,2018-03-01 09:33:11,2018-03-02 20:56:45,2018-04-26 16:32:49,2018-03-23 00:00:00
126b56e36148dafa96b5705c766ab2c0,33add7528833f57795e0549ea17dd0b3,delivered,2017-03-02 12:17:57,2017-03-02 13:06:05,2017-03-08 14:49:41,2017-03-15 13:10:12,2017-03-27 00:00:00
4eb3a441cbc81bd1c7d4449e569ae605,79a8a1cf74f02d3c312f7543733b8c85,delivered,2017-03-05 23:01:56,2017-03-05 23:10:20,2017-03-07 06:57:52,2017-03-15 15:11:54,2017-03-23 00:00:00
c45a8b174ec48970c3ab42171bc702fb,46d53525c7c06a217335907695daae66,delivered,2018-02-19 14:49:28,2018-02-21 06:05:38,2018-02-24 18:16:55,2018-03-01 18:33:26,2018-03-12 00:00:00
b5569f238f8225742a0ca65b827d0456,d4c547df5739177e4e0b58fbf2004186,delivered,2017-12-16 14:02:34,2017-12-16 14:10:26,2017-12-19 22:33:32,2017-12-20 20:28:57,2018-01-05 00:00:00
b4a600b2f7cc0efe40a086465eca8799,2c03e5b9680aeca26ed87d369d4e097b,delivered,2017-01-26 13:32:04,2017-01-26 13:45:10,2017-01-31 13:59:17,2017-02-08 09:23:58,2017-02-22 00:00:00
072e34b42ad90d7472e9a798f19a6bdb,f246a20a11694afad71d2d9be547fbb8,delivered,2017-01-31 16:13:48,2017-01-31 16:25:15,2017-02-01 15:59:52,2017-02-10 17:56:13,2017-03-09 00:00:00
853927b32b0ebc007ece729a314338cd,be0e2abfe1e57a99b37f471ba7380aa6,delivered,2018-01-24 15:42:08,2018-01-24 15:58:13,2018-01-25 14:52:43,2018-02-21 00:19:44,2018-03-05 00:00:00
9160545c698bc7e9408b84405166f60e,32f4a143deeccca316ab15cfc81781b8,delivered,2018-07-27 11:46:04,2018-07-27 12:31:42,2018-07-30 12:10:00,2018-08-03 21:04:40,2018-08-14 00:00:00
b040969443a5b34aa13dd9fb64961d02,eb9bb0ce9f79bdfd32e6fcb1d4a1dd0c,delivered,2017-05-18 04:17:44,2017-05-18 04:25:10,2017-05-18 09:39:27,2017-05-24 18:14:32,2017-06-16 00:00:00
f79b8af9c83e40ce3234880ed7196426,6e1149d91b737dab3f76295f3551f73b,delivered,2018-02-28 20:41:39,2018-02-28 20:50:39,2018-03-01 20:12:23,2018-04-20 17:34:43,2018-03-27 00:00:00
de2076727d0a51dfe4889b9cf85198e6,10be035a9bd22d830de5c1ebf53e1877,delivered,2017-07-16 22:11:43,2017-07-16 22:25:19,2017-07-20 20:07:29,2017-07-26 19:33:12,2017-08-08 00:00:00
616b813dbea8acc9de0ca0380cd89b83,a779fb63d731a6f7af0e4ef34aebc9bf,delivered,2017-01-16 19:04:32,2017-01-16 19:10:16,2017-01-20 15:18:08,2017-01-30 15:41:52,2017-03-20 00:00:00
90f0e72dfebcd41e26656d079d881674,509efbe31adf8f6409b0fdb484d79208,delivered,2018-05-20 22:33:40,2018-05-20 22:58:20,2018-06-06 08:20:00,2018-06-11 15:47:50,2018-06-07 00:00:00
4617a1e4f74a5e42a73b281034db89c5,f41285f949fc7f25a0845316f92bb7f2,delivered,2017-06-27 21:05:50,2017-06-28 02:15:27,2017-06-28 11:50:05,2017-07-03 11:39:26,2017-07-17 00:00:00
1b41edd8cc8fe751d98cba50338f8c8b,60f01437dc8c6ed3be94b2062394ccdd,delivered,2018-04-18 09:59:54,2018-04-19 09:55:20,2018-04-23 18:48:53,2018-04-26 20:22:51,2018-05-11 00:00:00
8d92a85b0ecdf7d7b3807474390ee2be,d72100dfddbecb3d8a9d74d3e35fd472,delivered,2017-05-16 22:51:01,2017-05-18 02:25:36,2017-05-18 15:24:23,2017-05-22 11:22:37,2017-06-06 00:00:00
9831b84779bb2216541f702f5ed7c331,e4810f3375c0f016838e715c1b7a0339,delivered,2018-02-17 20:56:20,2018-02-17 21:07:07,2018-02-19 18:18:52,2018-03-01 23:19:29,2018-03-15 00:00:00
2140193e2b0829d9e294a5b08560a497,5667ce9b9fb068ffcc82902f8ad64c63,delivered,2018-08-20 14:02:55,2018-08-20 16:12:55,2018-08-21 12:15:00,2018-08-28 19:06:39,2018-09-10 00:00:00
a50d16f8c24acdc0c3d2fe0af2cd5c87,95e838701bbc7791a50ccf58140ebada,delivered,2017-01-25 20:17:33,2017-01-25 20:30:15,2017-01-26 12:04:05,2017-02-17 14:53:52,2017-03-06 00:00:00
a9bfa8db74ad27be5debb246e95a5ea1,19f3c83341ec348811baabc1cb10aa6c,delivered,2018-05-10 23:12:23,2018-05-10 23:37:04,2018-05-14 10:19:00,2018-05-17 22:47:44,2018-06-04 00:00:00
514290e30cb76393d6623ca6d7d79ee0,a26ebecf1eada5cc98c25bfd8b36d71a,delivered,2017-03-12 19:33:03,2017-03-12 19:33:03,2017-03-15 10:01:35,2017-03-21 12:08:37,2017-04-03 00:00:00
01094e169d4b14edaf6954eeddb83633,2b7ad3fc92af63027a7748b084f9b439,delivered,2017-09-27 13:54:33,2017-09-27 14:07:10,2017-10-04 13:08:11,2017-10-17 20:43:52,2017-10-26 00:00:00
841a1c15177c6184088d268bc0f263f4,f46cd0d55f9a7374df0fc224f138f238,delivered,2018-02-25 09:01:17,2018-02-25 09:28:18,2018-02-26 23:19:12,2018-04-06 20:28:43,2018-03-21 00:00:00
b83c1be0cbe93a1aea7c3a77e4ae37ee,3c77dd4951dba1fe8d9bb591b12abec2,delivered,2017-12-02 20:43:14,2017-12-05 10:30:54,2017-12-04 22:18:55,2017-12-15 15:12:27,2017-12-20 00:00:00
bf4753bf93e0d4b25fab22e045029e7e,44cd1a39351e20bfe0d358a1e10022a8,delivered,2018-08-01 19:12:10,2018-08-01 19:31:28,2018-08-03 10:05:00,2018-08-10 14:51:38,2018-09-04 00:00:00
a567a2572a97a9731794566e93368a06,8b7aab2116006a1fc6840cbb745b5d56,delivered,2018-04-02 11:25:45,2018-04-02 11:48:44,2018-04-04 02:12:42,2018-04-06 19:08:47,2018-04-18 00:00:00
9dcf2d215096fef19c7e4a8a7d6fb1c3,47c6be885d341b573908326d75ef5907,delivered,2017-05-15 23:06:06,2017-05-15 23:15:16,2017-05-19 19:06:52,2017-05-26 11:33:31,2017-06-06 00:00:00
dd800b5dd3395650111f9a4539000e7d,236c0490b8ca680df0093921b3d182f5,delivered,2017-11-24 07:12:24,2017-11-24 07:28:30,2017-11-24 20:11:54,2017-12-06 15:05:51,2017-12-21 00:00:00
942c437934a994c52629e74e23787f26,c4f5786620762dbd61ce2ee9a532a5ff,delivered,2018-01-04 18:01:53,2018-01-04 18:11:18,2018-01-05 21:29:02,2018-01-22 22:05:11,2018-02-06 00:00:00
a04fb6341ec58dddcf7ecaa4c6322f55,3505f88cf7163bd5119bee06799d2ac9,delivered,2017-10-10 11:59:35,2017-10-10 12:29:46,2017-10-11 22:08:53,2017-10-23 23:04:02,2017-10-23 00:00:00
c90735c78d397563ca13855251a0b5cb,b95d13b18342b38a42c82dce122ab381,delivered,2017-10-17 22:10:33,2017-10-17 22:26:40,2017-10-20 11:26:55,2017-11-03 15:23:40,2017-11-10 00:00:00
b11b5fa23629054214fa15a68c0cfe73,4b1a814941557a1815eafbecbba17199,delivered,2018-06-18 20:30:39,2018-06-18 20:56:49,2018-06-19 16:32:00,2018-06-25 16:41:30,2018-07-16 00:00:00
51a4d80c45232e938d7504001271af64,dafdad1b3be4401d27d372226043843f,delivered,2017-12-03 16:28:56,2017-12-03 16:36:22,2017-12-04 20:35:23,2017-12-13 18:50:00,2017-12-29 00:00:00
ee0829e4d1cc7547c044b8643c14da38,4a6ca65e203304ab05746357bc7b61e7,delivered,2018-05-10 23:46:41,2018-05-12 03:32:37,2018-05-14 15:49:00,2018-05-18 21:08:01,2018-06-01 00:00:00
446fdc806b0c1bade7477c8adb83b9e7,f1afd1b05c94e42923ad3cfa6d34c344,delivered,2018-03-05 21:42:32,2018-03-05 21:55:24,2018-03-06 18:16:56,2018-03-08 21:48:26,2018-03-15 00:00:00
7743b506a4c2e87e3f5af919334ea71a,b0b613e9e97d82c42795abe6687ab472,delivered,2017-11-07 14:14:38,2017-11-07 14:30:47,2017-11-08 13:09:00,2017-11-17 17:48:23,2017-11-30 00:00:00
d8fdddcd258b88c4919c52ce44756a39,c796c9785a45472c03b45277e6e4c2c3,delivered,2017-09-30 10:43:41,2017-09-30 11:20:12,2017-10-02 14:46:52,2017-10-04 15:54:26,2017-10-24 00:00:00
4079df924e51e553825e62f9f8995d59,73f958ad1ba68bf3c7f01cae085ed153,delivered,2017-01-24 14:22:33,2017-01-24 14:30:47,2017-01-25 08:59:17,2017-01-30 10:38:48,2017-02-21 00:00:00
05ca3bba2e4c3bc5c601b57af96cf3cf,b8cdbd2d79fb877b224b27ff548c297d,delivered,2017-01-27 14:24:28,2017-01-28 03:31:34,2017-01-30 08:34:54,2017-02-22 18:15:45,2017-03-29 00:00:00
dcc529ac8f2824f74ffa4a42dcec638c,14475fadcb86e53123bfbe43d0d69380,delivered,2017-11-29 10:51:21,2017-11-30 02:25:37,2017-12-06 18:39:23,2017-12-19 18:49:38,2017-12-27 00:00:00
8bc835be169be964f492f42b517b0a3c,d9919a807634bcd9e9e474117595f7d9,delivered,2017-12-01 12:30:13,2017-12-01 12:38:39,2017-12-08 03:07:03,2017-12-12 23:24:51,2018-01-03 00:00:00
93f0b28291bddb8a70034aa5138ddf24,0bb40a0d7f0a7d3380f5543254ee0dbc,delivered,2017-11-23 19:55:23,2017-11-23 20:07:23,2017-11-28 00:55:45,2017-12-15 20:39:04,2017-12-18 00:00:00
5261141ee2f17f6a0dcb5f7aab6acaec,ec47e17cccb7d09149ab2628270be3ee,delivered,2017-09-06 12:34:47,2017-09-07 02:44:01,2017-09-11 20:59:58,2017-09-13 20:23:33,2017-09-27 00:00:00
f1ed92b2528df59a68e567ead15889f3,0eccbe00ed4a0a2dc61fcf5a3a37d8a0,delivered,2018-07-26 23:54:56,2018-07-28 02:44:36,2018-07-30 12:02:00,2018-07-31 15:50:55,2018-08-01 00:00:00
57eeb1ae64d1ca34bebe90920670cfb9,d8ca929efa35ce0ce7386db3d0f3f7b2,delivered,2018-08-22 09:16:34,2018-08-22 09:30:33,2018-08-22 13:56:00,2018-08-23 20:42:36,2018-08-31 00:00:00
b9dcd29b81f45fd68a5489a381a5a3fc,ced6cf19feb0014bb0c3d2b41efbafce,delivered,2017-11-06 15:42:01,2017-11-06 21:36:03,2017-11-07 21:07:41,2017-11-30 21:53:51,2017-12-04 00:00:00
c52edad050bea3d2f56fbc6be373c44f,91105b71b2fce387050df6f91fc0fcef,delivered,2017-01-24 18:22:14,2017-01-24 18:35:14,2017-01-25 08:07:00,2017-02-14 17:15:40,2017-03-13 00:00:00
7db9d39a5077a2cbe00cfad310d2a938,c8989858ca604ef323b30deed0422d02,delivered,2018-04-30 15:45:35,2018-05-01 02:10:50,2018-05-02 14:45:00,2018-05-05 16:14:26,2018-05-18 00:00:00
0e4b1ee38c10f79bb6eaffa7c60ae724,359154f73b6e8ebb538109ed96becdd1,delivered,2018-06-24 11:39:03,2018-06-24 12:14:34,2018-06-27 10:23:00,2018-06-29 20:48:55,2018-07-12 00:00:00
d601e6f65e3bcb215434cc89fd9b2f68,1f644d50069ed395d45d2c18e3e4ceb8,delivered,2018-05-11 17:22:20,2018-05-11 18:07:02,2018-05-15 15:03:00,2018-05-17 23:27:58,2018-05-24 00:00:00
17e3d1534284361efd337a39b62cce8d,9f6e2202869cbf505420da86479ee290,delivered,2018-03-07 22:26:54,2018-03-09 02:10:38,2018-03-12 20:57:45,2018-03-27 16:14:37,2018-04-02 00:00:00
2d7eb01778411aad90ac1f9b50187b07,58744880b7ff3ca8c7f5fdb3c6eee4a1,delivered,2018-03-25 17:23:39,2018-03-25 17:35:24,2018-03-26 20:42:18,2018-04-17 18:07:55,2018-04-20 00:00:00
eec1b2584ccac529785cee8454007b86,a44c6bfa12787e807a919f755419edcb,delivered,2017-05-31 13:23:12,2017-05-31 13:35:10,2017-06-02 15:04:36,2017-06-08 15:03:16,2017-06-23 00:00:00
e7e81487cee935dda2f15d591657bab2,0c2d410b960c5762f9c574cf779cbc02,delivered,2017-06-11 13:21:04,2017-06-11 13:35:19,2017-06-13 10:26:50,2017-06-14 12:45:03,2017-06-30 00:00:00
80a516f4d571d5fce4d688cc931b106f,48ddea2904873f05d8f627b165dc8a77,delivered,2018-04-07 19:20:37,2018-04-07 19:30:15,2018-04-09 21:46:37,2018-04-19 22:16:35,2018-05-02 00:00:00
4854af5348bb406f4929fbe225112925,fd8a1ffe33a6ae6e7f9c21f08df6b62c,delivered,2018-02-14 16:32:28,2018-02-16 08:10:33,2018-02-17 16:18:50,2018-02-22 22:22:06,2018-02-26 00:00:00
2d33e2f321b7f676de5d3ab87c08d1ab,ffbc52ac99e6184f3961fd791be5ff62,delivered,2017-08-06 22:07:14,2017-08-06 23:03:18,2017-08-07 17:03:09,2017-08-15 16:03:37,2017-08-31 00:00:00
f0e99a13bd301f69aa29160ac8cd864f,0677048b122422b313b96967d64e8cb6,delivered,2018-08-03 23:17:41,2018-08-03 23:30:14,2018-08-08 15:23:00,2018-08-13 16:26:45,2018-08-21 00:00:00
68eb31d36231dd3fc97baf5cb6f73103,fc2c4598b5694563811540d01c98fbf6,delivered,2018-06-23 17:24:16,2018-06-23 17:38:04,2018-06-25 17:01:00,2018-06-29 20:12:28,2018-07-23 00:00:00
3d5ac3886057103d59fc294cef2677e6,926c2d5207d5bd5ad5e003c776ed54fd,delivered,2018-01-03 19:01:41,2018-01-03 19:11:23,2018-01-05 21:38:20,2018-01-30 21:07:14,2018-01-26 00:00:00
6eb4105b2eba30c0d6f8e720d3909cbb,98a13a25160f30babbd81bb1d9b3e61c,delivered,2018-02-21 14:24:19,2018-02-21 14:35:29,2018-02-22 01:23:05,2018-03-02 19:42:51,2018-03-19 00:00:00
392139c3311c506adf32de8492011f15,f5d1b27f73d5f8ee3a0f4a4237cc1d41,delivered,2018-04-18 11:14:20,2018-04-18 11:31:44,2018-04-23 20:54:44,2018-04-27 22:41:56,2018-05-16 00:00:00
48e57ab120e323dcb9b330fe88adfd87,401adc576bb58618a2b3d02f760cc4a1,delivered,2018-03-26 13:32:27,2018-03-27 03:35:08,2018-03-27 21:49:00,2018-04-17 18:14:51,2018-04-18 00:00:00
44a3722417745e1a99c297ced13c7b85,eb1485636d09be205400230836ca6391,delivered,2017-11-11 22:15:28,2017-11-11 22:30:21,2017-11-14 21:58:39,2017-11-25 01:12:44,2017-12-11 00:00:00
4d552c5c82094dbeb98a8048f8b31adb,f8ead8ee59c35cd73f3960fe570bc5fc,delivered,2017-10-07 11:03:08,2017-10-07 11:14:12,2017-10-09 22:09:49,2017-10-16 23:25:57,2017-11-06 00:00:00
d00fc126358622ba5ae0ba1a334b3bc5,a596a519d885d2cd292e329de18406f6,delivered,2017-10-17 00:04:06,2017-10-18 00:08:05,2017-10-23 17:52:46,2017-11-10 23:41:40,2017-11-03 00:00:00
d142143fa24d4a2bef6ed627060e7754,c17d2be37ef7d75f89a60427c9509ae1,delivered,2017-07-18 12:13:01,2017-07-18 15:03:35,2017-07-20 14:33:33,2017-07-27 20:53:43,2017-08-14 00:00:00
510c73928b73404e2d64851f6b4bfdc5,4359218ab99c76acaab0ab7a42ecbde1,delivered,2017-11-18 10:28:38,2017-11-18 10:35:43,2017-11-22 21:18:29,2017-12-11 12:48:28,2017-12-18 00:00:00
fc893e13a220f3fb9b2108b582e773a0,8995948deb6e45a15df3420710e7f836,delivered,2018-04-11 10:48:14,2018-04-12 08:32:18,2018-04-13 19:22:48,2018-04-16 16:57:30,2018-04-24 00:00:00
e69e74f39691b8c09d8660c8e000ddd2,53eb76954510c8d2cf430ee48ca94a88,delivered,2018-08-02 16:17:20,2018-08-02 16:31:02,2018-08-03 13:53:00,2018-08-08 14:17:35,2018-08-09 00:00:00
31725408e39733c6fbccf9559d25f0e4,6638d6c704daf2772787e6c5fdac4a3b,delivered,2017-10-25 11:42:39,2017-10-26 11:37:49,2017-10-27 18:49:46,2017-11-09 19:40:20,2017-11-22 00:00:00
2bcf195f4b476e9e1a4bd6d139db37ea,c630eb58d4776ae146e9b25b93caa58f,delivered,2018-05-18 16:58:03,2018-05-18 17:15:30,2018-05-21 09:32:00,2018-06-06 20:44:37,2018-06-07 00:00:00
5f498836a73a6ef414a303556f3f83bb,a5c29c5041ae005b9b27fe575835ef3b,delivered,2018-04-25 21:28:23,2018-04-25 21:51:16,2018-04-27 16:00:00,2018-05-07 22:36:48,2018-05-22 00:00:00
c1c72f2ef4448fb419f0f87a2d092003,7bab8a4106e1d9feeaae4b19d63857b8,delivered,2018-01-14 16:05:15,2018-01-14 16:17:47,2018-01-15 22:29:42,2018-01-26 18:03:57,2018-02-19 00:00:00
5bc4d0aa53124192dd06058bdf74a6a7,ad1e6270f2b9ecef0068bacaf3357338,delivered,2018-03-09 18:04:09,2018-03-09 19:08:29,2018-03-12 14:51:40,2018-03-21 18:20:37,2018-05-04 00:00:00
b31ee936a88cbd1d2c24a2e61db2c18c,50b2c0862868194601674a9dd330d234,delivered,2018-05-06 20:37:58,2018-05-07 09:56:32,2018-05-09 11:32:00,2018-05-15 16:52:14,2018-06-04 00:00:00
d2b0e9ad3eb702103a07a98fb24ef49c,3e85b5da17c2db572111e477730e5179,delivered,2017-12-13 17:12:13,2017-12-13 17:31:27,2017-12-15 17:04:39,2017-12-19 19:42:36,2018-01-02 00:00:00
664411dc25ffd21164cc72805f249313,471f625b14c432a5c0944bc2cba5aef9,delivered,2017-10-04 00:43:21,2017-10-04 01:01:59,2017-10-04 15:37:36,2017-10-13 23:05:42,2017-10-26 00:00:00
364ea3582bbe134bec58a6e192aa6390,f877c69fd193f8751c04f0fb24bfcdaf,delivered,2018-06-22 10:33:45,2018-06-26 05:37:14,2018-06-26 17:14:00,2018-06-30 11:11:48,2018-07-19 00:00:00
3464107c541f0583d599cc7d335cb9c7,3393bd1427bf03f06c6920825a192337,delivered,2017-04-25 23:34:07,2017-04-27 13:33:18,2017-04-27 11:53:10,2017-05-12 15:24:45,2017-05-12 00:00:00
5f7363eba95d6b80c0b0d44e53193e0b,1bd05d9a0031e8461d15550893d9b85a,delivered,2017-05-07 20:47:31,2017-05-07 21:01:56,2017-05-12 06:23:59,2017-05-29 06:04:02,2017-06-12 00:00:00
3c888e8444c04cf2fea3d8b2db0195ef,f2ab252accb7913d65a397454e010e95,delivered,2018-08-21 15:12:32,2018-08-21 15:30:31,2018-08-22 14:27:00,2018-08-24 13:52:29,2018-08-28 00:00:00
3e913a9dfc52c9a6dcbfc18c5ded61b8,51432bd945666f867e57877fa8ae26c0,delivered,2017-06-27 13:53:48,2017-06-27 14:05:46,2017-06-29 13:58:18,2017-07-11 17:41:59,2017-07-24 00:00:00
abbc0add533d31e83195d03eebe028f8,84fc915ffe98d917a067b9096655997b,delivered,2018-05-23 18:21:24,2018-05-23 18:36:04,2018-05-24 14:17:00,2018-05-30 20:28:39,2018-06-20 00:00:00
1728325be5eb1de748928d1e52fbdc29,df30c4f02bbf3022352c33d573a32879,delivered,2018-03-06 12:03:03,2018-03-06 12:16:01,2018-03-08 01:09:14,2018-04-03 19:04:41,2018-03-27 00:00:00
6ba5ec180235f8b95042925408ed3bd0,bb9ae08977cdcb7fea21891f23631993,delivered,2018-01-16 23:21:40,2018-01-16 23:31:27,2018-01-18 22:52:52,2018-01-29 18:36:59,2018-02-16 00:00:00
69cc55eb653cc27eea935e7a0d26b83a,b867c3da44a39181b0c4a1ef9c644673,delivered,2018-04-21 08:00:56,2018-04-24 18:25:47,2018-04-23 23:28:33,2018-04-28 01:54:46,2018-05-28 00:00:00
2457f30493cdc677ad02b57dd6d17285,15e004d388d75132c9f43433c4073f2a,delivered,2017-01-22 17:02:03,2017-01-22 17:10:17,2017-01-23 10:20:32,2017-01-30 19:12:42,2017-02-20 00:00:00
4e61d7c6f86143c04ee80dae4955fd92,b7c8e76e67ea70f6aaa55aa9f847c0c3,delivered,2017-12-18 10:28:12,2017-12-18 12:45:34,2017-12-18 22:53:21,2017-12-27 18:43:40,2018-01-16 00:00:00
58317a8b3dfbcadbd945cb80dda94304,f559081f10290cf844cd5875a8524e18,delivered,2018-05-30 01:23:02,2018-05-30 01:33:34,2018-05-30 10:23:00,2018-06-06 19:05:58,2018-07-20 00:00:00
3cc57d3144ae8df639a05eb5783f872f,34ed1c016090a8eb4ffac078c2abc343,delivered,2018-07-31 20:37:46,2018-07-31 20:50:14,2018-08-01 14:32:00,2018-08-03 21:51:43,2018-08-15 00:00:00
fae98fd8dd9729af2c8c95e16f3719a0,4a0fe2daf258db32318f5e80470078cd,delivered,2018-02-27 18:19:54,2018-02-27 18:35:32,2018-02-28 23:32:39,2018-03-05 23:32:07,2018-03-21 00:00:00
64a6cbaf0304bb145b7eae00fbbac35b,310ae0c5db4a725df3d7c74f27b403b2,delivered,2018-04-05 15:18:52,2018-04-05 15:30:22,2018-04-07 00:56:31,2018-04-10 17:52:06,2018-05-08 00:00:00
1434f15909999c1562d1c4a24a4409cc,6fd08fa27ae00ae1767b76668d46451e,delivered,2017-10-22 12:57:36,2017-10-22 13:14:21,2017-10-23 17:20:00,2017-10-31 17:32:19,2017-11-13 00:00:00
b4423cdd0316fb3064befb92d164de96,05a9e7f2eb9b68b7b7a74696782af52b,delivered,2017-09-13 17:23:32,2017-09-14 14:30:22,2017-09-15 21:17:45,2017-09-21 20:15:06,2017-09-29 00:00:00
85f900f229f817bf7e71ed0c9fdb4fa3,03933bd8f668c8444d5307d9d5d171eb,delivered,2018-04-23 17:22:26,2018-04-24 18:23:50,2018-04-24 16:47:49,2018-04-25 18:31:51,2018-05-10 00:00:00
e2fffc00c9decdb32b25e86a37f3ad50,7c7401a534412cfa74c30efe54616ca7,delivered,2018-01-25 20:00:27,2018-01-25 20:16:00,2018-01-26 17:32:39,2018-01-29 20:32:30,2018-02-19 00:00:00
d9e5efc8095789e6ed44f7419f794928,e3f6b4dae63c01a950abb74a779acd41,delivered,2018-08-16 09:59:14,2018-08-16 10:23:55,2018-08-20 14:43:00,2018-08-21 21:56:41,2018-08-24 00:00:00
917ca364b9fb9460dee6ea613ee2a5ab,85c01e2393b32c57d22f4db20020da31,delivered,2017-01-25 15:12:59,2017-01-26 12:50:29,2017-02-02 11:07:52,2017-02-15 19:12:52,2017-03-16 00:00:00
01490a4bdacbafe6de009b317a0c8bf6,f9dfd7942a2d7f1588b7638a9bdc8ff1,delivered,2018-06-12 13:46:53,2018-06-12 14:04:57,2018-06-13 16:28:00,2018-06-21 23:38:52,2018-07-12 00:00:00
4660bb9edc05ee0d35c8aeaa896f3300,07b7a2a5a3ebe3920967901fd96c0a5f,delivered,2017-11-13 12:05:59,2017-11-13 12:15:46,2017-11-16 22:38:34,2017-11-21 17:03:32,2017-11-27 00:00:00
fb12ff6f5be15ffae684b3cc37abdf24,72f24bfed37917f0582eef35300edfce,delivered,2018-01-11 22:24:15,2018-01-11 22:34:24,2018-01-12 14:54:53,2018-01-23 19:19:13,2018-02-09 00:00:00
d18941a914e7a203e714a20432c05a35,dbc9d5f0f7b887d9ff2a335aa790e5c0,delivered,2018-03-05 09:46:44,2018-03-05 10:09:29,2018-03-06 00:23:08,2018-03-07 09:32:33,2018-03-15 00:00:00
ab260012c90cd3ee59bb8d18b97b851a,566782b45e70b898cfccd745e3fa1223,delivered,2017-12-02 17:41:47,2017-12-02 17:50:39,2017-12-05 20:22:13,2017-12-08 00:14:30,2017-12-20 00:00:00
cbedf17aceca757bfcb74be595ae40ce,6fcb5ac7b4954d40331c7e378f0f1c86,delivered,2018-02-07 14:53:56,2018-02-07 15:11:13,2018-02-15 20:53:20,2018-02-23 00:25:23,2018-03-13 00:00:00
d5fbbc2e51c9e93de3502e15b4159d46,a5942cce62180f9c3f7ea610f1e8bd8e,delivered,2018-04-06 07:33:51,2018-04-07 02:50:13,2018-04-09 19:24:21,2018-04-17 21:04:13,2018-04-25 00:00:00
182680afbd9247820be311a34cafb4e9,4e59370bc614afb54393c2f03dda271d,delivered,2018-03-01 10:44:44,2018-03-01 10:55:33,2018-03-02 18:42:53,2018-03-05 18:16:59,2018-03-13 00:00:00
63514fae43596b11a770416049c86856,ec3b6e11ab1c02f49de9f09baef9c9e7,delivered,2018-07-12 10:59:24,2018-07-12 12:06:05,2018-07-16 07:47:00,2018-07-23 20:56:34,2018-07-27 00:00:00
8c7aba5d415316a216626dfdc9e5aa42,6385c6427526bce07ccbc4e236ecf817,delivered,2018-05-08 18:49:32,2018-05-09 03:55:22,2018-05-09 13:45:00,2018-05-17 14:58:41,2018-05-25 00:00:00
19c37103c79e5f4a03f5fcc5b1fe97e7,3caadfc7a9d597bc39c06f5687229471,delivered,2017-07-05 21:40:03,2017-07-07 02:43:51,2017-07-07 18:08:50,2017-07-20 13:10:15,2017-07-27 00:00:00
ec9a45db197262577280e38de1889f3f,41ab2e5e7d423b1a7796f181cce560cf,delivered,2017-06-05 19:43:28,2017-06-06 13:25:39,2017-06-08 09:55:42,2017-06-19 18:46:43,2017-07-04 00:00:00
56bbc7d92e6e74b8782abbf5ee336a92,683d4350de84ced70a81bfb3cbd124a5,delivered,2018-03-30 10:40:22,2018-03-31 10:35:14,2018-04-13 21:02:23,2018-04-16 18:51:48,2018-04-27 00:00:00
5480f040b65927b72574473cce844a76,3ae0ee80becb5e9de195f3cdd8487ebb,delivered,2017-08-30 17:53:35,2017-08-30 18:07:47,2017-08-31 19:32:28,2017-09-11 20:29:52,2017-09-21 00:00:00
1d7a6b5b87fcf498f7748f4790faa745,a6889c3ee5e603ff3fe0a580721e2a97,delivered,2017-12-05 10:27:20,2017-12-05 11:05:34,2017-12-07 18:58:47,2018-01-03 13:09:22,2018-01-08 00:00:00
d715d369c36bd59d99abd5ed62940530,7de0835c86a91b038913a48c54d67d4c,delivered,2017-08-16 22:44:46,2017-08-17 00:44:37,2017-08-17 17:03:49,2017-08-22 20:26:53,2017-09-12 00:00:00
4375cac0cfa2a87273ea83c661bdfcca,dadf64b251403ae6f5a9edd7b6fe76d3,delivered,2018-07-31 11:43:33,2018-08-01 14:05:12,2018-08-09 15:24:00,2018-08-17 20:32:22,2018-08-10 00:00:00
2833a586d04517b0c18e17c24ae684c3,ef6b9ad0f75a3e32cd2f21dc4c520de2,delivered,2018-08-11 13:48:30,2018-08-11 14:04:21,2018-08-15 13:50:00,2018-08-23 18:03:00,2018-09-11 00:00:00
0ed5043fe7d3f4f88353697330bbc020,ee3677ab84c1a1241efb3116201c583a,delivered,2017-10-11 10:22:56,2017-10-12 03:00:11,2017-10-13 19:16:35,2017-10-25 18:59:59,2017-11-07 00:00:00
716ae039823c5b809fbf98d24626922a,bc781ab7ea64681deb7a011ec776bb0e,delivered,2017-04-04 21:53:37,2017-04-05 22:02:38,2017-04-06 07:46:16,2017-04-18 13:37:46,2017-05-09 00:00:00
be09f109e6aa72ccad1f72f521f8d525,c8c236ed3d37d2c3f9c82ab51b5482fd,delivered,2017-01-29 20:03:45,2017-01-29 20:33:32,2017-01-30 16:54:28,2017-02-13 14:06:11,2017-03-15 00:00:00
bcd894d1c63a81b9b1872a8b9579f546,b94a28d76c3a1186c1d20f6b23d5f6f7,delivered,2017-02-17 11:27:22,2017-02-17 11:35:22,2017-02-17 15:06:37,2017-03-17 12:34:28,2017-03-20 00:00:00
e1fe072ef14b519af1f0a8ed997c1301,758b633d88b82063db189810084f4ea9,delivered,2017-01-05 15:32:59,2017-01-05 16:15:16,2017-01-06 13:45:22,2017-01-12 14:13:19,2017-02-15 00:00:00
34d0b73ffe40c22d8537270e7ffe7517,bdada23b09891540da8555ab278a5fa5,delivered,2017-11-08 19:50:12,2017-11-08 20:30:57,2017-11-10 23:05:50,2017-11-17 16:47:05,2017-12-06 00:00:00
ea921667f0ab37edbe094d0e67c9d454,327d7f521d79dedd1ec483d0ba129414,delivered,2017-04-06 08:52:35,2017-04-06 10:02:22,2017-04-07 10:25:15,2017-04-17 15:04:49,2017-05-02 00:00:00
dc7be13b2ee660f092e641982b4dfb69,7f5dca9152f748239a118f4462ad2c26,delivered,2018-01-21 08:17:29,2018-01-22 13:44:12,2018-01-22 22:09:49,2018-01-24 17:10:28,2018-02-06 00:00:00
a3e4fb1d4c4c04deb731bae74f190339,82f7c186aba09154512a00de43c9502b,delivered,2018-03-17 17:01:02,2018-03-17 17:15:31,2018-03-19 17:03:02,2018-04-11 01:20:45,2018-05-02 00:00:00
f5068e06e9de577bdbfcb519ff9fb5c5,0f785087559e9facc142d63b1a81d70b,delivered,2018-01-10 08:45:23,2018-01-10 10:32:02,2018-01-10 22:51:41,2018-01-23 09:48:44,2018-02-05 00:00:00
27bb59120b021cf6ebad6ea92f289d53,905e293bc89899eb20502ddf4c1ab279,delivered,2018-07-07 13:00:50,2018-07-07 16:05:50,2018-07-10 08:18:00,2018-07-30 17:05:18,2018-08-06 00:00:00
a00b897f3877d33635b6c8c9b8ef5984,3abcbb18503daf89323e9588fd12dfdb,delivered,2017-12-18 13:49:03,2017-12-19 09:51:52,2017-12-20 22:43:05,2017-12-22 23:48:54,2018-01-12 00:00:00
a711032f5b2df3b039238b1a273076b8,9393744f4214f430a813fee1316567e2,delivered,2018-04-04 18:08:41,2018-04-04 18:15:19,2018-04-07 22:03:07,2018-04-22 21:05:11,2018-05-03 00:00:00
58fa3cd471625c6384fc92e41508b3a6,708e93cac3d323459af22061a0556f26,delivered,2018-01-11 17:17:15,2018-01-12 17:09:19,2018-01-16 00:18:27,2018-02-02 17:46:21,2018-02-09 00:00:00
8736b69cbb962e5cd374e33521430db9,086996a8ac3477231df1f33d2698933e,delivered,2017-02-25 11:27:44,2017-03-02 04:05:21,2017-03-02 13:38:41,2017-03-08 17:25:41,2017-04-03 00:00:00
4d0b1ea51ea051ef9f4765df8148c0cd,f83ba5b7fa884a9b50fd4f6ca4826c42,delivered,2018-07-31 18:48:44,2018-08-02 05:05:11,2018-08-03 16:25:00,2018-08-09 15:32:18,2018-08-27 00:00:00
271f637085c45e7e58268625604724a9,92c79ee0697a68bcbd251dfc2c2fc779,delivered,2018-05-15 13:04:20,2018-05-15 13:31:25,2018-05-23 14:23:00,2018-06-12 15:22:59,2018-06-06 00:00:00
1c3f752b9a4d09bf1e016439a427d5f8,7fe022a904d647429c6e08a8f34c9b22,delivered,2018-08-17 23:21:15,2018-08-17 23:35:14,2018-08-20 13:59:00,2018-08-21 19:36:43,2018-08-23 00:00:00
79f88e060632989f23cae0e00e7381ef,01531516bcefc94ae2fdde494db9fa3b,delivered,2018-04-03 20:38:15,2018-04-03 20:50:21,2018-04-04 17:58:44,2018-04-05 19:10:52,2018-04-16 00:00:00
84723155dd76b3421923b038f617954a,6d4383b15f32a02ba877306f23f38588,delivered,2018-05-11 11:40:42,2018-05-11 11:55:16,2018-05-12 09:05:00,2018-05-17 20:04:05,2018-06-06 00:00:00
f5d97c18a8bda6c516e7c61c9d1a6a27,d6ff0729a04abfae28187d09d16d1c3b,delivered,2018-05-18 00:32:30,2018-05-18 04:14:29,2018-05-18 12:51:00,2018-06-05 13:24:22,2018-06-06 00:00:00
0cae3692c0412d717beb36ce3faebcb0,a6dc8c80c0a118ee2500ba81bd939cf3,delivered,2018-04-29 20:28:53,2018-04-29 20:54:40,2018-04-30 14:07:00,2018-05-10 18:19:34,2018-06-07 00:00:00
50eff1a80cf88f66d317710f1b036b36,db2cf4866a8f96d08f711c99f9d5cbc3,delivered,2017-04-06 15:04:25,2017-04-06 15:15:22,2017-04-11 11:27:19,2017-04-13 12:24:40,2017-04-28 00:00:00
5dccad03ac8016afdcdb7cc0227ec9d7,bbec89f3ce9883659829232500271d87,delivered,2017-01-25 15:10:14,2017-01-25 15:25:13,2017-01-26 10:06:22,2017-01-30 12:58:42,2017-02-22 00:00:00
b9db568c807b745666940333af1f8618,40a3b852bc7f051670b0ad197fc59aca,delivered,2017-12-15 20:34:39,2017-12-19 09:58:28,2017-12-21 10:58:48,2018-01-03 20:53:16,2018-01-12 00:00:00
775eb0ae1891c8dd8f12c2f8c6850006,a47703d55341244bf9e82521834ad64a,delivered,2017-01-27 09:20:04,2017-01-28 10:32:02,2017-01-30 11:38:21,2017-02-07 11:58:55,2017-03-16 00:00:00
417996696d91e1f74fe36c995ab65b97,943fcdf63bb3f4757a902d8837c2dabd,delivered,2018-03-08 09:35:56,2018-03-08 09:48:52,2018-03-08 20:22:31,2018-04-07 19:32:29,2018-03-29 00:00:00
28d0d98e542f0409627c3717348339c4,0a41d003cc1f61f988e15625679c1d67,delivered,2018-03-07 16:04:04,2018-03-07 16:49:49,2018-03-09 02:58:37,2018-03-13 16:33:24,2018-03-20 00:00:00
9da2ef3ac1a6d4e6140835f3ba6e3f86,5445838dbccbe82afc8f04893d954fdc,delivered,2017-08-03 21:24:07,2017-08-03 21:43:21,2017-08-04 18:28:54,2017-08-14 17:12:54,2017-08-25 00:00:00
4cad943ab8ba8479347dd102125fa87b,6e9b72d0362c6e0175d0fe1ee39a154d,delivered,2017-02-12 15:08:08,2017-02-14 03:35:17,2017-02-22 14:40:19,2017-03-07 17:35:18,2017-03-15 00:00:00
2dd5f6a66c1d82ee0b8c864ddf9833f2,d88ce61774a12cc1525c4679797dc2be,delivered,2018-08-02 12:07:36,2018-08-03 04:35:17,2018-08-28 12:58:00,2018-09-03 17:38:39,2018-08-27 00:00:00
242ab4ce744f666fcffbc5d7fed8700d,f7f197973339da4aa7ca6b82dec7905b,delivered,2017-11-24 12:35:43,2017-11-24 14:52:34,2017-11-28 18:05:49,2018-01-04 22:14:45,2017-12-20 00:00:00
81e5043198a44ddeb226002ff55d8ad4,ddd15ef77c83eea8c534d2896173a927,delivered,2017-01-09 00:37:18,2017-01-09 00:45:09,2017-01-09 09:10:53,2017-02-24 09:42:38,2017-02-24 00:00:00
0d4947e726ae3959a6cc28979ab632a2,3bbbf089a6d913378b28cc1849c98b7e,delivered,2018-01-11 20:33:22,2018-01-11 20:47:50,2018-01-13 02:43:05,2018-01-26 11:46:56,2018-02-06 00:00:00
55101b36a58251926b6cbfdb540c0461,d5d8b3a49845e7291be73ad610ee09e4,delivered,2018-05-13 21:38:39,2018-05-13 21:52:33,2018-05-15 08:21:00,2018-05-30 15:03:42,2018-05-30 00:00:00
d339c9a9c019e5beaf1cafb6cf77a23c,d47938597c090244539476d45ba3c238,delivered,2017-09-04 17:56:16,2017-09-06 02:45:10,2017-09-11 20:54:36,2017-09-14 18:27:22,2017-09-21 00:00:00
42a05f75800f7b2f57f1c57a63955911,ff9f37a06f82b3db748599da8b08eb66,delivered,2017-10-05 10:35:03,2017-10-07 02:28:21,2017-10-10 20:41:05,2017-10-18 00:34:46,2017-11-01 00:00:00
c952071f38138a067c714cf653f34aa6,c6f9d741f10022ed6f9233f0ee079978,delivered,2018-07-22 21:32:38,2018-07-23 12:31:57,2018-07-23 10:52:00,2018-07-26 17:26:30,2018-08-09 00:00:00
38191a080c6c22b7c4268a2d51a8ac60,8452bb25abb611f34c607c66537d209c,delivered,2018-02-28 10:45:59,2018-03-01 02:50:50,2018-03-03 00:28:47,2018-03-23 18:41:55,2018-03-26 00:00:00
df156891939f37c451dfa81e3e724540,82e248420607446b60603429e51ff8c2,delivered,2018-02-11 11:17:16,2018-02-11 11:31:36,2018-02-23 22:34:06,2018-03-13 15:21:36,2018-03-09 00:00:00
3bd5b53dee9d54938f56208bcc03d855,644182a0f196539f214b3f8877fb19bd,delivered,2017-01-17 12:15:42,2017-01-18 02:15:54,2017-01-18 15:34:26,2017-01-25 13:47:42,2017-03-17 00:00:00
cf3cfafe8fbb8682ce65fdeada4749f5,392d8e8daaf2280f75196bcd79728099,delivered,2018-02-27 10:43:09,2018-02-27 17:28:30,2018-03-02 19:58:35,2018-03-05 18:28:49,2018-03-13 00:00:00
23a9867e2ef4c3cd636e7e275edb0252,ff6b4cd2177f2ccab82ff6ae151ad0e0,delivered,2018-04-20 20:35:54,2018-04-24 19:27:38,2018-04-23 20:46:36,2018-04-26 12:56:38,2018-05-11 00:00:00
3a0bae7f6e06392212474608b9093e00,fa55ffcff8a89ef0d5de88fc3d15e701,delivered,2017-10-27 00:01:16,2017-10-28 03:07:12,2017-10-31 16:53:50,2017-11-06 19:09:48,2017-11-27 00:00:00
037e4ea044a589bcfbceb43210ba7024,8915549cc658e933b96113235c64ad9d,delivered,2018-02-16 08:56:37,2018-02-16 09:35:24,2018-02-16 22:37:15,2018-02-22 20:02:58,2018-03-05 00:00:00
4384f1e73716020a06569f0802ad8c38,25228ecdc91aec16dead8e113f1ae4f6,delivered,2017-11-02 18:04:18,2017-11-02 18:15:27,2017-11-06 11:27:38,2017-11-13 17:14:34,2017-11-23 00:00:00
57f7bb7d658b442616fce795fcc30146,7dfac2f8b35d57481de621c401fa4733,delivered,2017-01-31 20:04:08,2017-02-02 02:45:15,2017-02-03 11:02:47,2017-02-07 12:11:41,2017-03-09 00:00:00
6dfdc1eefc7a125d1bb81feb04a6c2e6,7ffe655c7441ccad969a2cca863acafb,delivered,2017-01-31 07:39:04,2017-01-31 09:33:57,2017-01-31 11:14:14,2017-02-17 15:25:37,2017-03-08 00:00:00
32f0db75abd9599736ef815f021c684f,0c322573ba503cd7e758af29de300dc3,delivered,2017-11-13 14:43:42,2017-11-14 03:50:31,2017-11-16 23:07:02,2017-11-22 22:38:34,2017-12-07 00:00:00
11db6666e1dbeee776c8e15fd0792c4b,dd2dd4b75b0a223fb8c234ff1934faf8,delivered,2017-01-30 11:17:55,2017-01-31 09:32:39,2017-01-31 23:29:58,2017-02-10 10:14:06,2017-03-10 00:00:00
3611e9793009655c4d1350655211953c,58d3cf805da31cedec8f0414010cdbd8,delivered,2017-06-19 12:14:01,2017-06-20 10:50:31,2017-06-21 09:46:38,2017-07-21 19:43:41,2017-07-11 00:00:00
feb6795b3a5f345c10e8e4a7c6383130,22dc6c288a0404fc96f83cab39a4e734,delivered,2018-08-10 19:29:13,2018-08-10 19:44:33,2018-08-15 13:37:00,2018-08-21 13:33:06,2018-09-03 00:00:00
a3115f34be015286911b92beba41be5f,4c98afa4ca10e1d85ddf126c0c19834b,delivered,2017-05-09 22:33:27,2017-05-09 22:42:32,2017-05-11 13:55:42,2017-05-16 16:34:29,2017-05-31 00:00:00
dba140d12592fdc150bbeed0f7f1a32e,ed9445dc99e654763cc4800426235e7a,delivered,2018-01-06 09:39:48,2018-01-09 07:26:09,2018-01-09 20:48:04,2018-01-29 21:48:48,2018-02-09 00:00:00
8293af079b19a6349d758b3c16ecd6dc,591ff4992a8a79c6dd2e72a202c728ff,delivered,2017-11-24 09:43:22,2017-11-24 11:13:26,2017-11-24 19:08:29,2017-12-20 18:57:59,2017-12-19 00:00:00
7b435354ca15646a010388cc18dd2c20,c793cef016cf6426573a2b698ecfa174,delivered,2018-07-24 10:45:01,2018-07-24 11:44:31,2018-07-26 15:42:00,2018-07-31 21:08:43,2018-08-10 00:00:00
11fd51275a43d1590816139eaca0bf94,6fec7996bbc8eeb913f3b92a79fd33f8,delivered,2018-02-15 11:47:40,2018-02-16 07:47:01,2018-02-16 18:17:39,2018-03-05 18:33:28,2018-03-19 00:00:00
29664dfe32fa36fe220eb8ba86d93445,deabe38b10927cb85e6701d3f055c690,delivered,2017-04-10 10:53:20,2017-04-11 03:50:38,2017-04-11 07:07:54,2017-04-18 13:55:10,2017-05-08 00:00:00
d0ea854aa5d2827dc112df0048f817b2,5eb1888cc45c693e7b815192e4f419a2,delivered,2018-03-09 01:41:13,2018-03-09 01:55:30,2018-03-15 16:12:02,2018-04-20 22:03:08,2018-04-12 00:00:00
ae8423bae5771609a19bafe9b114a60e,3d3eaab3a5b6e25af213673e7c2727cb,delivered,2018-07-27 13:14:02,2018-07-31 07:30:58,2018-07-31 13:51:00,2018-08-03 18:38:35,2018-08-15 00:00:00
da1990d1037cd108f89b13fc5db97476,89cbdb9173db99ca0b8975af363d7e11,delivered,2017-10-14 13:49:46,2017-10-14 14:05:41,2017-10-16 22:23:30,2017-11-03 18:53:02,2017-11-09 00:00:00
d6ea23d51e0f2c7ba19e7c5092db3088,bc81405ae7e0e0bb10ae88990ff202fa,delivered,2017-12-13 18:50:27,2017-12-13 20:31:33,2017-12-15 19:56:53,2017-12-26 18:24:43,2018-01-11 00:00:00
aacbf13db267af0f239fc7ff5dd513ff,304717ed44006118886f66f77cb11793,delivered,2018-05-21 11:08:51,2018-05-22 08:33:45,2018-05-23 13:03:00,2018-06-04 19:06:38,2018-06-08 00:00:00
ceb2344189044ab3b6fa590520a71881,c017996652c06e2cdda218e87125e17a,delivered,2017-01-23 13:57:21,2017-01-24 09:22:35,2017-01-26 11:49:52,2017-02-13 09:48:48,2017-02-20 00:00:00
86207b986ce345ccef8bc83647dc491f,ebdffd2b36f13a7dce4024f3fe0f34ed,delivered,2018-04-28 07:57:00,2018-05-01 05:55:18,2018-05-08 14:58:00,2018-05-17 16:11:04,2018-06-04 00:00:00
6e63dcc83ec280b72783617737ce886d,dd2b0396d98a4435d214a2cb44d60663,delivered,2017-11-27 21:58:47,2017-11-29 21:56:57,2017-11-30 14:51:55,2017-12-07 01:33:37,2017-12-20 00:00:00
ff0d3c8b486f123087d9d9da102afaf6,bd33c2c896c5ff73c205660af316b420,delivered,2017-09-02 00:50:36,2017-09-03 00:55:12,2017-09-05 13:34:23,2017-09-08 17:03:56,2017-09-21 00:00:00
3ef5c8159bd4605715d1fd6e20cf8137,932eaecbf57142d67adbc8f4508ae87c,delivered,2017-05-17 12:50:13,2017-05-17 13:11:26,2017-05-17 13:51:48,2017-06-23 11:19:48,2017-06-19 00:00:00
7659849a6efa9d49c5ac7bf7fdbddb2c,22688fbe08d1209daeabcd6c40590d1e,delivered,2018-06-17 21:11:16,2018-06-17 21:37:58,2018-06-18 15:03:00,2018-06-19 11:48:44,2018-06-28 00:00:00
b2684c3e0b5cba29ea14a74e3c933a34,f45925f27de19a3f70beb81219614800,delivered,2018-06-13 17:10:47,2018-06-15 02:37:17,2018-06-15 13:21:00,2018-06-20 17:21:18,2018-07-03 00:00:00
1df257323bb550a9b9bb150345c42e45,8cb4d4ae78fe9aa67a08a4d8c322c201,delivered,2017-01-28 16:10:01,2017-01-31 04:41:49,2017-01-31 23:29:59,2017-02-16 16:44:02,2017-03-10 00:00:00
abddcf171f361ed313e1f191d71d046a,48db5996674ec9678ed781d29f8489fa,delivered,2017-03-14 12:19:57,2017-03-14 12:19:57,2017-03-21 09:57:05,2017-04-08 03:04:31,2017-04-12 00:00:00
bc69b5e9887af14f06d598b85ab607df,9e34ec8b56a283cbd0570abf24ea2e5f,delivered,2017-12-27 08:36:53,2017-12-27 08:46:58,2017-12-28 16:22:13,2018-01-09 17:35:07,2018-01-26 00:00:00
b458ffdf7369c1e76ef5ba66155886da,f3521c6dd56bd56fad9342c57bdb6b7d,delivered,2017-08-11 17:26:44,2017-08-11 17:43:50,2017-08-15 21:12:36,2017-08-21 17:17:55,2017-09-04 00:00:00
d6a6ab6b5f102f746569eb2c620e8be6,afa7ea93b6c193ba748e3c5a8c4a47aa,delivered,2018-02-15 19:12:14,2018-02-15 19:30:33,2018-02-17 01:33:30,2018-03-26 17:08:42,2018-03-08 00:00:00
268611f7d2f0106b616e88e532e05a2b,f564999c9ed6db59430410f9472c8bba,delivered,2017-11-24 03:30:42,2017-11-25 07:50:30,2017-11-27 15:58:13,2017-12-09 15:42:43,2017-12-14 00:00:00
7b21dc72af6d0de45bdd249a637710a1,8f1471ec4f4620be6659239dc9b8a47c,delivered,2018-01-26 16:34:04,2018-01-30 04:31:07,2018-01-30 21:37:01,2018-02-05 12:45:07,2018-02-20 00:00:00
499798fd04e5748ac54b4456d1b7995c,1df603a36119050f00614b6f35a2461f,delivered,2018-06-11 21:34:11,2018-06-11 21:59:57,2018-06-13 13:55:00,2018-06-18 17:28:31,2018-06-29 00:00:00
4160b6447ad70e6d73f7221dd970bbe9,c03dfaf5db49d8583edbb5627f92058d,delivered,2018-08-15 14:50:52,2018-08-16 14:46:20,2018-08-24 15:29:00,2018-08-30 03:41:31,2018-08-31 00:00:00
e505d250be8a8291d1d8d96adf8c3539,7ed1f44bb8badb060d8c66394242ef45,delivered,2017-04-23 17:19:26,2017-04-25 07:55:16,2017-04-25 13:50:04,2017-05-09 08:56:27,2017-05-17 00:00:00
81ba9566702881081845a0cde9767e2e,13b4a30f07976e07d146e1d615f0812d,delivered,2017-07-21 17:20:29,2017-07-22 06:42:44,2017-07-27 21:59:47,2017-07-31 19:12:51,2017-08-23 00:00:00
0b7ca56dc6b9eb97c8a0c7b19341b025,5f4228ef54e408563a162a0a80e932d4,delivered,2018-04-29 17:34:35,2018-04-29 17:50:27,2018-05-02 12:39:00,2018-05-04 18:44:40,2018-05-18 00:00:00
f3da3b290778ca24514adced3807de23,1730218f2f64e40e14ed70840f876c88,delivered,2018-03-22 14:47:11,2018-03-23 02:27:43,2018-03-27 01:06:49,2018-03-28 20:19:00,2018-04-04 00:00:00
350aad4e4bc8240326121102708f0504,6b396d9b6befa4b0deb7b570ab0df6cc,delivered,2017-05-26 23:41:21,2017-05-26 23:50:13,2017-05-29 08:39:54,2017-06-07 15:15:13,2017-06-22 00:00:00
d6e88a486d079e03b7c919b73facff35,a7b38ad4f96bb76aa8900033476aae3f,delivered,2018-01-19 14:35:07,2018-01-19 14:57:21,2018-01-19 23:28:58,2018-02-16 10:05:19,2018-02-20 00:00:00
1ffb9dc91fdfd3d86671c5dc2a94dab1,b710fefc4bde32cf4e439ecb01c0745b,delivered,2017-05-08 22:15:34,2017-05-08 22:25:15,2017-05-09 15:28:28,2017-05-24 23:27:35,2017-06-08 00:00:00
1e21edc6c6810b5779fa6685c82a6a89,74d3b928afa7a5a2898679551b835833,delivered,2017-08-11 11:14:32,2017-08-11 11:30:16,2017-08-16 13:57:54,2017-08-28 16:32:48,2017-09-06 00:00:00
5bf2faa0ca6a4d0baff82907f7495f79,8300b253882166d54df794107d32f0bc,delivered,2017-11-17 22:24:01,2017-11-17 23:31:19,2017-11-22 19:56:56,2017-11-29 16:55:07,2017-11-30 00:00:00
58fc974f8e0ddd9ce549e3272d0140c0,1e7862bc2a60cacd519ce1af310ac766,delivered,2017-01-30 23:40:39,2017-01-31 01:34:05,2017-01-31 08:47:59,2017-02-08 13:46:13,2017-03-07 00:00:00
50c4d73707f3154c08eb85d0fd1e5149,923c66d220bd6cc4760eb719e35f0b2f,delivered,2018-06-19 23:13:23,2018-06-21 03:38:48,2018-06-21 15:12:00,2018-06-27 16:18:42,2018-07-16 00:00:00
145afae38debe68ec37d5671526db93e,3c1e577269427d7d74cd119fb52a68d1,delivered,2017-10-18 20:55:18,2017-10-20 02:45:42,2017-10-20 19:36:41,2017-10-27 18:17:51,2017-11-10 00:00:00
1cecdea35f2ce72040549f9fe816b8a9,ca4586d803c0e407f595a28bd5e7fdb6,delivered,2018-07-05 18:09:38,2018-07-05 18:32:00,2018-07-06 11:10:00,2018-07-14 11:18:23,2018-07-18 00:00:00
07120a6d39e99f6aec742cfa39ab4cac,5406b9e94d0682bfd3c683d5c54147b6,delivered,2018-01-19 07:27:23,2018-01-20 13:41:36,2018-01-23 22:59:06,2018-01-31 14:35:00,2018-02-20 00:00:00
d6d7c431275f0029dcc3538850930046,5b477d525dd0c1eb93148e22ce5d3ba6,delivered,2017-01-19 14:28:48,2017-01-19 14:41:56,2017-01-24 10:05:23,2017-01-31 12:26:08,2017-03-13 00:00:00
913908597fea142985168af1fc46a6e5,94e9ce89950560f017f6f411e9819093,delivered,2018-03-04 12:13:37,2018-03-04 13:21:13,2018-03-06 16:30:04,2018-04-03 16:14:36,2018-03-26 00:00:00
da0571dd2e59b32cca46279a02bfb40e,76a5a351fffbceba0b0767a5bba5cc6d,delivered,2017-01-19 19:02:48,2017-01-19 19:15:11,2017-01-20 14:12:27,2017-01-23 20:23:42,2017-02-27 00:00:00
0b7a6fc05a25cefe1287ad5568d08c4f,2fb8001fa90031486a508d2796dcde4e,delivered,2018-05-02 13:13:49,2018-05-02 14:42:47,2018-05-09 14:11:00,2018-05-21 14:11:36,2018-05-24 00:00:00
26309b9af9801e215252ef79be51f75a,f3d920c8e775b5e543f2f89af5969774,delivered,2018-08-22 15:26:48,2018-08-22 15:35:14,2018-08-22 15:39:00,2018-08-27 22:23:59,2018-09-04 00:00:00
66684ab29bf699746bbe69ca21dcedf5,0cc776ad105d3e0339e5e3b846edd129,delivered,2018-02-07 13:55:03,2018-02-07 14:10:07,2018-03-01 17:52:35,2018-03-29 18:33:03,2018-03-12 00:00:00
23ad1ae9db6999293449603e1a247803,d71a8cffeb2a8ca4ad2375b72d94c8ad,delivered,2017-01-26 16:25:37,2017-01-26 16:35:23,2017-01-27 15:44:17,2017-02-03 17:23:38,2017-02-22 00:00:00
019edbdfeb6923e55558362c2b84ec37,2ec93611c4a36c30917dcc0ba589d5d9,delivered,2018-04-01 07:31:49,2018-04-03 05:28:16,2018-04-04 18:04:00,2018-04-05 18:58:39,2018-04-13 00:00:00
27f9cf9d843287e332dcd815a0feda60,b8fbaa3e26e3e604818d090861f162b7,delivered,2018-07-29 13:18:42,2018-07-30 18:31:02,2018-08-08 14:46:00,2018-08-22 22:58:40,2018-08-22 00:00:00
66f1a7baf73c12eb3af95058da54b6f8,ffe51ba924ffabbb6e1ec2c92e582851,delivered,2017-01-20 22:11:31,2017-01-20 22:21:59,2017-01-24 12:09:03,2017-01-28 06:41:37,2017-03-02 00:00:00
9cf6d08e57855a633b5c0c79258ee121,85074ebbf507a1d5e46df973cc4c05a2,delivered,2017-11-24 11:47:45,2017-11-24 13:39:44,2017-11-28 18:04:35,2017-12-12 16:16:46,2017-12-19 00:00:00
5497655681652e7e1306139bb5d04a14,416b717e3c11cf6c596c624c76630afa,delivered,2017-01-23 22:23:01,2017-01-23 22:30:36,2017-01-24 13:45:22,2017-01-30 11:44:57,2017-03-02 00:00:00
96e84b24d3eb91311bd0c42171eb301c,d6b8d52c4a09c762dcd7e57533768f91,delivered,2017-04-28 18:08:28,2017-04-29 02:10:12,2017-05-03 13:19:03,2017-05-12 17:35:57,2017-05-22 00:00:00
bbeabf588cfd1094a645e92fcf277020,bb6b4fb08e29775ec97351f44f1fad1e,delivered,2018-01-15 19:36:22,2018-01-15 19:50:59,2018-01-16 19:51:15,2018-01-30 11:08:05,2018-02-07 00:00:00
8e054d33e00ddfd994d389e1e7204d3f,f45a4d2cb74a959abd0c06714ce8e843,delivered,2018-01-23 18:58:40,2018-01-23 19:23:17,2018-01-25 14:38:46,2018-01-29 14:33:17,2018-02-15 00:00:00
3ec57f387771800e135888860c546cf8,3630d72b7bc768b5d2bb45844561e7f7,delivered,2017-10-03 13:28:48,2017-10-03 13:49:26,2017-10-04 14:38:10,2017-10-06 15:39:45,2017-10-19 00:00:00
31d97e07fe8d91fbea9cca127739d2f5,c9d98f41b99acf97b856907c6a229212,delivered,2018-05-06 22:19:02,2018-05-08 20:31:53,2018-05-09 14:07:00,2018-05-11 22:47:32,2018-05-30 00:00:00
736401dfe860545394d24b098b2728eb,b629115d8a9ab4d7c46a9a8622ebf2c4,delivered,2017-05-01 19:46:04,2017-05-01 19:55:08,2017-05-03 13:32:34,2017-05-13 07:15:39,2017-05-29 00:00:00
421965457f0703d25ba727b4d31a1ad3,e8bc2481bc34c782733e3fd5fb60a06c,delivered,2018-02-25 08:43:55,2018-02-26 08:48:36,2018-02-26 19:42:36,2018-03-03 13:51:49,2018-03-16 00:00:00
67be6410d453784501c125d4f0ecb741,3ace417f46e2feb1f83c8e8ee4186547,delivered,2018-07-14 18:19:56,2018-07-14 18:30:19,2018-07-16 16:20:00,2018-07-20 20:21:55,2018-08-10 00:00:00
6b8a03d40f75b75ec65ed5ba13d80f95,72a4878a79935a45e5acec3b541af15a,delivered,2017-10-24 22:40:56,2017-10-24 22:56:26,2017-10-25 21:23:45,2017-11-09 18:17:20,2017-12-11 00:00:00
726a67ad063495177a87c3958017c32e,790f3750b9619d5eaac692a81cb655d1,delivered,2018-08-21 18:09:40,2018-08-21 18:30:42,2018-08-22 13:01:00,2018-08-27 23:08:37,2018-09-05 00:00:00
4fa07e91d7b4f8b191e3a6ab40f14f54,6d9754a16df71866ee34b146153ec9a2,delivered,2017-01-31 15:41:21,2017-01-31 15:55:14,2017-01-31 16:57:41,2017-03-13 11:53:01,2017-03-01 00:00:00
338d2237cff9d84c960705a68b88c638,e448981d531c5708df0b2dd15692d246,delivered,2017-08-10 10:14:39,2017-08-10 11:25:14,2017-08-10 19:37:46,2017-09-19 13:35:46,2017-09-11 00:00:00
6eafb3047f5d0c7cadeec9d129f0e4d0,40915d2aa40e340e13b8635cf59048d3,delivered,2018-08-26 21:55:14,2018-08-26 22:10:24,2018-08-28 14:47:00,2018-08-30 01:41:43,2018-09-06 00:00:00
81a3c1a0ea3b09bad9d4e0a6a3683f4e,e05bcc70a42c95be8c4ba141fc5830e2,delivered,2017-12-31 10:07:18,2017-12-31 10:14:30,2018-01-02 16:04:17,2018-01-04 17:38:35,2018-01-18 00:00:00
9913ce9487d390ef37cd3b6cc3883f0e,396327c2beeede33bdfc47d59e31cbcd,delivered,2017-10-04 11:17:57,2017-10-04 11:28:23,2017-10-05 20:43:42,2017-10-19 15:49:09,2017-11-07 00:00:00
d0405d0cd3a0ddba64c30a078681a88a,faf0fde78922beb33e302d458492d55a,delivered,2018-06-12 17:59:49,2018-06-12 18:46:06,2018-06-15 10:17:00,2018-06-18 18:15:45,2018-07-04 00:00:00
2548aa48f7db62d5579e7e20ae85ca03,c2c75371ac7de122517db15e9765379b,delivered,2018-02-21 16:14:42,2018-02-23 02:30:31,2018-02-27 01:48:54,2018-03-08 14:49:44,2018-03-15 00:00:00
da535cf4ba8827cbf61a0ce2b7e08cbf,23bd724baa42a23c24432c373b3b910c,delivered,2017-11-10 12:29:31,2017-11-10 12:46:59,2017-11-14 22:17:56,2017-11-24 19:05:54,2017-12-05 00:00:00
69adad596ce64d77dd2a23f85ce3aa98,06ee09badc38b922a88d417e5134e3aa,delivered,2018-07-20 19:54:26,2018-07-20 20:05:16,2018-07-25 14:14:00,2018-07-31 16:08:49,2018-08-28 00:00:00
ab0c90a5da04e0132ea07c113bedec0d,f55bb246eecd1cab4ca24d89b196488b,delivered,2017-01-21 20:53:06,2017-01-21 21:05:16,2017-01-25 09:41:52,2017-02-09 09:53:47,2017-03-21 00:00:00
1b8cfe91cd0a25a8db0841e48cc76029,f6c6f587eb8cc972d92c7efa7de1a208,delivered,2018-01-31 08:30:46,2018-01-31 13:54:10,2018-02-01 19:38:59,2018-02-02 20:46:19,2018-02-16 00:00:00
abb9f3409081aa15446fa8ae9add98db,8a2b7d85cd74e69ac62108df819c154f,delivered,2018-05-12 18:53:09,2018-05-13 18:53:52,2018-05-15 12:10:00,2018-05-22 00:40:50,2018-06-06 00:00:00
9def7a5fa150d19b1aaa252828db8df9,9302b40e3cbf7c43daae0cf4bf7e8895,delivered,2017-04-04 22:33:07,2017-04-04 22:45:14,2017-04-05 14:27:55,2017-04-12 17:38:07,2017-05-08 00:00:00
02e0b68852217f5715fb9cc885829454,12b78d9eacb77edde80d19b9528bcfe9,delivered,2017-11-24 06:25:10,2017-11-24 06:32:24,2017-11-24 18:46:54,2017-11-30 18:19:22,2017-12-19 00:00:00
a006b205e3eb2c6f672a5a4ca2513d6e,efb36dbe96cd81027a82637df5bbe63d,delivered,2017-07-30 14:52:40,2017-07-30 15:05:16,2017-07-31 19:47:29,2017-08-10 17:55:17,2017-08-28 00:00:00
758c8ff64cc233c51b12159bea040efc,223ba7381d6b18429c3a5e11df5b30a4,delivered,2017-11-28 08:48:04,2017-12-01 18:10:20,2017-12-02 13:09:19,2017-12-13 19:59:33,2017-12-22 00:00:00
3b8571d1b976c25db4b555a5f04b1968,9c85b029b22c928f95accc8c6d8b5343,delivered,2018-08-10 21:38:38,2018-08-10 21:50:20,2018-08-13 14:00:00,2018-08-20 14:46:28,2018-08-27 00:00:00
f04479bb4e07ce7b8ac1d2287b528541,cdebdd9b0e6d04c6a6c2ac526fc081e2,delivered,2017-01-29 16:00:36,2017-01-29 16:31:39,2017-01-30 10:18:21,2017-03-14 10:42:19,2017-03-09 00:00:00
cb64fe77f78101ce43bdffc7be77c9a4,d0c07cdd5cde8cb9b6fb2d7a32060211,delivered,2018-05-03 22:33:14,2018-05-03 22:52:50,2018-05-04 15:48:00,2018-05-09 18:26:50,2018-05-30 00:00:00
0cf6d9903d24cb0d6ef8817a9612fbfd,e9a600a9582d96365e2d57f4e2f6533a,delivered,2018-05-22 09:35:17,2018-05-23 02:38:19,2018-05-28 13:16:00,2018-06-04 17:48:32,2018-06-08 00:00:00
1a777b4fbc5f78c56a4d194ce7311df5,7b913a2d826245167f82b67681578ce2,delivered,2018-07-09 09:54:00,2018-07-10 09:45:15,2018-07-11 13:08:00,2018-07-20 15:35:33,2018-07-25 00:00:00
5dec9bf4b2c859f8de5fee5f1e08d1c6,204cb39c49cd7750704f5a22034b6133,delivered,2018-02-01 22:14:52,2018-02-03 02:53:35,2018-02-08 01:06:02,2018-02-23 18:57:13,2018-03-02 00:00:00
18cc97889312466cc90150237a3e2603,895911c68d1a41f344eb97cbc3194d2c,delivered,2017-12-08 14:58:30,2017-12-08 15:43:43,2017-12-11 20:48:51,2018-01-04 11:52:13,2018-01-12 00:00:00
9f6fd425786e354166bb381926773047,9565ff8f153c31c6e79dd5286c96867a,delivered,2017-05-26 13:28:22,2017-05-26 13:42:04,2017-05-30 06:37:48,2017-06-12 19:37:31,2017-06-20 00:00:00
e694b95a2d201f01906a8dc752659d49,36a7b5df049b796271525f87c41ed0e8,delivered,2018-03-10 21:22:41,2018-03-10 21:35:24,2018-03-13 16:58:34,2018-03-19 17:05:22,2018-03-22 00:00:00
8b62c0757b9c458179c29c2ea24c7886,f9985b23d4ca672f9b3086de24187772,delivered,2017-11-06 23:21:22,2017-11-08 15:10:35,2017-11-09 16:11:47,2017-11-22 20:51:24,2017-12-04 00:00:00
4bdbe1f2d1b360c34d90175e10ec090b,92074364e1af80a6ca822ae3141a7d77,delivered,2017-01-31 17:54:09,2017-01-31 18:05:23,2017-02-02 09:43:40,2017-03-30 13:22:48,2017-03-15 00:00:00
912806f58b85a8b3b9a57757227c9a36,d76831a8621f75ed2c625ebf14d32f4a,delivered,2017-12-20 16:44:00,2017-12-20 16:52:30,2017-12-22 23:05:57,2018-02-01 14:15:31,2018-01-23 00:00:00
1af47f4805c833e818afbc304a27de73,af34d22284fae5b9e2fde31b48a6966c,delivered,2017-06-13 14:13:31,2017-06-15 03:10:41,2017-06-19 12:56:05,2017-06-26 14:42:41,2017-07-06 00:00:00
f040040c63fb4164125917af2fa6d4b4,7c6f85d218c8e1b11d5850ab745c18ad,delivered,2018-08-06 18:48:35,2018-08-06 19:04:31,2018-08-07 12:43:00,2018-08-11 13:04:41,2018-08-24 00:00:00
eeed16ea7d99f4531ac2aefa8dd79368,cc389f4eaa50512f8de37f3109aebaa9,delivered,2017-11-20 12:48:31,2017-11-21 03:56:29,2017-11-22 23:48:53,2017-11-29 19:45:45,2017-12-18 00:00:00
54766753b06221dcdc0b0d27db25cc10,4dbccee7e5cb46bcf06f78a7fcfa9c21,delivered,2018-08-05 15:06:41,2018-08-07 04:05:20,2018-08-07 14:59:00,2018-08-15 03:11:36,2018-08-23 00:00:00
146bfe4003096bc16316672e59c6fb2e,47443a10c52e727aeab6b6cae75dbdb6,delivered,2017-01-26 23:08:52,2017-01-26 23:21:57,2017-01-27 13:57:24,2017-02-01 11:09:38,2017-02-20 00:00:00
d3eb5011f10dfdf72c225f0c2030cc3f,ac4cb63346f3672eaede3a522715892e,delivered,2018-01-06 17:14:01,2018-01-09 07:25:37,2018-01-09 16:25:55,2018-01-12 20:46:49,2018-01-31 00:00:00
8d00e06d3fa925f408fd286f9805a765,e3760886106b30a851372af1aded2408,delivered,2018-02-20 16:46:08,2018-02-20 17:10:34,2018-02-23 23:33:49,2018-03-02 00:03:38,2018-03-12 00:00:00
be449a37a242b89d7c027246275dc0f9,ae32169ba42b71cae81b26a243c88254,delivered,2017-12-29 22:17:42,2018-01-02 12:29:24,2018-01-04 20:28:35,2018-01-18 16:53:07,2018-01-30 00:00:00
029c545413b10a6bd7540401f6eef0a3,2131f859f33715756b10efb97d873a85,delivered,2018-07-10 17:16:33,2018-07-11 09:30:27,2018-07-17 14:23:00,2018-07-20 16:14:38,2018-07-30 00:00:00
594d9204df0349e9b6ddaeeecc1f0748,77cc3e952b4b134d8df91b12ec9696c4,delivered,2017-10-16 19:59:26,2017-10-16 20:14:15,2017-10-18 18:42:14,2017-10-23 19:42:40,2017-11-07 00:00:00
341fde35809d4cdae709b875a0040b23,5d0a1762c0f0dd867d87f1292aa74222,delivered,2017-11-02 22:01:56,2017-11-02 22:15:25,2017-11-04 13:47:38,2017-11-15 16:31:57,2017-11-30 00:00:00
5b3f436dc53597ba05614a473a03783f,b479b095943ff69c66d51e278b3378a8,delivered,2017-06-04 12:40:44,2017-06-06 13:23:16,2017-06-06 15:35:15,2017-06-22 14:52:17,2017-06-30 00:00:00
f53eae1ce47dc68e8da117dd0d7feef1,a4fe94a051d268fbbe8e4ca932ebc460,delivered,2017-03-01 11:51:01,2017-03-03 02:10:22,2017-03-06 09:17:53,2017-03-15 09:42:37,2017-03-22 00:00:00
3937ff0dcfc2d3e0ccf73d9b6521611a,6df048a54bfef499d9e6dd224351e90c,delivered,2017-01-24 18:11:44,2017-01-25 18:15:19,2017-01-26 15:37:47,2017-02-21 05:16:06,2017-03-15 00:00:00
e5ec17b950e2ca6379aaee6905115d3a,ebfb52120d564ecc1fd3fb67e810af7a,delivered,2017-12-19 15:12:09,2017-12-19 15:54:30,2017-12-22 19:51:49,2017-12-26 22:10:35,2018-01-08 00:00:00
9ef13efd6949e4573a18964dd1bbe7f5,adb32467ecc74b53576d9d13a5a55891,delivered,2017-01-30 21:44:49,2017-01-30 22:33:45,2017-02-01 14:34:10,2017-02-14 10:48:10,2017-03-07 00:00:00
f6f0b2497c5a4ca89670186757ab2684,a0a77214faef45bda6ff573f33f39f2c,delivered,2017-06-26 12:23:32,2017-07-05 17:09:11,2017-06-27 17:03:09,2017-07-03 17:53:29,2017-07-18 00:00:00
3cbae6cd7d4ccde80ef2d1ec061ce54b,366ed69223476beea6b38ebc2ea2eadc,delivered,2017-12-11 20:47:04,2017-12-11 20:56:32,2017-12-15 18:16:53,2017-12-29 22:29:08,2018-01-12 00:00:00
2f881be41e2ead562c1aa96d274fde55,b46150e23f63d6d715074e2b9004ae63,delivered,2018-04-25 12:23:33,2018-04-25 12:35:26,2018-05-03 13:01:00,2018-05-05 13:32:08,2018-05-16 00:00:00
ee02295dfa5d0519664c1dcd4a70e87f,71fdbaa760e25ef2449d79d1c4264021,delivered,2017-08-26 15:36:02,2017-08-26 15:45:39,2017-08-28 20:59:37,2017-09-11 17:43:26,2017-09-18 00:00:00
799f11bf34b4fcf6d45f6e2399907cf0,837a022a0ff4fc2ccb82a5ab089a4c03,delivered,2017-08-19 12:29:11,2017-08-22 04:07:03,2017-08-23 12:36:01,2017-08-30 16:36:50,2017-09-13 00:00:00
717d28ee12c7c0ef8b384ff1b62b33c7,f6a6ff9806cd24a90d1b1f7463df9d52,delivered,2017-01-21 21:20:06,2017-01-22 06:50:29,2017-01-30 07:54:59,2017-02-06 09:28:59,2017-03-02 00:00:00
6ab838d74d628b6f618844ef50200969,1287c8ba3475af023c0cfbaf3b13c3d6,delivered,2017-11-26 13:37:45,2017-11-28 13:42:02,2017-12-01 14:42:12,2017-12-08 22:41:37,2017-12-28 00:00:00
43d3bde64fc6f4f2f504d808d3be576c,efba5045b71698a3f669f71d972521d4,delivered,2017-04-28 11:09:47,2017-05-03 15:31:27,2017-05-04 12:40:12,2017-05-18 11:32:59,2017-06-05 00:00:00
51a78fb31e4d1dc9a712c428af94ce6d,b685b86521680ad31716dd45765f5e47,delivered,2017-10-25 00:59:34,2017-10-26 02:56:47,2017-10-31 18:29:37,2017-11-13 17:04:02,2017-11-27 00:00:00
44a03ff139461361ec4cce7949663c2f,d1bfcf16e4d5966d1892538e5b3d7c1d,delivered,2018-05-23 16:58:37,2018-05-23 17:16:46,2018-05-25 11:13:00,2018-06-04 12:14:43,2018-06-08 00:00:00
a46944cf9b2c78431a4619ef5f308ab8,c0d8087ca82251a651b555a131b87e5a,delivered,2017-07-05 17:19:21,2017-07-05 17:43:55,2017-07-07 20:08:01,2017-07-12 19:34:45,2017-07-25 00:00:00
02737086e020bd456ae19e98fee5c186,f3576e2845514e8c7a3a89fd7691c745,delivered,2018-01-17 18:06:57,2018-01-17 18:17:40,2018-01-18 23:59:06,2018-01-26 01:09:15,2018-02-07 00:00:00
85f264b7facc04c8e6a719c30eb273bd,9bd73a761be2687367ee5276e14254de,delivered,2018-05-04 06:35:42,2018-05-04 07:22:05,2018-05-04 13:56:00,2018-05-10 13:16:52,2018-05-25 00:00:00
0cce12b5e68a55914cd38b40985f7262,3e0c0674e2aa2cd249bc32ec8e472d00,delivered,2018-01-20 20:48:14,2018-01-23 03:37:51,2018-01-23 14:33:19,2018-02-09 15:42:35,2018-02-15 00:00:00
cc3c4543672fb8402491897f7ad1af33,375d01fe401c4c2f0bd0b34830e7deec,delivered,2018-02-14 16:03:54,2018-02-14 16:35:31,2018-02-19 11:36:57,2018-03-08 13:41:58,2018-03-15 00:00:00
a2ad11ea44d93d936c3189c9975fe062,3b54d85abc4690d0817b7b18ef469fc4,delivered,2017-12-11 09:46:54,2017-12-11 09:56:27,2017-12-11 18:56:50,2017-12-13 21:54:57,2018-01-02 00:00:00
75d356a1c924fad59ba5ed142004e9de,340abbdbf0c270cc10f99d9f6c98864a,delivered,2017-08-24 10:31:22,2017-08-24 10:45:17,2017-08-25 20:08:01,2017-08-30 22:10:35,2017-09-06 00:00:00
38c2b634e9399138e8c5e726ddfe765d,e0ea4f96f422dab31934d5659c620dc2,delivered,2017-09-19 18:13:21,2017-09-21 02:45:32,2017-09-22 21:18:59,2017-11-03 19:43:39,2017-10-06 00:00:00
c69a4e800792132c8c39b559c8cda572,f0b68e35ddd2c5191d55d6191faa4397,delivered,2017-04-12 12:34:03,2017-04-13 02:42:44,2017-04-13 14:25:09,2017-04-18 16:24:19,2017-05-04 00:00:00
329465dad46fffab333860e92e7ac984,2591b8425f1f3f363d644917fbc238db,delivered,2017-01-27 22:14:53,2017-01-28 10:30:56,2017-02-03 13:54:57,2017-02-14 13:15:33,2017-03-13 00:00:00
04082ed3fe3aa0b4af00796e94ead6ba,4700d67caf6d4f7e9bf60d730cac3c69,delivered,2018-05-10 17:24:33,2018-05-10 17:38:09,2018-05-12 08:14:00,2018-05-25 12:41:43,2018-06-06 00:00:00
132d431a6757fe865a1f7117978bd0e0,b02ecf867fe6e02059318f0496ca67af,delivered,2018-04-02 15:10:14,2018-04-03 15:09:19,2018-04-04 01:38:32,2018-04-05 19:32:50,2018-04-12 00:00:00
f78a3a22a7eb2580aa261454a60166c3,86c420c75e70aa42c68655dca896b8ac,delivered,2018-02-15 19:47:55,2018-02-15 20:06:26,2018-02-16 20:59:05,2018-02-19 23:25:17,2018-03-02 00:00:00
eb9afe3c048ef7be0e99305193ee4ded,01f122c4617c17afeba8f9bf49babfbc,delivered,2017-03-28 19:43:46,2017-03-28 19:55:20,2017-03-29 15:15:20,2017-04-07 07:13:09,2017-04-24 00:00:00
4cc65e8e0ab1879889ab53fbcd422978,120c8df146de37740fbd8d7dee9c0137,delivered,2017-12-10 11:46:25,2017-12-10 11:55:29,2017-12-12 20:52:31,2018-01-04 16:41:31,2018-01-10 00:00:00
49693494d8f42b42b80c8241976f8460,3651260dcfacc8962f8ba0a0df6000cf,delivered,2017-05-03 01:40:46,2017-05-04 10:03:02,2017-05-05 14:20:43,2017-05-18 08:46:13,2017-06-05 00:00:00
54cf02ae7c090640834d4f9d190f3b9d,353a77315095c1816b31ba0c89421c42,delivered,2018-03-20 10:23:27,2018-03-20 10:35:28,2018-03-23 00:22:55,2018-04-17 18:44:37,2018-04-11 00:00:00
34a1e7e0bd6987d552a7b050ad68a314,4fb3dd18946b6b46d97df8aaee3fc552,delivered,2017-05-15 11:23:57,2017-05-16 03:15:34,2017-05-16 09:03:25,2017-05-17 11:00:04,2017-05-24 00:00:00
a8f5ea0830ac9ffd1d2864434bcddb70,e9bca2aac8f400109e997596326d9227,delivered,2018-05-28 20:21:30,2018-05-28 20:36:38,2018-05-29 07:48:00,2018-06-08 20:06:36,2018-07-13 00:00:00
6054d8418ec326a7a9382171632b7a7d,06ebadeeb0acfedd1526d66bfb71b061,delivered,2018-07-22 18:35:13,2018-07-24 22:04:17,2018-07-25 11:07:00,2018-08-04 14:46:52,2018-08-16 00:00:00
21a700353585ff0d776cdde844166983,1af2b6993c484922951d0017979e65f2,delivered,2018-05-14 12:40:40,2018-05-14 12:55:38,2018-05-15 13:50:00,2018-05-18 13:32:23,2018-05-28 00:00:00
d4c324a61d74cbf91304f5c193b5d788,29faae90992b74d512970ce668410f81,delivered,2017-11-26 14:31:13,2017-11-26 14:52:39,2017-11-27 23:21:36,2017-12-01 11:53:56,2017-12-15 00:00:00
6d480dfe6a776cc015ee944f518a966c,932f6ab5fbf15a2b22564cce2a273fad,delivered,2018-06-28 13:52:36,2018-06-28 14:11:26,2018-07-04 13:47:00,2018-07-07 17:50:30,2018-07-20 00:00:00
93dfb14657b871cc1708647ef95f40f9,02a0567ef769f63b6e340fcb6eb6b618,delivered,2017-11-21 18:18:40,2017-11-21 18:30:25,2017-11-23 17:54:45,2017-12-07 20:03:11,2017-12-11 00:00:00
0b1290e557f053467333ff365790c5a4,5e2ad1cfbbd5ff1eb07d7612befef8d2,delivered,2017-08-10 20:50:21,2017-08-10 21:05:14,2017-08-11 17:27:30,2017-08-22 20:17:40,2017-09-06 00:00:00
b2f3774fcd52e817b5f0e8b459e1db17,ca345cb1e12c873647c273a2a7985f92,delivered,2018-05-17 14:22:26,2018-05-18 01:17:40,2018-05-22 13:56:00,2018-05-24 18:36:41,2018-05-28 00:00:00
46a9ef8b08f32e1f040b1196a4b1fdc8,2c72b46ebe2c2bef0b66aa223dc030c4,delivered,2018-01-15 16:33:51,2018-01-17 03:38:27,2018-01-17 15:39:03,2018-02-01 17:49:51,2018-02-26 00:00:00
81251f18621a822ad5b09593dfee4fc9,ae4dce7235e0aac52e4b82c54f7b18de,delivered,2017-01-21 14:17:21,2017-01-21 14:30:16,2017-01-25 16:51:53,2017-01-27 11:34:09,2017-03-16 00:00:00
b8fefe14a54d37e67e2d26ecaf02760b,7e05131e3f56be54a923fe156b2f60c4,delivered,2018-04-30 18:54:46,2018-05-01 18:54:09,2018-05-04 12:27:00,2018-05-28 14:25:35,2018-06-11 00:00:00
c26761f0a70b2b7e0bb437aef502ffc1,7bd2a7c581d9aa3cfabb4cdc39f0d0ee,delivered,2017-12-21 20:07:03,2017-12-23 02:17:36,2017-12-26 23:25:05,2018-01-03 14:03:06,2018-01-17 00:00:00
7f2f03f3b7e68c7b510177e04cb2b40e,3a03bf7cb204cf7573e6e88b6ff92c1e,delivered,2017-10-07 09:42:02,2017-10-07 09:56:12,2017-10-09 19:52:45,2017-10-10 14:29:05,2017-10-25 00:00:00
edad550f8e089f9f83f9826bd21f1095,1c874c4cc51fa0c5401a51943cc3a174,delivered,2017-08-08 16:33:19,2017-08-08 16:45:13,2017-08-11 19:56:31,2017-08-23 20:46:51,2017-09-01 00:00:00
884e5d3456c8de94634174aa2fa4cb5e,9f5aeea297d6ddacd404fbb57347c6ef,delivered,2018-01-26 14:47:07,2018-01-26 14:59:07,2018-01-29 19:42:53,2018-02-02 00:51:31,2018-02-19 00:00:00
356fd0826eb73e2f62ab842bfe38b4c3,67dda4d650a7d633ae5849308bd98dfa,delivered,2017-11-08 22:37:01,2017-11-08 22:50:27,2017-11-10 20:44:57,2017-11-22 15:38:53,2017-11-28 00:00:00
632ba34265b5449d1f742d24cacf1208,c4eeb750bb290eee0933aa9f859721e9,delivered,2017-01-22 21:50:07,2017-01-22 22:21:55,2017-01-23 15:26:11,2017-02-02 12:34:13,2017-03-08 00:00:00
03343a88c4d669e6378c5aedc4147919,d6851a9cf4328debeddd2f63212ff9e2,delivered,2018-01-16 12:06:29,2018-01-16 12:16:58,2018-01-16 22:37:59,2018-01-31 21:46:39,2018-01-31 00:00:00
ca64208b67f4cb6e1503818a3317485f,7da6514c119b3cb64b80ae289717626d,delivered,2018-07-07 19:53:45,2018-07-08 19:50:12,2018-07-10 15:43:00,2018-07-14 15:46:38,2018-07-25 00:00:00
d0b29bf966cd5fc8d2b5274157396dd9,af149dc022760dd847a77705f6679bdb,delivered,2017-06-19 09:51:09,2017-06-20 10:25:29,2017-06-20 13:12:50,2017-06-21 18:09:48,2017-06-30 00:00:00
8f7fab386de53dade383a220ad572f8b,fdf99d9accfd2ec8e9fa26abde5052fb,delivered,2017-09-03 11:23:45,2017-09-03 11:44:08,2017-09-04 18:00:06,2017-09-05 15:14:36,2017-09-15 00:00:00
70d0dedf8c23e2cedca5915427acd101,e89602b2442a8d65407ba198d614502c,delivered,2017-01-17 16:58:06,2017-01-17 17:15:16,2017-01-18 14:22:10,2017-01-28 11:57:18,2017-02-15 00:00:00
0e79e80abdb81ad5003ede1e8d4ef4e1,eee59a7417089496b809841d6e0d41ed,delivered,2017-11-06 09:04:52,2017-11-06 09:15:32,2017-11-08 16:22:44,2017-11-16 18:28:27,2017-11-24 00:00:00
c671c0f8b33c619e3e77d7ccd3b934e0,447e1d91885790660c82309c87fd2422,delivered,2018-02-11 20:19:41,2018-02-11 21:00:25,2018-02-14 16:39:53,2018-02-19 16:06:53,2018-03-07 00:00:00
bbf4d375e40f5e365a316b81b16829b7,e49b50780a322146eecff0b0b3603454,delivered,2018-01-13 10:58:04,2018-01-13 11:30:57,2018-01-15 20:07:44,2018-01-26 16:21:07,2018-02-01 00:00:00
9e5608d7d556337c7a3f1bb6f0eea5b4,14f78603f7b2d6fb21d975186229cc2a,delivered,2018-05-07 11:58:52,2018-05-07 18:10:39,2018-05-09 12:12:00,2018-05-15 17:12:34,2018-06-01 00:00:00
8bef37e0a778afcdf32118f376beb9de,332ea0e2b2e87e9ed11f7aee42cf698f,delivered,2017-01-20 19:33:29,2017-01-20 19:45:13,2017-01-23 11:52:31,2017-01-30 14:09:01,2017-02-28 00:00:00
a37d2d7219fd59058812f25e500a9a59,b9f3a86f04f939473dbfd9002f5595b2,delivered,2017-07-02 12:32:04,2017-07-02 12:43:41,2017-07-04 06:13:46,2017-07-07 15:31:54,2017-07-31 00:00:00
50a2d9e8f28f577acd594ba29d58eced,cbc57689231f7033b69a4ddbfb2019c0,delivered,2018-05-21 22:40:43,2018-05-22 01:53:38,2018-05-22 11:56:00,2018-06-06 16:08:47,2018-06-14 00:00:00
fbd82b1fe98967de0db29b6cf134d00a,45f5c9d984dbfa2105e3544cc85133bf,delivered,2017-01-18 08:55:36,2017-01-18 09:05:10,2017-01-18 10:41:58,2017-03-07 08:55:47,2017-02-14 00:00:00
65b133214f06c44865a7a54148c84e0a,fde4a958c856e15b4dcfba719b967366,delivered,2018-04-14 15:14:39,2018-04-14 15:32:52,2018-04-16 13:15:03,2018-04-27 14:08:55,2018-05-14 00:00:00
f8b13ccfc06fd1baa3b0b9a9f1d368de,f85e2cc1f55bd805121094b06905af7f,delivered,2017-02-15 14:47:09,2017-02-17 02:23:35,2017-02-17 14:45:40,2017-02-24 14:26:02,2017-03-16 00:00:00
e0e1fe9ae2dd406e99025006b746c364,bbf91df4f0a88830237a0e1ee1b9f161,delivered,2018-08-25 16:36:58,2018-08-25 16:50:21,2018-08-27 15:52:00,2018-08-30 18:52:30,2018-09-04 00:00:00
c39fdd3fcd0af98b287d3c9732a7eb38,3d5b84857f33fca6a8358ca21d1817e6,delivered,2017-08-30 11:41:00,2017-08-30 11:55:09,2017-09-01 15:14:03,2017-09-05 23:46:57,2017-09-22 00:00:00
58b67b63bcec8f5f157c17d15b724b89,7cb765c85242eea08f1aa4dd273ae02f,delivered,2018-08-15 11:52:55,2018-08-15 12:05:13,2018-08-16 14:11:00,2018-08-23 22:56:44,2018-09-04 00:00:00
01b84214591ddd4edad9fa4a1f344f84,828c30ae3a51aea1d168e88e6e735bf7,delivered,2018-01-03 19:12:28,2018-01-03 19:27:03,2018-01-04 16:36:40,2018-01-16 02:33:43,2018-02-01 00:00:00
72d92e444e5ae71da33e1ca59fb9f8a8,911f3d97487d2d823bb88015b5a61b84,delivered,2018-01-13 10:51:14,2018-01-16 03:38:44,2018-01-18 12:42:43,2018-01-19 18:19:27,2018-02-01 00:00:00
f9cda286ca417062ff15bf5d63fbc70c,7b2a178190dfc4efadeccb75fc833074,delivered,2018-05-21 17:25:11,2018-05-21 17:56:47,2018-05-22 10:49:00,2018-06-06 20:37:37,2018-06-11 00:00:00
a0ddb810bd79dc15910dcc56a1c7f3cb,5d582f1e23008801810225562c7cc50c,delivered,2018-04-22 13:16:34,2018-04-24 18:44:28,2018-04-23 19:51:36,2018-04-28 12:06:45,2018-05-25 00:00:00
5c8d479eeb47c38de98d8ab2d956e04d,e90f4de54f789cfc0696115e1a0d04d2,delivered,2017-10-10 18:31:51,2017-10-11 12:35:11,2017-10-16 18:22:05,2017-10-20 14:22:31,2017-10-27 00:00:00
12fb5d0cb33d4e9aa4d07b4400346153,41061f2a3a70683b176c48c221612439,delivered,2018-01-17 11:32:19,2018-01-17 11:49:54,2018-01-24 13:27:26,2018-01-29 19:32:22,2018-02-07 00:00:00
987b7884b5b6e23a2b4d35d8213815a2,d1463df09d68e404ee13bdd4494ea9cc,delivered,2017-09-28 20:34:16,2017-09-28 20:51:42,2017-09-29 21:14:54,2017-10-19 21:44:31,2017-10-30 00:00:00
ba8d16a572292d042403094d3c0fc354,509b47b411bde663f6275c5fa083121f,delivered,2017-07-27 22:04:42,2017-07-28 21:15:08,2017-08-01 17:42:20,2017-08-10 22:07:59,2017-08-28 00:00:00
1d1cd1be4eb8ccedea997348b859065d,b829375aba0fe46daa0cae92cfadfa95,delivered,2017-10-04 09:43:36,2017-10-04 09:56:22,2017-10-04 16:43:20,2017-10-11 19:28:50,2017-10-31 00:00:00
8578000d0000b3bacf28bd31ee906b92,cc1052040f688d68994f5645c551ff78,delivered,2018-04-11 21:51:09,2018-04-13 02:32:02,2018-04-13 23:06:39,2018-04-23 19:46:54,2018-05-10 00:00:00
ac0453dee118265767bf9c26966ccbde,e3ab519b9f2681e43d1ecc7f1cfa5a81,delivered,2018-06-25 21:56:11,2018-06-25 22:17:06,2018-06-26 14:28:00,2018-06-28 18:46:31,2018-07-16 00:00:00
4d7a365119241cbd17c7afb5b39bb9a0,7b1536d40b410674d6580bf1a6883985,delivered,2017-01-29 20:53:13,2017-01-29 21:40:45,2017-01-30 11:45:17,2017-02-02 14:38:06,2017-03-07 00:00:00
cd63595a31d3717ff7ea9a0b041104a9,88427d6cb0325a6da3f9a0201a17338c,delivered,2017-01-23 20:46:11,2017-01-23 20:55:17,2017-01-24 11:37:15,2017-04-26 15:36:21,2017-03-02 00:00:00
352c07bd942e2c6def34464d7d84469a,ec88af0313a04a591597b79a08501f2d,delivered,2018-04-08 12:47:49,2018-04-08 13:10:08,2018-04-11 00:14:24,2018-04-11 16:21:26,2018-04-19 00:00:00
8964f4133f8364b5b7e09a6b274751cb,0eedc4b5eb923e6f72de7ef40ee46162,delivered,2018-05-11 16:21:04,2018-05-12 16:15:14,2018-05-14 14:50:00,2018-05-21 15:26:54,2018-05-30 00:00:00
9142a3c29501af1e90aa7eea2a6949b3,a8876ecd91fd22bc8b420c9a4be69955,delivered,2018-03-05 14:54:33,2018-03-05 15:10:31,2018-03-13 18:58:28,2018-04-03 19:41:49,2018-04-04 00:00:00
21eb47858aa7100e94ede112bf5ed1b3,df5e4aab3ffa6952f744401391b14066,delivered,2018-01-01 17:17:13,2018-01-01 17:29:22,2018-01-02 18:48:54,2018-01-09 22:05:51,2018-02-01 00:00:00
16d353779b7e746727313fe0b83a5cb3,24eafdf1adba85219732e8ec88a8ba3b,delivered,2018-06-13 20:38:23,2018-06-13 21:00:36,2018-06-18 06:34:00,2018-06-27 00:03:58,2018-07-23 00:00:00
46081612169925ef8882b3bbf1c5011d,75ed40e82dfc05de3c82d79a73f4b48e,delivered,2017-01-23 08:35:27,2017-01-23 08:50:09,2017-01-23 13:45:25,2017-01-27 14:27:51,2017-02-28 00:00:00
247ba9f6a94558776b1ccd2d59ce8cb0,cca9827c1bf2a5adfc9f187794c67b4e,delivered,2017-09-18 12:45:29,2017-09-18 12:55:23,2017-09-19 14:47:32,2017-09-20 20:09:15,2017-09-28 00:00:00
67c98ded9839fea6b6482d1341517e40,f1158dfc03fcc951fea8e36d36836075,delivered,2017-03-07 11:22:42,2017-03-08 03:15:17,2017-03-10 09:41:02,2017-03-16 12:13:24,2017-03-28 00:00:00
c9a088f0077de94d4b7e57e5a234cea8,644b4d8b650172b6275f565595f2adec,delivered,2017-10-21 13:14:59,2017-10-21 13:28:16,2017-10-23 19:15:34,2017-11-16 17:49:53,2017-11-09 00:00:00
3a5e90544587e9755b94618af63ab9de,4cad82e85b102488a286e95130b8de6a,delivered,2018-05-07 18:02:15,2018-05-07 18:34:46,2018-05-09 09:37:00,2018-05-23 00:18:49,2018-06-01 00:00:00
acbd8e5be7c6808b8a971376f7e36b3f,6e2ea2d31a295948feadd5a4fb03eb26,delivered,2018-04-29 22:10:53,2018-04-29 22:30:04,2018-04-30 14:53:00,2018-05-04 18:42:28,2018-05-23 00:00:00
c8b572e51cdb580076ed91bd1ead1fe5,d8457d5a5e980f0815434f986cd24227,delivered,2017-11-17 13:14:40,2017-11-17 13:50:41,2017-11-21 09:52:08,2017-12-04 21:33:02,2017-12-13 00:00:00
47106caf7707ccc0552581877874349f,73c65731f86095845be2da68f658284d,delivered,2018-08-11 11:01:19,2018-08-11 11:15:12,2018-08-15 13:55:00,2018-08-17 21:42:01,2018-08-28 00:00:00
06cd9d207dfbdde70cff4074b5b3dfaf,369fa8413084d3ca6d64c8532ed1943b,delivered,2018-06-04 09:15:35,2018-06-04 09:29:57,2018-06-04 14:44:00,2018-06-18 18:08:35,2018-07-18 00:00:00
d568f094af70874d55d22a89e093fe18,aa98b0ee899c4f787d88f11b88b50fc2,delivered,2017-01-23 21:35:49,2017-01-23 22:01:57,2017-01-25 09:37:51,2017-02-02 14:17:52,2017-02-28 00:00:00
3068ff17db7d22d0a343f06ae2687c5e,00a2277d94755da60c916bab098b9b49,delivered,2018-03-17 11:17:20,2018-03-17 11:30:23,2018-03-19 18:38:32,2018-03-21 20:08:55,2018-04-06 00:00:00
662b16dd4926c4d8c8686a306b464500,28ffdf44f3266140740ff47770879765,delivered,2017-02-25 14:09:46,2017-03-02 03:45:15,2017-03-02 14:29:33,2017-03-08 11:22:08,2017-03-20 00:00:00
27daa394276d904c4a0fbe8307e854b8,591a5073a1a1ba93697460e7b802558a,delivered,2017-06-11 00:50:56,2017-06-13 03:45:18,2017-06-16 13:58:16,2017-06-23 11:16:36,2017-07-07 00:00:00
45029aac398517a7869c2f22ba01affd,a9fda05a43c3b49daa87bbc1058f1e0f,delivered,2017-03-12 14:02:57,2017-03-12 14:02:57,2017-03-20 08:35:50,2017-03-24 13:21:26,2017-04-05 00:00:00
c57fbb30efb2a0170ccc3db897839462,a340a31c375e325235ebea62465f3f24,delivered,2018-02-13 10:29:59,2018-02-13 10:47:08,2018-02-15 13:08:24,2018-02-26 19:08:07,2018-03-13 00:00:00
6858998aecdc09bc7b5a8ec2d79d21ff,7beef6c0644f9402eba0252182e1b608,delivered,2018-03-01 11:12:48,2018-03-02 02:11:04,2018-03-03 02:42:25,2018-03-13 20:51:53,2018-03-26 00:00:00
4e426aca1d549d77439cb4eb115a5d37,1841fd04cb90d18f82330850fe69994b,delivered,2018-05-03 10:42:42,2018-05-03 11:54:43,2018-05-04 14:01:00,2018-05-18 18:59:31,2018-06-01 00:00:00
25dae1a0efc5bba5a14622eaf552ad78,868884e6ad80e650949473ce7f88d29a,delivered,2018-01-08 08:53:22,2018-01-09 07:21:02,2018-01-09 16:34:26,2018-01-23 22:25:54,2018-02-16 00:00:00
da3bac2656a4b63f668843b70a0a38b8,228a573acdda157d7d9cf3f40d86f5e4,delivered,2017-07-14 14:59:47,2017-07-14 15:10:27,2017-07-19 22:21:09,2017-07-26 18:03:32,2017-08-17 00:00:00
ece7d51cf8bb9392bbef9c077bc32e62,689e1d17d1c2e9698a2859058b24d535,delivered,2018-07-16 17:59:44,2018-07-16 18:10:15,2018-07-17 15:00:00,2018-07-21 12:03:12,2018-08-02 00:00:00
18b33f2430f136a8deba8893596a53da,436f56dcdaacb0a631a8dded7fd62bdd,delivered,2018-08-09 11:04:21,2018-08-09 15:25:33,2018-08-10 12:40:00,2018-08-17 10:47:31,2018-09-10 00:00:00
84a4ebdaf1a5e3706587f226cc804dfa,72d50ebc689114498efcdd7b68c81d04,delivered,2018-05-12 17:45:26,2018-05-12 18:10:31,2018-05-14 14:39:00,2018-05-25 17:56:29,2018-05-30 00:00:00
db5e341b9a765a33fd41da0b3f0944dc,c2d4ca05c1058ed1b1f59df1255cd148,delivered,2018-02-04 11:42:14,2018-02-04 11:55:33,2018-02-06 01:33:50,2018-02-22 14:36:58,2018-03-12 00:00:00
500c54b4910a5312b3afc7ab377b1a98,22d36fcccd3acff33874992a456a2d39,delivered,2018-03-02 13:34:44,2018-03-02 13:55:13,2018-03-06 00:08:53,2018-03-17 15:03:39,2018-03-23 00:00:00
6f55fe858c5557f14d4b6ee5255d793b,55a736fdef3f978c92f0477297b92973,delivered,2017-04-12 20:56:03,2017-04-12 21:10:12,2017-04-24 10:35:41,2017-04-28 14:33:31,2017-05-08 00:00:00
dff20979c5b8b4378f7e769aa413390e,4128467caa12d62fe47421a1a02ddb5b,delivered,2017-01-31 13:34:09,2017-01-31 13:45:15,2017-02-07 09:32:30,2017-02-10 13:58:31,2017-03-09 00:00:00
5897449bce69856d88610b3c0f4f63b5,2e19009aaf5ce281eadf19914ea75b5c,delivered,2017-01-15 21:46:43,2017-01-17 03:10:19,2017-01-18 15:12:19,2017-02-09 10:32:41,2017-02-14 00:00:00
281a4e1ef3ab9d256027ddd2db90c762,48fe0a56997c0eaac6fa6f50fc9d8020,delivered,2017-01-27 14:59:18,2017-01-27 15:30:56,2017-01-31 15:07:35,2017-02-02 20:07:49,2017-03-06 00:00:00
0c355e13567802628373895daf5f0a61,3e3cb27f0d01f9763177c6de2d4bf139,delivered,2017-12-31 20:17:14,2017-12-31 20:27:40,2018-01-11 14:34:20,2018-01-15 18:17:44,2018-01-31 00:00:00
0d4a43cf7b7994e0a782864d075dc842,967cb8f7540c4e9fa2bffaa0f8f1c63b,delivered,2018-05-01 17:52:15,2018-05-01 18:14:13,2018-05-02 18:21:00,2018-05-03 18:36:47,2018-05-15 00:00:00
358691d1ca37befc409b28a20817ed0a,538e86a098b00ac8113f763fb5ef2900,delivered,2018-02-17 20:18:06,2018-02-17 20:26:49,2018-02-19 16:05:12,2018-03-05 21:10:17,2018-03-15 00:00:00
0decb14beb4de8d3b4e37103e81f119b,be8bcd0555b36108840f4f4a8dd4f2d6,delivered,2018-07-31 17:45:44,2018-07-31 18:44:01,2018-08-03 15:55:00,2018-08-09 17:18:32,2018-09-04 00:00:00
ec38e40a750810e337a528576f0090e7,1612f32963e9825da1018976d1c9e8fc,delivered,2017-09-10 17:36:43,2017-09-10 17:50:36,2017-09-11 21:25:38,2017-10-11 14:17:03,2017-10-05 00:00:00
1af4acf47f9833b90e3b7cb326ed85f9,5ec721f1279b850510ac109a5cad14c4,delivered,2018-05-25 14:48:49,2018-05-29 03:31:24,2018-05-29 10:31:00,2018-06-07 22:58:54,2018-07-03 00:00:00
627a881a7d2543a80dc59460ab08eaab,f848d331d15eafe396639c7ee61217fc,delivered,2018-02-08 17:36:30,2018-02-10 10:18:37,2018-02-09 22:11:55,2018-02-19 23:19:34,2018-03-08 00:00:00
f064e104da3589eb8d9fe106c866b953,bd72d6ba3c64f59c10057a5cdc6061bf,delivered,2017-09-11 20:00:32,2017-09-11 20:10:15,2017-09-14 17:52:55,2017-09-18 22:33:43,2017-09-27 00:00:00
1c308eca3f339414a92e518e2a2e5ee9,e53e1eedc9ebf9fa7a3318c60ece1d25,delivered,2017-11-26 23:25:43,2017-11-26 23:34:29,2017-11-27 21:07:09,2018-01-23 14:37:27,2017-12-29 00:00:00
0c433b41ac4f5739f4c65e19bbdc8208,bdfcde44c62495b7eeb742881cc8a4a3,delivered,2018-01-09 21:05:46,2018-01-10 20:57:26,2018-01-12 23:25:53,2018-01-24 21:44:52,2018-02-01 00:00:00
d736797e446b9c7bc072d55b49748180,bd7f6754b4afe66c8b504002385e9079,delivered,2018-04-28 11:48:26,2018-04-28 12:13:20,2018-05-03 14:03:00,2018-05-14 21:58:25,2018-05-25 00:00:00
98f7b0bbb8eebba6398ec18bf1a8cf12,b88afe0826aaebcba526212089e2244e,delivered,2018-04-16 10:18:15,2018-04-16 10:32:33,2018-04-16 19:54:25,2018-04-20 20:46:46,2018-05-09 00:00:00
5f4232203a9f7cd910b49787d7f32437,c6793321bb9d2c481ce86d3bc984e110,delivered,2018-07-30 17:49:02,2018-07-30 18:30:54,2018-08-03 14:57:00,2018-08-09 19:42:50,2018-08-24 00:00:00
d96d7f559007441c85e5bb679bca0feb,66c53652eba1381be9df548b07d5ce6a,delivered,2018-03-23 17:06:29,2018-03-23 17:28:44,2018-03-26 21:58:48,2018-04-02 17:56:21,2018-04-19 00:00:00
a2e0ceb6d71b7658cd40852920066f75,377f28aeae8dd99d9a5209e0b87837bf,delivered,2018-08-21 17:49:25,2018-08-21 18:07:43,2018-08-24 12:26:00,2018-08-29 16:51:28,2018-09-03 00:00:00
1e7b55dfee29c0ed7edb54c8cfeaf244,b39004c388b1f2b9191a927a99b6cb79,delivered,2018-08-16 08:20:09,2018-08-17 03:09:42,2018-08-17 14:25:00,2018-08-22 22:21:24,2018-09-11 00:00:00
f29bcfc9110dfb7b1fc0f77b31b749b8,f4d5a9f02a2d3ddca3595d199242badd,delivered,2018-04-22 12:45:00,2018-04-24 18:09:42,2018-04-23 17:33:11,2018-05-02 19:07:20,2018-05-18 00:00:00
c672b98a0a2c7259aefae3ac12397137,1818b3c40abed69918807911cad86ade,delivered,2017-05-22 12:10:50,2017-05-22 13:05:49,2017-05-22 20:54:50,2017-05-29 12:13:27,2017-06-16 00:00:00
5f9e345bd69028860ff1b6a72c26dc45,93168e8e25b26fa8eef878cc62adb380,delivered,2017-06-08 17:42:20,2017-06-08 19:20:21,2017-06-14 07:49:00,2017-06-22 11:37:55,2017-06-29 00:00:00
8b0899ff4934074e16ecacb55c7c2303,e74832e906e0ab3d12d7d52385ea2cf5,delivered,2017-04-22 13:37:51,2017-04-22 13:45:17,2017-04-25 12:28:41,2017-05-10 19:45:49,2017-05-15 00:00:00
8f3a46cc0e9d362bf43dd339e4379615,a647ace45caaa650270d4684cb8831a3,delivered,2017-09-22 15:00:05,2017-09-25 11:50:13,2017-09-26 18:39:10,2017-10-03 22:16:15,2017-10-17 00:00:00
da7b74f9f21e34cc002c5910de20ef9e,b875c88c5bd948b4cbb747e90e9c412f,delivered,2018-05-07 11:50:30,2018-05-07 18:10:17,2018-05-11 10:20:00,2018-05-18 15:28:37,2018-05-29 00:00:00
82d1d87b52fc86b65293b86ccccaf60e,d11b3ac4700f987b19b93a5a26064ec5,delivered,2017-11-28 19:50:26,2017-11-28 20:15:32,2017-11-30 15:52:31,2017-12-12 19:32:29,2017-12-20 00:00:00
7a92ce27fd58082e708b8eb1eba5f678,6edb12d444d40648c4f9fbdf4ab42cd7,delivered,2018-06-30 11:20:14,2018-07-01 11:15:14,2018-07-02 13:14:00,2018-07-09 18:28:30,2018-08-01 00:00:00
e82e73273643d2baa933aa470a7308f0,ceb8245f2da49e83dbb3476ba25faf6e,delivered,2018-03-24 16:55:38,2018-03-24 17:15:35,2018-03-28 00:18:35,2018-03-31 18:17:33,2018-04-16 00:00:00
18974292ee839a7a7038699422e6cd39,48d35ccbcd1e85743d67b4e0d564f7c9,delivered,2017-11-24 22:25:56,2017-11-25 01:17:35,2017-11-30 21:25:36,2017-12-06 16:03:55,2017-12-14 00:00:00
6386b8aabb7f032b77475740cb035e86,aea419ca36368e77678b20a1867481c7,delivered,2017-06-10 11:02:37,2017-06-10 11:15:26,2017-06-16 12:21:32,2017-06-19 18:32:28,2017-07-03 00:00:00
dbd8e1a6d62bae210e6a42ed8bcf8d39,dd9a54bea0eff3f69bc420353f20b52b,delivered,2018-06-13 22:51:45,2018-06-13 23:18:38,2018-06-14 10:22:00,2018-06-18 14:54:43,2018-07-20 00:00:00
fe2ac30768e07e362b649951cc625144,be07f06f183227b5c2b31c30fbb4f382,delivered,2017-01-16 16:41:18,2017-01-16 17:30:23,2017-01-17 11:26:52,2017-01-26 16:24:07,2017-02-22 00:00:00
a4d5fcb131fab3ac106ae40ac7042833,60dd5ea5f8bfa751e88c6ba644c486d7,delivered,2017-09-24 22:28:08,2017-09-24 22:44:17,2017-09-26 12:29:07,2017-10-07 13:33:10,2017-10-26 00:00:00
c84fc53c53493ddf7c688d601056510e,047c0b3a52864c10c09a8ca87bb9af7e,delivered,2017-10-05 08:41:56,2017-10-05 08:56:27,2017-10-11 20:57:56,2017-10-16 20:49:45,2017-10-24 00:00:00
7e5a1d0e245d9956f8919244b11a1da1,8c92f7eeb893a210a2bb0b220f5d1746,delivered,2017-10-10 19:15:23,2017-10-10 19:29:20,2017-10-11 17:03:48,2017-10-17 22:29:55,2017-11-01 00:00:00
5775b40b5767cf4043ffa1322c7d646c,af74a1a52803a27d264a94205c651446,delivered,2018-05-13 16:21:59,2018-05-13 16:35:19,2018-05-14 11:20:00,2018-05-18 18:14:37,2018-06-05 00:00:00
2b0a897dec5e098d39a6aad719ed97a9,a39f84a6a9e158a8f74014d8ebe1bcea,delivered,2018-07-14 16:42:34,2018-07-14 17:05:17,2018-07-16 10:23:00,2018-07-21 19:42:36,2018-07-31 00:00:00
abfb34ed11820c7247adfb30fe5bb7ae,0d0f6b38e873757a949a9c3624b21a93,delivered,2017-01-20 00:25:39,2017-01-20 01:30:17,2017-01-23 10:02:29,2017-01-31 17:44:19,2017-03-16 00:00:00
ed7fc7aafd6ebca5daa21eaa5274d536,14ae92ef4c5da09f8158657a1531eda1,delivered,2018-01-23 14:09:05,2018-01-24 02:52:38,2018-01-25 21:52:38,2018-01-31 18:24:38,2018-02-15 00:00:00
d9e85a628a68f162d46b273ae52d0119,a2591f825643f634e74804d71261369c,delivered,2017-09-13 07:57:20,2017-09-14 02:55:20,2017-09-14 19:13:40,2017-09-21 15:32:28,2017-09-29 00:00:00
614c0b4b5169af9eb895bc8aefe5a418,907dbf4707a4cdd67d3f2c87a976c2c7,delivered,2018-08-18 18:26:41,2018-08-18 18:49:24,2018-08-20 07:53:00,2018-08-24 20:04:46,2018-08-29 00:00:00
85b58bb30d219374cf9cfdebbc5fbb69,c498555685a103ca04bcb5f81cd974ab,delivered,2017-02-10 09:37:46,2017-02-11 06:50:17,2017-02-17 09:54:05,2017-02-17 17:53:43,2017-03-17 00:00:00
0fbebd49386dfce3800986434bc990c8,a61a8a7ac65e21e8b19eb23204cd9a42,delivered,2017-04-21 16:28:11,2017-04-25 07:55:51,2017-05-09 10:34:29,2017-05-23 11:27:19,2017-05-29 00:00:00
00c00d5b36157595e21108ba1da2828f,2b27fae969b7d2bc173e466a742e50c6,delivered,2017-09-11 19:35:48,2017-09-13 03:25:43,2017-09-28 13:11:45,2017-10-04 18:14:24,2017-09-27 00:00:00
205fd64bd13038fe08ccceddf788336e,6d67ee4d82190aad1716cda46991ecef,delivered,2017-12-16 22:16:31,2017-12-16 22:32:29,2017-12-18 14:15:30,2017-12-20 17:39:12,2018-01-11 00:00:00
8c4c737b202bd8dcdaa2336b54e99dc7,bb5fc199a7fb4028471dc5325587f0aa,delivered,2018-04-10 14:22:03,2018-04-10 14:35:09,2018-04-13 21:04:40,2018-04-17 09:41:57,2018-04-26 00:00:00
cae4fbb29fcef9ac16c59d7e70d167eb,f129bb049aea10d6b7850c6252cdced9,delivered,2018-01-24 12:05:29,2018-01-26 03:17:35,2018-01-29 20:08:56,2018-02-20 18:53:34,2018-02-22 00:00:00
423c157cb61f228b20c08e79cd28b9b9,26986b28dd538116e65c5b88c0e050b9,delivered,2018-02-05 19:49:01,2018-02-05 20:10:53,2018-02-06 16:08:51,2018-02-26 20:23:48,2018-02-22 00:00:00
349419805b6735ed9a2cf737205fae53,172a8d88b70c30286a8d76ac735b779c,delivered,2018-02-17 01:22:23,2018-02-20 07:26:44,2018-02-20 23:06:21,2018-02-23 00:53:02,2018-03-05 00:00:00
e582cfe4b3a98c739d268bea062b2f8f,ae2d20677bad5f0d74cc44d1c1d6d878,delivered,2017-09-28 17:57:25,2017-09-28 18:14:09,2017-10-03 13:57:55,2017-10-18 23:23:16,2017-10-26 00:00:00
4fd2c689dda2edbc8c11a796959a1d24,14413e54e206d9d58a8e338dbda158a7,delivered,2017-08-28 21:16:50,2017-08-30 02:05:16,2017-08-30 21:00:10,2017-09-04 17:07:32,2017-09-25 00:00:00
ae4f9895e6602f33d89aff8166cf9346,2b572b45934f53e724ae672aa2a7ceb1,delivered,2018-06-01 13:03:01,2018-06-01 13:15:22,2018-06-01 14:48:00,2018-06-07 16:41:56,2018-07-12 00:00:00
4deb2316dadf42f0daa6b8965d384ba8,b22ca452dbb41139048975084d8a8f1e,delivered,2017-01-29 14:46:06,2017-01-29 15:31:07,2017-01-30 13:22:34,2017-02-06 14:37:20,2017-03-17 00:00:00
036ea72a17833a6fbbcd3e4df8250292,c805f98a53f91cc2794ca2402fde6cd4,delivered,2017-09-05 06:12:11,2017-09-05 06:24:16,2017-09-13 18:53:36,2017-09-25 20:03:20,2017-09-28 00:00:00
f400946403a78fdd034cf522d3f85512,be552266bf47bfc6fa6c793fd74006bf,delivered,2017-01-26 10:00:37,2017-01-26 10:10:15,2017-01-27 16:37:45,2017-02-07 10:37:40,2017-02-28 00:00:00
3211a50b2771974d1a3a57054cca7dbb,812eae943fb8d191851edb5039b93aed,delivered,2018-05-05 10:14:05,2018-05-05 10:30:07,2018-05-14 11:02:00,2018-05-22 14:03:15,2018-05-30 00:00:00
68e55ca79d04a79f20d4bfc0146f4b66,30e6e854c81fa16f46a5d7f3ab025e6f,delivered,2018-03-16 12:51:35,2018-03-16 13:09:21,2018-03-20 18:32:31,2018-04-11 02:12:46,2018-04-06 00:00:00
f96c95462f9bc5192f6ce1985d4a29be,00b7dcb6e32230f09195eb0e9aa1a94b,delivered,2017-05-13 22:23:00,2017-05-16 03:15:38,2017-05-19 09:39:52,2017-05-23 13:58:55,2017-06-06 00:00:00
b2a7488d3bfedd8a8abd53fff6127807,4596b32d78313ebf60d4b14a6a95ff87,delivered,2017-11-24 07:04:41,2017-11-24 07:14:32,2017-11-24 22:13:14,2017-11-30 23:23:48,2017-12-21 00:00:00
b78ff92837a4593dbc8ed0e5f7ce3e16,7b499c7dbd0d6d1cc3c4bee26de8821c,delivered,2017-12-03 20:22:47,2017-12-03 20:33:23,2017-12-06 15:51:45,2017-12-22 22:49:08,2017-12-27 00:00:00
d7c877c5db825f754e75a32ac35e13b0,75cc2d098cc1aa9cb7ea863100b5c200,delivered,2018-03-04 15:23:16,2018-03-04 15:35:29,2018-03-06 00:37:36,2018-03-15 22:28:26,2018-03-28 00:00:00
22df89b611e2a03b4957043cf949e51f,3703dabac361c6249a0d8d21564fb925,delivered,2018-08-22 09:17:07,2018-08-22 09:30:20,2018-08-22 15:44:00,2018-08-27 07:42:37,2018-08-27 00:00:00
d18ed2885838f867171afaae0176226a,a91d30bc47334a1ea8facb96c936c114,delivered,2017-09-12 13:52:34,2017-09-12 14:05:45,2017-09-13 17:06:49,2017-09-19 16:57:51,2017-09-29 00:00:00
20ece825fd1a3714c240d58a96df35ea,56033dc0fa885647a8cc84db067729ea,delivered,2017-12-19 19:34:25,2017-12-22 14:31:44,2018-01-26 20:32:08,2018-02-27 19:43:56,2018-02-02 00:00:00
cc7b510ece4b6212269c87aae1a60658,9be66588fc27fae0460e9066dc36c70b,delivered,2018-01-11 21:19:54,2018-01-11 21:28:24,2018-01-12 23:26:53,2018-02-14 17:13:24,2018-02-15 00:00:00
f4eadb63785a85c5624767458b5f5cc6,7ff490f567ddaf9cec90714d3d40ade5,delivered,2018-03-18 09:31:32,2018-03-18 09:47:59,2018-03-21 18:56:27,2018-04-26 22:43:49,2018-04-16 00:00:00
e18b75b8b2ba4ce613d10b2fd820aef9,97b022c15435bd252146590f7d05e314,delivered,2018-07-28 13:11:22,2018-07-29 13:05:14,2018-07-30 14:43:00,2018-08-02 18:46:42,2018-08-14 00:00:00
e4825515f8ef501b2887a2ad0685621a,a6fb9a183a4cf39ac1e24653da0ec6bf,delivered,2017-02-14 14:36:50,2017-02-14 14:50:11,2017-02-15 06:11:51,2017-03-02 10:22:10,2017-03-23 00:00:00
3e7c30293bf4e4c26815e44fa58ff074,6a8cd2fcf8edc180f478cdb30c2db869,delivered,2018-05-05 23:34:06,2018-05-05 23:50:24,2018-05-07 14:11:00,2018-05-14 20:38:45,2018-05-24 00:00:00
270c203303119d8cee340c3b736a8ea1,87eeb28945305ef199a618fcb6b33197,delivered,2017-03-27 23:26:41,2017-03-27 23:35:18,2017-03-28 12:40:13,2017-04-05 17:08:19,2017-04-13 00:00:00
510489aaadbd8f7064bc8f433b222de9,04cef6b920c0d8f16702cab269b59044,delivered,2018-06-14 17:31:53,2018-06-14 17:58:02,2018-06-15 18:52:00,2018-06-18 18:18:26,2018-08-02 00:00:00
b3f8cce18de7b670b4bf149957000470,ac5a1cbb563d2114e713fe982f58e819,delivered,2018-08-01 19:42:37,2018-08-01 20:30:16,2018-08-03 11:18:00,2018-08-07 12:58:17,2018-08-17 00:00:00
183f2bb10e984acdee08ad34070ebf69,d5b00ed5152f1e7956063b97cbed5dde,delivered,2017-11-05 21:58:39,2017-11-05 22:10:49,2017-11-10 18:51:13,2017-11-17 20:41:51,2017-11-29 00:00:00
4f821ef636d5a5eb870c9ae7b7d7654f,7cdb0e1dd6b7da9186fa0ddef12d9817,delivered,2017-01-29 23:52:27,2017-01-30 01:30:58,2017-01-31 10:24:45,2017-02-13 07:07:40,2017-03-07 00:00:00
f96344495ad4aa6c46d0b40c3b6e4424,273a046207e0ef2179645ef8ef4892b8,delivered,2017-06-25 13:48:09,2017-06-25 14:04:55,2017-06-27 11:50:17,2017-07-11 16:21:52,2017-08-02 00:00:00
149bca3daf097d7695389efb9b491653,2af13ca2d0e14a998266edf6afa7291d,delivered,2018-08-20 03:59:40,2018-08-20 14:11:03,2018-08-20 15:12:00,2018-08-30 16:40:36,2018-08-23 00:00:00
0d1bbf582326272fa550ed829bd2e1d4,0ef9b2f2eb46a3d1193b12676de597a3,delivered,2017-01-31 17:33:09,2017-01-31 17:45:17,2017-02-01 02:07:35,2017-02-09 12:42:20,2017-03-10 00:00:00
e28fe1201ebd15ccbbe9d7e18db98c31,9679137d11546cad3825ed2fcda53c0c,delivered,2018-06-07 20:34:30,2018-06-07 20:55:15,2018-06-08 15:14:00,2018-06-12 21:07:49,2018-06-25 00:00:00
d8d5f372b6b1d10843065cbd97d6c55b,9fda2760c2553bd90eae1b616776cb44,delivered,2017-11-15 15:33:24,2017-11-15 15:50:28,2017-11-17 18:13:29,2017-11-22 18:56:42,2017-12-12 00:00:00
1b694ef5b28d3e949a4f0ffeb2c9fcd6,cba12036a88407a37770dc8ab725de77,delivered,2017-01-05 13:43:17,2017-01-07 03:35:38,2017-01-11 16:08:55,2017-01-16 16:54:04,2017-02-13 00:00:00
dc771d8720de3625596eb0b0fa043528,1ad0dece6980bfb8fa8c3264637b77d9,delivered,2017-11-14 15:30:58,2017-11-14 15:47:57,2017-11-22 15:52:21,2017-12-18 21:09:12,2017-12-12 00:00:00
749a31c1093994e39ecb4aef66a7aa3a,8283002ac9ca2ece392746190b152185,delivered,2017-01-27 11:57:43,2017-01-27 12:15:40,2017-01-27 16:30:24,2017-02-06 10:39:02,2017-03-09 00:00:00
af7c5cbf4bb52c9f686828ffe06a4f6e,9edc52a63f14b6e1d5377cdd3a5b5f6d,delivered,2018-02-24 09:27:13,2018-02-27 04:31:14,2018-02-28 22:19:09,2018-03-10 12:41:40,2018-03-13 00:00:00
9f6183228aa32e890cd753d3efab7178,7a79ee1f4b2b1e45b054ef61a44f706e,delivered,2017-03-16 13:46:58,2017-03-16 13:46:58,2017-03-17 11:07:00,2017-03-29 08:47:37,2017-04-04 00:00:00
9a22906fa846451c54fca825591c0577,731ab8b73356171649cb8ed97ee1c99f,delivered,2018-04-20 11:03:47,2018-04-20 11:15:16,2018-05-07 14:43:00,2018-05-11 12:08:54,2018-06-01 00:00:00
8d994f4a7b065361eaddea05bd528909,a70fd3823ab6ab1e61ed9d12694177c2,delivered,2017-05-02 23:32:01,2017-05-04 02:50:13,2017-05-12 10:17:53,2017-05-25 09:28:54,2017-06-02 00:00:00
46725d773b27a905cf629f60fa30762e,2bb81ff61b4291a4a14f17a9132308ee,delivered,2017-11-17 19:55:32,2017-11-18 02:15:27,2017-11-20 20:22:10,2017-11-27 22:10:36,2017-12-08 00:00:00
062f0992a050330334749ffa530fa796,1f49021da1642fde361de30ee4f1c935,delivered,2017-01-27 16:55:48,2017-01-27 17:30:38,2017-01-30 08:27:48,2017-02-10 14:09:05,2017-03-17 00:00:00
84f72613dabd8b11141ae6e2710c413c,c5ad72b2f05ae78bf8e25ff9865d6e2f,delivered,2017-03-06 07:36:04,2017-03-06 07:50:10,2017-03-08 14:23:58,2017-03-10 10:23:37,2017-03-23 00:00:00
3ac0423d1e7e335f83c8fa3600ae47d7,90b628e6e1e90b38b06cde74092a0ced,delivered,2017-02-14 17:04:00,2017-02-15 17:10:12,2017-03-10 05:02:49,2017-03-29 18:53:09,2017-03-15 00:00:00
126da462f642d99483c0691ac474c783,160ac713dfef7d7f57a0f61d8a0df5b4,delivered,2017-01-27 12:54:57,2017-01-27 13:31:02,2017-01-27 13:48:14,2017-02-03 16:14:53,2017-03-02 00:00:00
5c71ea0184088e38bb96418275b4fef3,a57b48bc16792fa6094d5c839ca7d653,delivered,2018-03-23 06:58:55,2018-03-23 07:10:33,2018-03-23 20:26:24,2018-03-26 21:21:51,2018-04-05 00:00:00
4ba6cf8c58812d65edc6a67cf37c4aeb,231db9149e36c4d25ca75472a9ea4335,delivered,2018-06-21 14:25:39,2018-06-22 02:37:00,2018-06-25 12:39:00,2018-06-29 21:21:30,2018-07-27 00:00:00
3d80d12c0beadfcdcf2b4df407112f3f,bdfdc2c56283f7efc3f5a170ca983ce1,delivered,2017-05-06 01:49:49,2017-05-07 19:01:54,2017-05-08 11:45:04,2017-05-16 14:19:01,2017-05-31 00:00:00
3dd5cc10816f5a16ed7d1c54e7d7549b,645e4bcb4b050ff31253516e363bf301,delivered,2017-11-23 16:57:51,2017-11-25 04:54:39,2017-11-27 21:45:21,2017-12-12 15:54:35,2017-12-20 00:00:00
c52439e463e5cd80125600ab8ee93344,e2e763654987a355699fe26e00edf776,delivered,2018-01-23 16:44:08,2018-01-23 17:02:19,2018-01-24 16:42:04,2018-02-05 18:37:05,2018-02-16 00:00:00
788dadfe475fc16d5e7562f1a5fa8e82,2d6fc313e9b54c69f0e3145d19ec6894,delivered,2017-07-20 10:34:12,2017-07-20 10:45:21,2017-07-20 19:47:48,2017-07-27 18:47:30,2017-08-09 00:00:00
f0496c5b6508ecfdf0af4c67896dda41,a9c2657d6325c3a16a14172b79188fb8,delivered,2017-10-18 00:50:36,2017-10-18 01:10:50,2017-10-18 18:33:38,2017-10-19 18:22:01,2017-10-30 00:00:00
aad4cc3a0a8f37c519c7d72ea429c11d,6fd61b91ee774187723f8ab0077f1570,delivered,2018-05-16 12:41:05,2018-05-16 12:55:25,2018-05-16 16:19:00,2018-05-22 15:58:35,2018-06-11 00:00:00
e0ad0779328f1dbbeaa5f2ae58ca67d1,d2ae704f9d199bd4f701a59c5f7bb914,delivered,2017-11-23 13:36:00,2017-11-23 13:48:59,2017-11-24 21:56:29,2017-11-26 16:49:57,2017-12-08 00:00:00
fa28a275f7cbd6cae66e0344f2445595,91a62d192859b7c2361a6a3b3329b4d8,delivered,2017-05-16 17:00:08,2017-05-18 02:23:03,2017-05-19 10:57:42,2017-05-29 09:22:07,2017-06-12 00:00:00
0fdc6ce12cb319cb9c173af525080d3f,06297f06409ee00a3cfdbf2f1a016afa,delivered,2017-05-21 11:30:55,2017-05-21 11:42:37,2017-05-23 12:57:37,2017-05-31 10:52:33,2017-06-16 00:00:00
6dc1b0448d8665a1ad93f2c1ec5b925a,06f51feba23580cfca0f581994fb7789,delivered,2018-08-05 20:14:53,2018-08-05 20:25:15,2018-08-07 12:24:00,2018-08-13 17:29:41,2018-08-16 00:00:00
f30663edef2c5ccbd8ac1901275ecf64,7b8ca289129bab18d8b098ca02bbc4bc,delivered,2017-01-24 16:26:51,2017-01-24 16:42:00,2017-01-26 14:57:02,2017-01-30 10:33:50,2017-02-17 00:00:00
2b7737f7accfb9e2ee360963a202eaf3,ee46c93e6151b7c853a1fd784065695f,delivered,2018-04-15 14:27:23,2018-04-17 05:55:46,2018-04-17 17:32:33,2018-04-23 16:50:59,2018-05-15 00:00:00
db70f8a5634ca9a20586be3dec6ad653,b41621582a61faa80d6607700ea04330,delivered,2018-08-04 01:57:54,2018-08-04 02:10:08,2018-08-10 11:38:00,2018-08-13 15:21:22,2018-08-10 00:00:00
84b91dcef1e21e8151a9618564095dae,f30d0854de694db1793c12eb3e78efe8,delivered,2018-03-21 22:20:20,2018-03-21 22:35:26,2018-03-24 01:12:37,2018-04-17 19:33:47,2018-04-25 00:00:00
2195712688ef03e20c8053de61c82493,45cb0fe36535222805dbee60662f9dee,delivered,2017-01-17 15:30:34,2017-01-17 15:45:13,2017-01-23 15:09:45,2017-02-01 16:37:26,2017-02-23 00:00:00
9cf3e6427f5cd12f23c42946aec43412,8c8ce2f09220cc6ce56968f17a6e1c69,delivered,2018-01-31 16:25:51,2018-02-02 02:53:56,2018-02-02 20:18:50,2018-02-16 19:55:16,2018-03-05 00:00:00
26227999b191329fe62cd797aede5270,15ef8fd01187d42b5f57af41ef5a1fe5,delivered,2018-02-17 01:24:58,2018-02-17 02:07:56,2018-02-21 21:34:15,2018-02-28 13:14:10,2018-03-14 00:00:00
d1579c450369b0b5d8bc67cdc0fb1f08,dc4ad93e6f41f8072965527c8083c47d,delivered,2017-12-12 11:29:56,2017-12-13 02:32:28,2017-12-13 17:35:06,2018-01-03 22:03:10,2018-01-10 00:00:00
f481c4a578efee5b662a2df18c3df59e,a1e3207213fb4e743661d253b7bf5b7f,delivered,2017-11-06 17:49:57,2017-11-08 03:31:02,2017-11-09 21:48:44,2017-11-24 20:09:49,2017-11-30 00:00:00
c1e9744452fb7f55208a14610436019c,9722b087b76b39052f39d7c7a1b51f62,delivered,2018-07-04 15:30:50,2018-07-05 16:31:21,2018-07-05 19:06:00,2018-07-10 19:34:41,2018-07-19 00:00:00
1544633fddddf3dd98fd5e9eaeb01b4d,7d3be011d4a41aacfcdc7399e67d15df,delivered,2018-08-03 10:17:53,2018-08-04 04:10:24,2018-08-10 14:42:00,2018-08-14 10:31:41,2018-08-15 00:00:00
e9beb67cf376905f8cd308ef0f02071d,9465670791e0f1a1ba60680fa2677f3b,delivered,2017-01-23 01:22:51,2017-01-23 01:35:13,2017-01-24 12:18:59,2017-01-27 08:53:44,2017-03-06 00:00:00
cec31771f7be596e463066dab5db839f,ca1f3487e758f630ec135b5e82d8ec36,delivered,2018-08-07 00:53:55,2018-08-07 01:05:09,2018-08-22 13:14:00,2018-08-27 21:28:29,2018-08-28 00:00:00
c713e92621de8e6880f8de2b10923243,fdbf999a073957ff252e8f4897732299,delivered,2018-04-26 14:56:52,2018-04-28 02:51:42,2018-04-30 13:14:00,2018-05-07 22:12:43,2018-05-23 00:00:00
6f73a96cdd874d89723d560bda640b52,b88d262675f908d6b0a3958c6a091e74,delivered,2018-05-29 09:06:07,2018-05-29 09:15:38,2018-06-08 10:24:00,2018-06-14 15:57:40,2018-07-13 00:00:00
e713bee0fe365659dd0bf2e261ce6f28,55079e53ef36aa309bc1f0cc5a7b9ca0,delivered,2018-01-29 03:08:47,2018-01-29 04:11:27,2018-01-29 18:49:01,2018-01-31 22:49:03,2018-02-14 00:00:00
0a029b521ffceb219d63dce7e02403bc,0715d45e32d1a8cfc84dcb9a447ac955,delivered,2017-11-24 19:04:23,2017-11-24 22:33:54,2017-11-27 14:38:21,2017-12-23 14:52:11,2017-12-26 00:00:00
5bb7f13d8996f3b384e2820e7f7e8659,54436727adc02bac2985f7f95c883b72,delivered,2017-05-02 12:13:36,2017-05-02 13:06:19,2017-05-05 14:15:59,2017-05-09 13:54:58,2017-05-31 00:00:00
51e284ce71f96710652ab6d5da30fc09,ae980a87b199d9bbd5de7b78a3ba312b,delivered,2017-08-02 13:39:43,2017-08-02 13:55:09,2017-08-07 19:15:49,2017-08-11 21:25:29,2017-08-23 00:00:00
9c57e2e7098196c6c6ac9d333b0395b0,ebc2505d558c0819880f9d3da77b94ef,delivered,2018-08-18 14:46:41,2018-08-20 12:51:03,2018-08-20 13:54:00,2018-08-21 16:06:39,2018-08-23 00:00:00
c7d2e4441e2074bed6ad0cd9ee428f3d,79028b5530181ecc652433ad2f88df2e,delivered,2018-02-24 09:27:54,2018-02-24 09:55:29,2018-02-27 23:25:00,2018-03-16 22:48:49,2018-03-21 00:00:00
df9f35f4d3e966c35d7c1c81c4c7ba73,364f824c824823a6e6dcfce11fa7cad0,delivered,2018-05-18 10:34:41,2018-05-19 03:12:47,2018-05-22 08:00:00,2018-06-05 21:18:37,2018-06-13 00:00:00
5456769456d0d521af0d1675613702a8,40fa299dbe587c5c6e159511e90b66fe,delivered,2017-09-14 09:17:11,2017-09-14 09:30:20,2017-09-15 15:32:54,2017-09-16 12:37:31,2017-09-26 00:00:00
0f2bbeda958833e5a67ceb4368f282fe,00da48d824214ffba48ab43f5b1d29a0,delivered,2018-04-29 09:43:34,2018-04-29 10:09:28,2018-05-09 13:49:00,2018-05-14 18:58:37,2018-05-23 00:00:00
4054f3a02c9191a518601fba04f06742,32f933ccfb84e611969e9b44d4ea5739,delivered,2017-11-29 21:24:39,2017-11-29 21:32:29,2017-12-02 12:32:37,2017-12-12 00:03:51,2017-12-27 00:00:00
dd2e84f453b5bd5297babe45f1183f84,84b105f64811531772a6ea55c14129a9,delivered,2018-08-16 18:04:01,2018-08-16 18:15:22,2018-08-17 07:23:00,2018-08-20 16:32:09,2018-09-11 00:00:00
79e8aed3400f69812f091a2b4f55a8e3,9e2124550af4e69423ee717012e6f23e,delivered,2017-09-12 21:03:26,2017-09-13 01:35:25,2017-09-13 19:32:12,2017-09-19 18:38:37,2017-10-06 00:00:00
df7f8e668092abf15eef89b947ba2ef2,abbeb6ed95fec1971a0502dbc128470b,delivered,2017-07-26 19:17:40,2017-07-26 19:30:18,2017-07-28 19:19:00,2017-08-02 15:57:03,2017-08-24 00:00:00
98f0aebfebbcb44cfb1e1057ea15099e,1981af410fe5233cb4eb0e6708a3765b,delivered,2017-12-27 16:58:32,2017-12-27 17:10:20,2017-12-28 21:21:56,2018-01-29 20:56:12,2018-01-31 00:00:00
2a9748c25bff8d93dd13a28eced24db9,0edba6ec24c2864c865aa7330cf297dc,delivered,2018-02-26 22:06:45,2018-02-26 22:28:21,2018-03-02 19:07:44,2018-03-17 00:32:30,2018-04-04 00:00:00
4ec3c9f805653722ef9965b81ffe924c,163fce777143335f91e6fe8b2c3b960c,delivered,2018-03-20 14:33:00,2018-03-21 02:49:08,2018-03-22 19:58:35,2018-03-28 19:42:07,2018-04-02 00:00:00
c46a116ac9c84425011f5e56acb66c85,4b5988f858ad9f6e8b3773e13ee2c771,delivered,2018-02-15 19:51:05,2018-02-15 20:26:08,2018-02-16 22:18:28,2018-02-19 23:26:58,2018-03-01 00:00:00
43f32db0dedd975e294e98ce23b24661,1217bf0350d846210fecc72bfa663ce1,delivered,2018-05-11 17:08:52,2018-05-15 04:12:22,2018-05-16 13:24:00,2018-05-21 22:47:46,2018-05-28 00:00:00
71319d53f28cff9869fa0650f26e9758,8c1196de2dc3d4e69e8c9e37eec5957c,delivered,2018-05-17 16:41:26,2018-05-18 00:55:20,2018-05-18 14:05:00,2018-05-21 15:22:51,2018-05-25 00:00:00
39c6a14b3b53cb560bade12dfc733d11,aa0e3f93c0b17970c0a95ed100fbb6ae,delivered,2017-12-13 18:55:38,2017-12-15 02:17:44,2017-12-15 18:29:48,2017-12-22 20:09:28,2018-01-08 00:00:00
b268bc99a523c42dc0bfe0149cd1446f,666c901345a407213ee5493214b87fc0,delivered,2018-06-28 09:44:05,2018-06-28 09:55:15,2018-06-28 15:14:00,2018-07-03 20:14:38,2018-07-23 00:00:00
091bd68043b7a721b0d82b5ff36304fa,64951dc059928ade3849eec4adbb689b,delivered,2017-03-03 18:02:51,2017-03-03 18:15:13,2017-03-06 18:53:43,2017-03-13 17:13:58,2017-03-24 00:00:00
86f651af29913f6312791c5aef8ac619,68db318fa01188d9aa08594fb543704a,delivered,2017-11-24 15:39:57,2017-11-24 19:13:02,2017-11-27 17:18:45,2017-12-06 00:26:49,2017-12-15 00:00:00
c4dad201936ed30eef3c94fafa59ed6e,cafd2aa4c46d2009f8ae97c20b2ccbed,delivered,2018-05-24 12:28:44,2018-05-24 12:59:13,2018-05-24 14:59:00,2018-05-25 17:42:25,2018-06-13 00:00:00
2aad3ba5eaa0bcda42cc8fec92d395a3,e42bf264afc395bc0a0af379bf5cb888,delivered,2017-05-18 15:20:27,2017-05-18 15:30:20,2017-05-24 16:38:01,2017-06-06 08:03:25,2017-06-13 00:00:00
17528d72766893a90deabc12ffc91207,cd7f52e725467143b7ed30100a8bd63e,delivered,2017-12-06 13:15:33,2017-12-06 13:32:26,2017-12-08 19:06:57,2017-12-14 21:48:44,2017-12-29 00:00:00
d9515cd3ca09c7b9b751f077d2adfc84,47e2de6eab3618c1d08f51f6d3af4826,delivered,2017-01-30 17:05:18,2017-02-01 04:35:07,2017-02-13 15:25:39,2017-02-20 13:34:04,2017-03-10 00:00:00
453b7a88cd66cd9e4210f05233cbf197,d6390fa5ef00fd7645498bdc63c38e50,delivered,2017-02-09 20:43:22,2017-02-11 14:40:11,2017-02-14 09:16:25,2017-02-17 10:23:45,2017-03-08 00:00:00
4060a8c4cf4cdd2f9ffd6f7af3930fde,82e537298d0d9ab2e0f7d1a2c2b6a3d4,delivered,2017-11-23 18:49:03,2017-11-24 09:38:33,2017-11-24 18:31:55,2017-12-15 01:28:34,2017-12-19 00:00:00
95a08547138ca5fa14fae54639939af6,138e0ddb0ba1dffb0f7190b2399c4a3a,delivered,2017-03-19 13:41:44,2017-03-19 13:41:44,2017-03-20 08:52:38,2017-03-24 09:27:57,2017-04-12 00:00:00
ccec592b58e122dc2bfc2305152d9603,ac062697fc30d35bd5bd10d4e71095e8,delivered,2018-08-24 16:35:15,2018-08-25 16:30:17,2018-08-27 15:22:00,2018-08-29 18:32:32,2018-09-14 00:00:00
35444785eacb17aeda6810ebd8dd188e,7dfd921b8d5eeee59b1b012e6696a99f,delivered,2017-01-20 10:47:03,2017-01-20 10:55:13,2017-01-23 14:04:24,2017-01-30 14:46:05,2017-03-06 00:00:00
c1156d369c303a211cdb53c6125a33b7,d0668834f2dd0876e74574b02aaa7af4,delivered,2017-06-21 19:37:24,2017-06-21 19:45:12,2017-06-22 11:27:40,2017-06-23 12:03:25,2017-07-04 00:00:00
6f99460a3922c5c8fa61c49fa488a858,b6302ec7c7b78367c0f804f88b7b8461,delivered,2018-04-06 11:36:30,2018-04-06 11:50:19,2018-04-07 01:22:45,2018-04-11 19:03:50,2018-04-24 00:00:00
fb4f1bfbc3032fb262e0548f93fe6087,91071294e01490e0b052deff9a5b0ab5,delivered,2018-03-30 19:56:57,2018-03-30 20:47:25,2018-04-04 19:57:27,2018-04-30 16:36:39,2018-04-27 00:00:00
6002f1429927599498f346578f57af4b,961ccc7ebd066291ebbe0aea52b5efad,delivered,2017-03-07 17:49:33,2017-03-07 18:05:17,2017-03-13 08:07:20,2017-03-23 06:54:44,2017-04-05 00:00:00
5dff8347ba30bf1b9e5d1a1ce778702a,6a84735b4b1a1380e3abe5b91017d69d,delivered,2017-09-24 11:21:36,2017-09-24 11:30:12,2017-09-25 16:28:01,2017-10-04 21:15:14,2017-10-17 00:00:00
05d3fead61b937bd7176c28ef8ed34be,db256fd07ff78521a748e1b8f516cc9e,delivered,2018-01-09 16:25:31,2018-01-09 16:37:52,2018-01-10 18:20:21,2018-02-04 17:47:24,2018-02-19 00:00:00
2f61fac6b8c3e6dc71dc0999144e6ffe,987e330d74e0482b2926096aa53470f7,delivered,2017-08-28 20:30:43,2017-08-28 20:45:17,2017-08-30 15:47:56,2017-09-11 16:59:42,2017-09-15 00:00:00
8f57cd376d453764bfae6581f236952c,ed1dcda329310c128c46c9d2e4294323,delivered,2017-10-08 20:44:33,2017-10-08 20:56:32,2017-10-11 20:03:37,2017-10-16 19:09:10,2017-10-31 00:00:00
9c0b834fc89f4dd70679baffe8bed38e,3ff64bf4067f2b8c240397252473423b,delivered,2017-01-18 22:12:34,2017-01-18 22:25:08,2017-01-19 12:37:06,2017-01-26 13:28:50,2017-02-14 00:00:00
9c9b21a2db3ef4c7109f69f7f3614d71,0b5ed41783e17d8e75af1284dff5b43d,delivered,2017-09-23 15:56:48,2017-09-23 16:10:13,2017-09-25 22:27:27,2017-10-11 21:37:44,2017-10-27 00:00:00
121dbde7d88c82adc886e26b28552ef7,e9d4a08d748f76bdddafcbbbaf1e9fc9,delivered,2018-05-19 16:13:18,2018-05-19 16:32:07,2018-05-22 13:56:00,2018-06-07 18:07:52,2018-06-21 00:00:00
fbb38f33f44df110ef060767b70bdfa3,ba1249c05a651c21b3e6a99caaad9525,delivered,2018-08-03 16:53:24,2018-08-03 17:23:56,2018-08-06 14:19:00,2018-08-17 17:38:42,2018-09-12 00:00:00
701ddcb0eab1d32958b3638a5e8c4e97,e73a40f7509a5e81a764029d4b7ea836,delivered,2018-01-22 13:16:34,2018-01-22 14:54:59,2018-01-26 18:08:56,2018-02-02 18:41:45,2018-02-19 00:00:00
82d3f649aa623394cf7ad9432dd748d4,2ad4d7bf0d9891d02025ef4c28bc0cfd,delivered,2018-01-11 11:17:37,2018-01-13 02:28:25,2018-01-15 22:22:41,2018-01-18 17:45:00,2018-02-01 00:00:00
e4b774f7fa2c4ce8052731dfeb5cc3f2,2947d4dbc02c7525870063dffc24b79d,delivered,2018-06-26 19:26:13,2018-06-26 19:35:26,2018-06-27 10:17:00,2018-07-06 12:38:57,2018-07-26 00:00:00
f5763c685bf8e3a552c2fcaa60aaa868,482de42da07b82da35bb97fe0c99bd09,delivered,2017-12-01 10:06:23,2017-12-01 11:31:54,2017-12-04 19:48:51,2017-12-30 12:35:05,2018-01-03 00:00:00
25eac842862525f18a083c6edf1929a3,d5dfe91af956d7349cbb8ef18653c6de,delivered,2017-12-12 21:33:36,2017-12-12 22:23:28,2017-12-14 18:15:37,2018-01-04 19:51:45,2018-01-15 00:00:00
98468461ec50580f3a212ef742cccbb3,9de78fd4789fc08ad15c6aff15ce3d48,delivered,2018-03-21 21:14:29,2018-03-22 21:10:32,2018-03-23 20:21:03,2018-03-29 00:58:37,2018-04-03 00:00:00
abef8b5d0f7fa066c7473db7d650c870,2ed1b5c01561bcf39cc2f1566a8ac9f1,delivered,2017-01-16 13:17:46,2017-01-18 09:35:19,2017-01-20 11:00:39,2017-01-25 08:43:39,2017-02-14 00:00:00
c2b188860433e96beb3ef17cf8e69b0d,576bc9e57e0e6b4470c28334f5ba123c,delivered,2017-10-23 19:41:22,2017-10-23 19:56:14,2017-10-31 18:53:37,2017-11-10 21:48:28,2017-11-23 00:00:00
68987346a4a9df9cbbb2234b956dd59d,70efcacd9228dce2c7f15d3b5c5255fb,delivered,2017-06-05 16:01:12,2017-06-05 17:30:11,2017-06-08 18:26:50,2017-06-16 14:55:33,2017-06-28 00:00:00
3127891eb38cfdbbe6d5603c658c1509,0efe244f8d2101871dfc0e2f3069fd85,delivered,2018-02-11 11:03:31,2018-02-12 11:07:56,2018-02-15 21:28:46,2018-02-18 16:29:11,2018-03-02 00:00:00
ae162713f33901220faa2a22c2bdba45,b5bf62f40eab9d069c94486fc3c7479c,delivered,2017-01-31 14:38:41,2017-02-02 02:45:23,2017-02-09 07:37:52,2017-02-14 14:08:16,2017-03-09 00:00:00
61fbc4a76e5b3db28d2dd737ace32716,a4ed3677add2e1f5d0429d8822ea340d,delivered,2017-10-30 16:10:26,2017-10-30 17:31:32,2017-11-01 13:27:38,2017-11-08 18:08:51,2017-12-04 00:00:00
68abb8a2c8cd552dd8452406b2b0153e,9af404eaf2690b333084dfaeb96b8450,delivered,2017-09-27 10:45:02,2017-09-27 10:56:31,2017-09-28 20:06:56,2017-10-04 19:48:35,2017-10-26 00:00:00
74c25aa167f9836099a217d0fa82ed0f,ad25199a971f5e90e17e19846f615d7b,delivered,2017-09-20 17:41:11,2017-09-20 17:50:34,2017-09-21 13:52:47,2017-10-02 19:10:03,2017-10-17 00:00:00
2fd7d8e43a256d464a02dd7bbe8cb125,c6209ed90e14cbc62a280238d1f1313f,delivered,2017-09-02 17:47:11,2017-09-02 18:04:24,2017-09-04 13:23:17,2017-09-11 18:47:39,2017-09-27 00:00:00
0f637da50b3c7da105d5a5c6579110d7,eb9e7ff4a097e2ddba2ee69b9983bc32,delivered,2017-07-16 22:58:21,2017-07-16 23:05:15,2017-07-19 16:37:38,2017-07-26 18:34:43,2017-08-08 00:00:00
45eb4503d3f73099fb98d5fa26d2039b,fa4a5c28f404695fe4d6fa20d3822e58,delivered,2017-12-09 16:45:31,2017-12-09 16:55:48,2017-12-11 16:17:16,2017-12-28 19:43:50,2018-01-09 00:00:00
c396df58ede55fc38761c0382b3bc791,2c5231dc7965bc16ec4e2b8dec37cf72,delivered,2017-12-14 09:05:11,2017-12-15 02:17:13,2017-12-15 18:47:26,2018-01-06 18:59:43,2018-01-12 00:00:00
38e9145bfbed86212bf884f4a8420fcd,bbc078fbe2bb34f9a55897b99fd5c55a,delivered,2018-01-09 10:21:48,2018-01-09 10:32:47,2018-01-09 22:44:40,2018-01-22 17:04:50,2018-02-02 00:00:00
9b4ecacef8574e8bc05697a77c8437fc,d3ae9463bbd0a245451be4e0eba78726,delivered,2017-04-21 10:20:58,2017-04-21 10:30:13,2017-04-24 16:00:26,2017-05-02 15:39:50,2017-05-15 00:00:00
e54a8ab3ead9bbdf681b8e18273f2cde,e4322cbdee560cc80797f69526a6ca49,delivered,2017-09-13 15:31:16,2017-09-13 16:10:25,2017-09-14 21:35:58,2017-09-25 20:05:55,2017-09-28 00:00:00
a62e5e820da4b79811ca945d941fff8b,3a53fe43a64c4cb6a29c66e54185182e,delivered,2018-05-02 21:13:29,2018-05-04 03:31:48,2018-05-04 14:36:00,2018-05-05 19:03:53,2018-05-16 00:00:00
0794929f95ad2d3371bf525e22a2603f,b846152f6ca2bc8c18c46c3247c33426,delivered,2017-11-06 12:28:08,2017-11-08 03:30:56,2017-11-11 13:42:42,2017-11-21 22:55:49,2017-12-04 00:00:00
ea28640cffa87eb4e40d8c864fb46aae,b5f1ba3e1e06b34bc5e7ad608a7e3b3c,delivered,2017-11-13 15:32:54,2017-11-15 02:36:15,2017-11-17 17:02:50,2017-11-23 18:52:08,2017-12-01 00:00:00
e03758edc76b636006eb8f5bd648ca90,1853bf4644f7a9f18bfcb54291c3cad3,delivered,2017-06-06 21:31:50,2017-06-06 21:45:16,2017-06-09 11:50:00,2017-06-19 15:52:06,2017-07-05 00:00:00
8ef4bed1022c0f48012b556559e43f06,6e9599527f2b3b47677de6623b1cd0e9,delivered,2018-04-05 18:13:07,2018-04-05 18:27:41,2018-04-07 01:16:40,2018-04-13 18:42:06,2018-04-30 00:00:00
175a79065991e40569812e90232dc38d,092b4a3968d596ad4eeb10b217b87cde,delivered,2018-08-08 09:49:45,2018-08-08 10:05:04,2018-08-09 12:20:00,2018-08-16 18:40:58,2018-08-31 00:00:00
4027aaf151a408af313fee7a5af64c5a,14ec0af04aab4398a904a77ac2e1c68b,delivered,2017-12-31 00:02:06,2017-12-31 00:13:48,2018-01-02 20:27:02,2018-01-09 18:15:29,2018-01-26 00:00:00
2dedcbba76be1566c5b983e07348d75f,b7c31c82d8f6bedc8da47d41ba963167,delivered,2017-01-31 15:56:56,2017-02-02 02:50:37,2017-02-02 10:02:45,2017-02-08 15:18:43,2017-02-23 00:00:00
130654953b9f4e7e9f1bd08b1b882bf4,78507601d58635378ae8d1b0fb325a0b,delivered,2018-05-04 19:56:10,2018-05-08 04:15:33,2018-05-08 13:04:00,2018-05-15 20:08:32,2018-05-29 00:00:00
53fafd0933d69603122f8f804fb76968,212a3604c770c9b1fdf5523e2b702dbb,delivered,2018-03-26 14:33:13,2018-03-26 14:47:47,2018-03-27 21:52:16,2018-04-02 15:12:18,2018-04-12 00:00:00
20d120b5a95a60c3d599810d5ee01c21,f6bbef5ba9eb60e9f08707ff5cded7cc,delivered,2017-11-24 12:49:13,2017-11-24 14:58:28,2017-11-27 20:11:30,2017-12-09 13:38:42,2017-12-19 00:00:00
7b497afd7e9512da3d6780bf6b5c9971,cb522acbea137ad1fc7324606d247321,delivered,2018-03-21 11:15:17,2018-03-21 11:30:22,2018-03-27 02:40:57,2018-04-10 18:04:29,2018-04-13 00:00:00
b8356f852fca3a72234735d7b7c1c18f,b2b10558413c0708b753f3e7e1f69b5c,delivered,2018-03-31 20:51:18,2018-03-31 21:08:53,2018-04-04 00:52:03,2018-04-04 18:08:36,2018-04-12 00:00:00
fecd2391540ed4dd35db71f1af87f03e,e5a33466701cd4bfbdfc0f03e4cbdb83,delivered,2017-05-15 20:09:05,2017-05-15 20:15:17,2017-05-16 21:25:45,2017-05-19 10:27:43,2017-05-26 00:00:00
ccce262c4b1775baab94c62c954014c8,5d6c8ab30ef2d0469ae465f4fc0df0e7,delivered,2018-03-19 23:06:19,2018-03-19 23:28:13,2018-03-21 20:58:31,2018-03-22 22:58:58,2018-04-04 00:00:00
ea2fc3ee961d93cc0a7b657aad5b30e5,1e6cd369cf26ded4ed75185d5605241a,delivered,2017-07-06 18:52:45,2017-07-06 19:04:17,2017-07-07 14:46:29,2017-07-21 22:09:48,2017-08-07 00:00:00
3c75e106ed38695c5bbf7fe5ab77a851,a21aafe2dfc5afc8565390c8459a28e8,delivered,2018-07-08 19:55:34,2018-07-08 20:10:16,2018-07-10 15:24:00,2018-07-11 14:48:26,2018-07-19 00:00:00
6612d55037369324a1556532b38d02cb,daa8453225636e0b071a47d14745259e,delivered,2018-05-24 14:41:16,2018-05-25 11:53:47,2018-05-25 15:35:00,2018-06-08 15:36:39,2018-06-19 00:00:00
6c626fb49235255bbb0d81f5e8785aa0,e915ad11d2e4bcbec4bb5422ed04025a,delivered,2018-01-17 21:49:28,2018-01-17 21:59:30,2018-01-19 12:52:27,2018-02-07 20:33:04,2018-02-20 00:00:00
69a4d311a122356e1eadee79beca43e0,cc5fdeabec9462ccb11a9514b7132450,delivered,2018-02-28 18:02:56,2018-03-02 02:10:30,2018-03-02 17:11:39,2018-04-18 21:08:31,2018-03-22 00:00:00
8f0033d3ef07e82e7e942e4136cfbf50,c2895b6e8e550f6b2f424e5941ec1e68,delivered,2018-08-11 14:31:30,2018-08-11 14:45:07,2018-08-15 12:53:00,2018-08-29 00:03:16,2018-08-28 00:00:00
6a840170ff9f5c99f069b8526d8c21a9,8ca7c9ebd7fe862bbe3af6866f1b2d20,delivered,2018-03-14 09:52:07,2018-03-14 10:08:29,2018-03-14 20:58:54,2018-03-15 21:42:46,2018-03-27 00:00:00
a0d8e0c491e4b25ae11e8bb875935c18,e9fc7edd6cde2e8c4f7f8617ed9cc8d4,delivered,2017-01-31 11:26:49,2017-02-01 02:35:18,2017-02-01 12:02:20,2017-02-02 11:09:49,2017-03-01 00:00:00
058ac520863d0c0d57e3cf920de368d4,002b24cb2cd0c3e575040dbd278885e3,delivered,2018-05-21 23:17:32,2018-05-22 02:56:24,2018-05-23 14:51:00,2018-06-05 14:06:37,2018-06-08 00:00:00
c37d452db8a3abfa3d99c322e92ef0ef,99de4444dbc09f097afa14d4ac4ae448,delivered,2017-01-26 15:50:03,2017-01-26 16:02:00,2017-01-31 15:31:05,2017-02-03 17:05:57,2017-03-06 00:00:00
7d20c79f25c64f2c7feca12d01677c8e,abeff1410fcd658ea605208ba4ffb9ea,delivered,2018-06-28 00:15:02,2018-06-28 01:11:26,2018-07-03 04:29:00,2018-07-12 14:54:22,2018-08-06 00:00:00
1f440e230578d73badf5afd8bb78c632,1233914219140e9e67169768bf6ee593,delivered,2017-08-31 18:25:55,2017-08-31 18:35:22,2017-09-01 20:26:03,2017-09-08 15:23:07,2017-09-20 00:00:00
1b0bc119ea5ac37e73e2275afc7904ee,75e945badd2a39af63ee8c8b05af8fb3,delivered,2018-08-14 14:19:51,2018-08-14 14:30:22,2018-08-21 11:53:00,2018-08-23 03:24:50,2018-08-23 00:00:00
ecd6c4b673e81e3ba899f65b2135ce70,aff59e4810efb674d1efc783f003a25e,delivered,2017-08-17 19:49:28,2017-08-17 20:25:21,2017-08-22 15:55:19,2017-08-25 19:02:45,2017-08-30 00:00:00
3175edf02fcecf739fa306e493b283bb,95428d5dfe353e4188da40fd3f81f918,delivered,2017-11-27 14:02:16,2017-11-27 14:19:50,2017-11-28 14:38:41,2017-12-01 20:13:59,2017-12-20 00:00:00
5442b242d10aae8dff9aa365da9bf76b,6348d8e73c3d01bb030637817b424016,delivered,2018-04-09 00:00:01,2018-04-09 00:15:15,2018-04-09 18:35:28,2018-04-25 20:13:44,2018-05-09 00:00:00
369634708db140c5d2c4e365882c443a,b2b13de0770e06de50080fea77c459e6,delivered,2017-06-18 22:56:48,2017-06-18 23:10:19,2017-06-19 20:12:26,2017-06-23 12:55:50,2017-07-07 00:00:00
904bb8d83ce0a924807b5d34e698a439,7758f8c9eb07e1ce83c75509cc984af2,delivered,2018-02-08 15:11:37,2018-02-10 02:36:57,2018-02-19 16:09:58,2018-02-22 19:29:02,2018-03-05 00:00:00
622e1ac05d77a0fe978afdbb3d174017,34532438b4bd25e285a454257543b521,delivered,2017-10-02 12:05:39,2017-10-02 12:24:39,2017-10-05 22:46:11,2017-10-17 16:32:05,2017-10-24 00:00:00
07402f8be1c291f1c5da3edeaf5cb8b1,3c680ab7d6d1de8a82f5bfa92ef2156a,delivered,2018-01-09 19:28:30,2018-01-10 10:32:00,2018-01-12 23:33:58,2018-01-17 19:45:33,2018-02-02 00:00:00
a9f3a3d1ad51353ad83d1cc38aa74a47,fdd0876705d2f479feeb936cd9cad782,delivered,2018-07-30 18:57:39,2018-07-30 20:20:16,2018-07-31 15:32:00,2018-08-02 21:18:35,2018-08-13 00:00:00
e98f62f167c0c56e1d6e2c852bf04adf,deb7123f2e2f5e7e0997e3af67d058d0,delivered,2018-05-28 09:57:09,2018-05-28 10:13:42,2018-05-28 13:09:00,2018-06-08 17:37:51,2018-07-05 00:00:00
09f8cd8a102b3f3fa2d5db0c6aee489a,ce5c2647d9125a115851c01b5b356426,delivered,2017-09-15 16:35:51,2017-09-15 16:50:20,2017-09-19 18:58:55,2017-09-28 19:38:39,2017-10-11 00:00:00
30192988070ccc8d5f5d40aad62b8ed4,c1bc1aaa41d83c84f70faad9a89729b2,delivered,2018-06-22 18:22:44,2018-06-22 18:39:26,2018-06-25 12:21:00,2018-06-28 12:41:31,2018-07-18 00:00:00
0ceec07de9db57c3d2ba32e4fa1fd8ed,324af05f4849ced7fa7bd242fd8c4900,delivered,2018-02-08 16:20:19,2018-02-08 17:07:26,2018-02-09 23:46:42,2018-02-23 22:39:21,2018-03-07 00:00:00
663f6abf22dfaca17fa6ecdb411d1860,f7444d23b5eb50854ccec43d9ae163a4,delivered,2017-11-25 16:32:46,2017-11-25 16:51:52,2017-11-28 18:13:08,2017-12-15 19:04:29,2017-12-21 00:00:00
6189844031702fdf168d8194d504bc0b,09321f51c8b1b174dac932353c44a386,delivered,2018-04-27 01:19:40,2018-04-27 01:31:26,2018-04-27 13:38:00,2018-05-04 18:47:50,2018-05-24 00:00:00
ad57f476bb2fef779bc42a032c512a23,ad455f9f8e3224fe29f1d5b0be816185,delivered,2017-11-24 16:31:04,2017-11-24 20:32:16,2017-11-28 22:03:48,2017-12-12 14:18:25,2017-12-19 00:00:00
454c3851ea6ca1eaa09fd44d2502aac0,759493fb6369860c506ab5adf25eb6c1,delivered,2018-08-03 06:33:16,2018-08-03 07:04:00,2018-08-03 18:19:00,2018-08-08 13:47:36,2018-08-17 00:00:00
0eea5babd8acdffc1ce9dbc764b8dcd7,d011da4dd1619f32921e31835e194ec6,delivered,2017-09-24 15:12:22,2017-09-24 15:25:13,2017-09-26 12:38:03,2017-10-03 21:08:21,2017-10-26 00:00:00
82bfafb84a5843f06b8c3983edb1883b,86bbc4a292e9d3f4191ea8a4c82e6c10,delivered,2017-01-28 19:10:46,2017-01-28 19:30:49,2017-01-31 17:26:30,2017-02-10 08:53:23,2017-03-08 00:00:00
4a7062d398b2eba9c25e6483b056df8f,de4686899a57f8be675fabc4c73fe80c,delivered,2018-04-27 01:18:26,2018-04-27 01:31:28,2018-04-30 06:21:00,2018-05-04 20:13:59,2018-05-21 00:00:00
0e71d62394f9b03218e1138af6b664e9,3d74941245d65a43d206256df9a88a89,delivered,2017-05-01 20:04:01,2017-05-01 20:15:19,2017-05-02 18:25:59,2017-05-13 11:33:52,2017-05-23 00:00:00
0718634f87a84ae0468224ecca3584d1,839e0b6ecf44591f3cb20e0e4f1352d1,delivered,2018-08-20 17:33:26,2018-08-20 17:50:37,2018-08-21 13:59:00,2018-08-24 16:12:32,2018-08-29 00:00:00
95d8c6b4c0b7c33f86f75fa4e0a74594,fc6f2443283ec7170b178d24aaf69f15,delivered,2017-09-12 16:10:13,2017-09-12 16:27:35,2017-09-15 20:15:54,2017-09-27 19:22:14,2017-09-29 00:00:00
23f8d85e1bed4bc79e3b7e9f7c2d6437,a99d98a0d509d3f6930bbe4a7f8cd9a3,delivered,2018-06-09 15:21:29,2018-06-12 04:17:17,2018-06-13 09:51:00,2018-06-19 16:14:30,2018-07-12 00:00:00
bc0750dbbde0ce52c81895096a0deb7b,b3eae712d1fa65509032b1e8d2e0d075,delivered,2018-07-27 11:39:08,2018-07-27 11:50:42,2018-07-27 14:50:00,2018-08-06 15:16:46,2018-08-15 00:00:00
8565434e7b68f273260f208a1d2c2aa2,e399faa66b9c2ca682f2d6272eb04364,delivered,2018-08-22 15:27:49,2018-08-22 16:20:07,2018-08-23 13:12:00,2018-08-31 02:32:20,2018-09-06 00:00:00
ace40b7f6657491f011b8a3ba9edeeaf,fe9c6eb008b730c9c343725234c31027,delivered,2018-01-03 15:07:46,2018-01-03 15:17:24,2018-01-04 20:32:13,2018-01-11 13:07:47,2018-01-26 00:00:00
401aaeb144fdc31e60486809bf917ce5,57ae561786f80b4c665519e147319629,delivered,2017-05-21 12:02:55,2017-05-21 12:15:42,2017-05-25 15:18:06,2017-05-30 18:46:06,2017-06-09 00:00:00
50de76b6e07161441556b571d4e85248,44624c889935b95b1b070efaa459de42,delivered,2017-02-18 17:43:04,2017-02-18 17:55:19,2017-02-20 12:44:09,2017-03-01 13:47:59,2017-03-30 00:00:00
c4314d0c3517d1afc447262855bd2a08,3ad2516ff419427995c53ac22ac46ea0,delivered,2017-02-21 17:37:06,2017-02-21 17:50:13,2017-02-24 11:32:38,2017-03-13 12:21:56,2017-05-04 00:00:00
8d785027a8353d2f17d76f05b73f86ef,ee90f96e60f6d84ca036056c4f1f638d,delivered,2017-03-05 22:38:18,2017-03-05 22:50:17,2017-03-17 07:33:58,2017-03-21 17:43:41,2017-04-24 00:00:00
0c1f1a0595fb30e05d526ab83576cd24,e350a18244c16257e0bac342c17e3d1a,delivered,2018-08-28 09:18:03,2018-08-28 09:30:39,2018-08-28 15:43:00,2018-08-30 17:32:25,2018-09-03 00:00:00
33053ee45764f34778295ba8a0a4131d,bb897f462207bcc6d9517184aa0c43c8,delivered,2017-11-21 11:31:31,2017-11-21 12:09:59,2017-11-24 16:35:50,2017-12-03 14:42:50,2017-12-12 00:00:00
23941956ac5ebb846fc41ddbf76e7ccc,63e6159a468d15ffee3037bacc550c29,delivered,2018-07-15 17:29:46,2018-07-17 04:32:03,2018-07-17 13:00:00,2018-07-25 21:09:48,2018-08-17 00:00:00
c40c8f44fadbd73ec33576de59af7037,fb9c9c6bcebbbe6024d75155b10ead23,delivered,2017-03-01 11:36:45,2017-03-02 03:45:21,2017-03-03 09:24:32,2017-03-24 13:35:55,2017-03-22 00:00:00
b23014161ca1bc596a96e77112ee5360,02fcd25668a084094acb25e5e6211544,delivered,2017-05-31 21:45:32,2017-05-31 22:02:16,2017-06-16 16:20:48,2017-06-27 16:58:09,2017-07-07 00:00:00
407c915b14e91ef7bfab0f2f272ccfc9,39a6ee9489fe63680ad9b1fc3b2fb332,delivered,2018-02-28 18:59:42,2018-02-28 19:10:38,2018-03-06 02:46:08,2018-03-13 13:17:00,2018-03-14 00:00:00
aeb280e267d4fcf5e2c8da2cbd0ef890,3183ae586c7ad93a3d009b21237b2996,delivered,2018-01-13 00:12:06,2018-01-13 00:55:31,2018-01-15 17:24:46,2018-01-23 17:52:35,2018-02-07 00:00:00
983de0fdf98ff06d6cf1c379f7540f7f,2b468844813abceb44b6cd3cc7dc6b81,delivered,2018-06-11 21:04:10,2018-06-11 21:40:32,2018-06-12 18:14:00,2018-07-03 16:03:56,2018-07-19 00:00:00
2b016617466b3d768cebf616e68a3983,640c3b3d8f8dbaf9c95839f3b7944bba,delivered,2017-11-16 14:50:35,2017-11-16 15:07:00,2017-11-17 20:16:51,2017-11-20 21:16:56,2017-11-29 00:00:00
2ae4b7aa9e05e499dc71a87e27f0017c,6eb39dd9d1e69c667575f339f084347e,delivered,2017-11-22 19:42:41,2017-11-23 02:35:24,2017-11-24 21:09:12,2017-11-28 20:32:13,2017-12-04 00:00:00
885f4f4ae28b4914c99d01be5bf570bc,bf8408dbf7fb19840ec21ac0c8fa345a,delivered,2018-01-15 22:21:30,2018-01-15 22:30:43,2018-01-19 23:58:40,2018-01-22 20:52:32,2018-01-30 00:00:00
43d29c6fc78c31c80080d85e5260a9fb,41fdaf0dcabfb53a5556c46cd8cc0a32,delivered,2017-01-05 14:36:18,2017-01-07 03:44:12,2017-01-11 16:25:58,2017-01-16 09:13:47,2017-02-01 00:00:00
4e1d5bf07ad851a6470d6b28cfd1f1e6,b19ab8d36d0de6602c4f57aa41e8dabb,delivered,2017-01-30 18:19:23,2017-01-31 20:31:32,2017-02-02 13:58:06,2017-02-09 10:17:57,2017-03-28 00:00:00
cffc9d6f9230a7eb234ba6f3574db1ff,508c98640dab1de30b6663686fac065c,delivered,2018-02-23 02:22:17,2018-02-23 02:35:26,2018-02-26 16:10:36,2018-03-15 00:19:59,2018-03-26 00:00:00
f0b3358d0acb067d9c09d3fb376a5e0d,9898e7a6254ea0e7e8bd2bd10a2ce2f7,delivered,2018-01-02 13:37:04,2018-01-02 13:49:26,2018-01-08 14:34:46,2018-01-12 20:57:06,2018-01-30 00:00:00
546fb5e88f96553369c04bd920b9becf,04cf986f0c5486033b0790fbcb6452ed,delivered,2018-04-30 18:55:19,2018-05-01 02:15:24,2018-05-03 15:05:00,2018-05-11 16:28:48,2018-05-29 00:00:00
3517c4c24184e3c518a1c8319dc60765,7d33b236218941a7bca694abb998eeda,delivered,2017-09-06 11:16:05,2017-09-06 11:25:21,2017-09-06 19:10:09,2017-09-19 21:17:41,2017-09-28 00:00:00
3d47e0476424fd50eb22128e64571e97,76f5c40bbc0e6a67810993ae4904b081,delivered,2018-04-12 17:23:10,2018-04-12 17:35:17,2018-04-13 19:12:28,2018-04-27 19:48:51,2018-05-02 00:00:00
407c6c87763b40c6ecbdf86ce3e07d76,8e405dd9f8e0d75e9f59ddac294336f9,delivered,2018-07-10 09:31:47,2018-07-10 09:45:13,2018-07-10 14:30:00,2018-07-12 22:18:30,2018-07-18 00:00:00
7cbc58346dce935abff14a7c5a0488f5,5d38c66c874ea566658a9ef3f31812e3,delivered,2017-01-26 09:15:18,2017-01-26 09:25:12,2017-01-26 09:32:58,2017-02-03 06:17:18,2017-03-08 00:00:00
942a2811a7a6e202eec1790c6b69be88,6b18fa3dced515841e3d09e216f4974a,delivered,2018-01-09 09:51:36,2018-01-09 10:09:48,2018-01-17 21:00:18,2018-01-26 23:33:45,2018-02-14 00:00:00
af4e2e186d1553f35c402a9e153f9444,6cbc59fd1d1f852406689ea9ad5fbffa,delivered,2018-01-11 10:32:13,2018-01-11 10:48:36,2018-01-15 15:33:26,2018-02-02 00:44:58,2018-02-07 00:00:00
4c1cb882a6632f95d9732ca92f5715f8,6b7c4885e1dd12bd058d809f39e2d660,delivered,2018-01-10 09:49:00,2018-01-11 02:48:32,2018-01-15 17:24:44,2018-01-24 22:52:40,2018-02-06 00:00:00
052523fd2c735b15cb107afc0a413bc2,ef6df80448de23799ff246c3c898c8eb,delivered,2017-01-27 17:21:48,2017-01-27 18:31:37,2017-01-30 08:37:37,2017-02-06 08:25:25,2017-03-21 00:00:00
5b36d696990ca3b000d4094e51d5b2a1,a4306b0d6656a3f3ca5630b4c2ed08a2,delivered,2018-05-12 11:29:33,2018-05-12 11:54:11,2018-05-14 15:19:00,2018-05-18 13:58:21,2018-05-29 00:00:00
561e6fec91c4b5771dad3f613b72c699,3fc94ea7aed9a5ab86431c3842c44542,delivered,2018-02-06 17:02:06,2018-02-06 17:15:29,2018-02-07 20:28:34,2018-02-19 23:52:25,2018-03-07 00:00:00
660e589af9553d75506968867c922d91,d3a6febf47e02bf9635d6b8e8443092e,delivered,2017-01-25 23:30:25,2017-01-25 23:42:04,2017-01-27 11:19:14,2017-02-02 16:09:48,2017-03-06 00:00:00
653f05432280006916452a2fbb55b136,784218b26424ee2726401c5e73df14d3,delivered,2017-03-16 15:56:47,2017-03-16 15:56:47,2017-03-20 11:41:55,2017-03-24 14:33:30,2017-04-10 00:00:00
f4026d9ae34e982204b4f7b627939d32,1e88b5f20d4c915f63c41dae61f1c23f,delivered,2017-01-27 19:44:14,2017-01-30 10:31:46,2017-01-30 13:14:00,2017-02-01 18:55:37,2017-03-27 00:00:00
a49b8f92334f6b3b8eef67010a8e53ce,a3e063a0fa6c25bbb150f73f9ac2ff91,delivered,2018-07-19 18:00:45,2018-07-21 03:15:29,2018-07-31 12:33:00,2018-08-03 12:23:24,2018-08-07 00:00:00
c271d6d965ce901e7efaae6879247e43,31798549a2bd00104ac9b9dbe884b455,delivered,2017-12-23 15:11:39,2017-12-23 15:30:20,2017-12-28 19:52:42,2018-02-02 02:37:22,2018-01-24 00:00:00
2445a82ec841c77c3fa6573bc3e00dcb,88c1c3d0d402ba73d2fed9d5b71163f4,delivered,2017-03-21 15:16:57,2017-03-21 15:16:57,2017-03-24 12:18:55,2017-04-04 17:04:02,2017-04-13 00:00:00
a738e9e6770c9eac21287cc96d82dc76,a3671f3a8d8cb539be0134d5a2eb0c24,delivered,2017-07-15 12:24:22,2017-07-16 12:30:09,2017-07-17 19:16:54,2017-07-31 19:19:31,2017-08-14 00:00:00
4fe4c496a13fb35dc73b330ccb988813,a6ee8a4d65a310510bc71df4c3d4edf8,delivered,2018-07-18 15:54:28,2018-07-19 15:50:10,2018-07-23 16:06:00,2018-07-25 14:42:49,2018-08-02 00:00:00
f8fb768a4889846eaf601b29827b596a,95a614f4e894a20b406e2e5f866b8347,delivered,2018-08-06 05:49:54,2018-08-06 06:05:16,2018-08-07 22:06:00,2018-08-08 17:46:49,2018-08-09 00:00:00
82c997b659ae33d1e56c30e028bd7591,9c7698f6d1448481356f97b24097ae65,delivered,2018-05-15 08:21:48,2018-05-15 08:35:20,2018-05-17 15:00:00,2018-05-22 14:16:27,2018-05-23 00:00:00
9e635c54c1b48e4a6c2dee84d2f4f11a,3a8786a9cc39793482bf265365139cfc,delivered,2018-02-27 18:14:18,2018-02-27 18:29:08,2018-02-28 18:12:43,2018-03-05 19:32:56,2018-03-13 00:00:00
37a7476e58da10721b5e55ba4be6807d,8caeb53ff1ed9da844ec4e1f6bab7dd8,delivered,2017-12-06 20:22:29,2017-12-06 20:33:01,2017-12-11 17:30:14,2017-12-12 22:14:31,2017-12-22 00:00:00
2780bd2c2ec051df9919aa3841b9d049,672e77494e53c15e0ff6f6469c9b1c4a,delivered,2018-05-10 21:07:18,2018-05-10 21:37:08,2018-05-14 14:44:00,2018-05-17 14:12:44,2018-05-28 00:00:00
08b04eb82fbd41d6a4a779d822d57a08,cf708bad4ed7ea3afd2d58d189fe2c6b,delivered,2017-03-13 14:20:10,2017-03-13 14:20:10,2017-03-13 15:12:10,2017-03-23 12:52:57,2017-04-03 00:00:00
ac95b87f13bbd7609c75bfcc17cf3ae7,c1cc319cd4cc87a520c08d8e403bed0b,delivered,2018-07-20 14:50:31,2018-07-20 15:04:22,2018-07-20 17:13:00,2018-07-27 17:04:21,2018-08-01 00:00:00
d6229aca790acb92366c9888f1e0c181,5cb5ff757d630a29902ea9b9699b936e,delivered,2017-02-12 19:40:41,2017-02-12 19:50:19,2017-02-14 12:28:30,2017-02-17 06:52:16,2017-03-10 00:00:00
0d522996b29429a46093cbc004e8f29d,01973489089879f533dd627cad53e7e2,delivered,2018-04-28 08:17:33,2018-04-28 08:30:15,2018-05-02 16:17:00,2018-05-11 21:21:05,2018-05-21 00:00:00
d077407f0f6dccff3bb4224b3aaec82d,b6ca512b8c0c1de7c9ab1a742da52d4e,delivered,2018-08-02 15:57:37,2018-08-02 16:30:46,2018-08-03 17:40:00,2018-08-06 18:34:35,2018-08-07 00:00:00
0cd0bff6841594d9006994fcfbf3e44b,b299a44de561de2dbfc8fa91dd704af8,delivered,2017-08-02 09:07:50,2017-08-04 02:35:18,2017-08-04 18:43:41,2017-08-16 20:39:43,2017-08-28 00:00:00
26ed76d9ca565506c2d4c50fd5fc323b,27914729140e0b9e30458f92c83baa05,delivered,2017-10-23 10:24:36,2017-10-23 10:37:03,2017-10-23 19:11:23,2017-10-24 16:48:52,2017-11-03 00:00:00
6f78a74ebcd33afa2bccc0c0a82ff04a,abb3c38326d02b67b1912e2d7a87d735,delivered,2018-02-13 10:20:55,2018-02-15 03:51:08,2018-02-21 10:53:36,2018-03-02 16:18:38,2018-03-13 00:00:00
934583479bac4ab37120cace4120596a,c61712069fee480dc1e288d0b9019dbb,delivered,2018-06-07 14:56:01,2018-06-07 15:19:24,2018-06-11 18:38:00,2018-06-19 12:40:59,2018-07-13 00:00:00
00b4a910f64f24dbcac04fe54088a443,d70e5eac00a9d35a3cb193442c0287cd,delivered,2017-01-18 17:55:34,2017-01-18 18:05:17,2017-01-19 14:44:25,2017-01-26 13:21:57,2017-02-28 00:00:00
244e91c4c416908e17829094e3eb7aa6,fde06130cde1fec674a5470155f9dcaa,delivered,2017-03-28 09:24:55,2017-03-29 02:10:54,2017-03-30 07:48:32,2017-04-05 13:22:56,2017-04-19 00:00:00
77ae79f517b55536c4be2d6953ef30af,a98102f934d6566ffecc597e6f762e90,delivered,2018-04-30 18:56:04,2018-05-03 04:32:51,2018-05-07 08:37:00,2018-05-10 13:17:14,2018-05-24 00:00:00
0872f22df707596feed1639609f6eba7,dc837eded61982cd9978632a52e3bbc6,delivered,2018-01-30 09:00:45,2018-02-04 23:31:47,2018-02-01 23:37:21,2018-02-15 22:05:15,2018-02-22 00:00:00
2e9a02fad8f4629cc049053cca7a9a1c,8cb9c96288df5e44d44d767b4d3c4cc0,delivered,2018-01-23 11:29:39,2018-01-24 02:53:21,2018-01-25 00:41:31,2018-01-29 23:36:58,2018-02-16 00:00:00
421deffec215845f8632fb3543789f86,07d32200708d263fc5006988e4b6eff7,delivered,2018-08-24 14:05:59,2018-08-24 14:24:29,2018-08-24 13:46:00,2018-08-30 20:32:08,2018-09-11 00:00:00
22393c9bb58fd23ba0aaf68dab5094cc,e46731ed04dacfd209c14dff32d96e58,delivered,2018-05-20 11:04:08,2018-05-20 11:15:18,2018-05-24 12:25:00,2018-06-04 20:03:52,2018-06-06 00:00:00
ba3d713d46b9dadf35bf0ab911b06408,8d3b3107ff3d5416c2aaede11192d34b,delivered,2017-01-13 09:02:32,2017-01-13 09:10:10,2017-01-13 16:11:22,2017-01-23 17:09:01,2017-02-23 00:00:00
342ef067ff890d38864730c89a8776ff,fd6ff62eb00548fcb8744d703ddf77ea,delivered,2017-08-29 17:00:52,2017-08-29 17:10:41,2017-08-30 17:48:38,2017-09-19 16:00:41,2017-09-21 00:00:00
d469b51abffc6d74299c8a0a56db5314,40e7f92901dab91f3c1b9acbec7d05bf,delivered,2017-01-20 17:41:58,2017-01-26 20:21:56,2017-01-30 14:42:43,2017-02-07 15:46:11,2017-03-15 00:00:00
693d0d4622b8c4324e34ae71fe19a58f,9bf5369cd6c87944bc8586fca188efcf,delivered,2017-10-25 13:35:24,2017-10-27 03:10:13,2017-10-27 18:23:48,2017-11-03 13:38:33,2017-11-07 00:00:00
09c06d47b8b58dbabf753646fe5b89ab,f9d7122bdd5b9a3ad155417469c69c34,delivered,2018-04-03 13:22:38,2018-04-03 13:35:15,2018-04-04 19:27:28,2018-06-21 13:04:31,2018-04-30 00:00:00
d64aa68e4a96734f280b7ddf0852d511,136f4c1a0629b4ef8681a46dfeeddc2e,delivered,2017-01-08 20:25:12,2017-01-09 20:30:17,2017-01-11 14:22:53,2017-01-17 10:52:10,2017-02-17 00:00:00
ef31025693a0212c0b45d12f12f12a5e,2db629e8830e736fb8869d8cf28e1935,delivered,2018-02-20 11:30:02,2018-02-20 11:47:44,2018-02-20 21:59:18,2018-02-22 15:29:17,2018-03-08 00:00:00
e138a14b6a413d7a17ff420a130b2759,6dc2df445e3eff17ac265b74560f93cb,delivered,2018-04-18 12:22:26,2018-04-18 12:31:44,2018-04-19 23:12:54,2018-04-20 15:17:19,2018-05-07 00:00:00
6eb2a690131ac9952365adf622793a1e,9e73b20ba4eb379917978219be55ac56,delivered,2018-01-29 09:00:30,2018-01-29 09:18:46,2018-02-01 21:46:10,2018-02-09 00:57:18,2018-03-06 00:00:00
2c7e5cbdab3bc1cc70b61425a7648ff1,0c97e8cae92b456d9477d51b046cb813,delivered,2017-12-15 14:53:00,2017-12-15 15:12:43,2017-12-19 16:48:33,2018-01-03 16:32:18,2018-01-12 00:00:00
9ebfe4f8443f801cf3685442b0d26e6b,eafceab51b7f2121c2ce2f94e0152d3b,delivered,2018-01-03 16:56:47,2018-01-03 17:07:59,2018-01-05 18:09:51,2018-01-15 18:49:32,2018-02-07 00:00:00
4152a677b7acfa7fdab8dc8e1dd436eb,f9186c4eba8c803ac493a2ea4a189fc7,delivered,2017-01-24 19:39:42,2017-01-24 19:50:17,2017-01-25 10:47:31,2017-02-02 08:39:06,2017-03-03 00:00:00
0902d364e14a1dc0b156a550d070cbb6,a7b8f9ee5992584fcb84251ee5671f6f,delivered,2018-03-19 22:57:09,2018-03-19 23:10:23,2018-03-21 19:55:45,2018-04-04 18:38:32,2018-04-17 00:00:00
aade48c1fd0adef0f33df25f995d379c,327886570f6c5d99eddb5677b1ad9c72,delivered,2018-04-20 12:06:22,2018-04-24 19:05:58,2018-04-25 18:56:00,2018-04-30 19:21:20,2018-05-18 00:00:00
f939e2a89376e44158657a15465cacce,ec980872eea3778facea3e17ec48107c,delivered,2018-01-08 16:02:04,2018-01-09 07:25:32,2018-02-17 02:21:38,2018-04-03 17:38:54,2018-03-19 00:00:00
5fbe2cf3289a1fade6523b8745d466e8,e797152fdefa439f05ea2077ec78e2b7,delivered,2018-03-20 10:55:37,2018-03-20 11:10:36,2018-03-22 18:57:45,2018-03-23 22:12:13,2018-04-02 00:00:00
fd05016059d759a3d1cd9f1068be4907,3719249e77d08436fe164bcbcd7e2cbf,delivered,2017-07-31 09:43:14,2017-07-31 10:03:15,2017-07-31 20:34:02,2017-08-08 20:41:57,2017-08-24 00:00:00
841ff437dd00dac44a738743ae033be0,9986aa6bfa30747f0b86533756c7b355,delivered,2017-11-27 13:14:57,2017-11-27 13:38:27,2017-11-30 16:22:26,2017-12-04 12:36:53,2017-12-29 00:00:00
45d9d23c62d17d0c6aadb813d38831b3,3ce492ad96766976c6673d3e1abf681a,delivered,2018-03-01 21:57:20,2018-03-01 22:10:47,2018-03-04 09:59:56,2018-03-08 21:36:36,2018-03-21 00:00:00
8ae7da80a0ae007c1d30c6ff5dc3bf26,d15d033d5e018800997e13b99c63de00,delivered,2017-12-07 12:21:00,2017-12-07 14:50:54,2017-12-12 14:28:46,2017-12-19 19:55:49,2018-01-02 00:00:00
0135675503322d804abef7ec5ed4824b,969678c7317657c3a5855fe90a69894c,delivered,2017-10-22 19:23:17,2017-10-22 19:35:26,2017-10-23 21:28:34,2017-10-30 19:35:52,2017-11-16 00:00:00
8c10b4712b6c450e49bcfb6b1e48449f,746c850fc3309628645b7b22b4603e55,delivered,2017-01-27 16:31:12,2017-01-31 04:38:25,2017-01-31 09:38:28,2017-02-07 12:37:51,2017-03-16 00:00:00
9273f28e7eea7b34cf6d09d37dad4fa5,394b045eaa57c5395a95bb541807222c,delivered,2018-02-27 17:29:36,2018-02-27 17:48:54,2018-02-28 17:15:57,2018-03-17 00:06:24,2018-03-19 00:00:00
0fe0d22222f747a218a2596963d8b364,c2d3185f5df5ad32ea5928c8c4f7ab27,delivered,2018-01-23 18:20:29,2018-01-23 18:38:45,2018-01-24 21:24:26,2018-01-29 19:03:25,2018-02-15 00:00:00
12110189ef70d77e946c6a0bd7b945a8,bf869ccfff4c893dbcb79dc0ca96043e,delivered,2018-05-21 11:42:35,2018-05-21 15:31:58,2018-05-22 13:13:00,2018-06-20 22:58:47,2018-06-07 00:00:00
aa9f47b4e7c06b6c495bf26fff85bb17,8939f73aea3e791fb6bdc8ee40f6d018,delivered,2017-03-03 08:32:31,2017-03-03 08:45:13,2017-03-03 13:51:24,2017-03-07 18:14:00,2017-03-30 00:00:00
34fe5a39b9e65ac47aac2872c3538c41,c6d3d8578f934785cb4abae7ba2d5c0d,delivered,2017-10-28 16:20:16,2017-10-28 16:35:45,2017-11-07 22:52:58,2017-11-08 19:15:42,2017-11-14 00:00:00
0e660617f70b9a3f6bfd3919b49450ab,3bb3946913ea760c53bc4298f9ecf5bd,delivered,2017-01-18 11:14:16,2017-01-18 11:30:09,2017-01-20 11:05:50,2017-01-26 14:44:45,2017-02-21 00:00:00
a4887ea2ccd5e37945934525a9939e9c,a2ddbf4db9d0f1bb35918b4d567f1705,delivered,2018-03-31 14:12:29,2018-03-31 14:55:19,2018-04-05 17:22:26,2018-04-06 23:56:32,2018-04-12 00:00:00
3103926e92e716e11f3f4920b70428d8,593a817730f547335a1288508b49b35b,delivered,2018-04-23 12:57:34,2018-04-24 19:05:43,2018-04-24 19:29:27,2018-04-27 20:44:02,2018-05-17 00:00:00
99a89fd45903c4a9d6731af6ca4dd5c4,6cb6246c85861518fed147189260bf00,delivered,2018-06-27 19:07:53,2018-06-27 19:15:11,2018-06-28 09:48:00,2018-07-03 17:26:57,2018-07-19 00:00:00
fd93073bf4bfd856573cfca0c959483b,31e510eb6e824fa8188fa73386334593,delivered,2018-06-29 11:50:26,2018-06-29 12:10:03,2018-06-29 15:19:00,2018-07-11 23:24:40,2018-07-30 00:00:00
5de443f7adc75b72230b61e63ce5007a,7ec72d9b883d87aef5ee43beb65deb06,delivered,2018-06-29 08:12:42,2018-07-05 16:02:24,2018-07-04 12:57:00,2018-07-12 18:16:44,2018-08-08 00:00:00
fcda3cc8210e746326864eb933641ccf,fee7cf49127308e2b5402c9984b6f1f6,delivered,2017-01-18 22:41:55,2017-01-20 22:42:02,2017-01-23 11:41:56,2017-01-31 18:47:35,2017-03-02 00:00:00
6199bf17a85a73b61d5e43a596b95b5b,a63e6d9ad4758e94c0aa0d3611efc569,delivered,2017-02-02 18:59:30,2017-02-02 19:10:22,2017-02-03 14:36:23,2017-02-08 15:17:35,2017-03-15 00:00:00
367cead10022c703e2a1529c52699ac4,44dcf012f505f08758861bbe8348c0ab,delivered,2017-03-29 11:56:53,2017-03-29 13:05:46,2017-03-29 13:50:47,2017-04-05 12:22:54,2017-04-20 00:00:00
2ffc25e4c67c5d5ad8a0142b8f542d4f,97e8e95e37c4ac254684884d50ebfa0e,delivered,2017-09-24 15:03:46,2017-09-26 03:56:32,2017-10-02 19:31:59,2017-10-10 20:42:25,2017-10-19 00:00:00
c57cf7b41f793c7c74b7e51f236eb57f,259601eb3d9959930d3b49499a4a3a80,delivered,2017-08-13 13:46:34,2017-08-15 03:50:22,2017-08-18 15:48:00,2017-08-25 22:45:40,2017-09-01 00:00:00
c24d2f7d4ac8f5e961e730da59972c7d,7b6ea917ba465f240012834c675c56e5,delivered,2018-05-14 20:19:18,2018-05-14 20:37:51,2018-05-15 13:55:00,2018-05-18 18:08:35,2018-05-28 00:00:00
5dd2d22e1330c17a5d2ce7ba581b2c98,8cfb41228dc47d399f7c9e7187c345a2,delivered,2017-12-04 13:32:54,2017-12-04 16:49:35,2017-12-06 20:14:48,2017-12-18 21:38:09,2017-12-27 00:00:00
99e3f90c535337b45eace6f8a8a9400f,3d5c479107dce026a67c0a78ec5f87f2,delivered,2017-01-18 08:01:37,2017-01-18 08:10:14,2017-01-18 11:03:09,2017-01-26 15:14:31,2017-03-17 00:00:00
038345c4a9d21c17180f2f77e1701c69,a6e22c9df7242208bd27554da4b6ee97,delivered,2017-11-13 19:55:04,2017-11-13 20:08:11,2017-11-16 18:48:59,2018-01-25 12:59:42,2017-12-04 00:00:00
00c9d0257381c7e9ec13b4505f25b2cf,d14c86b99a98e85b5c256c081e3cea03,delivered,2018-04-18 08:57:18,2018-04-18 09:11:59,2018-04-20 22:58:35,2018-04-27 22:26:41,2018-05-18 00:00:00
d015219f23681e41543e3db6504a4865,7ee8a4fb1f82a72a8be3b69fccb683b6,delivered,2018-06-25 16:14:54,2018-06-27 08:55:36,2018-07-05 09:41:00,2018-07-11 17:52:03,2018-08-01 00:00:00
49dc298f34ef553977f998818dbeb38f,8c615e8041af01e1fb4e74907d70a478,delivered,2018-02-25 19:35:47,2018-02-25 19:47:54,2018-03-02 20:02:51,2018-03-07 22:39:35,2018-03-22 00:00:00
aeb70ca14a984230b34a6cbf48fe6d8a,1809a4d9621d6e57cbee32249da47055,delivered,2018-07-26 08:52:34,2018-07-26 09:05:11,2018-07-26 10:25:00,2018-07-30 17:04:14,2018-08-20 00:00:00
9e5c76fbc358dc58156586a03f9fa07f,7ed90cdfcc2b7f3b2506fc80f81d4e33,delivered,2017-12-02 11:05:41,2017-12-02 11:30:35,2017-12-05 18:12:26,2017-12-19 17:49:57,2018-01-02 00:00:00
eff815e07af90858dc1de0952b153b9d,b03183c784f431b0b4d56e94d9461427,delivered,2018-07-30 20:53:12,2018-07-30 21:24:27,2018-08-01 15:09:00,2018-08-09 14:58:41,2018-08-08 00:00:00
a28eed39ae05f21eb40e88b4cfa90b7d,3dd972e6e681a4267a0540e552b77d1b,delivered,2017-11-30 22:43:45,2017-12-01 10:30:59,2017-12-01 22:04:41,2017-12-13 19:43:40,2018-01-15 00:00:00
d5d777fdf41da773664443c2fd9acc23,3c8735c5a045fb31f956e4ab8f23c566,delivered,2017-01-25 22:04:39,2017-01-25 22:22:03,2017-01-26 09:14:06,2017-02-06 14:14:50,2017-03-02 00:00:00
b9c36b2e480f35608baa49f90c9467f3,9e73731040bc438293c93f43d07e71b0,delivered,2017-12-22 09:56:43,2017-12-22 10:10:57,2017-12-22 20:04:56,2018-01-06 16:38:59,2018-01-23 00:00:00
f7535fb641a71ca3e0a6f2657dbfc51d,cd74bff5b8cf35e0caaa4b73077831e7,delivered,2017-07-06 18:35:34,2017-07-06 18:50:24,2017-07-07 19:39:35,2017-07-09 15:03:35,2017-07-19 00:00:00
8f359a870a6206af39d54ab82c99619d,b430789bfe8fd6a8ce1be69cd5cc35de,delivered,2017-01-25 06:31:50,2017-01-25 06:41:58,2017-01-25 10:47:17,2017-02-03 13:58:58,2017-03-02 00:00:00
aec4f3ce724b67ce527d67f7eb60a310,840b51ea15f639191473c482b40b76f2,delivered,2018-03-29 22:55:31,2018-03-29 23:07:37,2018-04-03 17:40:35,2018-04-15 18:12:14,2018-04-19 00:00:00
5182f75b9ed284e0a569ea4f61e9bfc5,b23ab0e59ed0b8ef4cdb901dcbf5fdd1,delivered,2018-02-20 15:40:22,2018-02-20 15:55:27,2018-02-22 00:22:20,2018-03-16 18:58:43,2018-03-14 00:00:00
7f4ff75bb83f26aec27c8ccc039a449b,497119371122f6e5ac13322328323e7a,delivered,2018-05-04 08:43:58,2018-05-04 08:55:24,2018-05-04 14:13:00,2018-05-11 18:38:47,2018-05-25 00:00:00
7845d9a1a3d511b756a5c2c2352ba770,c267e32fea07ffc4d9d388d44c4106c7,delivered,2017-03-19 18:34:36,2017-03-19 18:34:36,2017-03-21 17:28:28,2017-03-30 07:41:35,2017-04-10 00:00:00
d1f7b8ef7a59b18de8df95b7b8073a5f,d11670a96c9b879a92a4783a707a20d4,delivered,2017-12-16 10:44:23,2017-12-16 11:50:34,2017-12-20 20:13:27,2018-01-08 15:35:10,2018-01-19 00:00:00
eac95d79983b55d39fb2139922bc4c36,f6ee49baf90162ddc222152b08f625ba,delivered,2018-01-28 11:50:41,2018-01-30 05:31:34,2018-01-30 17:36:57,2018-02-06 14:16:26,2018-02-26 00:00:00
4d52cfe3ad25169d39fe5e6f99d17e2c,67b040308c4180844a54dea16ef1c5eb,delivered,2018-04-03 12:26:04,2018-04-03 12:49:05,2018-04-05 00:42:49,2018-04-13 16:46:31,2018-04-25 00:00:00
58c851c107a9a3e21e03a9e2a1951d12,12b9ed9bc1f4f6648dab5fe7324a3d58,delivered,2017-01-23 22:39:00,2017-01-23 22:50:10,2017-01-25 10:56:42,2017-02-01 09:04:43,2017-03-20 00:00:00
3e0181129c289a075b9cf01aae3ed86d,451ac8c45d5de89e09a153692b248176,delivered,2017-05-25 11:20:15,2017-05-26 02:25:19,2017-05-26 16:12:46,2017-06-02 17:57:52,2017-06-14 00:00:00
cca79f1e5c4dcf95bfadc53c7a97b4ff,33ab326883f37b126492b8a58a1dd3f3,delivered,2018-04-17 13:24:37,2018-04-17 13:35:19,2018-04-18 16:03:56,2018-04-25 15:48:52,2018-05-18 00:00:00
5782b3af52f3953fec44afe27ecd1892,4965b9be66de662998ffee51521b53bc,delivered,2017-09-22 08:54:16,2017-09-22 09:05:21,2017-09-26 19:12:02,2017-10-06 19:08:44,2017-10-20 00:00:00
267cf5d5f5d44907ac3a107257c47290,8ed1eac4a6e3270d12bc685cd1c5267b,delivered,2018-07-21 12:35:09,2018-07-24 11:32:51,2018-07-25 13:19:00,2018-07-28 20:21:49,2018-08-07 00:00:00
83eee67c21d596a653687afe2c8ebad8,bacc1ee57dbab94891c502caa0ee3af3,delivered,2018-04-24 13:07:39,2018-04-24 17:23:05,2018-04-24 23:41:29,2018-04-26 18:42:12,2018-05-14 00:00:00
a3c65630607c982f54a3df86ba0ba76a,0c8f1fe40f0c95b4950b37803c3ca0ad,delivered,2018-05-14 20:08:37,2018-05-14 20:37:39,2018-05-15 12:28:00,2018-05-16 23:41:38,2018-05-28 00:00:00
8f078af5f7dd54fad5abd423dfb4aad2,ad1d816777885a62a3a72320d21861a2,delivered,2018-06-22 17:57:25,2018-06-22 18:18:26,2018-06-25 14:28:00,2018-07-03 10:04:21,2018-07-16 00:00:00
0087889a1c836be17f58afd7f1729a4a,c6f1de87b7344ea1d33400c3c15b1a47,delivered,2017-10-23 11:03:27,2017-10-23 11:35:25,2017-10-23 22:49:46,2017-10-24 20:22:04,2017-11-03 00:00:00
c0b467fc5a41347b9e8e6000e3526d21,3c68b8ef8203f45f52448ad71ed45c5d,delivered,2018-06-27 09:38:40,2018-06-27 11:06:02,2018-06-27 11:07:00,2018-07-04 15:58:58,2018-07-30 00:00:00
5e41372dfed214a973d082c2ba36e9a1,6a79d93fbd5e7627093ec41e0262f273,delivered,2018-05-18 15:56:13,2018-05-22 09:14:21,2018-05-23 15:11:00,2018-06-01 12:03:50,2018-05-28 00:00:00
9e1c9e249d55ea95fe0f9510c2e47862,abd05c068df0dba58309cd1f3f85d652,delivered,2017-09-13 02:25:19,2017-09-14 03:06:08,2017-09-15 21:15:41,2017-09-25 21:57:53,2017-10-17 00:00:00
5f0f8a9ceb96ceb90d49907d4c14ac7e,3b9f3bfff76dedf30b3c78c732fe7a0b,delivered,2018-01-19 12:24:00,2018-01-20 12:19:13,2018-01-23 13:09:00,2018-02-06 18:32:49,2018-02-19 00:00:00
e4a1a7de8d097ef8862da4fa66798f53,0e7c17ddbada5df557b2e5f2f90dc0dd,delivered,2017-09-11 14:48:27,2017-09-11 14:55:26,2017-09-12 20:33:35,2017-09-13 23:43:49,2017-09-21 00:00:00
5e7e66344d4f127f114875c930d621f9,622fd8de19b9462bdfd1c15fada2e89c,delivered,2018-02-05 18:06:32,2018-02-05 18:29:59,2018-02-07 00:42:45,2018-02-16 19:14:15,2018-03-06 00:00:00
ea967d0366237c813c6b152725ad11da,4e9f6517c2937719ea0ab9449c8ecfa7,delivered,2017-12-12 22:51:55,2017-12-12 23:12:36,2017-12-18 16:36:59,2018-01-09 23:15:10,2018-01-10 00:00:00
4540273b4f01534b24124542bc34568a,33fa216102707aae73b480aeceb71716,delivered,2017-10-02 19:04:01,2017-10-05 17:49:11,2017-10-12 02:37:50,2017-10-18 17:58:59,2017-11-06 00:00:00
f16010e0add047ba483e2b3eefa7c60e,19792d55f9db2e2fb3864dc90966eb86,delivered,2018-01-19 08:02:55,2018-01-19 08:15:43,2018-01-19 19:22:56,2018-03-12 18:48:26,2018-02-15 00:00:00
55ece185ce1172927bae2507bf48cff8,127e6a719a57d7d8c0e5cb93c5a3d610,delivered,2018-08-08 22:02:40,2018-08-10 04:35:21,2018-08-21 13:36:00,2018-08-25 20:34:26,2018-08-28 00:00:00
9da2e0a62b0b95234b66349473d9616d,c615ff17e5f5d7b06a416472526e785f,delivered,2018-04-10 13:32:47,2018-04-10 13:51:35,2018-04-11 16:12:17,2018-04-18 23:17:32,2018-05-03 00:00:00
1ffded15ce20a1a518490765dc37cc9c,63dfa1e41b4a47aa7479bdcf7c61f77c,delivered,2017-04-23 08:19:47,2017-04-23 08:30:07,2017-04-27 08:18:59,2017-05-09 08:32:39,2017-05-22 00:00:00
4f8a2144278d625038f8d55d5a334d93,24e1a42b856457e1d82e583454007f41,delivered,2018-03-02 12:26:22,2018-03-03 02:35:37,2018-03-06 20:24:30,2018-03-15 23:58:43,2018-03-26 00:00:00
330a8410950e2c8bd89631999a37b2c9,d372561ad1022927871150461a0a85ca,delivered,2017-01-22 18:02:48,2017-01-22 18:11:20,2017-01-23 16:19:47,2017-02-10 09:32:54,2017-02-23 00:00:00
f55cb4fd8cb8b16824c2912514216b2b,1291eca2bf609f2a91eec6c581ef0643,delivered,2017-12-20 22:55:07,2017-12-22 02:39:33,2017-12-22 19:12:30,2018-01-23 18:59:07,2018-01-31 00:00:00
3756637ed2fc243af380469a2aa5384c,7fdc7f83bc78ab2261e57b8f0550a710,delivered,2018-02-05 10:48:41,2018-02-05 11:12:58,2018-02-06 18:24:53,2018-02-07 16:51:58,2018-02-26 00:00:00
0c511eb6cecb1f110a807dad27440c81,915411390c6b557e49b9cf369572d189,delivered,2017-09-26 14:45:50,2017-09-26 15:04:42,2017-09-28 15:28:02,2017-10-10 20:36:53,2017-10-25 00:00:00
3a242772733bbe85f793b47f375aaed4,933d04190021321a552e32ede56bc054,delivered,2018-03-31 19:16:29,2018-04-03 05:15:24,2018-04-04 03:32:10,2018-04-04 21:04:39,2018-04-12 00:00:00
a8858a23008217d160630ef24a83f155,9ed458b6c128228cc98433539b2027b2,delivered,2017-05-14 10:01:03,2017-05-14 10:15:17,2017-05-15 10:08:27,2017-05-17 10:12:40,2017-06-19 00:00:00
74962a666c603a2f294a4f3846ae3b40,368c60fb3449c4dfe62b3b23358f8966,delivered,2018-05-16 12:18:43,2018-05-16 12:39:42,2018-05-16 15:47:00,2018-06-05 14:37:46,2018-06-12 00:00:00
c0ed1e5690afee470f14fca47046cffe,8760984f53eafccf312ae7b0feb57400,delivered,2017-05-22 12:45:35,2017-05-22 13:10:30,2017-05-24 10:33:44,2017-05-31 13:29:48,2017-06-16 00:00:00
426d4272fc71353cab0d91dc2658b066,5e4d3c08b1646a6f65b25bc68c619665,delivered,2017-08-06 18:41:27,2017-08-08 04:04:49,2017-08-09 17:29:35,2017-08-15 18:57:54,2017-08-25 00:00:00
f757fc88a9be2d57259be12e45955e7f,afcd4050c3409ceef1d6fb4358e70014,delivered,2017-11-10 15:55:41,2017-11-10 16:15:27,2017-11-14 22:41:22,2017-11-21 19:34:45,2017-12-05 00:00:00
8e7c39692005bd922dd07d56bd036e87,1e238842f13494d776b0a2a0f78b1e4c,delivered,2017-10-22 10:27:01,2017-10-22 10:49:19,2017-10-23 14:22:56,2017-10-27 16:39:20,2017-11-09 00:00:00
903c880841c9b1af32d6d086b9763133,e3a0c6f366f4c42aa1ec172813c88492,delivered,2017-01-25 00:47:25,2017-01-25 00:55:44,2017-01-25 15:50:43,2017-01-30 11:44:26,2017-02-20 00:00:00
d5f1b4c2e52be04dafb9cdacb1b86921,c6a33681ab4438171d303107512a3878,delivered,2018-02-16 12:02:18,2018-02-17 03:35:27,2018-02-19 22:54:44,2018-02-26 17:13:18,2018-03-12 00:00:00
682bc14ace7856a832cef3a783e4886a,a0778b853584b734d017247ce2e34ffa,delivered,2018-08-22 13:54:18,2018-08-22 14:05:14,2018-08-22 14:38:00,2018-08-30 23:16:19,2018-09-10 00:00:00
e76d6d6fbbef90b49c986259f44d2c20,a8cfc4868a3293b3f56a9da031a35e64,delivered,2017-01-31 12:54:44,2017-01-31 13:05:24,2017-01-31 15:30:24,2017-02-13 14:55:09,2017-03-15 00:00:00
cddedff311702945e9c62236026dc3dc,4dc4eaabbe6f83dcfce7ee1b31af8c43,delivered,2017-04-04 19:19:11,2017-04-04 19:30:17,2017-04-05 13:34:52,2017-04-07 11:19:42,2017-04-26 00:00:00
84d965c9482e83de042bcb2ed7330012,60fe1393f116cdef02aa0dddaef478c1,delivered,2017-09-25 06:38:35,2017-09-26 06:33:44,2017-09-26 12:49:39,2017-10-03 20:23:40,2017-10-24 00:00:00
364d9b97d95d0b5128f8c03467a03f04,efe8a9fc12246a46b2b6ee7344b9d03b,delivered,2018-05-10 16:31:34,2018-05-10 16:58:45,2018-05-14 12:02:00,2018-05-17 19:05:34,2018-05-28 00:00:00
e1000df659259b29cb73a4798ccd7454,feb21f4291037a45288a6266d66a0096,delivered,2017-01-18 23:02:45,2017-01-18 23:10:20,2017-01-19 15:02:12,2017-02-09 12:33:46,2017-02-28 00:00:00
c8ea1ac95f4f994f94fb57e99dcca985,54cca8020b69fbb204ac117154b079b7,delivered,2017-01-14 01:16:14,2017-01-14 01:30:17,2017-01-20 15:20:37,2017-01-27 09:22:38,2017-02-14 00:00:00
9e2d5a5568e945a766c01200f5f3cdc8,ec797945bf13ab061fb9cdd8aec60b34,delivered,2017-03-21 11:03:03,2017-03-21 11:03:03,2017-03-21 12:05:44,2017-03-28 12:47:50,2017-04-07 00:00:00
cca5e85092bfd9c1cb6c4d936cd86ecd,49d3feed347ec8f74aebf675a422a21b,delivered,2018-03-16 16:08:08,2018-03-16 16:29:23,2018-03-20 13:42:47,2018-05-05 12:53:58,2018-04-19 00:00:00
47deff0f69fd02d0085bd77d6c9c0181,c1a2b2493078b7f26bff65b957104f58,delivered,2018-07-24 11:03:25,2018-07-25 03:04:44,2018-07-26 13:13:00,2018-07-30 14:48:44,2018-08-07 00:00:00
7f877edba51577b9054e7490ab7469e9,9aa6f4346dce412af1c614f252bebcc0,delivered,2018-08-15 10:59:53,2018-08-16 03:26:01,2018-08-16 14:10:00,2018-08-21 16:03:31,2018-08-30 00:00:00
1f7db95b8fd2c7432d59242430cb2163,e046f992a304cc92e1b00d7fccdf1c42,delivered,2018-02-08 10:33:28,2018-02-08 10:50:22,2018-02-08 22:32:28,2018-03-08 12:36:34,2018-03-13 00:00:00
3fddb37d99af3ae9c36dc26f4edb3afe,e44da066db72fa43e6bc6322590784db,delivered,2017-11-20 18:55:48,2017-11-20 19:09:31,2017-11-21 22:24:53,2017-12-01 14:09:16,2017-12-12 00:00:00
d6d0323138c510e3816e00ac900d17b0,d8e4206bdc1de8c2f4726a17f28ada3c,delivered,2017-09-01 10:12:04,2017-09-01 10:25:45,2017-09-08 21:32:01,2017-09-12 00:02:41,2017-09-14 00:00:00
b207236ad11942c69cec11bb58240dd1,b7db6432ef2cad09b9f6983eff19a04a,delivered,2017-10-10 17:43:33,2017-10-10 17:56:22,2017-10-11 20:19:55,2017-10-20 20:52:33,2017-10-31 00:00:00
28f5847427849401fb017537fd20da41,617e79a8f584d33d7cd446ac3d1519a2,delivered,2017-01-25 16:32:21,2017-01-25 16:42:16,2017-02-06 11:54:31,2017-02-17 10:58:33,2017-02-20 00:00:00
f0089d43f99d1bc295c05699b4facbed,cab9419f31815dbc6727651e6408569f,delivered,2018-02-25 15:14:28,2018-02-25 15:27:50,2018-02-26 19:48:36,2018-03-09 19:59:02,2018-03-16 00:00:00
f5a46e0d0f766ca0dd73ed331959ce00,a3cdec9b9b26126bc064274977f61cfc,delivered,2017-11-26 23:57:16,2017-11-27 00:18:39,2017-11-28 19:17:58,2017-12-06 01:11:47,2017-12-18 00:00:00
bb4eb3e71b30365a580e5a718bd8d1ae,e15fc5eebbb46681049d28f79fde5419,delivered,2018-07-24 08:10:01,2018-07-24 11:23:32,2018-07-25 14:06:00,2018-09-01 01:22:46,2018-08-22 00:00:00
6460c57b49a7ef155f5f1588ef5b4e60,a892d89a8126134ea70ec78d0a0f502d,delivered,2018-01-10 23:01:15,2018-01-10 23:13:30,2018-01-15 20:12:41,2018-01-17 18:35:28,2018-02-01 00:00:00
14f6c86b695ea4ddd3dd4386d10388b0,6fb40909e0386762d1c2b1af9e6505dd,delivered,2017-06-07 14:10:15,2017-06-07 14:25:18,2017-06-09 10:59:28,2017-06-12 11:37:38,2017-06-21 00:00:00
3110fc0996c37031e67f3d28cd9b854c,b798ed6095f45336ec47d8709b987d43,delivered,2018-08-19 14:42:15,2018-08-20 16:15:23,2018-08-21 13:41:00,2018-08-27 18:41:47,2018-09-04 00:00:00
efbeffeec3423546112aa13eefc4c185,83be2d70d23dff8950d003f73cc7fcaa,delivered,2017-12-15 11:35:49,2017-12-16 02:37:33,2017-12-18 19:57:10,2017-12-21 20:18:27,2018-01-04 00:00:00
2388959a19bd21ca9ce8639defeb9789,b24522673df202c02062231154a3675f,delivered,2017-04-05 21:26:56,2017-04-07 03:23:01,2017-04-13 10:35:42,2017-05-06 07:39:41,2017-05-15 00:00:00
a5bd353b2ac215ebe5c34f03dcd5361f,a8f423ab70e96e28a8e4878179ea4505,delivered,2018-05-20 18:29:40,2018-05-21 18:55:22,2018-05-22 17:13:00,2018-06-06 23:08:54,2018-06-11 00:00:00
28c3483a3f62b4b5bb0121055f94c951,52ee705c2f82596c0d545ae32fd128c0,delivered,2017-10-24 21:35:24,2017-10-24 21:49:27,2017-10-25 21:21:53,2017-10-26 23:13:49,2017-11-06 00:00:00
2c6b178947f5f631ec35f2a04c65c6d0,f87712f15c2aa54a6fed9be2010db5e9,delivered,2018-08-06 21:31:11,2018-08-06 21:45:22,2018-08-07 10:52:00,2018-08-13 17:48:28,2018-08-17 00:00:00
be01aa43cde592a2cb281cb5d36359d8,097384aa3c0d8e6b6646c11a53418cdb,delivered,2018-05-18 09:24:30,2018-05-19 03:12:59,2018-05-22 07:02:00,2018-05-28 20:08:23,2018-06-04 00:00:00
cb5c4ea12e93c16a94c2bf3dbafa0fe1,b66e464c6bbb6acb17a4bbb1c1c99bc3,delivered,2017-05-23 14:00:59,2017-05-23 14:15:25,2017-05-24 16:21:25,2017-06-08 13:58:27,2017-06-19 00:00:00
c671f90758b4e249a77ccaf0726e2fba,fbebdb808932c68bf8286924bebd2f35,delivered,2017-10-07 17:03:03,2017-10-07 17:14:11,2017-10-11 22:15:30,2017-10-21 12:41:03,2017-10-31 00:00:00
bb6ad5da18745c25ea9a43797598dfb7,c2a1a15a515ad0cc603955060a46a30c,delivered,2018-01-09 23:19:04,2018-01-10 10:32:12,2018-01-10 20:48:34,2018-01-11 16:36:27,2018-01-26 00:00:00
62260701eb6b51252ed47c4967b1a48d,1e6cd8588a826f646f124d1725eab3a8,delivered,2017-01-16 13:21:19,2017-01-16 13:30:18,2017-01-18 09:42:08,2017-01-20 15:47:40,2017-02-22 00:00:00
d768ce9a72b741097aab143d6baf890a,b498c982e3f7163502774d5d250b59d7,delivered,2018-06-19 20:33:46,2018-06-19 20:56:41,2018-06-20 12:40:00,2018-06-21 16:03:10,2018-06-29 00:00:00
00750f68bb64537034e93554c64b41b5,49b0b78f8fd6fc95605c46e685c4b611,delivered,2017-11-12 09:50:55,2017-11-12 10:10:32,2017-11-13 19:42:09,2017-11-14 22:34:39,2017-11-27 00:00:00
270e2c93dda2be7908cdf2a877171b8d,a55000f612a137c7cd5026bbc796e260,delivered,2018-02-24 22:12:32,2018-02-24 22:30:31,2018-02-28 23:54:03,2018-03-08 21:27:26,2018-03-12 00:00:00
2ae0d5789dfb9195d410a8b56f7cc75a,5aa8afa0ae712a56a4bb2fb070d575aa,delivered,2018-06-10 10:38:57,2018-06-10 10:58:08,2018-06-13 13:56:00,2018-06-20 20:04:47,2018-07-17 00:00:00
2242566da9e4bf1d65f3530015a389e1,2ba415ea226886658975ce7d79ecad08,delivered,2018-01-08 23:56:14,2018-01-09 00:54:35,2018-01-11 21:03:59,2018-01-15 18:56:54,2018-01-24 00:00:00
dcfdded3a6760b4e0ce1ef27aaf65b89,6b21a323b942df56524b937b5b063953,delivered,2018-01-11 16:20:12,2018-01-11 16:30:32,2018-01-17 20:19:04,2018-01-29 19:48:57,2018-02-21 00:00:00
4b79da007cc374ddaaa469af64c51cf4,2e7c6170cb5ed014b86c1cccdce049f7,delivered,2018-01-10 14:55:31,2018-01-10 15:12:27,2018-01-15 13:28:55,2018-01-22 18:18:45,2018-02-07 00:00:00
883bebd3f80e509963fbeaa51abf7c0a,aa2ec7384c816e5766350628002e4f43,delivered,2018-08-17 11:24:37,2018-08-18 02:50:21,2018-08-20 10:09:00,2018-08-27 17:48:36,2018-09-10 00:00:00
0d439757ecfbf3291e45eeed58215fe8,dd06327b9cd00c337fc10125c744c4d8,delivered,2017-08-30 17:20:54,2017-08-30 17:35:44,2017-09-01 16:06:34,2017-09-13 20:10:26,2017-09-19 00:00:00
e98405be83624163fbaadf39f502cfb1,cb047fed186785a0792371ff0b2aff8d,delivered,2018-06-06 13:42:03,2018-06-07 13:57:33,2018-06-08 11:33:00,2018-06-19 09:53:30,2018-07-13 00:00:00
5be7fcdba040de4538c9bd6fc2447973,cf612a028ded9ae8449386de8ba61e24,delivered,2017-09-01 11:06:32,2017-09-01 11:25:09,2017-09-04 20:49:49,2017-09-06 10:52:36,2017-09-20 00:00:00
c89d81740da0f2eca4cdbac9c558ed6a,6087ebd38fb5b21f70e89b269e66f50d,delivered,2017-10-28 14:16:58,2017-10-28 14:30:16,2017-10-30 20:37:54,2017-11-08 16:54:45,2017-11-21 00:00:00
6c5668e3fb9c385112fb6ab07093253e,9e251e05bdbbc4d3d7098a5f29c5da9b,delivered,2018-03-14 10:30:32,2018-03-14 11:09:02,2018-03-15 17:36:31,2018-03-28 19:12:12,2018-04-06 00:00:00
2011387fcf68d0d56838be05771c4db8,2237144a10689251d71b7a4d2784cf81,delivered,2018-02-11 00:58:52,2018-02-11 02:09:07,2018-02-16 18:52:47,2018-02-27 00:23:04,2018-03-12 00:00:00
6ab1c2fed90bf0906b4d5b51f7d333e6,6722ce55e2e440fdbcf925f4b3c01f31,delivered,2018-04-17 00:35:26,2018-04-17 00:50:23,2018-04-17 19:36:26,2018-05-07 17:34:56,2018-05-21 00:00:00
1f2c730715e25c512d5beee0f697bedb,7fc628a559c6028fbd2f028fdeabd30a,delivered,2017-08-21 00:02:33,2017-08-22 02:25:14,2017-08-24 19:41:27,2017-08-26 13:13:38,2017-09-01 00:00:00
1cc1289499f63feb5febc86506a7052c,126b1f7b1f9d161ab549ee52a2881142,delivered,2017-09-15 14:13:49,2017-09-15 14:25:19,2017-09-18 19:34:56,2017-09-20 22:03:16,2017-09-27 00:00:00
26cdf11da38117ed1bca961a210dd21d,898c951d2faff7482c962f6ec525adb6,delivered,2018-02-27 09:06:14,2018-02-28 09:50:59,2018-02-28 18:29:16,2018-03-16 18:52:19,2018-03-29 00:00:00
947c4f07e94867a7344550a2b9969c13,e52da367986f568feec3588c0a7c7634,delivered,2017-12-09 21:36:40,2017-12-09 22:31:30,2017-12-11 21:26:57,2017-12-22 22:59:22,2018-01-10 00:00:00
0ed46f17da8a1c3bd0ed5fdfc50decc4,87f135f5f28a7056c1076dd8dd122e5f,delivered,2017-01-10 22:23:11,2017-01-10 22:30:24,2017-01-13 09:48:50,2017-01-23 10:12:14,2017-02-24 00:00:00
2b9f8ad9f32e83a7cc84270f04858de6,628c270864d9dfcec3756dcd5632bf3a,delivered,2017-08-08 19:18:54,2017-08-08 19:35:14,2017-08-09 14:11:25,2017-09-01 19:51:44,2017-09-20 00:00:00
0a8758ec6f399b52f2ecb7b1a0c4c16c,8e98bf676f11db9fd078edd4d3dad51c,delivered,2017-11-25 17:33:04,2017-11-25 17:53:04,2017-11-29 21:05:01,2017-12-09 21:12:27,2017-12-19 00:00:00
543842af6f788d8bdaf1b1e63c0d3da1,57c0ca1180ca7cc6d077b34a91cc685e,delivered,2018-04-06 21:03:28,2018-04-06 21:15:26,2018-04-07 17:25:49,2018-04-10 18:28:30,2018-04-26 00:00:00
6509efe5f7fec11ff1e44d9232103a0e,aa5304b7b30d0035da0b2538598d8e1f,delivered,2017-12-08 17:26:18,2017-12-12 03:36:29,2017-12-15 15:12:46,2017-12-19 17:16:52,2018-01-11 00:00:00
b97a140f6a4f36f110893d4b90929c0e,ad3011507c90255bf37450cb9fcfadd9,delivered,2018-03-21 08:49:14,2018-03-21 08:56:06,2018-03-23 00:18:42,2018-03-27 21:08:03,2018-04-09 00:00:00
83177602aad708cea549501386b021c6,329e57e436b3d2e6629801cf5724368f,delivered,2018-01-22 21:17:58,2018-01-24 11:12:35,2018-01-26 17:52:42,2018-01-29 12:58:46,2018-02-06 00:00:00
08e617c0a81895c4d5f6ab1e4a20fad0,a2ca0ba8cb6271f95f286421b60681aa,delivered,2017-01-27 14:01:20,2017-01-28 03:31:21,2017-01-30 15:45:48,2017-02-02 12:07:30,2017-03-03 00:00:00
cd4f9a974c6789b89069a844779294a2,7bc9b7017eab15299f2e16233739e918,delivered,2017-09-09 16:57:13,2017-09-09 17:10:19,2017-09-12 20:44:36,2017-09-18 20:55:39,2017-10-04 00:00:00
c1c86ba217bd2363ca1f95f2f6d19abf,0ef0ce71f70fa4dfeffca02866a9f0e6,delivered,2018-04-17 14:32:21,2018-04-17 14:52:42,2018-04-18 19:57:36,2018-04-19 20:10:38,2018-05-04 00:00:00
cad39f1647e3828163e49718ea495994,49e714a43f8bd467468c982da1b1873b,delivered,2017-10-29 16:24:24,2017-10-29 16:35:19,2017-10-30 21:23:35,2017-11-10 22:31:45,2017-11-27 00:00:00
a3d715c13af177125a462b543a9a97f4,74bee0619fc86a63d3b020f457efb338,delivered,2017-10-14 14:08:47,2017-10-14 14:26:00,2017-10-16 22:13:00,2017-10-19 23:06:37,2017-11-01 00:00:00
6b95cbf782c29411b0d5feca16490ceb,1a0d6e9c1a8483fbeec12da522abc4b9,delivered,2017-02-09 13:15:09,2017-02-11 02:45:32,2017-02-13 08:17:32,2017-02-16 17:56:10,2017-03-08 00:00:00
8d771479430ddcc5431d2ef4aa207204,93af7e4b75f74f04187970ba13ab3873,delivered,2017-06-06 21:31:50,2017-06-06 21:45:13,2017-06-10 09:49:28,2017-06-19 14:41:48,2017-07-03 00:00:00
eac9a6eb5ffd533239d332b2171c7bcb,76d021f040aed67b05b1c76350fa4a35,delivered,2018-02-21 10:46:33,2018-02-22 11:15:34,2018-02-27 14:23:39,2018-03-09 22:06:47,2018-03-16 00:00:00
e0ff4f042465bf3a83ab05b537d1c90e,35ccaf85cd6559f85e62b1968fa763b0,delivered,2018-05-28 19:57:32,2018-05-28 20:10:23,2018-06-01 11:20:00,2018-06-06 16:38:37,2018-06-28 00:00:00
7bb355355c075d74665d97db859cfb45,ff5a0334a979c80401bdb686ebe6512a,delivered,2017-11-30 11:48:20,2017-11-30 13:31:19,2017-12-04 17:54:48,2017-12-14 14:22:40,2017-12-27 00:00:00
340f19321c9eaa5865ffcd8f90e7530d,30a79879ae652548480a139d7d6a3a66,delivered,2017-03-28 21:08:51,2017-03-28 21:23:02,2017-03-31 15:58:00,2017-04-05 13:46:01,2017-04-27 00:00:00
0da30436a667e82020c86b5da53c0b21,173dc820ddfe9158a405a66f49c6b016,delivered,2017-10-02 13:26:57,2017-10-02 13:49:17,2017-10-05 15:52:40,2017-10-16 23:37:27,2017-10-27 00:00:00
c6eb5dced200e49271f44b142658b6bb,b3089a062b28ec2e5acb0e545c078ed5,delivered,2017-01-25 22:19:51,2017-01-25 22:30:25,2017-02-06 11:54:29,2017-02-08 10:17:35,2017-02-20 00:00:00
3a1400b5d4dd3082a4bc8a64d66f6d90,947973a1b01d190f9df10e8f289597b4,delivered,2018-03-20 17:19:26,2018-03-21 17:28:20,2018-03-22 20:49:42,2018-04-04 15:27:23,2018-04-10 00:00:00
01f216b447564f9ea791b521db577ccb,39d5f491d314a5e26d16cf74581bff02,delivered,2017-01-24 18:44:53,2017-01-24 18:55:14,2017-01-25 09:21:47,2017-01-31 07:35:52,2017-03-01 00:00:00
f6bceb62b35d3e5335db07a36336bd6b,76ce8c1a4d84a87debbd58947bcfe8b5,delivered,2018-04-05 20:33:18,2018-04-05 20:48:54,2018-04-07 01:34:32,2018-04-20 17:56:44,2018-05-03 00:00:00
85951c338d992f64e7abac3d611dba6d,d178f8dff09cb8ae2398c64c4a32f66d,delivered,2018-08-21 12:27:03,2018-08-21 12:35:15,2018-08-22 15:44:00,2018-08-27 16:52:33,2018-09-04 00:00:00
c11e4b7ceb73050e960f5b9ff6b75a72,0ea7e975722227d74d3df0dae03de8c2,delivered,2017-08-10 11:16:34,2017-08-10 11:30:14,2017-08-11 20:41:41,2017-08-23 17:42:12,2017-09-14 00:00:00
9a3e437ab219133c20a7033be9087edf,3c03fed2df425b8291c5913c52b51b84,delivered,2017-01-07 20:45:31,2017-01-07 20:55:10,2017-01-10 13:46:14,2017-01-17 11:38:10,2017-02-07 00:00:00
ec02fec9423ae39b2f91ff964bdfd87c,3c25754d740689baf315fde841fe8062,delivered,2018-05-17 16:35:33,2018-05-17 23:33:34,2018-05-18 14:31:00,2018-05-21 20:19:53,2018-05-30 00:00:00
b2da70916ed4e4cde3df9e1381154631,3031f51fc039076cb3843d4eca6a6fc6,delivered,2017-12-19 16:18:24,2017-12-19 17:19:22,2017-12-20 20:09:52,2017-12-27 21:17:25,2018-01-19 00:00:00
ed6878f64d1bb00f07e210dfaaf9e4d3,396e166b4e65309db46b7c9945c89a33,delivered,2017-01-20 13:32:34,2017-01-20 13:45:10,2017-01-20 14:34:29,2017-01-31 13:48:00,2017-03-10 00:00:00
afc2fbf9c74b731c616892314ac3e201,0496ba4893dc2332b957b3ac5cc5a60f,delivered,2018-05-12 17:24:36,2018-05-12 17:35:25,2018-05-14 14:25:00,2018-05-17 22:37:39,2018-06-01 00:00:00
565ccfa6f9e28da74700c42da9deb949,a6bd20291ac4e6a4229459c6af42f828,delivered,2017-08-30 16:22:12,2017-09-01 04:32:57,2017-09-04 13:14:58,2017-09-20 15:52:25,2017-09-27 00:00:00
a1cff9f46b83ac0fb525c755e46851f8,9512f6c2d4c5fc7426cc9951329f8b20,delivered,2018-03-14 22:47:12,2018-03-16 03:45:25,2018-03-19 16:54:48,2018-04-26 17:04:23,2018-04-05 00:00:00
c28999f880aa66431b70511211d4ac6a,2827c6ef386603030760339bd1976189,delivered,2018-04-28 21:06:58,2018-04-28 21:32:25,2018-05-03 08:05:00,2018-05-04 12:09:04,2018-05-16 00:00:00
51b961a61693c869d201aee32178ad77,c349ba43b52928ebdd45c31c6f741d6e,delivered,2018-02-22 17:50:41,2018-02-23 02:31:17,2018-02-23 23:28:49,2018-03-12 15:44:31,2018-03-19 00:00:00
2669093ac4da5e6445749e5e36e24c6c,f836b48f2ee74cdb3fa9bcab656902df,delivered,2017-07-31 11:59:28,2017-07-31 12:10:18,2017-08-02 18:13:45,2017-08-07 14:37:26,2017-08-17 00:00:00
70635d01f32a4247c5afa2052215d892,5fa09f396373904956de2a879ecb7e2c,delivered,2018-04-18 10:02:03,2018-04-18 10:11:09,2018-04-19 20:50:38,2018-04-26 11:25:31,2018-05-15 00:00:00
fcaae2ec3667a30a9164785ba78306b9,c336a1d0139a6fc12cea3220508e2e23,delivered,2017-09-25 11:13:43,2017-09-25 11:30:24,2017-09-29 19:27:38,2017-10-14 17:12:16,2017-10-18 00:00:00
cfa5f05fcf442b5faa1cffd73b4fd9ee,8ff142e1e53169103945b4bed865318b,delivered,2018-07-02 12:41:34,2018-07-02 12:55:51,2018-07-04 07:03:00,2018-07-10 23:46:26,2018-07-20 00:00:00
4549b64678720dc5a26b734faa820d93,3a367d4ce32b3b029e2bbff5f2fecdd5,delivered,2017-10-03 20:46:57,2017-10-03 20:56:32,2017-10-04 20:23:26,2017-10-13 22:48:33,2017-10-30 00:00:00
80cfa0890f4319950ce8e5dae346a7b5,bb8c7236666ecd5eeb745a5452ad3f10,delivered,2018-08-20 15:47:56,2018-08-21 04:15:26,2018-08-21 12:44:00,2018-08-25 17:52:54,2018-09-03 00:00:00
765e82006189100419015233bf26be8a,dd4a80c1daa4fc1d5b27af36e5f44f2b,delivered,2017-01-28 19:50:15,2017-01-28 20:31:33,2017-01-30 11:32:54,2017-01-31 17:42:11,2017-03-27 00:00:00
388093f2361bae7f871b80bf9673e2ee,65eb3588197e862f2f8b129ff7a9d3bb,delivered,2017-06-18 15:57:48,2017-06-18 16:10:12,2017-06-20 08:39:42,2017-06-21 18:24:37,2017-07-12 00:00:00
fe60bad9c284d296c50b267f32a70da8,6f77c9578a65aba965ffb1634406249f,delivered,2018-06-14 20:24:49,2018-06-15 20:03:23,2018-06-18 14:41:00,2018-06-22 14:51:24,2018-07-25 00:00:00
cc28b66895e0f6bfd7050ab5bc7b39bd,a2ea4194defe74e061e09d5edae0f67f,delivered,2018-06-15 20:46:53,2018-06-15 21:22:52,2018-06-18 12:06:00,2018-06-22 17:44:53,2018-07-17 00:00:00
80e9acbfd99b46609bded7263945fe15,9472d282b4d8b3cf62bbc7933b2215ba,delivered,2017-01-28 12:20:43,2017-01-28 12:30:31,2017-01-31 06:43:58,2017-02-09 10:03:20,2017-03-17 00:00:00
417abe2ef3ebf13d2ce7606ebadbf834,477a484310a6e08c81b441229fa2c0fa,delivered,2017-11-26 22:59:43,2017-11-26 23:13:14,2017-11-27 23:08:53,2017-12-03 12:43:34,2017-12-11 00:00:00
52a96c4082dfe660d01acfdc740c4f61,6dbc1688502d1c05c3022748d524d8e0,delivered,2018-04-24 01:00:28,2018-04-24 18:11:13,2018-04-24 17:51:06,2018-05-09 20:56:37,2018-05-23 00:00:00
4310f91feaa68e3b065256b3a4debe75,8b2ad21c897519e83fae6357076e7720,delivered,2017-12-01 11:23:13,2017-12-05 04:13:30,2017-12-06 21:35:53,2017-12-08 16:51:43,2017-12-22 00:00:00
f01bca7e8e6bedab1bbcee4ccddca238,eaf8703c9d2a4ca025cab53e61a82ab7,delivered,2017-08-01 09:29:44,2017-08-01 09:45:17,2017-08-01 21:37:25,2017-08-10 20:17:55,2017-08-23 00:00:00
8a7f0e6d9767d52a05dd48229e24d766,cae42b13efa7b8b3ef6757d1c2aa2d06,delivered,2017-01-25 16:25:03,2017-01-25 16:35:18,2017-01-27 11:50:53,2017-02-02 17:07:20,2017-02-22 00:00:00
95247e44ffe87a1402f04c0023650fb4,1b1df3f7ad4fb62fac0fcde671089db8,delivered,2017-07-18 12:01:46,2017-07-18 12:15:15,2017-07-26 21:24:48,2017-07-28 12:33:18,2017-08-17 00:00:00
70215c7031c6fdd581a2d729c93987e6,d02f55b09f69dde4c0ac66e778039993,delivered,2018-05-01 22:40:02,2018-05-03 03:53:02,2018-05-03 09:20:00,2018-05-09 22:24:30,2018-05-28 00:00:00
44d075f07cb67c5fa539041c4548953a,fe0d2c3b6048199a658d47a9c023d81f,delivered,2017-08-31 11:44:16,2017-09-01 02:15:35,2017-09-04 13:25:14,2017-09-11 16:37:49,2017-09-20 00:00:00
b461e43868116fb81d1d91959ae5ea65,dce6f9a140fd4b1c5941da022a650535,delivered,2018-07-22 15:53:46,2018-07-23 12:32:05,2018-07-23 15:44:00,2018-07-27 20:46:42,2018-08-08 00:00:00
1857f0409d8180beab0cbec5cd97478f,73a3f9242c638f8dbc3efdbbc5339f97,delivered,2017-12-13 15:36:27,2017-12-13 15:50:39,2017-12-15 16:37:58,2017-12-20 16:35:04,2018-01-02 00:00:00
96500f175401baa18ab94e059e3c7ab8,85a9defbcbb5d1fd61c959e35d48fe5c,delivered,2017-05-16 16:27:41,2017-05-16 16:35:20,2017-05-18 06:11:40,2017-05-24 12:18:12,2017-06-05 00:00:00
2476a3346dc4a10dd9238bc6dac93f89,0e665af399629d6d496da8998a5ccbae,delivered,2018-05-29 19:35:46,2018-05-29 19:55:53,2018-06-05 12:11:00,2018-06-07 14:48:43,2018-07-05 00:00:00
411d2a5826116cb819444537c0d0360d,4c4cd07e2f89dea5a2c798712dfd3b9f,delivered,2017-11-10 19:14:33,2017-11-10 19:31:03,2017-11-16 18:22:58,2017-11-21 19:34:55,2017-11-30 00:00:00
c5aa608be7773dfa4624ed1c239bae4f,b07937265615c5e0deab6c26429590d9,delivered,2018-02-21 06:34:33,2018-02-21 07:25:09,2018-02-27 14:42:28,2018-03-02 17:29:01,2018-03-07 00:00:00
edbfaeb8ad1b74d2dd3fa417465617fe,e24a84b778dca41f3760946e3ececa16,delivered,2018-04-19 03:39:51,2018-04-19 04:21:02,2018-04-19 19:06:34,2018-05-07 13:49:50,2018-05-21 00:00:00
f28cf65c040ec0031234f04085debe30,82dca5a0d58f3e7847e28a177e70f1e0,delivered,2018-03-10 12:12:15,2018-03-10 12:28:18,2018-03-14 21:05:37,2018-03-20 20:48:44,2018-04-05 00:00:00
1d56a69c61d4c1cfa98fd5379f4f22fe,bbd6514b6c09971bdc16eed023d04f51,delivered,2017-07-30 15:12:21,2017-07-30 15:25:09,2017-08-01 17:22:49,2017-08-04 20:25:35,2017-08-24 00:00:00
848bb02f182d3cd9c820281db86fc743,c76de7b6f32b0e9b8576045f3b4e0c99,delivered,2017-05-19 10:42:47,2017-05-19 10:55:26,2017-05-22 14:23:13,2017-06-06 16:10:17,2017-06-14 00:00:00
5bebe0296b65287e94b489cd279782cc,e3e47ad0e26636dadc729691ce8b5e86,delivered,2018-08-17 11:51:36,2018-08-18 11:50:59,2018-08-21 13:28:00,2018-08-22 18:21:40,2018-08-23 00:00:00
fb63c6ffdd965418ce463c165f2f0efc,e286acbf69751918e6e445bc1e8f07fc,delivered,2017-10-22 07:28:18,2017-10-22 07:49:10,2017-10-23 17:39:13,2017-10-24 15:14:08,2017-11-07 00:00:00
50d8c54f968d5b38446e26e018dc89c9,2d2946312ddf1d3549995ea0d0b7801a,delivered,2017-12-20 09:15:57,2017-12-20 09:30:09,2017-12-20 17:29:16,2018-01-19 01:39:00,2018-01-31 00:00:00
6afe56a58c8b67e87e2abd3e88c4f41d,767e4ba055522e74663c7e2de6630844,delivered,2018-01-27 10:55:50,2018-01-27 11:16:00,2018-01-30 23:37:00,2018-02-01 22:18:47,2018-02-21 00:00:00
0629053d0e1e598c7a5048031e19e31b,5fbc3ff103d135045b4bd2e77ddac6a0,delivered,2018-06-25 21:39:42,2018-06-25 21:53:29,2018-06-27 08:20:00,2018-06-29 19:34:48,2018-08-02 00:00:00
e68888548de4c863a78ae2de41ec0215,146e4280cf2ae3158d04fd3ad83a8b8d,delivered,2018-01-03 19:06:33,2018-01-04 16:37:23,2018-01-09 17:57:30,2018-01-26 22:43:00,2018-02-05 00:00:00
43c1be92476a64a1b407df92c9a8c903,7ec1ad452ada8f78aaf18022c32ee61a,delivered,2017-08-19 01:13:11,2017-08-19 01:44:29,2017-08-22 17:53:56,2017-08-29 17:23:39,2017-09-11 00:00:00
e742341b8b6bf5a833c52f7c607f6b69,cc0921640905363b59ccff2a82f9c415,delivered,2018-07-20 19:48:10,2018-07-20 20:04:03,2018-07-23 11:42:00,2018-07-30 17:46:39,2018-08-09 00:00:00
a11e916995a120fce0b1528d2555151b,82051ce87c5771da69cc903239d13ffc,delivered,2018-05-02 08:24:41,2018-05-03 03:35:09,2018-05-03 13:54:00,2018-05-16 20:04:04,2018-06-05 00:00:00
a31b7701247f69c640631ad0bcd130ef,f44874b79296f9379e81705ae1aa9a85,delivered,2018-03-28 16:01:05,2018-03-29 15:55:20,2018-04-02 20:19:10,2018-04-25 14:33:41,2018-04-26 00:00:00
a426bb94ff487c1e28c20c73d5f99cd0,ac4235b361fa3cba41eec937e58cdcee,delivered,2018-03-21 13:58:10,2018-03-23 02:10:32,2018-03-23 22:10:45,2018-04-14 13:28:50,2018-04-13 00:00:00
414aa35f4bb723e9b5787467f282450e,d3ad5de502066d0628115a3efa4e91c2,delivered,2017-07-24 18:20:10,2017-07-25 03:25:32,2017-07-26 10:28:06,2017-08-02 17:46:01,2017-08-21 00:00:00
634adfa0f5cb0fd3a7c932f3b5b463fa,30a8b5ade8becba3f5886e3d984dabad,delivered,2017-09-09 08:45:10,2017-09-09 08:55:11,2017-09-13 21:44:59,2017-09-22 20:19:57,2017-10-02 00:00:00
7d0f5759a0eac0f20456bb8a36547bf5,e5583a36cc70b95b339afc5d67c5efa2,delivered,2018-03-19 00:31:01,2018-03-19 01:10:36,2018-03-26 20:42:38,2018-03-28 15:24:38,2018-03-29 00:00:00
e7daaee877792db6b869745a7bcca11d,09e038e546d675d90397d0069311cb0d,delivered,2018-08-08 18:18:08,2018-08-09 18:10:22,2018-08-10 14:27:00,2018-08-15 15:21:58,2018-08-21 00:00:00
9508c52fce9468c56973500f75dbad5b,b0609e4e1e28ba6d9744ab92d21c05a6,delivered,2017-08-18 16:26:37,2017-08-19 02:24:50,2017-08-23 18:52:22,2017-08-29 12:19:30,2017-09-12 00:00:00
65beeed06eb791b6c1026364455fdca3,39edf0ac747c7864c5883f9172060c31,delivered,2018-03-12 22:07:56,2018-03-13 00:40:28,2018-03-13 19:47:58,2018-03-15 21:38:25,2018-03-29 00:00:00
2829e7fdff89a6af03cb5de5348ecf3f,5c8484a2f90eef08c69c1295b3d33049,delivered,2018-08-10 18:38:16,2018-08-10 18:45:17,2018-08-13 13:58:00,2018-08-23 17:48:52,2018-09-10 00:00:00
1e12bd2ecc7b4ed9cb562be4e64cbd7f,d4dd8c03527a45f25fffb55a071fdf21,delivered,2018-05-20 19:40:56,2018-05-20 19:50:44,2018-05-23 13:39:00,2018-06-08 17:04:06,2018-06-14 00:00:00
34fa8bc180c03d1b4c70250bca0adace,0c5f7a031b2d75ca9866d5fba3382b9c,delivered,2018-01-27 11:26:07,2018-01-27 11:36:25,2018-01-30 22:41:43,2018-02-05 20:07:14,2018-02-20 00:00:00
c6be81e3c1e9e15e5893e19d7ce49647,57de18af3ee9319c436bc09bfb515b5d,delivered,2017-01-26 20:15:14,2017-01-27 10:45:37,2017-01-30 17:25:25,2017-02-02 12:54:48,2017-02-22 00:00:00
eff124e4c7161cdbc3ecd912e716715e,fde3437df8ad2725ff8d0d27e5173ba3,delivered,2017-09-30 20:52:51,2017-09-30 21:07:10,2017-10-03 17:20:21,2017-10-04 18:09:39,2017-10-20 00:00:00
3908808de1bc14e2592cbdd80fd41729,211b6b842344829a0e56b92942cd83c9,delivered,2017-05-09 23:03:41,2017-05-09 23:10:23,2017-05-11 12:19:48,2017-05-18 12:36:43,2017-05-29 00:00:00
29985fe387407ff7f6904b294fb89028,bbcd801cba7b655a6aab583778eb6af8,delivered,2017-02-12 15:53:19,2017-02-14 04:10:25,2017-02-15 11:08:42,2017-03-03 09:28:01,2017-03-14 00:00:00
e9c1cd6b45624aa77cf10be70487d8e8,dccf493f361140030072a818e8f0bb86,delivered,2018-07-15 09:15:30,2018-07-17 04:31:33,2018-07-18 12:31:00,2018-07-26 11:08:57,2018-08-20 00:00:00
317fb26a1a8a29eb9d6e36996afcffc2,69fdb7db243eb360952366fdc4c4929b,delivered,2018-01-25 12:01:41,2018-01-27 02:41:26,2018-01-29 19:29:10,2018-02-01 14:26:32,2018-02-09 00:00:00
986eb0e0707439d7852369091e0fa8d9,60c802af0877256040e46984f351f3e6,delivered,2018-05-16 09:56:56,2018-05-16 10:12:47,2018-05-17 13:50:00,2018-05-21 21:22:42,2018-06-04 00:00:00
957835fcdd687e80443310e35eb113b9,9bec7bf329bb42d2b50f3beb9e028b2e,delivered,2018-06-01 10:21:24,2018-06-02 03:31:42,2018-06-05 08:53:00,2018-06-07 14:31:50,2018-07-04 00:00:00
ad86b0d3d5cafc39d8b70a248b46cfa6,e4187e722cbd5b6db4b0c68b68b8c573,delivered,2018-04-12 03:50:51,2018-04-13 12:35:19,2018-04-16 20:25:42,2018-04-30 17:24:42,2018-05-09 00:00:00
257b54c7aa667fa7865055803a58a737,7330d34b5bda6028598cc40d357a8874,delivered,2018-01-23 14:11:49,2018-01-23 14:32:35,2018-01-26 16:33:12,2018-02-03 14:51:28,2018-02-23 00:00:00
ea73df32b183eafce925fe41bad50bdc,87f45f57efec3372460df1f4b8229630,delivered,2017-08-24 22:22:09,2017-08-25 22:30:07,2017-08-29 18:29:07,2017-09-01 21:42:11,2017-09-20 00:00:00
9330e9298742ceea6f94f67a4c6dd785,6010134991a5c1a1d48ad3b34b1f3307,delivered,2018-02-15 08:48:33,2018-02-15 08:56:16,2018-02-21 21:09:07,2018-02-27 13:26:26,2018-03-12 00:00:00
0bd66289bf194ff3edb0841291f58da1,35a5f209fb977870cf57ca5564033679,delivered,2017-04-13 22:40:08,2017-04-13 22:50:21,2017-04-20 10:47:48,2017-04-28 09:16:15,2017-05-16 00:00:00
eda850474bf71f5b4264dcd0dabbdff1,bb69f8f77059a3d1c6bb2242b10b4f56,delivered,2018-02-05 22:41:13,2018-02-05 22:50:45,2018-02-07 14:42:48,2018-02-14 18:39:06,2018-03-01 00:00:00
912859fef5a0bd5059b6d48fa79d121a,b8c19e70d00f6927388e4f31c923d785,delivered,2018-08-29 09:48:09,2018-08-29 10:04:16,2018-08-29 19:01:00,2018-08-30 23:28:52,2018-09-04 00:00:00
bdccf03ca8600528b6f897db4f6329ef,bcbd6cac6872d044a9ad40f105793e57,delivered,2018-03-12 12:13:08,2018-03-12 12:29:14,2018-03-13 18:38:38,2018-04-16 15:58:40,2018-04-03 00:00:00
8ef7f8c19a00b45667841442d36ad903,916eaf991fa5c9981e39f525efcd4bc5,delivered,2017-12-16 19:26:16,2017-12-16 19:38:28,2017-12-19 00:04:21,2017-12-21 18:17:48,2018-01-05 00:00:00
ca5806ea7cd456a6c3ec4e7591331402,29bb15e13f62057599589a7ab73336f5,delivered,2017-12-28 16:59:22,2017-12-28 17:08:20,2017-12-29 14:08:48,2018-01-09 19:25:11,2018-01-31 00:00:00
d16fbfb439fe82b7efb949345d70611f,f5003c157ffa6c1e541146ddcdade179,delivered,2017-08-27 10:14:44,2017-08-29 04:35:26,2017-08-29 18:16:02,2017-09-08 20:17:45,2017-09-14 00:00:00
a487f3a5b2b3e028ef50c93210a69e71,7a0e84fdd2b16140c23afec336362877,delivered,2017-05-04 07:21:32,2017-05-04 07:35:17,2017-05-05 13:58:12,2017-05-09 20:32:58,2017-05-25 00:00:00
71c04eba03595f13adc87878455ffa92,e0064e1417dc16cadb558d1c5c0db377,delivered,2018-03-08 23:18:44,2018-03-09 00:32:23,2018-03-19 23:34:30,2018-03-27 16:58:31,2018-03-27 00:00:00
873b89c80c9a05f055f4670e055293ce,0205014bc84053ecae74d11d89f35f3c,delivered,2017-11-09 14:52:02,2017-11-09 15:07:10,2017-11-10 16:07:51,2017-11-21 14:59:05,2017-12-01 00:00:00
be73d4698f2f4939662dd7788cf3dad3,c4f67a171b27e7cb73bf6052ea780f32,delivered,2017-07-14 16:35:07,2017-07-14 16:45:18,2017-07-20 17:13:04,2017-07-27 19:55:50,2017-08-07 00:00:00
f6c7eba2dda849d3fe744fd74907296c,3edf1142901dcc868ace8ad17460326e,delivered,2018-05-23 17:57:54,2018-05-23 18:17:10,2018-05-25 08:40:00,2018-06-05 14:08:55,2018-06-11 00:00:00
1b8745ddd6a7e93533359bb9e6bc91f4,71225a0d901fde1ab429bb0c14978b41,delivered,2018-02-02 22:40:13,2018-02-02 23:50:13,2018-02-08 23:52:32,2018-02-19 14:52:17,2018-03-12 00:00:00
7ce709f07a1593a395e419ec63e8a766,bf0d532260f2716121748dff1564a117,delivered,2018-03-09 14:16:32,2018-03-09 15:20:31,2018-03-12 16:28:39,2018-03-26 17:13:00,2018-04-04 00:00:00
d29389c3c21bb08880e15429748e5ff4,9c77fb557d9f0893953dc65765db1ba7,delivered,2018-03-19 00:18:50,2018-03-19 00:30:36,2018-03-19 19:28:31,2018-03-29 14:59:39,2018-03-29 00:00:00
f28f39649e3b855c1e269fde05f2629f,c900738d9a4481241c132177fdb51380,delivered,2017-07-26 09:20:33,2017-07-26 09:30:18,2017-07-28 16:09:32,2017-08-01 17:47:54,2017-08-10 00:00:00
c69100676baa7e0edfa0e2ce74d034b7,09e3d93a7fa1a9ee761515837305909c,delivered,2017-08-18 10:03:03,2017-08-18 10:15:12,2017-08-22 00:16:05,2017-09-04 20:07:34,2017-09-12 00:00:00
7d6ffa9ff53fd7da04eb9025ba231be2,3b4e125304019edf064d24a81c22815e,delivered,2018-02-23 21:52:14,2018-02-24 16:27:13,2018-02-26 18:19:19,2018-03-06 20:38:54,2018-03-19 00:00:00
504b7cb87442ebd376fbcab13b114a3f,86154d1d9f7bfa63c082686f2c694d94,delivered,2017-11-04 18:59:16,2017-11-04 19:10:32,2017-11-06 22:05:20,2017-11-10 20:07:55,2017-11-29 00:00:00
b84153f6ef50c6f07d2919e984c1f761,e15320a1ba99c3b56cc50e492e6c0c48,delivered,2018-02-02 15:38:04,2018-02-02 16:00:37,2018-02-03 18:38:53,2018-02-26 14:32:49,2018-02-20 00:00:00
d85ce87a3af93d77d9ffb99a90c76710,0e0af490d67b53659df4023f40355891,delivered,2018-08-24 15:05:27,2018-08-24 15:24:44,2018-08-27 12:30:00,2018-08-28 19:38:38,2018-09-03 00:00:00
6fc77fe0941b9747d5cc3deae6025a4e,8d7bcfbe8caf1c7d288c6aabb3fec69f,delivered,2018-03-01 18:30:52,2018-03-01 19:09:35,2018-03-03 16:13:08,2018-03-16 22:51:53,2018-03-28 00:00:00
b7e339d3c4aefa73f6e86875b78250f3,454b89aa74cc3a41ac6a964e7f6c9e67,delivered,2017-12-17 22:36:30,2017-12-19 23:23:26,2017-12-20 21:24:08,2018-01-03 17:22:47,2018-01-11 00:00:00
e64b950c1e33e5e3f2a946903e903264,05c59c1adfa648942fe0966db6296ff1,delivered,2018-02-20 10:57:34,2018-02-20 11:10:26,2018-02-21 20:19:10,2018-02-26 21:08:08,2018-03-15 00:00:00
c5bb91ea2129a21a4f424d356a4d28fa,eed2a3b3ef8121235ebbd241866be47d,delivered,2018-07-05 13:45:17,2018-07-05 16:03:19,2018-07-05 14:02:00,2018-07-13 15:44:20,2018-08-01 00:00:00
7951fe56cf685dca47524b1986bf56b6,81d28859d6c278c6511fb5dbc8f79672,delivered,2017-12-20 23:02:41,2017-12-20 23:14:26,2017-12-28 19:47:28,2018-01-16 18:49:17,2018-01-22 00:00:00
e437a323d90b04581fd8418d4afcce4f,35e14d7c373d7060ed667dcf1b35f211,delivered,2017-09-11 12:19:02,2017-09-13 03:15:49,2017-09-13 21:43:46,2017-09-15 21:47:41,2017-09-22 00:00:00
21f3d0f22004d8bad479ca281e1f00a2,10a28db6b47db45e43477c3ceaa1046a,delivered,2018-03-08 16:00:52,2018-03-08 16:31:40,2018-03-09 22:46:44,2018-03-20 15:18:53,2018-03-29 00:00:00
1a4bf675df415785d3d9b3f3521988a7,44b521ae63ec470874a89c37fcea4c6a,delivered,2017-01-29 18:19:02,2017-01-29 18:31:12,2017-01-30 16:14:36,2017-02-06 09:53:50,2017-03-17 00:00:00
6139a798f92b14ad667f3a8fb8f78c4c,c0451262dd7eda80d7fdc0277e3a6326,delivered,2018-02-26 07:16:26,2018-02-26 08:00:21,2018-02-28 14:22:15,2018-04-20 18:46:42,2018-03-21 00:00:00
73e675969b9e5495c9d1c8d4b3b21e1e,a50e4e7bb24231f021e45bfed188d351,delivered,2018-03-02 18:09:36,2018-03-02 18:33:26,2018-03-06 16:49:06,2018-05-07 15:09:58,2018-03-27 00:00:00
49fd840f83db20dfb9558764aee35a33,a3a80ba0dea267641017665d0f9b144b,delivered,2017-11-24 10:44:28,2017-11-24 12:31:43,2017-12-06 14:38:42,2017-12-20 19:28:34,2017-12-18 00:00:00
36103705d12a975b5d3355253253f7c1,13ace116fc1cc03f12a0d4099635f5f7,delivered,2017-11-08 14:14:16,2017-11-08 14:31:02,2017-11-09 23:43:43,2017-11-22 21:28:48,2017-12-04 00:00:00
61e94ee01643283937897275a00ed8ff,8570f89a7a3d9a32f6c6d33865d41281,delivered,2017-04-30 10:28:36,2017-04-30 10:42:24,2017-05-02 13:12:58,2017-05-16 13:46:47,2017-05-26 00:00:00
325aaded48f3d27932d49793acc90b9b,5fd5ff7ffe7e0800c360a4ae702ca230,delivered,2017-07-19 18:26:03,2017-07-19 18:43:42,2017-07-20 12:12:58,2017-07-21 18:16:49,2017-08-01 00:00:00
f88aa9b677553d2e3f0e77b495066619,5511dd149c4585a6552aa75a1dd6ac8c,delivered,2017-01-20 14:56:31,2017-01-21 03:06:21,2017-01-30 10:31:58,2017-02-08 10:34:08,2017-03-02 00:00:00
f287fe40c60961ff917acd403b4f19ed,148058a31cfe793e8ec06bd886364af8,delivered,2017-03-16 20:31:49,2017-03-16 20:31:49,2017-03-22 04:53:50,2017-04-07 15:12:43,2017-04-17 00:00:00
b3b4094d535004ba0ef19c96ba6dfd11,7fab87c1778bff3566834e0a48fff0b9,delivered,2018-03-29 15:40:05,2018-03-29 16:35:27,2018-04-02 23:31:45,2018-04-10 18:05:13,2018-05-02 00:00:00
d9d03fe2697fd771cabf718ae4cc6b14,b60fa308b463e0861f9acc7c196a7536,delivered,2018-03-11 20:22:41,2018-03-11 21:20:31,2018-03-14 22:04:08,2018-03-27 13:08:49,2018-04-05 00:00:00
7bfa112c445700297e25c7185c56b4ed,b84c196cabc8cf2fcc056696b4331a3d,delivered,2017-06-01 20:51:39,2017-06-01 21:02:49,2017-06-02 14:29:51,2017-06-06 11:00:22,2017-06-14 00:00:00
6be6d87095d612a3a5176d6aff456c62,19d189579778a415f48e0ce76f07109b,delivered,2018-08-07 13:07:13,2018-08-07 13:24:40,2018-08-09 14:03:00,2018-08-15 23:41:36,2018-08-20 00:00:00
d89ff75da06f798ea64c91a496386314,cb93a9fab20aef775dac6e14672ce6df,delivered,2018-01-09 18:55:23,2018-01-10 10:31:43,2018-01-10 22:21:01,2018-02-02 16:58:44,2018-02-06 00:00:00
70aefd12bdd5391f02011072c16e6801,2f7a8b448ada52d632c573deda7664fb,delivered,2018-06-19 17:14:30,2018-06-19 17:45:31,2018-06-20 13:03:00,2018-06-21 18:28:46,2018-06-29 00:00:00
3c060be8256385c5eab23e0f857609d8,b550f7f2a8a11e5008ad16654df66999,delivered,2017-05-17 04:26:46,2017-05-18 04:35:12,2017-05-23 17:44:01,2017-06-02 08:32:45,2017-07-03 00:00:00
ac2a626df847783c310f77108af182ea,d8276321745dbeb7bd88721af2a181f3,delivered,2017-12-19 11:39:15,2017-12-21 02:11:02,2017-12-21 16:49:31,2017-12-28 21:42:41,2018-01-08 00:00:00
a67d6881ec08b5e0258c05357bce8516,54466d649359619778a5951360cc4e23,delivered,2018-07-06 15:48:07,2018-07-06 15:55:11,2018-07-10 14:53:00,2018-07-13 15:56:30,2018-07-20 00:00:00
4b90a2d18610d0b0ebb42c4abda69034,fb963759c7caf6842f075df5c837513f,delivered,2018-01-26 19:59:24,2018-01-26 20:13:32,2018-02-01 21:46:07,2018-02-08 23:51:28,2018-03-08 00:00:00
3a8b1e565c498e2688ae1e60745544d8,629bbdb95c29abfed36d1dd1b8715685,delivered,2018-02-09 15:10:36,2018-02-09 15:29:27,2018-02-16 21:25:52,2018-02-22 17:39:09,2018-03-06 00:00:00
4ccd8da82485c892ae90284af589153a,bc13567372ad405e1fa1c93da7eb9079,delivered,2017-01-25 12:18:11,2017-01-25 12:30:23,2017-01-27 11:27:44,2017-02-06 14:44:28,2017-02-28 00:00:00
ce8d55aa1c206156fde37e062c716ea2,306e7f5a781430174600acfec52a1843,delivered,2018-03-09 19:19:24,2018-03-09 21:10:31,2018-03-12 18:32:18,2018-03-14 20:56:53,2018-04-13 00:00:00
fd2183b67656b8228e073e069c83737b,ac126ccd4166cd1bfeb32eea102d5569,delivered,2017-02-15 14:07:24,2017-02-17 02:15:14,2017-02-17 14:56:26,2017-02-22 15:46:01,2017-03-14 00:00:00
86d06bceca766579cdf18c84e7778a57,f4a0bb1d50071cee5583469f5710a57a,delivered,2017-06-24 14:54:30,2017-06-24 15:05:17,2017-06-26 12:02:05,2017-07-03 18:23:24,2017-07-18 00:00:00
1555d6b8d8b15b1080ee70dda21c8d02,dfda52c60be1482823570ad5721b5e27,delivered,2017-11-17 20:42:59,2017-11-22 02:56:30,2017-11-23 22:02:47,2017-12-06 18:12:44,2017-12-11 00:00:00
53d6ff29496a8aec64f36ab9a4691d77,a0f18dd3d5b853e05a329f09ced35fdf,delivered,2018-08-11 17:00:12,2018-08-11 17:10:12,2018-08-13 13:40:00,2018-08-16 22:42:45,2018-08-28 00:00:00
e547c4009f2792489ad11ee1d89d13de,aebce423ca24fa5fe5b5becdb9eea4d6,delivered,2018-02-10 07:56:27,2018-02-10 08:08:24,2018-02-14 20:04:47,2018-02-22 15:59:15,2018-03-09 00:00:00
33cd2b3de2ec32a78518fd9a66c98641,eb0c867b626b00b70a9995eb0333ff47,delivered,2017-11-10 11:00:27,2017-11-10 11:11:06,2017-11-10 19:52:04,2017-11-13 15:17:46,2017-11-24 00:00:00
9e2fbf3b51437bc915ed549c475eef2c,e2d332efaa3c6f6c394d00ee57547fec,delivered,2018-07-23 19:04:37,2018-07-24 10:31:26,2018-07-25 14:21:00,2018-07-26 17:40:56,2018-08-07 00:00:00
83af610e0c73e940f967ad32ad943625,4f816c7b7e7242b5e542e523130af049,delivered,2017-11-08 13:49:12,2017-11-08 14:11:05,2017-11-09 11:29:01,2017-11-13 15:32:25,2017-11-27 00:00:00
16c176e6448f550368cc0078b433b617,3c255c641d102c35a65110f8dbc27c98,delivered,2017-12-03 19:17:26,2017-12-03 19:33:45,2017-12-06 21:09:15,2017-12-13 14:34:02,2017-12-28 00:00:00
18bafb91a9e78b83e54eb5aa495a955f,2b35618d386d5d8a6aa0a063343575f9,delivered,2017-08-14 12:24:28,2017-08-14 12:50:12,2017-08-14 21:38:57,2017-08-22 11:43:10,2017-09-05 00:00:00
a503842ce2c01bf4bae8b9ed571f29a5,219f488f72dad40f893a855ceb6afdc5,delivered,2018-06-07 11:19:56,2018-06-07 11:37:27,2018-06-08 12:54:00,2018-06-27 14:02:46,2018-07-18 00:00:00
1400d6665ba7f18ed06ea15ab083203f,b187c25688ba0cec4743c82e159cc091,delivered,2017-01-31 11:39:45,2017-01-31 11:50:19,2017-01-31 18:13:06,2017-02-14 12:27:27,2017-03-17 00:00:00
63c92634b4aa9841e6ef2be29bbebd77,6da0e50fe88c3fe4ba7f355751ab381e,delivered,2018-01-21 15:35:37,2018-01-22 13:52:28,2018-01-23 20:03:11,2018-01-29 15:15:03,2018-02-19 00:00:00
405894653b2f151f3eb662b80f9b8a92,b480fdb7cc6b24ef1a4ca5613f495e81,delivered,2017-07-05 10:43:20,2017-07-06 03:10:21,2017-07-10 12:02:42,2017-07-17 15:55:31,2017-07-27 00:00:00
3ac963599c50b9beedbcebb47eb33af9,ab23392115ab5083ec640a5c781c2820,delivered,2017-01-18 14:32:43,2017-01-18 14:45:21,2017-02-07 08:12:41,2017-02-16 17:42:20,2017-03-02 00:00:00
070162e1ae6ad420c0766af516a31a5b,e1fa3e11507423349f9e0833b9698b2e,delivered,2018-06-21 17:43:57,2018-06-21 18:21:06,2018-06-22 14:29:00,2018-06-28 20:57:30,2018-07-23 00:00:00
8349ea058481bb2cd229288e7e1a9055,47d251314584bda53f70e982b513e90e,delivered,2017-05-09 20:29:15,2017-05-09 20:42:20,2017-05-11 12:14:53,2017-05-20 13:04:09,2017-06-06 00:00:00
2bcf5ca88957e31faab027f2325cfd63,65b8331f36ef1247c8b665fdb5b2308a,delivered,2017-01-27 12:29:31,2017-01-28 04:35:59,2017-02-01 00:49:00,2017-02-07 15:12:07,2017-03-06 00:00:00
19c6408c8c146a18e4fa634340aa5685,20bac6eec28d792b07e92ddc8fa53b90,delivered,2018-08-09 15:04:55,2018-08-09 17:24:53,2018-08-15 14:15:00,2018-08-16 19:58:46,2018-08-20 00:00:00
b5eeec1b045b05d3e3010ef57120a8dc,c3c0ea16776e0d2c79a9239c552700f3,delivered,2017-01-26 11:48:46,2017-01-26 12:02:13,2017-01-31 16:23:57,2017-02-03 04:12:52,2017-03-06 00:00:00
09b38400b1601bc9dea9de02c710857f,9ed06342197fde512695b88ef49400c2,delivered,2017-01-17 13:23:49,2017-01-18 02:10:39,2017-01-20 07:13:45,2017-01-27 12:09:44,2017-03-06 00:00:00
42f4cf7ee7d96f2d2465b6f203e531ba,835290f13da9e4cef839def4f4fdfb20,delivered,2018-05-30 21:33:27,2018-05-30 21:50:02,2018-06-01 10:14:00,2018-06-05 04:03:50,2018-06-25 00:00:00
f58bddd33f2b976d3676cccd97e4d776,7ac7ace883b08e0cef262870603a1728,delivered,2018-01-08 21:49:48,2018-01-08 22:08:18,2018-01-10 21:06:30,2018-01-16 17:19:50,2018-02-07 00:00:00
0d82956d17aa687909a59706168bfe98,d538a7bace15106d359fbb0a2407a429,delivered,2018-01-15 13:47:59,2018-01-15 13:57:24,2018-01-17 19:13:43,2018-01-29 17:44:58,2018-02-09 00:00:00
9a75a775d17d37cd19193fe02c3f21de,97efa29b4cb6dc4b10acb8f9baa46cdb,delivered,2017-01-11 15:56:35,2017-01-13 02:10:21,2017-01-17 12:13:02,2017-01-24 14:14:24,2017-02-23 00:00:00
ccaf4b9e27a868b1b69c079c19bafb89,b7e037f53626373faca0516277bff49e,delivered,2018-03-04 21:48:14,2018-03-04 22:28:39,2018-03-05 18:03:48,2018-03-07 22:13:10,2018-03-15 00:00:00
f27a56f2112f2928b4fe1e1d6d406131,c1785b084efcd3e71a83bfa29576dae6,delivered,2017-05-31 22:12:33,2017-05-31 22:22:28,2017-06-02 14:49:54,2017-06-05 11:06:31,2017-06-21 00:00:00
641b2871fe2ce7418e69b4c4fa21bd40,889d677f2cb18ab09f29222f50db131f,delivered,2018-02-15 11:44:09,2018-02-15 11:55:34,2018-02-20 22:18:33,2018-02-21 14:24:57,2018-03-02 00:00:00
f30d4e114f279d76688a6a27b79bef2b,aa5c0aaed0105f447bd7e6198ae88108,delivered,2018-08-24 18:18:05,2018-08-24 18:30:24,2018-08-25 09:00:00,2018-08-30 00:08:50,2018-09-10 00:00:00
600a1cc5fe241900d619ca1ee2f3be2a,a8450fbdf52fb6fb3f3f53b03ca99ecb,delivered,2018-05-11 15:16:39,2018-05-11 15:37:48,2018-05-15 14:07:00,2018-05-18 22:22:34,2018-05-30 00:00:00
28a90e83ad0833466ffd4c3fd14379aa,fd3dc25a11b7d0957569a93d6fdfda07,delivered,2018-05-11 14:31:51,2018-05-11 14:58:09,2018-05-14 14:20:00,2018-05-18 21:12:02,2018-05-28 00:00:00
13a4e0efe42392b2ee22601883f47d24,501e5b016fc09bda702e55fec5be78dd,delivered,2017-01-17 00:16:14,2017-01-19 02:11:02,2017-01-23 13:43:59,2017-01-26 06:45:01,2017-02-27 00:00:00
d99c72513d6238909b57399c840fa8ef,dd95bfd2410a54c97b63e01887047d83,delivered,2018-06-26 12:07:26,2018-06-29 05:10:07,2018-06-29 14:42:00,2018-07-03 16:32:49,2018-07-20 00:00:00
3f0d61c44dd01ad249fa7589cbdcb8b3,66f3cdf21a684771cc01fc141d5b0546,delivered,2018-05-20 13:13:12,2018-05-20 13:39:05,2018-05-21 11:46:00,2018-06-05 21:08:35,2018-06-11 00:00:00
637617b3ffe9e2f7a2411243829226d0,daf15f1b940cc6a72ba558f093dc00dd,delivered,2018-04-17 21:08:59,2018-04-19 02:51:20,2018-04-20 18:36:36,2018-05-09 17:48:56,2018-05-17 00:00:00
47d142852e82970e78f1ed02c1dfce94,c63812833200850d116bb2ba25ad634d,delivered,2018-07-23 07:42:39,2018-07-23 14:30:51,2018-07-24 13:34:00,2018-07-25 17:36:46,2018-07-31 00:00:00
60e2fe3a23e71c24f3ab0f648ebd6a8f,14c40450842463a4e86a52654f2e3ff9,delivered,2017-01-25 13:42:49,2017-01-25 13:55:09,2017-01-30 15:31:18,2017-02-10 14:05:32,2017-03-06 00:00:00
089896265e5395ee8335f9f417a7f6c0,b76858182a9cd7f6c1ba482c53fdd2ee,delivered,2018-05-30 16:15:51,2018-06-01 18:35:21,2018-06-11 14:33:00,2018-06-18 23:22:29,2018-07-12 00:00:00
f5ff53df944464937cd950213093621c,dae5d46fcf3614d8f46d6fa119178494,delivered,2017-08-21 23:09:06,2017-08-21 23:25:23,2017-08-24 13:11:59,2017-08-28 18:03:46,2017-09-11 00:00:00
03bd6f7b95588e476cdef4abb2cfdd0d,2b161f95dccf57831d2e8ce51af38d19,delivered,2018-07-31 11:00:08,2018-07-31 11:10:21,2018-08-01 16:08:00,2018-08-02 13:51:53,2018-08-03 00:00:00
eb871e7c2357db8ff47fae46e9bee63d,b4f0291560dbfb345245123a068f5209,delivered,2017-08-07 09:04:02,2017-08-07 09:15:10,2017-08-07 14:22:13,2017-08-15 22:09:40,2017-08-29 00:00:00
cdab4d92ae28f85057ae6c55246c8049,d269e75ade2fbc369f8225b85b1ef069,delivered,2017-12-28 21:43:01,2017-12-29 21:36:29,2018-01-02 22:58:25,2018-01-08 18:34:26,2018-01-24 00:00:00
a797f338da66eefca816db5328d5e5ab,2cccb8ea24cb1aaeb3aaa7710517705b,delivered,2017-05-23 15:08:40,2017-05-23 15:23:19,2017-05-24 13:09:34,2017-06-01 11:28:04,2017-06-26 00:00:00
50e49c6629868bcdab3c499bb73fe2af,038677c6bb39caaf53d27c6d46fc13b3,delivered,2018-03-27 13:11:57,2018-03-28 02:47:45,2018-04-03 21:35:51,2018-04-04 23:19:32,2018-04-09 00:00:00
727efa2785deaaad8480da8e66db7e67,17f1be05cfeb6d0f2381fb77ef64bfad,delivered,2018-07-14 17:14:10,2018-07-14 17:35:14,2018-07-16 17:31:00,2018-07-23 21:11:33,2018-08-14 00:00:00
6a94666b47f6006dda56e5edc10968a3,fdceca9202d57e4bbaa7a6f09d677c9a,delivered,2017-01-31 09:57:39,2017-02-01 04:33:17,2017-02-01 10:38:21,2017-02-06 14:31:39,2017-03-22 00:00:00
1d21d81713a3dea4ee564c915cf2fd94,7ba8bdd359b397be54d6e280b75b0987,delivered,2017-08-05 09:55:04,2017-08-05 10:05:26,2017-08-10 19:36:50,2017-08-18 19:16:44,2017-09-05 00:00:00
547bbd260d2956c4b7eac06beac85ba4,a049689e9d5cc5519e3bb91f63ea9750,delivered,2017-04-07 16:44:11,2017-04-07 16:55:12,2017-04-11 09:37:49,2017-04-18 15:49:19,2017-05-02 00:00:00
867711b4834ce56a43da811777ea6ec4,810097a2f77b7dd3b52032ed9d7d3ca3,delivered,2017-11-01 12:31:39,2017-11-01 13:31:19,2017-11-03 20:43:33,2017-11-10 20:06:46,2017-11-27 00:00:00
57490284e3524fb4b1c4112fa966cbde,1badfbfeee64a427f1e3fcd009ddcee0,delivered,2018-06-19 23:20:37,2018-06-21 03:38:42,2018-06-21 13:40:00,2018-07-10 22:02:23,2018-07-18 00:00:00
ee65c3f0ce51f3d58b772cbc2e662e66,f314ce5a7cf4b04c52c47d013cc2fbee,delivered,2017-05-25 19:46:21,2017-05-25 19:55:20,2017-05-26 09:58:27,2017-05-29 05:44:51,2017-06-12 00:00:00
2b29ddaabb47afeacb5daa2c68670baa,30723c815d1d366a4c0fb9c59762f8b8,delivered,2017-12-14 19:54:27,2017-12-14 20:17:45,2017-12-18 16:21:26,2018-01-03 19:26:54,2018-01-12 00:00:00
218420c55032b9db817c110f06b85fde,1736819d6eaaf025234364660469b714,delivered,2018-07-21 18:15:17,2018-07-21 18:25:10,2018-07-25 12:35:00,2018-07-30 19:42:37,2018-08-08 00:00:00
56a91c78a7764f270b44113386c34866,59562d0459db0b14e2563711025d2e99,delivered,2017-11-14 21:40:25,2017-11-14 21:51:00,2017-11-16 09:54:43,2017-12-03 20:44:26,2017-12-06 00:00:00
e35a9e312880dfa98135b6a97237b272,a46a083b3986c2b0accbd6b532fdf37c,delivered,2017-09-23 10:45:22,2017-09-23 11:04:30,2017-09-27 21:24:57,2017-10-18 18:42:28,2017-10-25 00:00:00
464a29715467046008c5aa817d1ae498,f57e0db92a75b273d6a4901c2dbc4453,delivered,2018-03-24 14:14:42,2018-03-24 14:27:50,2018-03-26 21:06:10,2018-03-28 00:04:23,2018-04-06 00:00:00
62a4c6ee1b6f43e8a1ac86ad87fb0f35,0c9e08509ff45e0c83521320abccc79e,delivered,2018-05-07 20:06:03,2018-05-07 20:15:23,2018-05-08 13:47:00,2018-05-11 21:48:26,2018-05-21 00:00:00
0ec04706b50b8bc69a14dff0d6a26f13,f10e5fbd994c96fe6abc21c3303c9a40,delivered,2017-01-27 19:33:54,2017-01-28 10:31:03,2017-01-30 09:29:04,2017-02-02 11:59:04,2017-03-15 00:00:00
0c3a7b14aa5e70ef5991122f6bb552de,1cf722ec2d1f484c35c1ecfe752b263d,delivered,2017-01-26 10:44:38,2017-01-26 10:55:10,2017-02-03 15:15:42,2017-02-08 16:47:40,2017-02-24 00:00:00
d8734ba226623cf1c86b3cce8cbffa78,eb8db7e18d24b66f2d3681195c85b2b9,delivered,2018-01-31 15:24:27,2018-01-31 15:35:30,2018-03-21 16:12:08,2018-03-29 20:34:54,2018-03-05 00:00:00
f11fa7d0f434a225ec6d229d5337ced4,2a31b406c87cb5527f853c2b0724678d,delivered,2017-08-10 19:36:31,2017-08-12 02:50:20,2017-08-16 20:07:45,2017-08-28 20:45:48,2017-09-01 00:00:00
67e54a5ddb5e864b3ca5442f999b55ed,48bb4704b3c57ed78cd43e3173ed0c47,delivered,2018-07-16 12:05:02,2018-07-17 03:40:52,2018-07-17 14:59:00,2018-07-24 15:07:47,2018-08-06 00:00:00
3ceb8926c7d570d68d8307beb320f2ae,b79bc49c04e9d0f44712b00179d4a909,delivered,2017-10-09 12:06:18,2017-10-09 12:26:07,2017-10-11 18:36:55,2017-10-18 19:33:17,2017-10-26 00:00:00
c36b97b242c0409d5f536b647b56256e,0b7d82e753f361401ca599732423ae82,delivered,2018-02-20 18:09:22,2018-02-20 18:25:33,2018-02-21 19:49:04,2018-03-17 10:44:29,2018-03-16 00:00:00
8258ee754942254bf787b58cfd650a73,b006e4773f5559b450f18627616f92fc,delivered,2018-02-05 09:34:12,2018-02-06 03:50:55,2018-02-07 23:04:34,2018-02-09 21:08:54,2018-02-21 00:00:00
13134fe6dc043430a875ece99381223b,1e68eb446a32f445dceaf306cdad90b4,delivered,2018-06-13 14:48:16,2018-06-13 15:28:57,2018-06-13 13:28:00,2018-06-18 10:21:04,2018-07-04 00:00:00
85647e1ff3e4b10814f375af01c38836,e2c3928e4799b07c3d5ca6fb95ce2cc9,delivered,2017-11-17 21:14:32,2017-11-17 22:00:27,2017-11-21 21:41:33,2017-12-05 18:09:14,2017-12-12 00:00:00
4a84096c064c8cd3d887cf815a923c06,7ea5e0cf1199c4e783c8989bd28f9561,delivered,2017-10-27 17:45:38,2017-10-28 03:07:25,2017-10-30 18:47:27,2017-11-01 20:03:51,2017-11-16 00:00:00
20ef4f721610e50167d484f950d19b77,45e50a6d3f743d175e0d778bb74e0c85,delivered,2017-04-03 16:13:01,2017-04-03 16:25:11,2017-04-04 10:43:17,2017-04-10 16:05:57,2017-04-24 00:00:00
11f0f637c5a38b66abd963cc1926f152,e5473b64d1c3e774872b61231bbab4cc,delivered,2017-06-09 08:09:53,2017-06-10 02:55:40,2017-06-12 15:50:44,2017-06-26 16:14:53,2017-07-12 00:00:00
678563117c6bcedcb0f9d98e8f3faf23,6ea6599690fba2aad65f1ac0433a3af2,delivered,2017-05-17 17:13:08,2017-05-17 17:25:16,2017-05-18 09:48:03,2017-05-20 13:27:57,2017-05-30 00:00:00
1097d35f1e7f8972fb78c8a135090ca8,eac9c7f6f691a424305e7a98db80be34,delivered,2017-09-02 20:20:08,2017-09-05 04:35:58,2017-09-08 19:42:17,2017-09-12 19:27:56,2017-10-06 00:00:00
49a167dbd18cbfffffda7befe7d179b8,9a8735b720b7a1d032dd4210a17c08e3,delivered,2017-12-21 11:48:01,2017-12-22 02:51:05,2017-12-22 18:17:52,2018-01-09 20:33:10,2018-01-19 00:00:00
5c28fcfb4e50a56899353fd6f8609f42,e3e4f59b905c93ceb1f9da90f9e02be7,delivered,2018-02-27 16:30:12,2018-02-28 10:09:44,2018-03-01 18:07:13,2018-03-02 18:54:31,2018-03-14 00:00:00
85ca51954c545536cf77a680afe11969,8b5444d8ffafc506f189fcfdf31204fa,delivered,2017-05-31 11:15:03,2017-05-31 11:25:17,2017-05-31 14:17:25,2017-06-06 12:39:10,2017-06-26 00:00:00
8ff75375a7a2cbf26e7fbac0c52c9810,4805e7338e8e237fe634d628e5be2c51,delivered,2017-07-25 12:59:58,2017-07-26 02:15:37,2017-07-28 15:10:26,2017-07-31 18:12:24,2017-08-07 00:00:00
1c061a8ec3723c908e73a617687fe54a,d7ae7f2d5024fa80f505d65c7826e40f,delivered,2018-02-22 11:23:06,2018-02-23 14:09:52,2018-02-26 23:38:38,2018-03-02 17:48:54,2018-03-15 00:00:00
4e204da6cc8b59dcfdc532fb5a9281f0,2ffdb3851fb34c5c1fdfd9b9116c0103,delivered,2018-06-05 16:30:23,2018-06-05 16:53:32,2018-06-06 12:44:00,2018-06-07 18:07:51,2018-07-03 00:00:00
8100c4de96dbf94a93a19c78c69a006d,b4e369402f94a6036f05434ba8ac3a21,delivered,2017-06-10 19:59:23,2017-06-10 20:10:18,2017-06-13 15:59:36,2017-06-19 12:08:01,2017-07-03 00:00:00
1c55aa51edc71bb7071a9a1e32b9caab,598fcd9e3b483f9367c752f06d7afd5b,delivered,2017-05-22 23:44:38,2017-05-22 23:55:15,2017-05-24 12:59:38,2017-06-05 16:22:26,2017-06-13 00:00:00
6a572211b95b6cd2453951ff6aca653b,b6467fac41936c4a861f613434ac379a,delivered,2017-11-14 13:51:26,2017-11-15 02:46:32,2017-11-16 20:52:49,2017-12-02 16:09:07,2017-12-11 00:00:00
a06a669230c816de8d78362b370dd46a,a3a1d7f2336ab253cc97e55324124945,delivered,2018-08-02 19:46:23,2018-08-02 20:03:50,2018-08-03 15:10:00,2018-08-08 13:56:48,2018-08-24 00:00:00
27507e5396fa8fdcce6c0b40fd77dbc2,7a9888a1045d84473d63bcf563b692ee,delivered,2018-01-20 15:39:59,2018-01-20 16:00:27,2018-01-23 00:58:52,2018-02-02 15:07:44,2018-02-15 00:00:00
0229e66693fbbd736e5022221fc8148b,de7123a14192ec3066359926049b0f28,delivered,2018-08-18 21:10:16,2018-08-18 21:29:41,2018-08-22 15:35:00,2018-08-28 16:35:35,2018-09-06 00:00:00
343d749914bab05f8c752813a075ef36,8e5368dd904948fc2fddb6b8b3178175,delivered,2017-01-31 21:39:15,2017-01-31 21:50:16,2017-02-03 14:08:06,2017-02-08 14:14:43,2017-03-09 00:00:00
200f4d883fcc701355e46b8c6035743f,8c4bcd3c3737198f62421c18e0348554,delivered,2017-01-15 23:25:23,2017-01-17 03:22:00,2017-01-20 11:05:59,2017-01-27 10:32:30,2017-03-13 00:00:00
c117260dea8a83dda05418ae635e57bb,05407577e5802a22cb6f5ebbf5781707,delivered,2018-03-03 15:39:51,2018-03-06 03:49:18,2018-03-06 20:27:47,2018-04-02 19:42:15,2018-03-26 00:00:00
035c06c36cc8685238297b6af0c280f3,d64904edfd79d4934b8b06ce77c1164d,delivered,2018-03-21 22:54:06,2018-03-22 02:55:37,2018-03-26 23:08:46,2018-03-28 17:38:59,2018-04-04 00:00:00
aac512eec9af2f337dab624bf711cad7,0b11c040dd62ea5e242382553c722a71,delivered,2017-10-20 13:59:00,2017-10-20 14:14:22,2017-10-23 16:26:10,2017-11-09 22:27:40,2017-11-10 00:00:00
c8bf388d81617b961b598bc9b8b30811,4e03ab024ec93b3c8b991682f3d93377,delivered,2017-12-10 20:02:21,2017-12-10 20:14:29,2017-12-12 17:16:43,2017-12-13 22:38:39,2018-01-02 00:00:00
80b0bd0c8f8cb86ae0c2dddb11693b07,5569c91b24c912d71c6120524b91b30a,delivered,2017-08-23 13:52:54,2017-08-25 03:05:30,2017-08-28 14:34:24,2017-09-01 22:14:52,2017-10-13 00:00:00
3749ffb24b4dec6d0cab14cb31e4fa94,c778451490bd2d62f6748492ed4068ac,delivered,2017-11-15 13:09:18,2017-11-15 13:26:53,2017-11-17 23:39:28,2017-11-27 20:53:53,2017-12-07 00:00:00
c5b4cf4aabaf93ce294452d114ae22a1,ffef8c44b23871ffd6a1df761bd61783,delivered,2018-01-20 11:39:38,2018-01-20 11:57:47,2018-01-22 21:28:43,2018-01-27 13:47:50,2018-02-16 00:00:00
8e287e7d7db7206c7a9d0184e97014ad,0e8be41ec287f1d9753fa200dd8741c4,delivered,2018-01-05 13:10:52,2018-01-05 13:19:24,2018-01-10 22:07:43,2018-01-24 00:48:44,2018-02-09 00:00:00
8b6d201fff0b1b32e59f7cbdc6beaf54,e727991c9f9c297620b5d8e6ff320f2e,delivered,2017-01-21 17:17:20,2017-01-21 17:30:10,2017-01-31 16:09:56,2017-02-06 11:00:25,2017-03-21 00:00:00
c950a394ee0369c853e3a1a55090e287,6369ec1eedbd7401fcababd597382d90,delivered,2018-05-31 21:27:20,2018-05-31 21:52:32,2018-06-01 09:03:00,2018-06-03 11:31:54,2018-06-26 00:00:00
641292e8fd78ba42f0c7ae8786620a83,6f1adf4c543653de220d53925534c94d,delivered,2018-03-18 15:15:50,2018-03-18 15:30:27,2018-03-19 22:17:29,2018-03-28 15:56:39,2018-04-06 00:00:00
0507a74781354ea643bff372311d2a97,cdf96d2b0152fd28e7ded02cd0743815,delivered,2018-05-21 16:41:06,2018-05-21 17:34:06,2018-05-22 19:04:00,2018-05-23 19:32:17,2018-06-04 00:00:00
b2a075b61f56f754745f60eeca7c0f63,cb8142639e986f3ffda553fea7e60b3b,delivered,2018-06-21 09:56:56,2018-06-23 02:20:39,2018-06-25 10:50:00,2018-07-04 21:38:47,2018-07-20 00:00:00
4cebb64502b3c7295709a972ae314c7c,bc20aa7ab38261667b10117ac0b169c5,delivered,2017-08-26 11:35:05,2017-08-26 11:50:14,2017-08-30 18:13:57,2017-09-08 17:27:52,2017-09-18 00:00:00
a6e620028382225481aa2f6ba5158dc2,99fe1741ff5f8d3998bd806d58d61243,delivered,2017-10-31 14:44:00,2017-10-31 14:50:23,2017-11-06 22:41:29,2017-11-13 17:57:47,2017-11-16 00:00:00
cf5b244fd1f7002efc7929be945f1d44,c05ffba0ae84172ddd1098226dfd91ea,delivered,2017-07-16 21:23:35,2017-07-16 21:35:18,2017-07-17 18:12:03,2017-07-31 16:03:03,2017-08-09 00:00:00
d217a2d8cec27a4d5ab7600ecb95826b,7d7f08e05db9522cd32a297786532d45,delivered,2018-07-26 19:41:13,2018-07-26 19:55:22,2018-07-30 13:45:00,2018-08-06 17:18:55,2018-08-20 00:00:00
1306d7999cdd320272eeea20f5768b77,fe89d4293f6810dcfeffd77a09f0969b,delivered,2017-01-25 11:59:47,2017-01-25 12:10:26,2017-01-27 14:21:21,2017-02-06 08:57:57,2017-03-10 00:00:00
cb415863b9b9ae1341b2deaebdc88c9b,292fe6d44f8a0af68671aabb4682a730,delivered,2018-02-06 17:30:15,2018-02-06 18:22:10,2018-02-09 14:13:22,2018-03-02 18:09:00,2018-03-02 00:00:00
405ab8184e07bfa663f7627527c96049,2f4c70dcc8ecb401ec2a1c43c3e777ee,delivered,2018-08-07 23:51:28,2018-08-09 03:50:15,2018-08-14 14:15:00,2018-08-20 23:48:54,2018-08-28 00:00:00
29cb59b155735e49bf9d85d37f7ecd79,a7754bb175bf5375594d0c18deae3e7b,delivered,2017-03-24 16:18:29,2017-03-24 16:30:16,2017-03-28 12:15:23,2017-03-31 17:58:07,2017-04-24 00:00:00
8bc4e989df64f2d8c2381c9718a0f963,b97d64297d152f677ab011594346f786,delivered,2018-07-05 23:46:37,2018-07-07 04:48:17,2018-07-10 13:44:00,2018-07-23 16:39:06,2018-07-27 00:00:00
3630513f30286ed696e4a2e36c79ae3c,2707853be7df8de3a4c4e8c718de99ba,delivered,2017-01-29 19:17:41,2017-01-29 19:32:06,2017-01-30 17:08:58,2017-02-08 10:55:29,2017-03-20 00:00:00
64be1ceac437f2eed73e5b001d190e97,4f670eca00f599d947c8bae734bb785e,delivered,2018-08-13 15:48:19,2018-08-13 16:04:45,2018-08-15 12:29:00,2018-08-20 14:27:53,2018-08-30 00:00:00
2e5e827b80515bc21c042a5181e32ec5,a1d3d78e83da30d70783ff40f8c9067e,delivered,2017-09-10 15:51:25,2017-09-11 16:05:09,2017-09-12 18:43:51,2017-09-15 16:33:29,2017-09-27 00:00:00
17e62f08a374da7740ffded4b25d4f31,1d450b71f24b14fefe1d31b16fc1155f,delivered,2017-07-17 14:12:04,2017-07-17 14:25:22,2017-07-20 17:52:07,2017-07-26 12:08:13,2017-08-08 00:00:00
6f794a3ab5fe97d2aaad912ea4f81645,c747a54b89b53e15bef33f5d55fe2a6d,delivered,2018-07-22 21:45:44,2018-07-23 11:40:28,2018-07-25 14:51:00,2018-07-30 20:18:55,2018-08-16 00:00:00
9ef31a923c43ec898b3e23b270a98c1e,2fad1e5ed0a50e12c9c6e22e5548e1e7,delivered,2018-02-28 21:37:37,2018-02-28 21:50:36,2018-03-02 01:15:06,2018-03-02 17:12:14,2018-03-13 00:00:00
765442de6466c0bb079c22b8b20e0eab,2b3dc71b4cce6a5cb97f6ebf5d6ede5f,delivered,2017-01-09 17:50:06,2017-01-09 18:05:45,2017-01-10 10:53:44,2017-01-13 08:53:45,2017-02-17 00:00:00
12788af294f51dd5ba2aaed208a45969,a5d4e10b7ef44fca5d3c946650f13fb1,delivered,2017-09-15 10:49:09,2017-09-15 11:05:43,2017-09-22 17:32:32,2017-10-02 21:52:30,2017-10-09 00:00:00
9758e655b4d2fca01c69a4dde9d4fb5b,7bebaaaa1a33db48ca58e50d6af76be1,delivered,2017-01-21 09:44:46,2017-01-22 09:55:06,2017-01-26 14:05:25,2017-01-30 10:39:16,2017-03-14 00:00:00
67ef896d205bafce2b0ce685b7173d43,da511073eaee0419031bfaddcda9c4c6,delivered,2017-08-31 01:13:17,2017-08-31 01:25:57,2017-08-31 21:39:54,2017-09-08 17:40:06,2017-09-26 00:00:00
65d009e49beeedab2b25830b9e69a6ea,7afb28b4054bfccfe93c5d52982a46a4,delivered,2018-07-02 15:26:08,2018-07-02 15:35:16,2018-07-05 14:38:00,2018-07-06 23:41:29,2018-07-19 00:00:00
2c3eb0fe0135ed9d71065de1e06f8e01,a3809c8c58021cb804fc6c944aca6344,delivered,2018-06-26 09:59:37,2018-06-27 08:11:30,2018-06-28 15:37:00,2018-07-03 16:38:37,2018-07-17 00:00:00
7d0a7957897551b77224fc297e8f6046,b8936eebb611c6af9b609ed39594c33a,delivered,2017-03-01 00:01:30,2017-03-01 00:50:26,2017-03-01 13:10:42,2017-04-17 09:25:16,2017-04-03 00:00:00
4467dd578066b5d41c3c401cb0b3f628,56f735ffc907f93942f622dfa0010ac4,delivered,2017-07-11 16:18:33,2017-07-11 17:24:11,2017-07-17 19:47:33,2017-07-26 17:41:40,2017-08-02 00:00:00
cbe90389edee454fc22a84aacee69e6d,eeedbeccc3682aedf564836354dcba74,delivered,2018-03-02 14:29:28,2018-03-02 14:49:43,2018-03-06 23:41:36,2018-03-08 18:51:14,2018-03-14 00:00:00
32339685fefe9062d33175a4bc12d555,b5ea05c72a89dbe101d94083e18df207,delivered,2017-01-22 20:25:54,2017-01-22 20:35:09,2017-01-24 16:16:14,2017-01-28 04:04:57,2017-02-28 00:00:00
8c2c2b26ae4677e7457b0daaea13a8d3,f75cda7d644f2586d2f3f5e83c00415f,delivered,2017-11-05 22:41:44,2017-11-07 07:30:34,2017-11-16 19:05:09,2017-11-20 19:58:31,2017-11-27 00:00:00
747674a4b8b96ff3a901d54e528c9059,fc3e5e2cdea306080a59bea96d94f4b1,delivered,2018-07-31 11:36:01,2018-07-31 11:50:17,2018-08-02 13:12:00,2018-08-16 23:16:58,2018-08-24 00:00:00
fb620f3600b241ff5c85e8397eadd62d,424185caa42b0b2c9150b5e932b89a05,delivered,2017-12-10 16:50:29,2017-12-12 03:58:22,2017-12-13 16:14:32,2017-12-21 19:38:55,2018-01-08 00:00:00
a9a93c428c6103f2151bb63a1d32a520,99ed295fa7b1f749594ce5f709ef1073,delivered,2017-01-14 17:57:50,2017-01-17 10:55:13,2017-01-20 17:58:58,2017-01-30 18:37:44,2017-02-28 00:00:00
058afe6c6322b4773393a66003934493,5b894cf9a0b95ce53a6ce010fe000104,delivered,2017-01-19 19:35:35,2017-01-19 19:50:14,2017-01-20 15:45:45,2017-01-24 12:53:46,2017-02-15 00:00:00
9725a1c59138f30c5dba936ca3a2de34,eba3f6407778bb04d46966a1d80f84b9,delivered,2017-01-30 14:19:22,2017-01-30 14:35:58,2017-01-31 09:39:41,2017-02-08 13:14:50,2017-03-07 00:00:00
625f92d47eee6330318032089c61a90e,5c6db305f9c93964673f2c3f02d49549,delivered,2017-12-08 23:57:02,2017-12-12 03:54:29,2017-12-19 10:31:54,2018-01-24 01:15:11,2018-01-03 00:00:00
fb7df543b6622d01dba2c9340a23bb30,0971e2b38bc165dd8bf1b9d24a054890,delivered,2018-08-08 19:56:36,2018-08-08 20:10:21,2018-08-13 16:20:00,2018-08-18 18:13:48,2018-08-31 00:00:00
75b6f8722f53c2f4ec267dfeaaa8808a,54145958306ea638f01b8f3817d2d434,delivered,2018-03-29 17:16:22,2018-03-30 03:10:22,2018-04-04 21:32:40,2018-04-05 14:10:43,2018-04-18 00:00:00
34f4394bcaeb05083b670513b73961c6,fb43eef14fb744a98fe655d3ee9547c9,delivered,2017-09-23 21:12:41,2017-09-26 04:07:17,2017-10-03 15:06:03,2017-10-26 14:13:53,2017-10-27 00:00:00
f0ba86f5acc7cc95af8064b92d726461,4979b4f538057cd192e45a839211bc49,delivered,2017-08-27 23:25:19,2017-08-27 23:35:10,2017-08-28 20:36:54,2017-08-30 21:38:06,2017-09-19 00:00:00
f20ad794a21ea34c982e74ec18f7aaec,c588e9a4ff0b056a13d5cf0300b1a129,delivered,2018-02-11 00:58:51,2018-02-11 02:09:08,2018-02-15 01:09:10,2018-02-26 20:41:46,2018-03-08 00:00:00
558731462aceb9588378c7c19194d2db,4d916e585f3bb295dbc15dafaeaae8ed,delivered,2018-05-10 14:00:11,2018-05-10 14:16:26,2018-05-17 13:29:00,2018-05-18 16:59:56,2018-06-07 00:00:00
3824c33989b707cc0b0f7fe2b86df7f5,d1414632a5108888830c4980c98fc52a,delivered,2018-03-23 06:50:52,2018-03-23 07:07:41,2018-03-27 11:16:40,2018-04-17 16:22:32,2018-04-24 00:00:00
3cb36784c17acb3eca55ded497da243d,36907fae21e0e2580f53529e419203e5,delivered,2017-10-26 09:32:45,2017-10-27 03:06:47,2017-10-27 20:41:44,2017-10-28 11:31:58,2017-11-08 00:00:00
dc1e38158c000863ec33ac43a40c3366,0e90259e50e8d5619e3267c5f12a8a41,delivered,2017-12-03 00:17:18,2017-12-03 02:43:36,2017-12-04 21:38:53,2017-12-15 17:22:57,2018-01-02 00:00:00
ad818323f40e1a353eb3a3874d138c51,e423929b7362dc59bfc3e9dab3acad7a,delivered,2017-01-10 19:43:30,2017-01-10 19:55:17,2017-01-13 15:54:54,2017-01-20 16:35:05,2017-02-20 00:00:00
38e3895efc70d2d46a3b967b8781368a,ca1a7da184d06f128df4600dd61381e0,delivered,2017-05-01 15:51:51,2017-05-01 16:02:15,2017-05-03 15:37:19,2017-05-10 18:09:04,2017-05-26 00:00:00
687297c4cb20d6fad502624bed7376ec,349937c1b22f4f6ae55f248a229e0749,delivered,2018-01-16 00:16:06,2018-01-16 11:15:30,2018-01-31 23:21:58,2018-02-10 01:03:48,2018-02-22 00:00:00
f49ac798b81a51189639cb0a04d2bb69,8e6af5909487bcdc2610d60e5eac1f81,delivered,2017-09-12 15:35:32,2017-09-12 15:50:18,2017-09-15 15:52:43,2017-09-25 17:26:49,2017-09-29 00:00:00
6c75a0779ee3835fcfd142d8ed8b2535,b1b141a3e687373c558ceacb977199d7,delivered,2017-04-30 19:48:20,2017-04-30 20:02:30,2017-05-04 11:32:23,2017-05-12 07:09:44,2017-05-23 00:00:00
ea5f30a182b04fd1296273605983b9a4,7f6a345ff92095fba2660f11ec6574e4,delivered,2017-01-23 11:56:23,2017-01-23 13:55:10,2017-01-27 14:21:25,2017-02-02 10:57:48,2017-03-02 00:00:00
3335f13449d5b75804a0a49611cf11a4,905c64238c028ba8ea9cbe01d51d38b9,delivered,2017-12-03 20:25:24,2017-12-03 20:32:21,2017-12-06 20:12:28,2017-12-21 22:51:20,2018-01-05 00:00:00
b0f19e077703b3f0cc8de0ab4911c445,665c06c713395a778be10e3672163e2c,delivered,2018-03-05 09:02:42,2018-03-07 16:10:54,2018-03-08 16:11:46,2018-03-20 01:37:37,2018-03-28 00:00:00
c9645496b715730a1a5d07eb97a6bf6b,65b9f936439ccafa20f0d6888a5875d3,delivered,2017-01-18 14:56:47,2017-01-24 15:25:11,2017-01-25 10:07:43,2017-01-30 13:13:54,2017-02-14 00:00:00
70fe4927726f292b4cd91c495430d539,5608d7955091f9b8660dd79e3e418b84,delivered,2018-02-20 20:12:50,2018-02-21 20:09:34,2018-02-22 20:26:38,2018-03-10 11:52:02,2018-03-16 00:00:00
ce678bd6591f2487c9b4f5af45b4619f,8b16b8c513d302bd3d2f218644fed1a0,delivered,2017-01-13 20:08:30,2017-01-13 20:23:00,2017-01-16 12:25:16,2017-01-23 12:39:22,2017-02-23 00:00:00
03b566bccfbc64cf92b82db663a243f8,5666c037aed4dc726ddf2e0999782cc1,delivered,2017-10-31 19:19:12,2017-11-02 02:26:55,2017-11-06 19:51:37,2017-11-16 19:42:23,2017-11-29 00:00:00
8dbd319d233611ca45b64cc56eac5e34,2ec48d47b79cd3db9fdccb0d4a2b3509,delivered,2017-06-15 22:39:08,2017-06-15 22:55:16,2017-06-19 14:09:01,2017-06-22 15:51:39,2017-07-12 00:00:00
91bc515746f412867344f7ee8ce0c60b,7a85b2dba26b2d96a81bb3f4bc3dca5f,delivered,2018-04-15 22:49:59,2018-04-15 23:10:05,2018-04-16 23:32:35,2018-04-24 22:06:28,2018-05-17 00:00:00
4392f572045f074cbfacbb5757ac5405,2a974ce06a6887b9765a5f15f142e33b,delivered,2017-05-29 14:25:57,2017-05-29 14:35:13,2017-05-30 11:26:13,2017-06-02 13:36:13,2017-06-09 00:00:00
24608c1bed92ba4666829514c1a408b3,122e9095f8d088c0976aca2c3ca49cff,delivered,2018-05-15 19:05:09,2018-05-15 19:36:00,2018-05-16 13:36:00,2018-05-21 18:48:23,2018-05-30 00:00:00
0b3d8a1bbaa4e340e25adfd640f70308,62d5c37f279182017dcd13820676a511,delivered,2018-04-13 01:14:51,2018-04-13 01:30:21,2018-04-13 19:18:37,2018-05-07 21:11:43,2018-05-16 00:00:00
7f3ad8f12fb1f6bf1858c175fcd4ab79,bc84a275a23f602e572ab923a8156c4b,delivered,2018-08-08 17:43:21,2018-08-08 17:50:20,2018-08-09 13:04:00,2018-08-13 18:18:33,2018-08-30 00:00:00
39fdb37dae517d0d4185d590337aff82,09e2f116cdbdd143542837276b1e91ea,delivered,2017-03-11 12:39:28,2017-03-11 12:39:28,2017-03-13 11:23:01,2017-03-20 04:38:44,2017-03-30 00:00:00
4f0b7853ed43ab1a2dbc32c3c2b17da2,2fe386b4e59b034a5bef1045187284e5,delivered,2018-07-17 11:59:52,2018-07-18 02:41:47,2018-07-18 13:36:00,2018-07-23 20:46:44,2018-08-16 00:00:00
66bc92ed85c6ab828e10ff0cd1c5d026,3f6c3d9854506e3351e40a91f8b85b7d,delivered,2017-04-14 19:35:35,2017-04-14 19:45:13,2017-04-17 11:21:18,2017-05-02 16:39:13,2017-05-19 00:00:00
4e3cf72d676f793f15859c9ae34be2ad,98e935de18878156bd96e6b845beb7fc,delivered,2017-09-05 13:32:39,2017-09-05 13:50:10,2017-09-11 22:32:52,2017-09-13 16:54:10,2017-09-29 00:00:00
80b74dde5b336c1f75c610521dedec08,940f2ce7cb288f723f854cdbf763b43a,delivered,2018-01-27 21:52:14,2018-01-28 21:58:02,2018-01-29 18:11:37,2018-01-31 13:52:05,2018-02-14 00:00:00
214e7b7443be4c9b396b5e12d6d9d416,42e0649143d64f64e6d2ce5ce06e8aca,delivered,2017-08-01 09:23:05,2017-08-02 02:50:31,2017-08-02 15:54:49,2017-08-15 19:43:51,2017-08-23 00:00:00
0ed6d545d159bc1c0786d83a66c1cd03,cadcc766f52c62f7f08bbfb5712bc3ec,delivered,2018-06-02 10:10:55,2018-06-02 10:30:55,2018-06-05 12:54:00,2018-06-18 19:12:02,2018-07-12 00:00:00
d84ff9150e7677a1de43990fff1868ef,67a649e6933ac4df07ddd1f379a6c773,delivered,2017-12-18 08:28:13,2017-12-18 09:31:26,2017-12-19 00:53:27,2018-01-26 19:12:13,2018-01-24 00:00:00
5938114522194bd566d9f5a5cd9dcb88,a2c33e1a7269f9622629b73e1b6baa4f,delivered,2018-08-08 20:10:10,2018-08-08 20:25:10,2018-08-09 14:22:00,2018-08-10 21:41:42,2018-08-15 00:00:00
93fe3d332271d38d6974bec644168f57,cb549c1deca0377593482067838961de,delivered,2017-09-30 19:56:40,2017-09-30 20:14:26,2017-10-02 16:28:19,2017-10-06 22:36:50,2017-10-25 00:00:00
e938a90514cd29b81f7e88eb8c918d12,ce5adc4a6936d649dc3c0757303dba08,delivered,2017-12-08 22:41:46,2017-12-08 22:54:21,2017-12-11 12:23:02,2017-12-14 21:36:06,2018-01-08 00:00:00
14b4ad3f2983687b458e0118ab3c1d5c,3eb6cbde029f25aaf299368315f7c8e8,delivered,2017-06-07 23:32:10,2017-06-07 23:45:15,2017-06-08 14:19:40,2017-06-27 18:27:41,2017-06-30 00:00:00
975a0290ce9c9359576f69b6e00799cf,01d190d14b00073f76e0a5ec46166352,delivered,2017-11-29 00:11:03,2017-11-29 00:19:27,2017-12-05 13:32:03,2017-12-11 16:57:06,2017-12-19 00:00:00
c0d51e9a78ec5b240836342d1ada7d1c,e0ac205752138fe132560b033be7f9d4,delivered,2018-02-23 12:46:42,2018-02-23 13:10:10,2018-02-26 15:42:52,2018-03-10 13:26:50,2018-03-16 00:00:00
0fd3cee523a106ac501c4cf18f56a4de,c41bb9b32eecfb353668815360270496,delivered,2017-01-14 17:44:58,2017-01-14 17:55:18,2017-01-23 15:22:11,2017-01-30 10:43:29,2017-02-15 00:00:00
cb837ba275cf8ffa9ded7e18f7743b49,e8d5a2b4873087880e7b934ec1c8f1f6,delivered,2017-05-10 04:12:20,2017-05-11 04:15:18,2017-05-17 12:56:43,2017-05-22 20:35:54,2017-05-18 00:00:00
77b3eaf9da4cd4bce3eaad2547ffda7e,4bd05c36a7af81eacfdc7dac9ceea97e,delivered,2018-01-18 16:21:48,2018-01-18 16:42:22,2018-01-19 17:52:31,2018-01-29 20:48:35,2018-02-08 00:00:00
4db127e6d30efbcbaa8d0b94c4c4b374,8297d4f2b469f1b4c24903373384b6cc,delivered,2018-06-14 10:01:09,2018-06-14 10:41:21,2018-06-14 15:44:00,2018-06-19 19:54:50,2018-07-13 00:00:00
c7484ff7d357d78f749b7ffdf44d5315,a7a833009ee67f3712bf47e987580d15,delivered,2017-04-14 23:13:39,2017-04-14 23:22:00,2017-04-17 09:12:29,2017-04-20 16:43:53,2017-05-08 00:00:00
f9bf0f92c8e483d1b6cb31d4559fb135,2022bd30cfda496cca03934b3973a2e2,delivered,2017-12-18 17:31:03,2017-12-20 07:18:19,2017-12-20 19:29:24,2018-01-02 19:05:07,2018-01-24 00:00:00
f6352809547e1221141a36c6cbaaba58,999485f0598dd6ce766c09164bb7a5c6,delivered,2017-11-05 22:52:56,2017-11-07 06:31:17,2017-11-07 14:38:41,2017-11-10 17:27:38,2017-11-27 00:00:00
e6a006d997a8902ad7c42ec5719963b7,7774aed347f74a1c12aaf3c628cef273,delivered,2018-03-07 15:17:22,2018-03-07 15:32:16,2018-03-08 00:45:32,2018-04-02 21:35:38,2018-03-27 00:00:00
58b99a93ab6127501faa09a1c8878dc4,de7493ac1a6cbcc74e201b2b082fb08c,delivered,2018-05-20 16:20:04,2018-05-20 16:35:15,2018-05-21 14:29:00,2018-06-05 18:13:09,2018-06-08 00:00:00
9d74929fefd45dd3ebce40cc681596b3,17957722c83ab1eaf53c8775853829a9,delivered,2017-10-18 16:19:46,2017-10-19 02:56:53,2017-10-19 19:47:54,2017-11-06 23:28:33,2017-11-16 00:00:00
ff6f331d72b0d62624db312fd52fa91a,63635056eddc977d8ee17852c15c50ed,delivered,2018-05-02 21:50:39,2018-05-02 22:34:48,2018-05-08 14:43:00,2018-05-14 15:41:42,2018-05-28 00:00:00
5a37429384be05ca14780e4989543688,03b753419e88796de2c7127ff13dce58,delivered,2017-01-18 17:42:22,2017-01-18 17:55:09,2017-01-23 11:19:08,2017-02-06 13:33:56,2017-02-28 00:00:00
0c2cf3b3583c8f83ff9b3122d44fdaeb,5445f5f238cfaafc96fd267d5db851d6,delivered,2018-08-24 14:57:19,2018-08-24 15:05:11,2018-08-27 12:46:00,2018-08-28 18:32:28,2018-08-31 00:00:00
bdf4423bf60eac03b6786ebd0e507cc1,0040b00970e2139e8c43b647c0da5305,delivered,2017-01-26 23:10:07,2017-01-26 23:25:14,2017-02-06 11:54:30,2017-02-15 15:27:48,2017-02-20 00:00:00
1d4fef737d9b6c214e13e92ae014018f,584f7f6c5c35ae99caabdaa223783764,delivered,2018-08-18 18:50:32,2018-08-18 19:09:40,2018-08-21 12:25:00,2018-08-24 14:08:27,2018-08-30 00:00:00
6eee33addf2f19cbd1d8e81c851825f8,55fc41c933a49c9b66194cc39a0e57a8,delivered,2017-12-29 15:30:54,2017-12-29 16:00:38,2018-01-03 20:17:41,2018-01-05 16:39:17,2018-01-18 00:00:00
ce500b2ca0d960f937fb4d24282d3291,b77ef6aa11b50074739e74d4a78ae4a9,delivered,2017-01-27 12:15:07,2017-01-28 04:34:27,2017-01-31 10:05:13,2017-02-15 18:22:02,2017-03-02 00:00:00
6bd4b48e32c302661000c8a7c586461e,5ea87006224fb0061d762557b8246c42,delivered,2017-02-20 00:19:27,2017-02-20 00:32:00,2017-02-24 05:11:51,2017-03-06 08:17:57,2017-03-17 00:00:00
c44a0e141b356b764ccf469f82c3544d,404fdcb6673196c53184a4e728b329a3,delivered,2017-12-25 15:59:53,2017-12-25 16:08:50,2017-12-26 23:28:52,2018-01-04 21:48:58,2018-01-30 00:00:00
6cbddb4b9fd4c71ee2b7a0012dfe2fe3,b7e1cdbc345ccda77104fde38f626d5c,delivered,2018-08-06 13:05:39,2018-08-06 13:15:17,2018-08-07 12:25:00,2018-08-14 00:56:33,2018-08-21 00:00:00
8ffd24fbf822586b2712a4becc7217dc,2f9e8eaed5dc638e5b884a9a37268fca,delivered,2017-01-29 00:31:42,2017-01-29 01:32:22,2017-01-30 09:11:53,2017-02-07 10:34:04,2017-03-20 00:00:00
cc139c399d4fe7949e1cc628424f7955,5226615e7244cce7c69845197816fce8,delivered,2017-06-07 14:10:15,2017-06-07 14:25:20,2017-06-08 08:25:03,2017-06-12 11:06:52,2017-06-23 00:00:00
5ef2b9c9a5e997664dcaacc5fa769e07,90f9c01a499464834ab71ad103053acf,delivered,2017-03-23 23:55:55,2017-03-25 02:10:41,2017-03-27 15:29:45,2017-04-03 16:23:52,2017-04-13 00:00:00
e43be9f124c722dfb1d98eeb39b69484,565ef96c8b329e91ee596508371be62a,delivered,2017-08-04 21:35:54,2017-08-08 04:04:29,2017-08-09 12:46:00,2017-08-15 20:12:24,2017-08-28 00:00:00
49a025561e725132c9661f305515a65e,07a527e6169759ea7d70eb694633e951,delivered,2018-02-27 21:58:29,2018-02-27 22:10:32,2018-03-02 00:52:08,2018-03-13 19:58:31,2018-03-23 00:00:00
d695ec0f70b323de0ce4eda82582faac,0362a48ef2ac84609a1495df670a0f88,delivered,2017-06-06 23:21:00,2017-06-06 23:35:24,2017-06-08 15:20:12,2017-06-12 12:00:05,2017-07-06 00:00:00
3ed194a912f562ede28628d0ec2ad218,8f9c6da11c5eb0ca12404f81d092499f,delivered,2017-06-22 16:05:53,2017-06-22 16:15:18,2017-06-27 13:57:31,2017-07-03 13:34:36,2017-07-14 00:00:00
53f4ca548f6dc3456de1628fa16854f0,63d397688659841d08cd59d712547315,delivered,2018-02-14 15:22:56,2018-02-16 07:50:55,2018-02-20 17:39:27,2018-02-22 20:07:18,2018-03-01 00:00:00
70e1e65e23050b71f1357ebf72506b73,c41f490cc00d7e860ba2f20d525fca3b,delivered,2018-01-21 17:44:36,2018-01-22 13:55:27,2018-01-23 18:51:42,2018-03-13 21:41:49,2018-02-15 00:00:00
dd12ffa175ee0c7931890dd19db54427,73910b1013f7de5548a01ebc4792cf57,delivered,2018-01-01 15:58:37,2018-01-02 14:47:34,2018-01-02 22:23:22,2018-01-10 14:01:58,2018-01-30 00:00:00
4dfe63cb6237de0624ec0183a74b57e6,41db6f41c726aa7d57947b56d060907d,delivered,2018-05-21 14:27:32,2018-05-21 16:14:22,2018-05-22 13:03:00,2018-06-05 18:03:49,2018-06-07 00:00:00
9dc6746a8f29fafaa637f2239a9f3d28,33e655dd86058bc865f1f3d9fa5912aa,delivered,2017-01-25 20:11:36,2017-01-25 20:25:13,2017-01-26 11:38:10,2017-02-01 12:32:33,2017-03-14 00:00:00
96a2b5167187b3cfde60cd245d421132,9e9244c4b7e622b39a13b1824097d976,delivered,2018-05-04 11:55:54,2018-05-05 03:33:44,2018-05-07 15:05:00,2018-05-14 17:48:51,2018-06-05 00:00:00
26b5660725133bc74bfe584874b637cc,ac221e82c9c26898be3e04caf10ba338,delivered,2018-04-01 18:46:05,2018-04-01 19:08:10,2018-04-02 22:04:45,2018-04-04 17:05:25,2018-04-23 00:00:00
14def5e6b6021ae117c181c039258033,ad0676d6d6e115c03a6d60dd2c9a00ee,delivered,2018-07-25 01:25:29,2018-07-25 01:35:12,2018-08-21 12:14:00,2018-08-22 17:51:41,2018-08-10 00:00:00
b26aeba3d93317ee71f2902c276eb992,ecd03985c15a896c85a422875492ea22,delivered,2017-09-11 12:24:23,2017-09-11 12:43:27,2017-09-14 18:06:56,2017-09-18 21:22:41,2017-09-28 00:00:00
20edc82cf5400ce95e1afacc25798b31,28c37425f1127d887d7337f284080a0f,delivered,2018-06-27 16:09:12,2018-06-27 16:29:30,2018-07-03 19:26:00,,2018-07-19 00:00:00
269ad8edf5c7dd6bfbe01dc68832f6ce,7e99e9b740265fbdbb624fe55328cddd,delivered,2018-08-16 15:38:33,2018-08-16 15:50:19,2018-08-16 15:34:00,2018-08-22 22:10:59,2018-08-28 00:00:00
f0e14b83b8b12697246a18f91e0377e5,ef8f2c2cb3624ff00393c9f695cdd599,delivered,2018-04-30 17:54:37,2018-05-03 04:13:06,2018-05-03 11:08:00,2018-05-10 21:07:11,2018-06-01 00:00:00
c870c1f3a9ba62194d1060c0accb18dd,1ad07b0c4441e0b5550631b23fc22312,delivered,2017-01-22 11:15:23,2017-01-22 11:30:16,2017-01-26 16:27:29,2017-01-31 19:43:50,2017-03-02 00:00:00
56a726fa0f40d3678696e62aaed9690d,dc7302a83e9681f614bb59a515df38b3,delivered,2017-01-25 00:46:17,2017-01-25 01:02:14,2017-01-27 10:51:56,2017-01-31 17:43:01,2017-03-02 00:00:00
d44df0d4c71052d8b2a3bd5c50bd42b5,46e69377adf8857c9ce9c568ba073b06,delivered,2017-01-31 09:31:33,2017-02-01 10:31:59,2017-02-01 11:11:40,2017-02-08 14:14:15,2017-03-27 00:00:00
411b631e48e96d67d14a881f338f6b46,c43364f47888ca89f979828587558a80,delivered,2017-11-30 02:29:55,2017-11-30 02:37:24,2017-12-01 23:14:39,2017-12-15 18:29:11,2018-01-17 00:00:00
ffa18796659322e26489458de771d309,181478b61d7275cd79afb1ded8ad7f41,delivered,2018-02-17 14:33:30,2018-02-17 14:46:51,2018-02-19 22:07:40,2018-02-23 00:37:13,2018-03-09 00:00:00
f7541ffd5bcc27d83193554028f9127c,45e81b9e07aa8660f88f592878641ff0,delivered,2018-04-13 10:27:45,2018-04-13 13:30:23,2018-04-16 18:41:32,2018-04-23 18:11:24,2018-05-03 00:00:00
03b218d39c422c250f389120c531b61f,db857a86c685a6a3a02a705961ec1ff1,delivered,2017-01-14 14:20:01,2017-01-14 14:30:43,2017-01-16 09:23:45,2017-01-18 10:53:42,2017-03-01 00:00:00
c25563978406540119e9bc10980b2fdd,a7dae4d5cb0b74e8ecc394fc48b6da06,delivered,2017-12-26 07:53:32,2017-12-26 08:07:46,2017-12-28 19:32:20,2018-01-10 21:09:36,2018-01-24 00:00:00
71551c2db02730406edd5839f5e2a53b,537cb44dbff1ab7529ad8d5a4e4f3870,delivered,2018-06-02 17:42:21,2018-06-02 17:55:10,2018-06-05 07:52:00,2018-06-11 17:27:37,2018-07-11 00:00:00
edca1e6e5049a09e73c18ba943979a84,f36730cd9d5977ff27850994555cc6e6,delivered,2018-03-28 15:29:01,2018-03-29 12:50:31,2018-04-03 15:28:39,2018-04-11 19:02:26,2018-04-23 00:00:00
0ea01a9be52b4c9fdd44188e854643b8,686082a35b4abd8b7460f95528f557bf,delivered,2017-07-29 21:47:03,2017-08-02 02:34:32,2017-08-04 19:13:46,2017-08-09 18:00:30,2017-08-16 00:00:00
c818ed0d99c7998f73659bd934936177,b001c30609da9b8618f69ef5bd322b5b,delivered,2017-01-25 10:09:17,2017-01-26 02:10:33,2017-02-06 08:22:12,2017-02-13 10:03:31,2017-03-06 00:00:00
b79fa3320d9e28aa6994cd6864da40ba,ea3f9a4239a952f61df1055303969be3,delivered,2018-01-07 13:50:40,2018-01-07 14:07:03,2018-01-10 17:48:57,2018-01-11 19:26:05,2018-01-24 00:00:00
dd1240d12bb27a5516e0bfe172c26d0b,0f0e4d2d4465dcd0451d474922ca94f4,delivered,2018-03-12 19:04:03,2018-03-12 19:15:36,2018-03-15 00:25:21,2018-03-29 19:33:01,2018-04-17 00:00:00
55d61651bd48809af0402aa14f64e523,509466c13cf576e803ed0a1a39cc0792,delivered,2017-11-30 18:59:34,2017-12-01 14:25:07,2017-12-01 17:41:44,2017-12-11 19:17:09,2017-12-22 00:00:00
773632f583feeda7d9b063496b6526a2,1c3c91349f4842b772741fee593827e7,delivered,2018-07-02 16:39:17,2018-07-05 16:27:42,2018-07-03 12:59:00,2018-07-13 21:18:47,2018-08-02 00:00:00
9c753fec37c64b5771eb77ef982c34dc,fe287f582b6ae5c87674e95f6ee11130,delivered,2017-11-29 20:44:54,2017-11-29 20:55:39,2017-12-01 18:17:51,2018-01-03 13:07:33,2017-12-29 00:00:00
5e7a884a951fb8fa7f6596c513bd8fa3,51c563aea32ed3354549f2b6e7f37664,delivered,2018-08-12 20:48:10,2018-08-12 21:04:54,2018-08-13 13:31:00,2018-08-21 16:28:46,2018-09-03 00:00:00
06d77e4ba21f283252286b6a72fb8fe2,230b221fa3e4d32fcc7525860fc8069e,delivered,2018-07-06 02:04:02,2018-07-06 02:15:08,2018-07-06 11:03:00,2018-07-09 17:48:47,2018-07-30 00:00:00
3029ae44ec91ac6c793566e668db93cd,dbb71dc9efb3e86f11b03e57afea00b8,delivered,2017-06-18 15:27:44,2017-06-18 15:42:58,2017-06-19 16:34:07,2017-07-05 10:46:00,2017-07-19 00:00:00
2ae6bf810adb8aa11c97527eb4e62a15,0b5065817c2e406c9d9416fd353330d4,delivered,2018-04-15 16:54:26,2018-04-15 17:11:11,2018-04-16 23:06:50,2018-04-24 22:05:03,2018-05-09 00:00:00
0da1757dba2fb3d886b5051cb964c524,d2713b16319699ceb2616a1a387d0ce0,delivered,2018-02-22 23:34:20,2018-02-22 23:50:20,2018-02-23 23:35:15,2018-02-27 19:59:16,2018-03-15 00:00:00
f07ad60eb1e9d4b3be1029f373321408,cd865de179ad020a8cdaf0d6ec45c08f,delivered,2017-11-28 17:04:25,2017-11-29 02:21:47,2017-12-06 22:19:18,2017-12-11 18:39:15,2017-12-19 00:00:00
aa63db7f2ec964c78e9099feae5b730e,353d47f52847eb30e1e0efe4696f1e06,delivered,2018-05-03 14:20:37,2018-05-05 03:33:43,2018-05-05 09:30:00,2018-05-09 22:21:39,2018-05-28 00:00:00
d0e379ef6e0ea864c470893dbd5da4dd,39d7c7a5e9c2172c16234017faf854ba,delivered,2018-03-11 19:07:43,2018-03-12 19:09:38,2018-03-15 18:49:35,2018-03-16 20:03:37,2018-03-22 00:00:00
4f16d07441ebb275f11b0c403433a20b,7ca21490a9d1f75bb84871b6e57177cb,delivered,2018-08-01 13:02:26,2018-08-01 13:40:18,2018-08-01 16:00:00,2018-08-06 15:08:45,2018-08-14 00:00:00
f6d370f76988ab29f282356a31b6af7c,b615633a738a73059b49ddadac8cf1e6,delivered,2017-05-15 12:08:46,2017-05-16 14:02:37,2017-05-19 11:57:49,2017-06-07 03:14:03,2017-06-26 00:00:00
9eb625cb452456dcf60ac5b2ce2ed445,f5bb00108debe00bb40f041482324c4a,delivered,2018-02-23 16:03:04,2018-02-23 16:15:35,2018-02-26 18:38:06,2018-03-10 01:58:31,2018-03-22 00:00:00
742ba39f629d08705cf64769ff41dd3e,3453cda7c1f2565886229607f31e7ce1,delivered,2017-12-28 16:34:07,2017-12-28 16:47:22,2018-01-03 23:22:58,2018-01-04 17:52:23,2018-01-19 00:00:00
899da82c1aeee8fe315db6826cd9a5ee,96e99e9c96df10ace8cb672ce133896e,delivered,2017-09-09 04:43:33,2017-09-09 05:24:13,2017-09-09 15:09:52,2017-09-24 16:28:43,2017-10-09 00:00:00
972de859f5e4986651981a283159a3b0,c9dbab4b73e48bd978bb5a5114ee6e3c,delivered,2018-01-09 11:53:29,2018-01-09 12:09:17,2018-01-09 19:27:12,2018-01-19 23:47:22,2018-02-07 00:00:00
338b0cffa439f5e95d42cd30d7ace847,0176d6c1606400bd49c88871e15839bb,delivered,2017-04-23 12:07:48,2017-04-25 08:05:21,2017-05-04 09:10:15,2017-05-16 14:33:34,2017-05-16 00:00:00
5333db16fe357175d39c82840dd3269d,7e008e5ec21e044fe30c34ec4e9d0747,delivered,2018-03-10 18:18:20,2018-03-13 04:08:22,2018-03-13 17:58:52,2018-04-03 15:32:52,2018-03-29 00:00:00
f4e88b3ce1eb899d388467aa702fdf93,4a1435c406b7c8bf1404a88a197787b4,delivered,2017-02-12 18:14:57,2017-02-12 18:30:12,2017-02-14 11:18:49,2017-02-20 13:15:29,2017-03-14 00:00:00
bfb1d0f7664c36a532d74c4cf0da37af,811e55e5f48c8f37832963ff509ce85b,delivered,2017-08-31 15:05:50,2017-09-01 17:25:22,2017-09-04 21:21:34,2017-09-11 20:45:01,2017-09-22 00:00:00
469f0b908881368c45917f1bed8240ce,59e4d7310198da197337571749b47ff2,delivered,2017-01-24 21:35:25,2017-01-25 16:30:14,2017-01-26 06:32:47,2017-02-08 08:14:01,2017-03-23 00:00:00
f3a0df8637066be632ea188f5902c162,4718c9b5ecaee126f5b4db1bd06e3cdd,delivered,2018-04-28 18:09:07,2018-04-28 18:29:55,2018-04-30 14:40:00,2018-05-16 20:56:54,2018-05-11 00:00:00
9058bc799c3791077efb3aaa8e0d5e02,3fb83e207757e8f15ff70d937c86929b,delivered,2017-01-24 09:24:11,2017-01-25 02:45:13,2017-01-25 13:20:38,2017-01-30 09:39:02,2017-03-01 00:00:00
07fcf4ec8cadbea34c5b508e35e716c0,6ab5adc744d5c894470ce74466a78a27,delivered,2018-04-17 16:34:04,2018-04-18 08:51:30,2018-04-19 17:18:36,2018-04-23 16:08:50,2018-05-10 00:00:00
709e863921cdc58bb0582cf305270d72,dbe4e04008988a0694a108eb7ee2e57c,delivered,2018-04-15 16:58:15,2018-04-15 17:11:05,2018-04-16 22:40:40,2018-04-18 14:41:57,2018-05-03 00:00:00
f9e3402be5a5ea63344347582ca9f45f,6f2cf56878f7f82151b0ad02590192c0,delivered,2017-06-07 11:02:37,2017-06-08 02:45:24,2017-06-08 14:03:29,2017-06-19 19:19:30,2017-07-05 00:00:00
aa04ef5214580b06b10e2a378300db44,f01a6bfcc730456317e4081fe0c9940e,delivered,2017-01-27 00:30:03,2017-01-27 01:05:25,2017-01-30 11:40:16,2017-02-07 13:15:25,2017-03-17 00:00:00
